[rosmaster.main][INFO] 2025-09-20 13:33:49,550: initialization complete, waiting for shutdown
[rosmaster.main][INFO] 2025-09-20 13:33:49,551: Starting ROS Master Node
[xmlrpc][INFO] 2025-09-20 13:33:49,552: XML-RPC server binding to 0.0.0.0:11311
[xmlrpc][INFO] 2025-09-20 13:33:49,553: Started XML-RPC server [http://172.22.52.56:11311/]
[xmlrpc][INFO] 2025-09-20 13:33:49,553: xml rpc node: starting XML-RPC server
[rosmaster.master][INFO] 2025-09-20 13:33:49,553: Master initialized: port[11311], uri[http://172.22.52.56:11311/]
[rosmaster.master][INFO] 2025-09-20 13:33:49,642: +PARAM [/run_id] by /roslaunch
[rosmaster.master][INFO] 2025-09-20 13:33:49,643: +PARAM [/roslaunch/uris/host_172_22_52_56__33803] by /roslaunch
[rosmaster.master][INFO] 2025-09-20 13:33:49,689: +PARAM [/rosversion] by /roslaunch
[rosmaster.master][INFO] 2025-09-20 13:33:49,690: +PARAM [/rosdistro] by /roslaunch
[rosmaster.master][INFO] 2025-09-20 13:33:49,735: +SERVICE [/rosout/get_loggers] /rosout http://172.22.52.56:44147/
[rosmaster.master][INFO] 2025-09-20 13:33:49,736: +SERVICE [/rosout/set_logger_level] /rosout http://172.22.52.56:44147/
[rosmaster.master][INFO] 2025-09-20 13:33:49,737: +PUB [/rosout_agg] /rosout http://172.22.52.56:44147/
[rosmaster.master][INFO] 2025-09-20 13:33:49,741: +SUB [/rosout] /rosout http://172.22.52.56:44147/
[rosmaster.master][INFO] 2025-09-20 13:34:08,113: +PARAM [/roslaunch/uris/host_172_22_52_56__46649] by /roslaunch
[rosmaster.master][INFO] 2025-09-20 13:34:08,117: +PARAM [/rosversion] by /roslaunch
[rosmaster.master][INFO] 2025-09-20 13:34:08,117: +PARAM [/rosdistro] by /roslaunch
[rosmaster.master][INFO] 2025-09-20 13:34:08,117: +PARAM [/rosbridge_websocket/authenticate] by /roslaunch
[rosmaster.master][INFO] 2025-09-20 13:34:08,118: +PARAM [/rosbridge_websocket/port] by /roslaunch
[rosmaster.master][INFO] 2025-09-20 13:34:08,118: +PARAM [/rosbridge_websocket/address] by /roslaunch
[rosmaster.master][INFO] 2025-09-20 13:34:08,118: +PARAM [/rosbridge_websocket/retry_startup_delay] by /roslaunch
[rosmaster.master][INFO] 2025-09-20 13:34:08,118: +PARAM [/rosbridge_websocket/fragment_timeout] by /roslaunch
[rosmaster.master][INFO] 2025-09-20 13:34:08,118: +PARAM [/rosbridge_websocket/delay_between_messages] by /roslaunch
[rosmaster.master][INFO] 2025-09-20 13:34:08,118: +PARAM [/rosbridge_websocket/max_message_size] by /roslaunch
[rosmaster.master][INFO] 2025-09-20 13:34:08,118: +PARAM [/rosbridge_websocket/unregister_timeout] by /roslaunch
[rosmaster.master][INFO] 2025-09-20 13:34:08,118: +PARAM [/rosbridge_websocket/use_compression] by /roslaunch
[rosmaster.master][INFO] 2025-09-20 13:34:08,118: +PARAM [/rosbridge_websocket/websocket_ping_interval] by /roslaunch
[rosmaster.master][INFO] 2025-09-20 13:34:08,118: +PARAM [/rosbridge_websocket/websocket_ping_timeout] by /roslaunch
[rosmaster.master][INFO] 2025-09-20 13:34:08,118: +PARAM [/rosbridge_websocket/websocket_external_port] by /roslaunch
[rosmaster.master][INFO] 2025-09-20 13:34:08,118: +PARAM [/rosbridge_websocket/topics_glob] by /roslaunch
[rosmaster.master][INFO] 2025-09-20 13:34:08,118: +PARAM [/rosbridge_websocket/services_glob] by /roslaunch
[rosmaster.master][INFO] 2025-09-20 13:34:08,118: +PARAM [/rosbridge_websocket/params_glob] by /roslaunch
[rosmaster.master][INFO] 2025-09-20 13:34:08,118: +PARAM [/rosbridge_websocket/bson_only_mode] by /roslaunch
[rosmaster.master][INFO] 2025-09-20 13:34:08,118: +PARAM [/rosapi/topics_glob] by /roslaunch
[rosmaster.master][INFO] 2025-09-20 13:34:08,118: +PARAM [/rosapi/services_glob] by /roslaunch
[rosmaster.master][INFO] 2025-09-20 13:34:08,118: +PARAM [/rosapi/params_glob] by /roslaunch
[rosmaster.master][INFO] 2025-09-20 13:34:08,588: +PUB [/rosout] /rosapi http://172.22.52.56:43143/
[rosmaster.master][INFO] 2025-09-20 13:34:08,592: +SERVICE [/rosapi/get_loggers] /rosapi http://172.22.52.56:43143/
[rosmaster.master][INFO] 2025-09-20 13:34:08,593: +SERVICE [/rosapi/set_logger_level] /rosapi http://172.22.52.56:43143/
[rosmaster.master][INFO] 2025-09-20 13:34:08,596: +SERVICE [/rosapi/topics] /rosapi http://172.22.52.56:43143/
[rosmaster.master][INFO] 2025-09-20 13:34:08,597: +SERVICE [/rosapi/topics_for_type] /rosapi http://172.22.52.56:43143/
[rosmaster.master][INFO] 2025-09-20 13:34:08,598: +SERVICE [/rosapi/services] /rosapi http://172.22.52.56:43143/
[rosmaster.master][INFO] 2025-09-20 13:34:08,599: +SERVICE [/rosapi/services_for_type] /rosapi http://172.22.52.56:43143/
[rosmaster.master][INFO] 2025-09-20 13:34:08,599: +SERVICE [/rosapi/nodes] /rosapi http://172.22.52.56:43143/
[rosmaster.master][INFO] 2025-09-20 13:34:08,600: +SERVICE [/rosapi/node_details] /rosapi http://172.22.52.56:43143/
[rosmaster.master][INFO] 2025-09-20 13:34:08,601: +SERVICE [/rosapi/action_servers] /rosapi http://172.22.52.56:43143/
[rosmaster.master][INFO] 2025-09-20 13:34:08,602: +SERVICE [/rosapi/topic_type] /rosapi http://172.22.52.56:43143/
[rosmaster.master][INFO] 2025-09-20 13:34:08,603: +SERVICE [/rosapi/service_type] /rosapi http://172.22.52.56:43143/
[rosmaster.master][INFO] 2025-09-20 13:34:08,604: +SERVICE [/rosapi/publishers] /rosapi http://172.22.52.56:43143/
[rosmaster.master][INFO] 2025-09-20 13:34:08,605: +SERVICE [/rosapi/subscribers] /rosapi http://172.22.52.56:43143/
[rosmaster.master][INFO] 2025-09-20 13:34:08,605: publisherUpdate[/rosout] -> http://172.22.52.56:44147/ ['http://172.22.52.56:43143/']
[rosmaster.master][INFO] 2025-09-20 13:34:08,607: +SERVICE [/rosapi/service_providers] /rosapi http://172.22.52.56:43143/
[rosmaster.master][INFO] 2025-09-20 13:34:08,609: +SERVICE [/rosapi/service_node] /rosapi http://172.22.52.56:43143/
[rosmaster.master][INFO] 2025-09-20 13:34:08,610: publisherUpdate[/rosout] -> http://172.22.52.56:44147/ ['http://172.22.52.56:43143/']: sec=0.01, result=[1, '', 0]
[rosmaster.master][INFO] 2025-09-20 13:34:08,611: +SERVICE [/rosapi/service_host] /rosapi http://172.22.52.56:43143/
[rosmaster.master][INFO] 2025-09-20 13:34:08,613: +SERVICE [/rosapi/message_details] /rosapi http://172.22.52.56:43143/
[rosmaster.master][INFO] 2025-09-20 13:34:08,614: +SERVICE [/rosapi/service_request_details] /rosapi http://172.22.52.56:43143/
[rosmaster.master][INFO] 2025-09-20 13:34:08,615: +SERVICE [/rosapi/service_response_details] /rosapi http://172.22.52.56:43143/
[rosmaster.master][INFO] 2025-09-20 13:34:08,616: +SERVICE [/rosapi/set_param] /rosapi http://172.22.52.56:43143/
[rosmaster.master][INFO] 2025-09-20 13:34:08,617: +SERVICE [/rosapi/get_param] /rosapi http://172.22.52.56:43143/
[rosmaster.master][INFO] 2025-09-20 13:34:08,618: +SERVICE [/rosapi/has_param] /rosapi http://172.22.52.56:43143/
[rosmaster.master][INFO] 2025-09-20 13:34:08,619: +SERVICE [/rosapi/search_param] /rosapi http://172.22.52.56:43143/
[rosmaster.master][INFO] 2025-09-20 13:34:08,619: +SERVICE [/rosapi/delete_param] /rosapi http://172.22.52.56:43143/
[rosmaster.master][INFO] 2025-09-20 13:34:08,620: +SERVICE [/rosapi/get_param_names] /rosapi http://172.22.52.56:43143/
[rosmaster.master][INFO] 2025-09-20 13:34:08,621: +SERVICE [/rosapi/get_time] /rosapi http://172.22.52.56:43143/
[rosmaster.master][INFO] 2025-09-20 13:34:08,622: +SERVICE [/rosapi/topics_and_raw_types] /rosapi http://172.22.52.56:43143/
[rosmaster.master][INFO] 2025-09-20 13:34:08,623: +CACHEDPARAM [/rosout_disable_topics_generation] by /rosapi
[rosmaster.master][INFO] 2025-09-20 13:34:08,815: +CACHEDPARAM [/rosout/omit_topics] by /rosout
[rosmaster.master][INFO] 2025-09-20 13:34:09,133: +PUB [/rosout] /rosbridge_websocket http://172.22.52.56:39493/
[rosmaster.master][INFO] 2025-09-20 13:34:09,137: +SERVICE [/rosbridge_websocket/get_loggers] /rosbridge_websocket http://172.22.52.56:39493/
[rosmaster.master][INFO] 2025-09-20 13:34:09,138: +SERVICE [/rosbridge_websocket/set_logger_level] /rosbridge_websocket http://172.22.52.56:39493/
[rosmaster.master][INFO] 2025-09-20 13:34:09,150: +PUB [/client_count] /rosbridge_websocket http://172.22.52.56:39493/
[rosmaster.master][INFO] 2025-09-20 13:34:09,151: +PUB [/connected_clients] /rosbridge_websocket http://172.22.52.56:39493/
[rosmaster.master][INFO] 2025-09-20 13:34:09,155: +PARAM [/rosbridge_websocket/actual_port] by /rosbridge_websocket
[rosmaster.master][INFO] 2025-09-20 13:34:09,157: +CACHEDPARAM [/rosout_disable_topics_generation] by /rosbridge_websocket
[rosmaster.master][INFO] 2025-09-20 13:34:09,207: publisherUpdate[/rosout] -> http://172.22.52.56:44147/ ['http://172.22.52.56:43143/', 'http://172.22.52.56:39493/']
[rosmaster.master][INFO] 2025-09-20 13:34:09,210: publisherUpdate[/rosout] -> http://172.22.52.56:44147/ ['http://172.22.52.56:43143/', 'http://172.22.52.56:39493/']: sec=0.00, result=[1, '', 0]
[rosmaster.master][INFO] 2025-09-20 13:34:09,331: +CACHEDPARAM [/rosout_disable_topics_generation] by /rosbridge_websocket
[rosmaster.master][INFO] 2025-09-20 13:34:09,341: +CACHEDPARAM [/rosout_disable_topics_generation] by /rosbridge_websocket
[rosmaster.master][INFO] 2025-09-20 13:34:09,345: +CACHEDPARAM [/rosout_disable_topics_generation] by /rosbridge_websocket
[rosmaster.master][INFO] 2025-09-20 13:34:09,347: +CACHEDPARAM [/rosout_disable_topics_generation] by /rosbridge_websocket
[rosmaster.master][INFO] 2025-09-20 13:34:09,349: +CACHEDPARAM [/rosout_disable_topics_generation] by /rosbridge_websocket
[rosmaster.master][INFO] 2025-09-20 13:34:09,351: +CACHEDPARAM [/rosout_disable_topics_generation] by /rosbridge_websocket
[rosmaster.master][INFO] 2025-09-20 13:34:09,353: +CACHEDPARAM [/rosout_disable_topics_generation] by /rosbridge_websocket
[rosmaster.master][INFO] 2025-09-20 13:34:09,369: +CACHEDPARAM [/rosout_disable_topics_generation] by /rosbridge_websocket
[rosmaster.master][INFO] 2025-09-20 13:34:09,371: +CACHEDPARAM [/rosout_disable_topics_generation] by /rosbridge_websocket
[rosmaster.master][INFO] 2025-09-20 13:34:09,373: +CACHEDPARAM [/rosout_disable_topics_generation] by /rosbridge_websocket
[rosmaster.master][INFO] 2025-09-20 13:34:09,379: +CACHEDPARAM [/rosout_disable_topics_generation] by /rosbridge_websocket
[rosmaster.master][INFO] 2025-09-20 13:34:09,381: +CACHEDPARAM [/rosout_disable_topics_generation] by /rosbridge_websocket
[rosmaster.master][INFO] 2025-09-20 13:34:09,418: +CACHEDPARAM [/rosout_disable_topics_generation] by /rosbridge_websocket
[rosmaster.master][INFO] 2025-09-20 13:34:09,421: +CACHEDPARAM [/rosout_disable_topics_generation] by /rosbridge_websocket
[rosmaster.master][INFO] 2025-09-20 13:34:09,428: +CACHEDPARAM [/rosout_disable_topics_generation] by /rosbridge_websocket
[rosmaster.master][INFO] 2025-09-20 13:34:09,431: +CACHEDPARAM [/rosout_disable_topics_generation] by /rosbridge_websocket
[rosmaster.master][INFO] 2025-09-20 13:34:09,436: +CACHEDPARAM [/rosout_disable_topics_generation] by /rosbridge_websocket
[rosmaster.master][INFO] 2025-09-20 13:34:09,439: +CACHEDPARAM [/rosout_disable_topics_generation] by /rosbridge_websocket
[rosmaster.master][INFO] 2025-09-20 13:34:09,442: +CACHEDPARAM [/rosout_disable_topics_generation] by /rosbridge_websocket
[rosmaster.master][INFO] 2025-09-20 13:34:09,445: +CACHEDPARAM [/rosout_disable_topics_generation] by /rosbridge_websocket
[rosmaster.master][INFO] 2025-09-20 13:34:09,448: +CACHEDPARAM [/rosout_disable_topics_generation] by /rosbridge_websocket
[rosmaster.master][INFO] 2025-09-20 13:34:09,450: +CACHEDPARAM [/rosout_disable_topics_generation] by /rosbridge_websocket
[rosmaster.master][INFO] 2025-09-20 13:34:09,453: +CACHEDPARAM [/rosout_disable_topics_generation] by /rosbridge_websocket
[rosmaster.master][INFO] 2025-09-20 13:34:09,456: +CACHEDPARAM [/rosout_disable_topics_generation] by /rosbridge_websocket
[rosmaster.master][INFO] 2025-09-20 13:34:09,459: +CACHEDPARAM [/rosout_disable_topics_generation] by /rosbridge_websocket
[rosmaster.master][INFO] 2025-09-20 13:34:09,464: +CACHEDPARAM [/rosout_disable_topics_generation] by /rosbridge_websocket
[rosmaster.master][INFO] 2025-09-20 13:34:09,466: +CACHEDPARAM [/rosout_disable_topics_generation] by /rosbridge_websocket
[rosmaster.master][INFO] 2025-09-20 13:34:09,468: +CACHEDPARAM [/rosout_disable_topics_generation] by /rosbridge_websocket
[rosmaster.master][INFO] 2025-09-20 13:34:09,472: +CACHEDPARAM [/rosout_disable_topics_generation] by /rosbridge_websocket
[rosmaster.master][INFO] 2025-09-20 13:34:09,473: +CACHEDPARAM [/rosout_disable_topics_generation] by /rosbridge_websocket
[rosmaster.master][INFO] 2025-09-20 13:34:09,475: +CACHEDPARAM [/rosout_disable_topics_generation] by /rosbridge_websocket
[rosmaster.master][INFO] 2025-09-20 13:34:09,480: +CACHEDPARAM [/rosout_disable_topics_generation] by /rosbridge_websocket
[rosmaster.master][INFO] 2025-09-20 13:34:09,484: +CACHEDPARAM [/rosout_disable_topics_generation] by /rosbridge_websocket
[rosmaster.master][INFO] 2025-09-20 13:34:09,486: +CACHEDPARAM [/rosout_disable_topics_generation] by /rosbridge_websocket
[rosmaster.master][INFO] 2025-09-20 13:34:09,488: +CACHEDPARAM [/rosout_disable_topics_generation] by /rosbridge_websocket
[rosmaster.master][INFO] 2025-09-20 13:34:09,491: +CACHEDPARAM [/rosout_disable_topics_generation] by /rosbridge_websocket
[rosmaster.master][INFO] 2025-09-20 13:34:09,492: +CACHEDPARAM [/rosout_disable_topics_generation] by /rosbridge_websocket
[rosmaster.master][INFO] 2025-09-20 13:34:09,498: +CACHEDPARAM [/rosout_disable_topics_generation] by /rosbridge_websocket
[rosmaster.master][INFO] 2025-09-20 13:34:09,502: +CACHEDPARAM [/rosout_disable_topics_generation] by /rosbridge_websocket
[rosmaster.master][INFO] 2025-09-20 13:34:09,504: +CACHEDPARAM [/rosout_disable_topics_generation] by /rosbridge_websocket
[rosmaster.master][INFO] 2025-09-20 13:34:09,507: +CACHEDPARAM [/rosout_disable_topics_generation] by /rosbridge_websocket
[rosmaster.master][INFO] 2025-09-20 13:34:09,508: +CACHEDPARAM [/rosout_disable_topics_generation] by /rosbridge_websocket
[rosmaster.master][INFO] 2025-09-20 13:34:09,510: +CACHEDPARAM [/rosout_disable_topics_generation] by /rosbridge_websocket
[rosmaster.master][INFO] 2025-09-20 13:34:09,519: +CACHEDPARAM [/rosout_disable_topics_generation] by /rosbridge_websocket
[rosmaster.master][INFO] 2025-09-20 13:34:09,521: +CACHEDPARAM [/rosout_disable_topics_generation] by /rosbridge_websocket
[rosmaster.master][INFO] 2025-09-20 13:34:09,523: +CACHEDPARAM [/rosout_disable_topics_generation] by /rosbridge_websocket
[rosmaster.master][INFO] 2025-09-20 13:34:09,524: +CACHEDPARAM [/rosout_disable_topics_generation] by /rosbridge_websocket
[rosmaster.master][INFO] 2025-09-20 13:34:09,526: +CACHEDPARAM [/rosout_disable_topics_generation] by /rosbridge_websocket
[rosmaster.master][INFO] 2025-09-20 13:34:09,531: +CACHEDPARAM [/rosout_disable_topics_generation] by /rosbridge_websocket
[rosmaster.master][INFO] 2025-09-20 13:34:09,533: +CACHEDPARAM [/rosout_disable_topics_generation] by /rosbridge_websocket
[rosmaster.master][INFO] 2025-09-20 13:34:09,536: +CACHEDPARAM [/rosout_disable_topics_generation] by /rosbridge_websocket
[rosmaster.master][INFO] 2025-09-20 13:34:09,550: +CACHEDPARAM [/rosout_disable_topics_generation] by /rosbridge_websocket
[rosmaster.master][INFO] 2025-09-20 13:34:09,553: +CACHEDPARAM [/rosout_disable_topics_generation] by /rosbridge_websocket
[rosmaster.master][INFO] 2025-09-20 13:34:09,555: +CACHEDPARAM [/rosout_disable_topics_generation] by /rosbridge_websocket
[rosmaster.master][INFO] 2025-09-20 13:34:09,556: +CACHEDPARAM [/rosout_disable_topics_generation] by /rosbridge_websocket
[rosmaster.master][INFO] 2025-09-20 13:34:09,557: +CACHEDPARAM [/rosout_disable_topics_generation] by /rosbridge_websocket
[rosmaster.master][INFO] 2025-09-20 13:34:09,567: +CACHEDPARAM [/rosout_disable_topics_generation] by /rosbridge_websocket
[rosmaster.master][INFO] 2025-09-20 13:34:09,569: +CACHEDPARAM [/rosout_disable_topics_generation] by /rosbridge_websocket
[rosmaster.master][INFO] 2025-09-20 13:34:09,570: +CACHEDPARAM [/rosout_disable_topics_generation] by /rosbridge_websocket
[rosmaster.master][INFO] 2025-09-20 13:34:09,572: +CACHEDPARAM [/rosout_disable_topics_generation] by /rosbridge_websocket
[rosmaster.master][INFO] 2025-09-20 13:34:09,585: +CACHEDPARAM [/rosout_disable_topics_generation] by /rosbridge_websocket
[rosmaster.master][INFO] 2025-09-20 13:34:09,587: +CACHEDPARAM [/rosout_disable_topics_generation] by /rosbridge_websocket
[rosmaster.master][INFO] 2025-09-20 13:34:09,588: +CACHEDPARAM [/rosout_disable_topics_generation] by /rosbridge_websocket
[rosmaster.master][INFO] 2025-09-20 13:34:09,590: +CACHEDPARAM [/rosout_disable_topics_generation] by /rosbridge_websocket
[rosmaster.master][INFO] 2025-09-20 13:34:09,591: +CACHEDPARAM [/rosout_disable_topics_generation] by /rosbridge_websocket
[rosmaster.master][INFO] 2025-09-20 13:34:09,599: +CACHEDPARAM [/rosout_disable_topics_generation] by /rosbridge_websocket
[rosmaster.master][INFO] 2025-09-20 13:34:09,602: +CACHEDPARAM [/rosout_disable_topics_generation] by /rosbridge_websocket
[rosmaster.master][INFO] 2025-09-20 13:34:09,603: +CACHEDPARAM [/rosout_disable_topics_generation] by /rosbridge_websocket
[rosmaster.master][INFO] 2025-09-20 13:34:09,605: +CACHEDPARAM [/rosout_disable_topics_generation] by /rosbridge_websocket
[rosmaster.master][INFO] 2025-09-20 13:34:09,619: +CACHEDPARAM [/rosout_disable_topics_generation] by /rosbridge_websocket
[rosmaster.master][INFO] 2025-09-20 13:34:09,621: +CACHEDPARAM [/rosout_disable_topics_generation] by /rosbridge_websocket
[rosmaster.master][INFO] 2025-09-20 13:34:09,623: +CACHEDPARAM [/rosout_disable_topics_generation] by /rosbridge_websocket
[rosmaster.master][INFO] 2025-09-20 13:34:09,624: +CACHEDPARAM [/rosout_disable_topics_generation] by /rosbridge_websocket
[rosmaster.master][INFO] 2025-09-20 13:34:09,626: +CACHEDPARAM [/rosout_disable_topics_generation] by /rosbridge_websocket
[rosmaster.master][INFO] 2025-09-20 13:34:09,630: +CACHEDPARAM [/rosout_disable_topics_generation] by /rosbridge_websocket
[rosmaster.master][INFO] 2025-09-20 13:34:09,632: +CACHEDPARAM [/rosout_disable_topics_generation] by /rosbridge_websocket
[rosmaster.master][INFO] 2025-09-20 13:34:09,652: +CACHEDPARAM [/rosout_disable_topics_generation] by /rosbridge_websocket
[rosmaster.master][INFO] 2025-09-20 13:34:09,654: +CACHEDPARAM [/rosout_disable_topics_generation] by /rosbridge_websocket
[rosmaster.master][INFO] 2025-09-20 13:34:09,656: +CACHEDPARAM [/rosout_disable_topics_generation] by /rosbridge_websocket
[rosmaster.master][INFO] 2025-09-20 13:34:09,657: +CACHEDPARAM [/rosout_disable_topics_generation] by /rosbridge_websocket
[rosmaster.master][INFO] 2025-09-20 13:34:09,659: +CACHEDPARAM [/rosout_disable_topics_generation] by /rosbridge_websocket
[rosmaster.master][INFO] 2025-09-20 13:34:09,667: +CACHEDPARAM [/rosout_disable_topics_generation] by /rosbridge_websocket
[rosmaster.master][INFO] 2025-09-20 13:34:09,669: +CACHEDPARAM [/rosout_disable_topics_generation] by /rosbridge_websocket
[rosmaster.master][INFO] 2025-09-20 13:34:09,670: +CACHEDPARAM [/rosout_disable_topics_generation] by /rosbridge_websocket
[rosmaster.master][INFO] 2025-09-20 13:34:09,672: +CACHEDPARAM [/rosout_disable_topics_generation] by /rosbridge_websocket
[rosmaster.master][INFO] 2025-09-20 13:34:09,685: +CACHEDPARAM [/rosout_disable_topics_generation] by /rosbridge_websocket
[rosmaster.master][INFO] 2025-09-20 13:34:09,688: +CACHEDPARAM [/rosout_disable_topics_generation] by /rosbridge_websocket
[rosmaster.master][INFO] 2025-09-20 13:34:09,689: +CACHEDPARAM [/rosout_disable_topics_generation] by /rosbridge_websocket
[rosmaster.master][INFO] 2025-09-20 13:34:09,691: +CACHEDPARAM [/rosout_disable_topics_generation] by /rosbridge_websocket
[rosmaster.master][INFO] 2025-09-20 13:34:09,692: +CACHEDPARAM [/rosout_disable_topics_generation] by /rosbridge_websocket
[rosmaster.master][INFO] 2025-09-20 13:34:09,702: +CACHEDPARAM [/rosout_disable_topics_generation] by /rosbridge_websocket
[rosmaster.master][INFO] 2025-09-20 13:34:09,704: +CACHEDPARAM [/rosout_disable_topics_generation] by /rosbridge_websocket
[rosmaster.master][INFO] 2025-09-20 13:34:09,705: +CACHEDPARAM [/rosout_disable_topics_generation] by /rosbridge_websocket
[rosmaster.master][INFO] 2025-09-20 13:34:09,707: +CACHEDPARAM [/rosout_disable_topics_generation] by /rosbridge_websocket
[rosmaster.master][INFO] 2025-09-20 13:34:09,718: +CACHEDPARAM [/rosout_disable_topics_generation] by /rosbridge_websocket
[rosmaster.master][INFO] 2025-09-20 13:34:09,720: +CACHEDPARAM [/rosout_disable_topics_generation] by /rosbridge_websocket
[rosmaster.master][INFO] 2025-09-20 13:34:09,721: +CACHEDPARAM [/rosout_disable_topics_generation] by /rosbridge_websocket
[rosmaster.master][INFO] 2025-09-20 13:34:09,723: +CACHEDPARAM [/rosout_disable_topics_generation] by /rosbridge_websocket
[rosmaster.master][INFO] 2025-09-20 13:34:09,733: +CACHEDPARAM [/rosout_disable_topics_generation] by /rosbridge_websocket
[rosmaster.master][INFO] 2025-09-20 13:34:09,734: +CACHEDPARAM [/rosout_disable_topics_generation] by /rosbridge_websocket
[rosmaster.master][INFO] 2025-09-20 13:34:09,737: +CACHEDPARAM [/rosout_disable_topics_generation] by /rosbridge_websocket
[rosmaster.master][INFO] 2025-09-20 13:34:09,739: +CACHEDPARAM [/rosout_disable_topics_generation] by /rosbridge_websocket
[rosmaster.master][INFO] 2025-09-20 13:34:09,751: +CACHEDPARAM [/rosout_disable_topics_generation] by /rosbridge_websocket
[rosmaster.master][INFO] 2025-09-20 13:34:09,753: +CACHEDPARAM [/rosout_disable_topics_generation] by /rosbridge_websocket
[rosmaster.master][INFO] 2025-09-20 13:34:09,755: +CACHEDPARAM [/rosout_disable_topics_generation] by /rosbridge_websocket
[rosmaster.master][INFO] 2025-09-20 13:34:09,756: +CACHEDPARAM [/rosout_disable_topics_generation] by /rosbridge_websocket
[rosmaster.master][INFO] 2025-09-20 13:34:09,768: +CACHEDPARAM [/rosout_disable_topics_generation] by /rosbridge_websocket
[rosmaster.master][INFO] 2025-09-20 13:34:09,770: +CACHEDPARAM [/rosout_disable_topics_generation] by /rosbridge_websocket
[rosmaster.master][INFO] 2025-09-20 13:34:09,772: +CACHEDPARAM [/rosout_disable_topics_generation] by /rosbridge_websocket
[rosmaster.master][INFO] 2025-09-20 13:34:09,773: +CACHEDPARAM [/rosout_disable_topics_generation] by /rosbridge_websocket
[rosmaster.master][INFO] 2025-09-20 13:34:09,784: +CACHEDPARAM [/rosout_disable_topics_generation] by /rosbridge_websocket
[rosmaster.master][INFO] 2025-09-20 13:34:09,788: +CACHEDPARAM [/rosout_disable_topics_generation] by /rosbridge_websocket
[rosmaster.master][INFO] 2025-09-20 13:34:09,789: +CACHEDPARAM [/rosout_disable_topics_generation] by /rosbridge_websocket
[rosmaster.master][INFO] 2025-09-20 13:34:09,791: +CACHEDPARAM [/rosout_disable_topics_generation] by /rosbridge_websocket
[rosmaster.master][INFO] 2025-09-20 13:34:09,792: +CACHEDPARAM [/rosout_disable_topics_generation] by /rosbridge_websocket
[rosmaster.master][INFO] 2025-09-20 13:34:09,799: +CACHEDPARAM [/rosout_disable_topics_generation] by /rosbridge_websocket
[rosmaster.master][INFO] 2025-09-20 13:34:09,801: +CACHEDPARAM [/rosout_disable_topics_generation] by /rosbridge_websocket
[rosmaster.master][INFO] 2025-09-20 13:34:09,802: +CACHEDPARAM [/rosout_disable_topics_generation] by /rosbridge_websocket
[rosmaster.master][INFO] 2025-09-20 13:34:09,818: +CACHEDPARAM [/rosout_disable_topics_generation] by /rosbridge_websocket
[rosmaster.master][INFO] 2025-09-20 13:34:09,821: +CACHEDPARAM [/rosout_disable_topics_generation] by /rosbridge_websocket
[rosmaster.master][INFO] 2025-09-20 13:34:09,823: +CACHEDPARAM [/rosout_disable_topics_generation] by /rosbridge_websocket
[rosmaster.master][INFO] 2025-09-20 13:34:09,826: +CACHEDPARAM [/rosout_disable_topics_generation] by /rosbridge_websocket
[rosmaster.master][INFO] 2025-09-20 13:34:09,830: +CACHEDPARAM [/rosout_disable_topics_generation] by /rosbridge_websocket
[rosmaster.master][INFO] 2025-09-20 13:34:09,833: +CACHEDPARAM [/rosout_disable_topics_generation] by /rosbridge_websocket
[rosmaster.master][INFO] 2025-09-20 13:34:09,836: +CACHEDPARAM [/rosout_disable_topics_generation] by /rosbridge_websocket
[rosmaster.master][INFO] 2025-09-20 13:34:09,839: +CACHEDPARAM [/rosout_disable_topics_generation] by /rosbridge_websocket
[rosmaster.master][INFO] 2025-09-20 13:34:09,840: +CACHEDPARAM [/rosout_disable_topics_generation] by /rosbridge_websocket
[rosmaster.master][INFO] 2025-09-20 13:34:09,850: +CACHEDPARAM [/rosout_disable_topics_generation] by /rosbridge_websocket
[rosmaster.master][INFO] 2025-09-20 13:34:09,852: +CACHEDPARAM [/rosout_disable_topics_generation] by /rosbridge_websocket
[rosmaster.master][INFO] 2025-09-20 13:34:09,854: +CACHEDPARAM [/rosout_disable_topics_generation] by /rosbridge_websocket
[rosmaster.master][INFO] 2025-09-20 13:34:09,856: +CACHEDPARAM [/rosout_disable_topics_generation] by /rosbridge_websocket
[rosmaster.master][INFO] 2025-09-20 13:34:09,868: +CACHEDPARAM [/rosout_disable_topics_generation] by /rosbridge_websocket
[rosmaster.master][INFO] 2025-09-20 13:34:09,870: +CACHEDPARAM [/rosout_disable_topics_generation] by /rosbridge_websocket
[rosmaster.master][INFO] 2025-09-20 13:34:09,871: +CACHEDPARAM [/rosout_disable_topics_generation] by /rosbridge_websocket
[rosmaster.master][INFO] 2025-09-20 13:34:09,872: +CACHEDPARAM [/rosout_disable_topics_generation] by /rosbridge_websocket
[rosmaster.master][INFO] 2025-09-20 13:34:09,887: +CACHEDPARAM [/rosout_disable_topics_generation] by /rosbridge_websocket
[rosmaster.master][INFO] 2025-09-20 13:34:09,889: +CACHEDPARAM [/rosout_disable_topics_generation] by /rosbridge_websocket
[rosmaster.master][INFO] 2025-09-20 13:34:09,890: +CACHEDPARAM [/rosout_disable_topics_generation] by /rosbridge_websocket
[rosmaster.master][INFO] 2025-09-20 13:34:09,892: +CACHEDPARAM [/rosout_disable_topics_generation] by /rosbridge_websocket
[rosmaster.master][INFO] 2025-09-20 13:34:09,893: +CACHEDPARAM [/rosout_disable_topics_generation] by /rosbridge_websocket
[rosmaster.master][INFO] 2025-09-20 13:34:09,902: +CACHEDPARAM [/rosout_disable_topics_generation] by /rosbridge_websocket
[rosmaster.master][INFO] 2025-09-20 13:34:09,905: +CACHEDPARAM [/rosout_disable_topics_generation] by /rosbridge_websocket
[rosmaster.master][INFO] 2025-09-20 13:34:09,907: +CACHEDPARAM [/rosout_disable_topics_generation] by /rosbridge_websocket
[rosmaster.master][INFO] 2025-09-20 13:34:09,908: +CACHEDPARAM [/rosout_disable_topics_generation] by /rosbridge_websocket
[rosmaster.master][INFO] 2025-09-20 13:34:09,909: +CACHEDPARAM [/rosout_disable_topics_generation] by /rosbridge_websocket
[rosmaster.master][INFO] 2025-09-20 13:34:09,918: +CACHEDPARAM [/rosout_disable_topics_generation] by /rosbridge_websocket
[rosmaster.master][INFO] 2025-09-20 13:34:09,920: +CACHEDPARAM [/rosout_disable_topics_generation] by /rosbridge_websocket
[rosmaster.master][INFO] 2025-09-20 13:34:09,922: +CACHEDPARAM [/rosout_disable_topics_generation] by /rosbridge_websocket
[rosmaster.master][INFO] 2025-09-20 13:34:09,923: +CACHEDPARAM [/rosout_disable_topics_generation] by /rosbridge_websocket
[rosmaster.master][INFO] 2025-09-20 13:34:09,935: +CACHEDPARAM [/rosout_disable_topics_generation] by /rosbridge_websocket
[rosmaster.master][INFO] 2025-09-20 13:34:09,938: +CACHEDPARAM [/rosout_disable_topics_generation] by /rosbridge_websocket
[rosmaster.master][INFO] 2025-09-20 13:34:09,940: +CACHEDPARAM [/rosout_disable_topics_generation] by /rosbridge_websocket
[rosmaster.master][INFO] 2025-09-20 13:34:09,941: +CACHEDPARAM [/rosout_disable_topics_generation] by /rosbridge_websocket
[rosmaster.master][INFO] 2025-09-20 13:34:09,948: +CACHEDPARAM [/rosout_disable_topics_generation] by /rosbridge_websocket
[rosmaster.master][INFO] 2025-09-20 13:34:09,950: +CACHEDPARAM [/rosout_disable_topics_generation] by /rosbridge_websocket
[rosmaster.master][INFO] 2025-09-20 13:34:09,955: +CACHEDPARAM [/rosout_disable_topics_generation] by /rosbridge_websocket
[rosmaster.master][INFO] 2025-09-20 13:34:09,971: +CACHEDPARAM [/rosout_disable_topics_generation] by /rosbridge_websocket
[rosmaster.master][INFO] 2025-09-20 13:34:09,973: +CACHEDPARAM [/rosout_disable_topics_generation] by /rosbridge_websocket
[rosmaster.master][INFO] 2025-09-20 13:34:09,975: +CACHEDPARAM [/rosout_disable_topics_generation] by /rosbridge_websocket
[rosmaster.master][INFO] 2025-09-20 13:34:09,976: +CACHEDPARAM [/rosout_disable_topics_generation] by /rosbridge_websocket
[rosmaster.master][INFO] 2025-09-20 13:34:09,977: +CACHEDPARAM [/rosout_disable_topics_generation] by /rosbridge_websocket
[rosmaster.master][INFO] 2025-09-20 13:34:09,987: +CACHEDPARAM [/rosout_disable_topics_generation] by /rosbridge_websocket
[rosmaster.master][INFO] 2025-09-20 13:34:09,989: +CACHEDPARAM [/rosout_disable_topics_generation] by /rosbridge_websocket
[rosmaster.master][INFO] 2025-09-20 13:34:09,990: +CACHEDPARAM [/rosout_disable_topics_generation] by /rosbridge_websocket
[rosmaster.master][INFO] 2025-09-20 13:34:09,991: +CACHEDPARAM [/rosout_disable_topics_generation] by /rosbridge_websocket
[rosmaster.master][INFO] 2025-09-20 13:34:10,003: +CACHEDPARAM [/rosout_disable_topics_generation] by /rosbridge_websocket
[rosmaster.master][INFO] 2025-09-20 13:34:10,006: +CACHEDPARAM [/rosout_disable_topics_generation] by /rosbridge_websocket
[rosmaster.master][INFO] 2025-09-20 13:34:10,008: +CACHEDPARAM [/rosout_disable_topics_generation] by /rosbridge_websocket
[rosmaster.master][INFO] 2025-09-20 13:34:10,009: +CACHEDPARAM [/rosout_disable_topics_generation] by /rosbridge_websocket
[rosmaster.master][INFO] 2025-09-20 13:34:10,010: +CACHEDPARAM [/rosout_disable_topics_generation] by /rosbridge_websocket
[rosmaster.master][INFO] 2025-09-20 13:34:10,020: +CACHEDPARAM [/rosout_disable_topics_generation] by /rosbridge_websocket
[rosmaster.master][INFO] 2025-09-20 13:34:10,021: +CACHEDPARAM [/rosout_disable_topics_generation] by /rosbridge_websocket
[rosmaster.master][INFO] 2025-09-20 13:34:10,023: +CACHEDPARAM [/rosout_disable_topics_generation] by /rosbridge_websocket
[rosmaster.master][INFO] 2025-09-20 13:34:10,024: +CACHEDPARAM [/rosout_disable_topics_generation] by /rosbridge_websocket
[rosmaster.master][INFO] 2025-09-20 13:34:10,037: +CACHEDPARAM [/rosout_disable_topics_generation] by /rosbridge_websocket
[rosmaster.master][INFO] 2025-09-20 13:34:10,040: +CACHEDPARAM [/rosout_disable_topics_generation] by /rosbridge_websocket
[rosmaster.master][INFO] 2025-09-20 13:34:10,042: +CACHEDPARAM [/rosout_disable_topics_generation] by /rosbridge_websocket
[rosmaster.master][INFO] 2025-09-20 13:34:10,043: +CACHEDPARAM [/rosout_disable_topics_generation] by /rosbridge_websocket
[rosmaster.master][INFO] 2025-09-20 13:34:10,044: +CACHEDPARAM [/rosout_disable_topics_generation] by /rosbridge_websocket
[rosmaster.master][INFO] 2025-09-20 13:34:10,050: +CACHEDPARAM [/rosout_disable_topics_generation] by /rosbridge_websocket
[rosmaster.master][INFO] 2025-09-20 13:34:10,052: +CACHEDPARAM [/rosout_disable_topics_generation] by /rosbridge_websocket
[rosmaster.master][INFO] 2025-09-20 13:34:10,073: +CACHEDPARAM [/rosout_disable_topics_generation] by /rosbridge_websocket
[rosmaster.master][INFO] 2025-09-20 13:34:10,075: +CACHEDPARAM [/rosout_disable_topics_generation] by /rosbridge_websocket
[rosmaster.master][INFO] 2025-09-20 13:34:10,076: +CACHEDPARAM [/rosout_disable_topics_generation] by /rosbridge_websocket
[rosmaster.master][INFO] 2025-09-20 13:34:10,078: +CACHEDPARAM [/rosout_disable_topics_generation] by /rosbridge_websocket
[rosmaster.master][INFO] 2025-09-20 13:34:10,079: +CACHEDPARAM [/rosout_disable_topics_generation] by /rosbridge_websocket
[rosmaster.master][INFO] 2025-09-20 13:34:10,087: +CACHEDPARAM [/rosout_disable_topics_generation] by /rosbridge_websocket
[rosmaster.master][INFO] 2025-09-20 13:34:10,089: +CACHEDPARAM [/rosout_disable_topics_generation] by /rosbridge_websocket
[rosmaster.master][INFO] 2025-09-20 13:34:10,090: +CACHEDPARAM [/rosout_disable_topics_generation] by /rosbridge_websocket
[rosmaster.master][INFO] 2025-09-20 13:34:10,092: +CACHEDPARAM [/rosout_disable_topics_generation] by /rosbridge_websocket
[rosmaster.master][INFO] 2025-09-20 13:34:10,104: +CACHEDPARAM [/rosout_disable_topics_generation] by /rosbridge_websocket
[rosmaster.master][INFO] 2025-09-20 13:34:10,107: +CACHEDPARAM [/rosout_disable_topics_generation] by /rosbridge_websocket
[rosmaster.master][INFO] 2025-09-20 13:34:10,109: +CACHEDPARAM [/rosout_disable_topics_generation] by /rosbridge_websocket
[rosmaster.master][INFO] 2025-09-20 13:34:10,111: +CACHEDPARAM [/rosout_disable_topics_generation] by /rosbridge_websocket
[rosmaster.master][INFO] 2025-09-20 13:34:10,112: +CACHEDPARAM [/rosout_disable_topics_generation] by /rosbridge_websocket
[rosmaster.master][INFO] 2025-09-20 13:34:10,121: +CACHEDPARAM [/rosout_disable_topics_generation] by /rosbridge_websocket
[rosmaster.master][INFO] 2025-09-20 13:34:10,123: +CACHEDPARAM [/rosout_disable_topics_generation] by /rosbridge_websocket
[rosmaster.master][INFO] 2025-09-20 13:34:10,124: +CACHEDPARAM [/rosout_disable_topics_generation] by /rosbridge_websocket
[rosmaster.master][INFO] 2025-09-20 13:34:10,125: +CACHEDPARAM [/rosout_disable_topics_generation] by /rosbridge_websocket
[rosmaster.master][INFO] 2025-09-20 13:34:10,140: +CACHEDPARAM [/rosout_disable_topics_generation] by /rosbridge_websocket
[rosmaster.master][INFO] 2025-09-20 13:34:10,142: +CACHEDPARAM [/rosout_disable_topics_generation] by /rosbridge_websocket
[rosmaster.master][INFO] 2025-09-20 13:34:10,144: +CACHEDPARAM [/rosout_disable_topics_generation] by /rosbridge_websocket
[rosmaster.master][INFO] 2025-09-20 13:34:10,145: +CACHEDPARAM [/rosout_disable_topics_generation] by /rosbridge_websocket
[rosmaster.master][INFO] 2025-09-20 13:34:10,146: +CACHEDPARAM [/rosout_disable_topics_generation] by /rosbridge_websocket
[rosmaster.master][INFO] 2025-09-20 13:34:10,153: +CACHEDPARAM [/rosout_disable_topics_generation] by /rosbridge_websocket
[rosmaster.master][INFO] 2025-09-20 13:34:10,154: +CACHEDPARAM [/rosout_disable_topics_generation] by /rosbridge_websocket
[rosmaster.master][INFO] 2025-09-20 13:34:10,156: +CACHEDPARAM [/rosout_disable_topics_generation] by /rosbridge_websocket
[rosmaster.master][INFO] 2025-09-20 13:34:10,172: +CACHEDPARAM [/rosout_disable_topics_generation] by /rosbridge_websocket
[rosmaster.master][INFO] 2025-09-20 13:34:10,174: +CACHEDPARAM [/rosout_disable_topics_generation] by /rosbridge_websocket
[rosmaster.master][INFO] 2025-09-20 13:34:10,175: +CACHEDPARAM [/rosout_disable_topics_generation] by /rosbridge_websocket
[rosmaster.master][INFO] 2025-09-20 13:34:10,176: +CACHEDPARAM [/rosout_disable_topics_generation] by /rosbridge_websocket
[rosmaster.master][INFO] 2025-09-20 13:34:10,189: +CACHEDPARAM [/rosout_disable_topics_generation] by /rosbridge_websocket
[rosmaster.master][INFO] 2025-09-20 13:34:10,192: +CACHEDPARAM [/rosout_disable_topics_generation] by /rosbridge_websocket
[rosmaster.master][INFO] 2025-09-20 13:34:10,194: +CACHEDPARAM [/rosout_disable_topics_generation] by /rosbridge_websocket
[rosmaster.master][INFO] 2025-09-20 13:34:10,195: +CACHEDPARAM [/rosout_disable_topics_generation] by /rosbridge_websocket
[rosmaster.master][INFO] 2025-09-20 13:34:10,197: +CACHEDPARAM [/rosout_disable_topics_generation] by /rosbridge_websocket
[rosmaster.master][INFO] 2025-09-20 13:34:10,246: +CACHEDPARAM [/rosout_disable_topics_generation] by /rosbridge_websocket
[rosmaster.master][INFO] 2025-09-20 13:34:10,249: +CACHEDPARAM [/rosout_disable_topics_generation] by /rosbridge_websocket
[rosmaster.master][INFO] 2025-09-20 13:34:10,252: +CACHEDPARAM [/rosout_disable_topics_generation] by /rosbridge_websocket
[rosmaster.master][INFO] 2025-09-20 13:34:10,256: +CACHEDPARAM [/rosout_disable_topics_generation] by /rosbridge_websocket
[rosmaster.master][INFO] 2025-09-20 13:34:10,258: +CACHEDPARAM [/rosout_disable_topics_generation] by /rosbridge_websocket
[rosmaster.master][INFO] 2025-09-20 13:34:10,261: +CACHEDPARAM [/rosout_disable_topics_generation] by /rosbridge_websocket
[rosmaster.master][INFO] 2025-09-20 13:34:10,263: +CACHEDPARAM [/rosout_disable_topics_generation] by /rosbridge_websocket
[rosmaster.master][INFO] 2025-09-20 13:34:10,264: +CACHEDPARAM [/rosout_disable_topics_generation] by /rosbridge_websocket
[rosmaster.master][INFO] 2025-09-20 13:34:10,265: +CACHEDPARAM [/rosout_disable_topics_generation] by /rosbridge_websocket
[rosmaster.master][INFO] 2025-09-20 13:34:10,267: +CACHEDPARAM [/rosout_disable_topics_generation] by /rosbridge_websocket
[rosmaster.master][INFO] 2025-09-20 13:34:10,275: +CACHEDPARAM [/rosout_disable_topics_generation] by /rosbridge_websocket
[rosmaster.master][INFO] 2025-09-20 13:34:10,277: +CACHEDPARAM [/rosout_disable_topics_generation] by /rosbridge_websocket
[rosmaster.master][INFO] 2025-09-20 13:34:10,278: +CACHEDPARAM [/rosout_disable_topics_generation] by /rosbridge_websocket
[rosmaster.master][INFO] 2025-09-20 13:34:10,280: +CACHEDPARAM [/rosout_disable_topics_generation] by /rosbridge_websocket
[rosmaster.master][INFO] 2025-09-20 13:34:10,285: +CACHEDPARAM [/rosout_disable_topics_generation] by /rosbridge_websocket
[rosmaster.master][INFO] 2025-09-20 13:34:10,293: +CACHEDPARAM [/rosout_disable_topics_generation] by /rosbridge_websocket
[rosmaster.master][INFO] 2025-09-20 13:34:10,296: +CACHEDPARAM [/rosout_disable_topics_generation] by /rosbridge_websocket
[rosmaster.master][INFO] 2025-09-20 13:34:10,298: +CACHEDPARAM [/rosout_disable_topics_generation] by /rosbridge_websocket
[rosmaster.master][INFO] 2025-09-20 13:34:10,299: +CACHEDPARAM [/rosout_disable_topics_generation] by /rosbridge_websocket
[rosmaster.master][INFO] 2025-09-20 13:34:10,300: +CACHEDPARAM [/rosout_disable_topics_generation] by /rosbridge_websocket
[rosmaster.master][INFO] 2025-09-20 13:34:10,310: +CACHEDPARAM [/rosout_disable_topics_generation] by /rosbridge_websocket
[rosmaster.master][INFO] 2025-09-20 13:34:10,313: +CACHEDPARAM [/rosout_disable_topics_generation] by /rosbridge_websocket
[rosmaster.master][INFO] 2025-09-20 13:34:10,314: +CACHEDPARAM [/rosout_disable_topics_generation] by /rosbridge_websocket
[rosmaster.master][INFO] 2025-09-20 13:34:10,316: +CACHEDPARAM [/rosout_disable_topics_generation] by /rosbridge_websocket
[rosmaster.master][INFO] 2025-09-20 13:34:10,317: +CACHEDPARAM [/rosout_disable_topics_generation] by /rosbridge_websocket
[rosmaster.master][INFO] 2025-09-20 13:34:10,330: +CACHEDPARAM [/rosout_disable_topics_generation] by /rosbridge_websocket
[rosmaster.master][INFO] 2025-09-20 13:34:10,333: +CACHEDPARAM [/rosout_disable_topics_generation] by /rosbridge_websocket
[rosmaster.master][INFO] 2025-09-20 13:34:10,334: +CACHEDPARAM [/rosout_disable_topics_generation] by /rosbridge_websocket
[rosmaster.master][INFO] 2025-09-20 13:34:10,336: +CACHEDPARAM [/rosout_disable_topics_generation] by /rosbridge_websocket
[rosmaster.master][INFO] 2025-09-20 13:34:10,338: +CACHEDPARAM [/rosout_disable_topics_generation] by /rosbridge_websocket
[rosmaster.master][INFO] 2025-09-20 13:34:10,358: +CACHEDPARAM [/rosout_disable_topics_generation] by /rosbridge_websocket
[rosmaster.master][INFO] 2025-09-20 13:34:10,361: +CACHEDPARAM [/rosout_disable_topics_generation] by /rosbridge_websocket
[rosmaster.master][INFO] 2025-09-20 13:34:10,401: +CACHEDPARAM [/rosout_disable_topics_generation] by /rosbridge_websocket
[rosmaster.master][INFO] 2025-09-20 13:34:10,406: +CACHEDPARAM [/rosout_disable_topics_generation] by /rosbridge_websocket
[rosmaster.master][INFO] 2025-09-20 13:34:10,409: +CACHEDPARAM [/rosout_disable_topics_generation] by /rosbridge_websocket
[rosmaster.master][INFO] 2025-09-20 13:34:10,411: +CACHEDPARAM [/rosout_disable_topics_generation] by /rosbridge_websocket
[rosmaster.master][INFO] 2025-09-20 13:34:10,413: +CACHEDPARAM [/rosout_disable_topics_generation] by /rosbridge_websocket
[rosmaster.master][INFO] 2025-09-20 13:34:10,417: +CACHEDPARAM [/rosout_disable_topics_generation] by /rosbridge_websocket
[rosmaster.master][INFO] 2025-09-20 13:34:10,421: +CACHEDPARAM [/rosout_disable_topics_generation] by /rosbridge_websocket
[rosmaster.master][INFO] 2025-09-20 13:34:10,424: +CACHEDPARAM [/rosout_disable_topics_generation] by /rosbridge_websocket
[rosmaster.master][INFO] 2025-09-20 13:34:10,428: +CACHEDPARAM [/rosout_disable_topics_generation] by /rosbridge_websocket
[rosmaster.master][INFO] 2025-09-20 13:34:10,430: +CACHEDPARAM [/rosout_disable_topics_generation] by /rosbridge_websocket
[rosmaster.master][INFO] 2025-09-20 13:34:10,432: +CACHEDPARAM [/rosout_disable_topics_generation] by /rosbridge_websocket
[rosmaster.master][INFO] 2025-09-20 13:34:10,435: +CACHEDPARAM [/rosout_disable_topics_generation] by /rosbridge_websocket
[rosmaster.master][INFO] 2025-09-20 13:34:10,439: +CACHEDPARAM [/rosout_disable_topics_generation] by /rosbridge_websocket
[rosmaster.master][INFO] 2025-09-20 13:34:10,442: +CACHEDPARAM [/rosout_disable_topics_generation] by /rosbridge_websocket
[rosmaster.master][INFO] 2025-09-20 13:34:10,446: +CACHEDPARAM [/rosout_disable_topics_generation] by /rosbridge_websocket
[rosmaster.master][INFO] 2025-09-20 13:34:10,448: +CACHEDPARAM [/rosout_disable_topics_generation] by /rosbridge_websocket
[rosmaster.master][INFO] 2025-09-20 13:34:10,450: +CACHEDPARAM [/rosout_disable_topics_generation] by /rosbridge_websocket
[rosmaster.master][INFO] 2025-09-20 13:34:10,452: +CACHEDPARAM [/rosout_disable_topics_generation] by /rosbridge_websocket
[rosmaster.master][INFO] 2025-09-20 13:34:10,454: +CACHEDPARAM [/rosout_disable_topics_generation] by /rosbridge_websocket
[rosmaster.master][INFO] 2025-09-20 13:34:10,455: +CACHEDPARAM [/rosout_disable_topics_generation] by /rosbridge_websocket
[rosmaster.master][INFO] 2025-09-20 13:34:10,474: +CACHEDPARAM [/rosout_disable_topics_generation] by /rosbridge_websocket
[rosmaster.master][INFO] 2025-09-20 13:34:10,477: +CACHEDPARAM [/rosout_disable_topics_generation] by /rosbridge_websocket
[rosmaster.master][INFO] 2025-09-20 13:34:10,478: +CACHEDPARAM [/rosout_disable_topics_generation] by /rosbridge_websocket
[rosmaster.master][INFO] 2025-09-20 13:34:10,480: +CACHEDPARAM [/rosout_disable_topics_generation] by /rosbridge_websocket
[rosmaster.master][INFO] 2025-09-20 13:34:10,481: +CACHEDPARAM [/rosout_disable_topics_generation] by /rosbridge_websocket
[rosmaster.master][INFO] 2025-09-20 13:34:10,492: +CACHEDPARAM [/rosout_disable_topics_generation] by /rosbridge_websocket
[rosmaster.master][INFO] 2025-09-20 13:34:10,495: +CACHEDPARAM [/rosout_disable_topics_generation] by /rosbridge_websocket
[rosmaster.master][INFO] 2025-09-20 13:34:10,497: +CACHEDPARAM [/rosout_disable_topics_generation] by /rosbridge_websocket
[rosmaster.master][INFO] 2025-09-20 13:34:10,498: +CACHEDPARAM [/rosout_disable_topics_generation] by /rosbridge_websocket
[rosmaster.master][INFO] 2025-09-20 13:34:10,505: +CACHEDPARAM [/rosout_disable_topics_generation] by /rosbridge_websocket
[rosmaster.master][INFO] 2025-09-20 13:34:10,514: +CACHEDPARAM [/rosout_disable_topics_generation] by /rosbridge_websocket
[rosmaster.master][INFO] 2025-09-20 13:34:10,517: +CACHEDPARAM [/rosout_disable_topics_generation] by /rosbridge_websocket
[rosmaster.master][INFO] 2025-09-20 13:34:10,519: +CACHEDPARAM [/rosout_disable_topics_generation] by /rosbridge_websocket
[rosmaster.master][INFO] 2025-09-20 13:34:10,523: +CACHEDPARAM [/rosout_disable_topics_generation] by /rosbridge_websocket
[rosmaster.master][INFO] 2025-09-20 13:34:10,527: +CACHEDPARAM [/rosout_disable_topics_generation] by /rosbridge_websocket
[rosmaster.master][INFO] 2025-09-20 13:34:10,531: +CACHEDPARAM [/rosout_disable_topics_generation] by /rosbridge_websocket
[rosmaster.master][INFO] 2025-09-20 13:34:10,534: +CACHEDPARAM [/rosout_disable_topics_generation] by /rosbridge_websocket
[rosmaster.master][INFO] 2025-09-20 13:34:10,539: +CACHEDPARAM [/rosout_disable_topics_generation] by /rosbridge_websocket
[rosmaster.master][INFO] 2025-09-20 13:34:10,543: +CACHEDPARAM [/rosout_disable_topics_generation] by /rosbridge_websocket
[rosmaster.master][INFO] 2025-09-20 13:34:10,547: +CACHEDPARAM [/rosout_disable_topics_generation] by /rosbridge_websocket
[rosmaster.master][INFO] 2025-09-20 13:34:10,550: +CACHEDPARAM [/rosout_disable_topics_generation] by /rosbridge_websocket
[rosmaster.master][INFO] 2025-09-20 13:34:10,552: +CACHEDPARAM [/rosout_disable_topics_generation] by /rosbridge_websocket
[rosmaster.master][INFO] 2025-09-20 13:34:10,554: +CACHEDPARAM [/rosout_disable_topics_generation] by /rosbridge_websocket
[rosmaster.master][INFO] 2025-09-20 13:34:10,557: +CACHEDPARAM [/rosout_disable_topics_generation] by /rosbridge_websocket
[rosmaster.master][INFO] 2025-09-20 13:34:10,558: +CACHEDPARAM [/rosout_disable_topics_generation] by /rosbridge_websocket
[rosmaster.master][INFO] 2025-09-20 13:34:10,578: +CACHEDPARAM [/rosout_disable_topics_generation] by /rosbridge_websocket
[rosmaster.master][INFO] 2025-09-20 13:34:10,581: +CACHEDPARAM [/rosout_disable_topics_generation] by /rosbridge_websocket
[rosmaster.master][INFO] 2025-09-20 13:34:10,583: +CACHEDPARAM [/rosout_disable_topics_generation] by /rosbridge_websocket
[rosmaster.master][INFO] 2025-09-20 13:34:10,588: +CACHEDPARAM [/rosout_disable_topics_generation] by /rosbridge_websocket
[rosmaster.master][INFO] 2025-09-20 13:34:10,593: +CACHEDPARAM [/rosout_disable_topics_generation] by /rosbridge_websocket
[rosmaster.master][INFO] 2025-09-20 13:34:10,597: +CACHEDPARAM [/rosout_disable_topics_generation] by /rosbridge_websocket
[rosmaster.master][INFO] 2025-09-20 13:34:10,600: +CACHEDPARAM [/rosout_disable_topics_generation] by /rosbridge_websocket
[rosmaster.master][INFO] 2025-09-20 13:34:10,603: +CACHEDPARAM [/rosout_disable_topics_generation] by /rosbridge_websocket
[rosmaster.master][INFO] 2025-09-20 13:34:10,609: +CACHEDPARAM [/rosout_disable_topics_generation] by /rosbridge_websocket
[rosmaster.master][INFO] 2025-09-20 13:34:10,612: +CACHEDPARAM [/rosout_disable_topics_generation] by /rosbridge_websocket
[rosmaster.master][INFO] 2025-09-20 13:34:10,615: +CACHEDPARAM [/rosout_disable_topics_generation] by /rosbridge_websocket
[rosmaster.master][INFO] 2025-09-20 13:34:10,619: +CACHEDPARAM [/rosout_disable_topics_generation] by /rosbridge_websocket
[rosmaster.master][INFO] 2025-09-20 13:34:10,624: +CACHEDPARAM [/rosout_disable_topics_generation] by /rosbridge_websocket
[rosmaster.master][INFO] 2025-09-20 13:34:10,628: +CACHEDPARAM [/rosout_disable_topics_generation] by /rosbridge_websocket
[rosmaster.master][INFO] 2025-09-20 13:34:10,634: +CACHEDPARAM [/rosout_disable_topics_generation] by /rosbridge_websocket
[rosmaster.master][INFO] 2025-09-20 13:34:10,636: +CACHEDPARAM [/rosout_disable_topics_generation] by /rosbridge_websocket
[rosmaster.master][INFO] 2025-09-20 13:34:10,644: +CACHEDPARAM [/rosout_disable_topics_generation] by /rosbridge_websocket
[rosmaster.master][INFO] 2025-09-20 13:34:10,648: +CACHEDPARAM [/rosout_disable_topics_generation] by /rosbridge_websocket
[rosmaster.master][INFO] 2025-09-20 13:34:10,651: +CACHEDPARAM [/rosout_disable_topics_generation] by /rosbridge_websocket
[rosmaster.master][INFO] 2025-09-20 13:34:10,655: +CACHEDPARAM [/rosout_disable_topics_generation] by /rosbridge_websocket
[rosmaster.master][INFO] 2025-09-20 13:34:10,659: +CACHEDPARAM [/rosout_disable_topics_generation] by /rosbridge_websocket
[rosmaster.master][INFO] 2025-09-20 13:34:10,662: +CACHEDPARAM [/rosout_disable_topics_generation] by /rosbridge_websocket
[rosmaster.master][INFO] 2025-09-20 13:34:10,664: +CACHEDPARAM [/rosout_disable_topics_generation] by /rosbridge_websocket
[rosmaster.master][INFO] 2025-09-20 13:34:10,666: +CACHEDPARAM [/rosout_disable_topics_generation] by /rosbridge_websocket
[rosmaster.master][INFO] 2025-09-20 13:34:10,668: +CACHEDPARAM [/rosout_disable_topics_generation] by /rosbridge_websocket
[rosmaster.master][INFO] 2025-09-20 13:34:10,677: +CACHEDPARAM [/rosout_disable_topics_generation] by /rosbridge_websocket
[rosmaster.master][INFO] 2025-09-20 13:34:10,683: +CACHEDPARAM [/rosout_disable_topics_generation] by /rosbridge_websocket
[rosmaster.master][INFO] 2025-09-20 13:34:10,685: +CACHEDPARAM [/rosout_disable_topics_generation] by /rosbridge_websocket
[rosmaster.master][INFO] 2025-09-20 13:34:10,691: +CACHEDPARAM [/rosout_disable_topics_generation] by /rosbridge_websocket
[rosmaster.master][INFO] 2025-09-20 13:34:10,696: +CACHEDPARAM [/rosout_disable_topics_generation] by /rosbridge_websocket
[rosmaster.master][INFO] 2025-09-20 13:34:10,699: +CACHEDPARAM [/rosout_disable_topics_generation] by /rosbridge_websocket
[rosmaster.master][INFO] 2025-09-20 13:34:10,701: +CACHEDPARAM [/rosout_disable_topics_generation] by /rosbridge_websocket
[rosmaster.master][INFO] 2025-09-20 13:34:10,707: +CACHEDPARAM [/rosout_disable_topics_generation] by /rosbridge_websocket
[rosmaster.master][INFO] 2025-09-20 13:34:10,710: +CACHEDPARAM [/rosout_disable_topics_generation] by /rosbridge_websocket
[rosmaster.master][INFO] 2025-09-20 13:34:10,714: +CACHEDPARAM [/rosout_disable_topics_generation] by /rosbridge_websocket
[rosmaster.master][INFO] 2025-09-20 13:34:10,716: +CACHEDPARAM [/rosout_disable_topics_generation] by /rosbridge_websocket
[rosmaster.master][INFO] 2025-09-20 13:34:10,718: +CACHEDPARAM [/rosout_disable_topics_generation] by /rosbridge_websocket
[rosmaster.master][INFO] 2025-09-20 13:34:10,725: +CACHEDPARAM [/rosout_disable_topics_generation] by /rosbridge_websocket
[rosmaster.master][INFO] 2025-09-20 13:34:10,729: +CACHEDPARAM [/rosout_disable_topics_generation] by /rosbridge_websocket
[rosmaster.master][INFO] 2025-09-20 13:34:10,733: +CACHEDPARAM [/rosout_disable_topics_generation] by /rosbridge_websocket
[rosmaster.master][INFO] 2025-09-20 13:34:10,737: +CACHEDPARAM [/rosout_disable_topics_generation] by /rosbridge_websocket
[rosmaster.master][INFO] 2025-09-20 13:34:10,741: +CACHEDPARAM [/rosout_disable_topics_generation] by /rosbridge_websocket
[rosmaster.master][INFO] 2025-09-20 13:34:10,744: +CACHEDPARAM [/rosout_disable_topics_generation] by /rosbridge_websocket
[rosmaster.master][INFO] 2025-09-20 13:34:10,748: +CACHEDPARAM [/rosout_disable_topics_generation] by /rosbridge_websocket
[rosmaster.master][INFO] 2025-09-20 13:34:10,752: +CACHEDPARAM [/rosout_disable_topics_generation] by /rosbridge_websocket
[rosmaster.master][INFO] 2025-09-20 13:34:10,756: +CACHEDPARAM [/rosout_disable_topics_generation] by /rosbridge_websocket
[rosmaster.master][INFO] 2025-09-20 13:34:10,760: +CACHEDPARAM [/rosout_disable_topics_generation] by /rosbridge_websocket
[rosmaster.master][INFO] 2025-09-20 13:34:10,762: +CACHEDPARAM [/rosout_disable_topics_generation] by /rosbridge_websocket
[rosmaster.master][INFO] 2025-09-20 13:34:10,766: +CACHEDPARAM [/rosout_disable_topics_generation] by /rosbridge_websocket
[rosmaster.master][INFO] 2025-09-20 13:34:10,769: +CACHEDPARAM [/rosout_disable_topics_generation] by /rosbridge_websocket
[rosmaster.master][INFO] 2025-09-20 13:34:10,773: +CACHEDPARAM [/rosout_disable_topics_generation] by /rosbridge_websocket
[rosmaster.master][INFO] 2025-09-20 13:34:10,776: +CACHEDPARAM [/rosout_disable_topics_generation] by /rosbridge_websocket
[rosmaster.master][INFO] 2025-09-20 13:34:10,778: +CACHEDPARAM [/rosout_disable_topics_generation] by /rosbridge_websocket
[rosmaster.master][INFO] 2025-09-20 13:34:10,785: +CACHEDPARAM [/rosout_disable_topics_generation] by /rosbridge_websocket
[rosmaster.master][INFO] 2025-09-20 13:34:10,801: +CACHEDPARAM [/rosout_disable_topics_generation] by /rosbridge_websocket
[rosmaster.master][INFO] 2025-09-20 13:34:10,808: +CACHEDPARAM [/rosout_disable_topics_generation] by /rosbridge_websocket
[rosmaster.master][INFO] 2025-09-20 13:34:10,812: +CACHEDPARAM [/rosout_disable_topics_generation] by /rosbridge_websocket
[rosmaster.master][INFO] 2025-09-20 13:34:10,868: +CACHEDPARAM [/rosout_disable_topics_generation] by /rosbridge_websocket
[rosmaster.master][INFO] 2025-09-20 13:34:10,873: +CACHEDPARAM [/rosout_disable_topics_generation] by /rosbridge_websocket
[rosmaster.master][INFO] 2025-09-20 13:34:10,894: +CACHEDPARAM [/rosout_disable_topics_generation] by /rosbridge_websocket
[rosmaster.master][INFO] 2025-09-20 13:34:10,897: +CACHEDPARAM [/rosout_disable_topics_generation] by /rosbridge_websocket
[rosmaster.master][INFO] 2025-09-20 13:34:10,915: +CACHEDPARAM [/rosout_disable_topics_generation] by /rosbridge_websocket
[rosmaster.master][INFO] 2025-09-20 13:34:10,918: +CACHEDPARAM [/rosout_disable_topics_generation] by /rosbridge_websocket
[rosmaster.master][INFO] 2025-09-20 13:34:10,942: +CACHEDPARAM [/rosout_disable_topics_generation] by /rosbridge_websocket
[rosmaster.master][INFO] 2025-09-20 13:34:10,945: +CACHEDPARAM [/rosout_disable_topics_generation] by /rosbridge_websocket
[rosmaster.master][INFO] 2025-09-20 13:34:10,948: +CACHEDPARAM [/rosout_disable_topics_generation] by /rosbridge_websocket
[rosmaster.master][INFO] 2025-09-20 13:34:10,954: +CACHEDPARAM [/rosout_disable_topics_generation] by /rosbridge_websocket
[rosmaster.master][INFO] 2025-09-20 13:34:10,958: +CACHEDPARAM [/rosout_disable_topics_generation] by /rosbridge_websocket
[rosmaster.master][INFO] 2025-09-20 13:34:10,960: +CACHEDPARAM [/rosout_disable_topics_generation] by /rosbridge_websocket
[rosmaster.master][INFO] 2025-09-20 13:34:10,964: +CACHEDPARAM [/rosout_disable_topics_generation] by /rosbridge_websocket
[rosmaster.master][INFO] 2025-09-20 13:34:10,968: +CACHEDPARAM [/rosout_disable_topics_generation] by /rosbridge_websocket
[rosmaster.master][INFO] 2025-09-20 13:34:10,971: +CACHEDPARAM [/rosout_disable_topics_generation] by /rosbridge_websocket
[rosmaster.master][INFO] 2025-09-20 13:34:10,974: +CACHEDPARAM [/rosout_disable_topics_generation] by /rosbridge_websocket
[rosmaster.master][INFO] 2025-09-20 13:34:10,977: +CACHEDPARAM [/rosout_disable_topics_generation] by /rosbridge_websocket
[rosmaster.master][INFO] 2025-09-20 13:34:10,981: +CACHEDPARAM [/rosout_disable_topics_generation] by /rosbridge_websocket
[rosmaster.master][INFO] 2025-09-20 13:34:10,984: +CACHEDPARAM [/rosout_disable_topics_generation] by /rosbridge_websocket
[rosmaster.master][INFO] 2025-09-20 13:34:10,989: +CACHEDPARAM [/rosout_disable_topics_generation] by /rosbridge_websocket
[rosmaster.master][INFO] 2025-09-20 13:34:10,993: +CACHEDPARAM [/rosout_disable_topics_generation] by /rosbridge_websocket
[rosmaster.master][INFO] 2025-09-20 13:34:10,995: +CACHEDPARAM [/rosout_disable_topics_generation] by /rosbridge_websocket
[rosmaster.master][INFO] 2025-09-20 13:34:10,999: +CACHEDPARAM [/rosout_disable_topics_generation] by /rosbridge_websocket
[rosmaster.master][INFO] 2025-09-20 13:34:11,003: +CACHEDPARAM [/rosout_disable_topics_generation] by /rosbridge_websocket
[rosmaster.master][INFO] 2025-09-20 13:34:11,008: +CACHEDPARAM [/rosout_disable_topics_generation] by /rosbridge_websocket
[rosmaster.master][INFO] 2025-09-20 13:34:11,011: +CACHEDPARAM [/rosout_disable_topics_generation] by /rosbridge_websocket
[rosmaster.master][INFO] 2025-09-20 13:34:11,014: +CACHEDPARAM [/rosout_disable_topics_generation] by /rosbridge_websocket
[rosmaster.master][INFO] 2025-09-20 13:34:11,018: +CACHEDPARAM [/rosout_disable_topics_generation] by /rosbridge_websocket
[rosmaster.master][INFO] 2025-09-20 13:34:11,021: +CACHEDPARAM [/rosout_disable_topics_generation] by /rosbridge_websocket
[rosmaster.master][INFO] 2025-09-20 13:34:11,024: +CACHEDPARAM [/rosout_disable_topics_generation] by /rosbridge_websocket
[rosmaster.master][INFO] 2025-09-20 13:34:11,028: +CACHEDPARAM [/rosout_disable_topics_generation] by /rosbridge_websocket
[rosmaster.master][INFO] 2025-09-20 13:34:11,032: +CACHEDPARAM [/rosout_disable_topics_generation] by /rosbridge_websocket
[rosmaster.master][INFO] 2025-09-20 13:34:11,035: +CACHEDPARAM [/rosout_disable_topics_generation] by /rosbridge_websocket
[rosmaster.master][INFO] 2025-09-20 13:34:11,037: +CACHEDPARAM [/rosout_disable_topics_generation] by /rosbridge_websocket
[rosmaster.master][INFO] 2025-09-20 13:34:11,041: +CACHEDPARAM [/rosout_disable_topics_generation] by /rosbridge_websocket
[rosmaster.master][INFO] 2025-09-20 13:34:11,044: +CACHEDPARAM [/rosout_disable_topics_generation] by /rosbridge_websocket
[rosmaster.master][INFO] 2025-09-20 13:34:11,048: +CACHEDPARAM [/rosout_disable_topics_generation] by /rosbridge_websocket
[rosmaster.master][INFO] 2025-09-20 13:34:11,051: +CACHEDPARAM [/rosout_disable_topics_generation] by /rosbridge_websocket
[rosmaster.master][INFO] 2025-09-20 13:34:11,053: +CACHEDPARAM [/rosout_disable_topics_generation] by /rosbridge_websocket
[rosmaster.master][INFO] 2025-09-20 13:34:11,056: +CACHEDPARAM [/rosout_disable_topics_generation] by /rosbridge_websocket
[rosmaster.master][INFO] 2025-09-20 13:34:11,059: +CACHEDPARAM [/rosout_disable_topics_generation] by /rosbridge_websocket
[rosmaster.master][INFO] 2025-09-20 13:34:11,064: +CACHEDPARAM [/rosout_disable_topics_generation] by /rosbridge_websocket
[rosmaster.master][INFO] 2025-09-20 13:34:11,067: +CACHEDPARAM [/rosout_disable_topics_generation] by /rosbridge_websocket
[rosmaster.master][INFO] 2025-09-20 13:34:11,072: +CACHEDPARAM [/rosout_disable_topics_generation] by /rosbridge_websocket
[rosmaster.master][INFO] 2025-09-20 13:34:11,075: +CACHEDPARAM [/rosout_disable_topics_generation] by /rosbridge_websocket
[rosmaster.master][INFO] 2025-09-20 13:34:11,077: +CACHEDPARAM [/rosout_disable_topics_generation] by /rosbridge_websocket
[rosmaster.master][INFO] 2025-09-20 13:34:11,081: +CACHEDPARAM [/rosout_disable_topics_generation] by /rosbridge_websocket
[rosmaster.master][INFO] 2025-09-20 13:34:11,085: +CACHEDPARAM [/rosout_disable_topics_generation] by /rosbridge_websocket
[rosmaster.master][INFO] 2025-09-20 13:34:11,088: +CACHEDPARAM [/rosout_disable_topics_generation] by /rosbridge_websocket
[rosmaster.master][INFO] 2025-09-20 13:34:11,090: +CACHEDPARAM [/rosout_disable_topics_generation] by /rosbridge_websocket
[rosmaster.master][INFO] 2025-09-20 13:34:11,095: +CACHEDPARAM [/rosout_disable_topics_generation] by /rosbridge_websocket
[rosmaster.master][INFO] 2025-09-20 13:34:11,098: +CACHEDPARAM [/rosout_disable_topics_generation] by /rosbridge_websocket
[rosmaster.master][INFO] 2025-09-20 13:34:11,102: +CACHEDPARAM [/rosout_disable_topics_generation] by /rosbridge_websocket
[rosmaster.master][INFO] 2025-09-20 13:34:11,105: +CACHEDPARAM [/rosout_disable_topics_generation] by /rosbridge_websocket
[rosmaster.master][INFO] 2025-09-20 13:34:11,109: +CACHEDPARAM [/rosout_disable_topics_generation] by /rosbridge_websocket
[rosmaster.master][INFO] 2025-09-20 13:34:11,112: +CACHEDPARAM [/rosout_disable_topics_generation] by /rosbridge_websocket
[rosmaster.master][INFO] 2025-09-20 13:34:11,115: +CACHEDPARAM [/rosout_disable_topics_generation] by /rosbridge_websocket
[rosmaster.master][INFO] 2025-09-20 13:34:11,119: +CACHEDPARAM [/rosout_disable_topics_generation] by /rosbridge_websocket
[rosmaster.master][INFO] 2025-09-20 13:34:11,122: +CACHEDPARAM [/rosout_disable_topics_generation] by /rosbridge_websocket
[rosmaster.master][INFO] 2025-09-20 13:34:11,126: +CACHEDPARAM [/rosout_disable_topics_generation] by /rosbridge_websocket
[rosmaster.master][INFO] 2025-09-20 13:34:11,129: +CACHEDPARAM [/rosout_disable_topics_generation] by /rosbridge_websocket
[rosmaster.master][INFO] 2025-09-20 13:34:11,133: +CACHEDPARAM [/rosout_disable_topics_generation] by /rosbridge_websocket
[rosmaster.master][INFO] 2025-09-20 13:34:11,137: +CACHEDPARAM [/rosout_disable_topics_generation] by /rosbridge_websocket
[rosmaster.master][INFO] 2025-09-20 13:34:11,141: +CACHEDPARAM [/rosout_disable_topics_generation] by /rosbridge_websocket
[rosmaster.master][INFO] 2025-09-20 13:34:11,144: +CACHEDPARAM [/rosout_disable_topics_generation] by /rosbridge_websocket
[rosmaster.master][INFO] 2025-09-20 13:34:11,149: +CACHEDPARAM [/rosout_disable_topics_generation] by /rosbridge_websocket
[rosmaster.master][INFO] 2025-09-20 13:34:11,151: +CACHEDPARAM [/rosout_disable_topics_generation] by /rosbridge_websocket
[rosmaster.master][INFO] 2025-09-20 13:34:11,155: +CACHEDPARAM [/rosout_disable_topics_generation] by /rosbridge_websocket
[rosmaster.master][INFO] 2025-09-20 13:34:11,158: +CACHEDPARAM [/rosout_disable_topics_generation] by /rosbridge_websocket
[rosmaster.master][INFO] 2025-09-20 13:34:11,161: +CACHEDPARAM [/rosout_disable_topics_generation] by /rosbridge_websocket
[rosmaster.master][INFO] 2025-09-20 13:34:11,166: +CACHEDPARAM [/rosout_disable_topics_generation] by /rosbridge_websocket
[rosmaster.master][INFO] 2025-09-20 13:34:11,169: +CACHEDPARAM [/rosout_disable_topics_generation] by /rosbridge_websocket
[rosmaster.master][INFO] 2025-09-20 13:34:11,173: +CACHEDPARAM [/rosout_disable_topics_generation] by /rosbridge_websocket
[rosmaster.master][INFO] 2025-09-20 13:34:11,178: +CACHEDPARAM [/rosout_disable_topics_generation] by /rosbridge_websocket
[rosmaster.master][INFO] 2025-09-20 13:34:11,181: +CACHEDPARAM [/rosout_disable_topics_generation] by /rosbridge_websocket
[rosmaster.master][INFO] 2025-09-20 13:34:11,186: +CACHEDPARAM [/rosout_disable_topics_generation] by /rosbridge_websocket
[rosmaster.master][INFO] 2025-09-20 13:34:11,189: +CACHEDPARAM [/rosout_disable_topics_generation] by /rosbridge_websocket
[rosmaster.master][INFO] 2025-09-20 13:34:11,192: +CACHEDPARAM [/rosout_disable_topics_generation] by /rosbridge_websocket
[rosmaster.master][INFO] 2025-09-20 13:34:11,196: +CACHEDPARAM [/rosout_disable_topics_generation] by /rosbridge_websocket
[rosmaster.master][INFO] 2025-09-20 13:34:11,200: +CACHEDPARAM [/rosout_disable_topics_generation] by /rosbridge_websocket
[rosmaster.master][INFO] 2025-09-20 13:34:11,203: +CACHEDPARAM [/rosout_disable_topics_generation] by /rosbridge_websocket
[rosmaster.master][INFO] 2025-09-20 13:34:11,208: +CACHEDPARAM [/rosout_disable_topics_generation] by /rosbridge_websocket
[rosmaster.master][INFO] 2025-09-20 13:34:11,212: +CACHEDPARAM [/rosout_disable_topics_generation] by /rosbridge_websocket
[rosmaster.master][INFO] 2025-09-20 13:34:11,215: +CACHEDPARAM [/rosout_disable_topics_generation] by /rosbridge_websocket
[rosmaster.master][INFO] 2025-09-20 13:34:11,219: +CACHEDPARAM [/rosout_disable_topics_generation] by /rosbridge_websocket
[rosmaster.master][INFO] 2025-09-20 13:34:11,222: +CACHEDPARAM [/rosout_disable_topics_generation] by /rosbridge_websocket
[rosmaster.master][INFO] 2025-09-20 13:34:11,225: +CACHEDPARAM [/rosout_disable_topics_generation] by /rosbridge_websocket
[rosmaster.master][INFO] 2025-09-20 13:34:11,229: +CACHEDPARAM [/rosout_disable_topics_generation] by /rosbridge_websocket
[rosmaster.master][INFO] 2025-09-20 13:34:11,232: +CACHEDPARAM [/rosout_disable_topics_generation] by /rosbridge_websocket
[rosmaster.master][INFO] 2025-09-20 13:34:11,235: +CACHEDPARAM [/rosout_disable_topics_generation] by /rosbridge_websocket
[rosmaster.master][INFO] 2025-09-20 13:34:11,239: +CACHEDPARAM [/rosout_disable_topics_generation] by /rosbridge_websocket
[rosmaster.master][INFO] 2025-09-20 13:34:11,243: +CACHEDPARAM [/rosout_disable_topics_generation] by /rosbridge_websocket
[rosmaster.master][INFO] 2025-09-20 13:34:11,248: +CACHEDPARAM [/rosout_disable_topics_generation] by /rosbridge_websocket
[rosmaster.master][INFO] 2025-09-20 13:34:11,251: +CACHEDPARAM [/rosout_disable_topics_generation] by /rosbridge_websocket
[rosmaster.master][INFO] 2025-09-20 13:34:11,254: +CACHEDPARAM [/rosout_disable_topics_generation] by /rosbridge_websocket
[rosmaster.master][INFO] 2025-09-20 13:34:11,260: +CACHEDPARAM [/rosout_disable_topics_generation] by /rosbridge_websocket
[rosmaster.master][INFO] 2025-09-20 13:34:11,264: +CACHEDPARAM [/rosout_disable_topics_generation] by /rosbridge_websocket
[rosmaster.master][INFO] 2025-09-20 13:34:11,267: +CACHEDPARAM [/rosout_disable_topics_generation] by /rosbridge_websocket
[rosmaster.master][INFO] 2025-09-20 13:34:11,270: +CACHEDPARAM [/rosout_disable_topics_generation] by /rosbridge_websocket
[rosmaster.master][INFO] 2025-09-20 13:34:11,274: +CACHEDPARAM [/rosout_disable_topics_generation] by /rosbridge_websocket
[rosmaster.master][INFO] 2025-09-20 13:34:11,279: +CACHEDPARAM [/rosout_disable_topics_generation] by /rosbridge_websocket
[rosmaster.master][INFO] 2025-09-20 13:34:11,282: +CACHEDPARAM [/rosout_disable_topics_generation] by /rosbridge_websocket
[rosmaster.master][INFO] 2025-09-20 13:34:11,287: +CACHEDPARAM [/rosout_disable_topics_generation] by /rosbridge_websocket
[rosmaster.master][INFO] 2025-09-20 13:34:11,289: +CACHEDPARAM [/rosout_disable_topics_generation] by /rosbridge_websocket
[rosmaster.master][INFO] 2025-09-20 13:34:11,293: +CACHEDPARAM [/rosout_disable_topics_generation] by /rosbridge_websocket
[rosmaster.master][INFO] 2025-09-20 13:34:11,296: +CACHEDPARAM [/rosout_disable_topics_generation] by /rosbridge_websocket
[rosmaster.master][INFO] 2025-09-20 13:34:11,301: +CACHEDPARAM [/rosout_disable_topics_generation] by /rosbridge_websocket
[rosmaster.master][INFO] 2025-09-20 13:34:11,305: +CACHEDPARAM [/rosout_disable_topics_generation] by /rosbridge_websocket
[rosmaster.master][INFO] 2025-09-20 13:34:11,307: +CACHEDPARAM [/rosout_disable_topics_generation] by /rosbridge_websocket
[rosmaster.master][INFO] 2025-09-20 13:34:11,313: +CACHEDPARAM [/rosout_disable_topics_generation] by /rosbridge_websocket
[rosmaster.master][INFO] 2025-09-20 13:34:11,316: +CACHEDPARAM [/rosout_disable_topics_generation] by /rosbridge_websocket
[rosmaster.master][INFO] 2025-09-20 13:34:11,320: +CACHEDPARAM [/rosout_disable_topics_generation] by /rosbridge_websocket
[rosmaster.master][INFO] 2025-09-20 13:34:11,322: +CACHEDPARAM [/rosout_disable_topics_generation] by /rosbridge_websocket
[rosmaster.master][INFO] 2025-09-20 13:34:11,326: +CACHEDPARAM [/rosout_disable_topics_generation] by /rosbridge_websocket
[rosmaster.master][INFO] 2025-09-20 13:34:11,329: +CACHEDPARAM [/rosout_disable_topics_generation] by /rosbridge_websocket
[rosmaster.master][INFO] 2025-09-20 13:34:11,332: +CACHEDPARAM [/rosout_disable_topics_generation] by /rosbridge_websocket
[rosmaster.master][INFO] 2025-09-20 13:34:11,338: +CACHEDPARAM [/rosout_disable_topics_generation] by /rosbridge_websocket
[rosmaster.master][INFO] 2025-09-20 13:34:11,341: +CACHEDPARAM [/rosout_disable_topics_generation] by /rosbridge_websocket
[rosmaster.master][INFO] 2025-09-20 13:34:11,344: +CACHEDPARAM [/rosout_disable_topics_generation] by /rosbridge_websocket
[rosmaster.master][INFO] 2025-09-20 13:34:11,348: +CACHEDPARAM [/rosout_disable_topics_generation] by /rosbridge_websocket
[rosmaster.master][INFO] 2025-09-20 13:34:11,351: +CACHEDPARAM [/rosout_disable_topics_generation] by /rosbridge_websocket
[rosmaster.master][INFO] 2025-09-20 13:34:11,353: +CACHEDPARAM [/rosout_disable_topics_generation] by /rosbridge_websocket
[rosmaster.master][INFO] 2025-09-20 13:34:11,357: +CACHEDPARAM [/rosout_disable_topics_generation] by /rosbridge_websocket
[rosmaster.master][INFO] 2025-09-20 13:34:11,362: +CACHEDPARAM [/rosout_disable_topics_generation] by /rosbridge_websocket
[rosmaster.master][INFO] 2025-09-20 13:34:11,364: +CACHEDPARAM [/rosout_disable_topics_generation] by /rosbridge_websocket
[rosmaster.master][INFO] 2025-09-20 13:34:11,366: +CACHEDPARAM [/rosout_disable_topics_generation] by /rosbridge_websocket
[rosmaster.master][INFO] 2025-09-20 13:34:11,371: +CACHEDPARAM [/rosout_disable_topics_generation] by /rosbridge_websocket
[rosmaster.master][INFO] 2025-09-20 13:34:11,375: +CACHEDPARAM [/rosout_disable_topics_generation] by /rosbridge_websocket
[rosmaster.master][INFO] 2025-09-20 13:34:11,379: +CACHEDPARAM [/rosout_disable_topics_generation] by /rosbridge_websocket
[rosmaster.master][INFO] 2025-09-20 13:34:11,382: +CACHEDPARAM [/rosout_disable_topics_generation] by /rosbridge_websocket
[rosmaster.master][INFO] 2025-09-20 13:34:11,387: +CACHEDPARAM [/rosout_disable_topics_generation] by /rosbridge_websocket
[rosmaster.master][INFO] 2025-09-20 13:34:11,389: +CACHEDPARAM [/rosout_disable_topics_generation] by /rosbridge_websocket
[rosmaster.master][INFO] 2025-09-20 13:34:11,391: +CACHEDPARAM [/rosout_disable_topics_generation] by /rosbridge_websocket
[rosmaster.master][INFO] 2025-09-20 13:34:11,395: +CACHEDPARAM [/rosout_disable_topics_generation] by /rosbridge_websocket
[rosmaster.master][INFO] 2025-09-20 13:34:11,400: +CACHEDPARAM [/rosout_disable_topics_generation] by /rosbridge_websocket
[rosmaster.master][INFO] 2025-09-20 13:34:11,403: +CACHEDPARAM [/rosout_disable_topics_generation] by /rosbridge_websocket
[rosmaster.master][INFO] 2025-09-20 13:34:11,407: +CACHEDPARAM [/rosout_disable_topics_generation] by /rosbridge_websocket
[rosmaster.master][INFO] 2025-09-20 13:34:11,410: +CACHEDPARAM [/rosout_disable_topics_generation] by /rosbridge_websocket
[rosmaster.master][INFO] 2025-09-20 13:34:11,414: +CACHEDPARAM [/rosout_disable_topics_generation] by /rosbridge_websocket
[rosmaster.master][INFO] 2025-09-20 13:34:11,416: +CACHEDPARAM [/rosout_disable_topics_generation] by /rosbridge_websocket
[rosmaster.master][INFO] 2025-09-20 13:34:11,419: +CACHEDPARAM [/rosout_disable_topics_generation] by /rosbridge_websocket
[rosmaster.master][INFO] 2025-09-20 13:34:11,421: +CACHEDPARAM [/rosout_disable_topics_generation] by /rosbridge_websocket
[rosmaster.master][INFO] 2025-09-20 13:34:11,423: +CACHEDPARAM [/rosout_disable_topics_generation] by /rosbridge_websocket
[rosmaster.master][INFO] 2025-09-20 13:34:11,549: +SERVICE [/Service_MoraiEventCmd] /rosbridge_websocket http://172.22.52.56:39493/
[rosmaster.master][INFO] 2025-09-20 13:34:11,551: +CACHEDPARAM [/rosout_disable_topics_generation] by /rosbridge_websocket
[rosmaster.master][INFO] 2025-09-20 13:34:12,404: +CACHEDPARAM [/rosout_disable_topics_generation] by /rosbridge_websocket
[rosmaster.master][INFO] 2025-09-20 13:34:12,496: +CACHEDPARAM [/rosout_disable_topics_generation] by /rosbridge_websocket
[rosmaster.master][INFO] 2025-09-20 13:34:12,500: +CACHEDPARAM [/rosout_disable_topics_generation] by /rosbridge_websocket
[rosmaster.master][INFO] 2025-09-20 13:34:12,503: +CACHEDPARAM [/rosout_disable_topics_generation] by /rosbridge_websocket
[rosmaster.master][INFO] 2025-09-20 13:34:12,509: +CACHEDPARAM [/rosout_disable_topics_generation] by /rosbridge_websocket
[rosmaster.master][INFO] 2025-09-20 13:34:12,511: +CACHEDPARAM [/rosout_disable_topics_generation] by /rosbridge_websocket
[rosmaster.master][INFO] 2025-09-20 13:34:12,514: +CACHEDPARAM [/rosout_disable_topics_generation] by /rosbridge_websocket
[rosmaster.master][INFO] 2025-09-20 13:34:12,517: +CACHEDPARAM [/rosout_disable_topics_generation] by /rosbridge_websocket
[rosmaster.master][INFO] 2025-09-20 13:34:12,521: +CACHEDPARAM [/rosout_disable_topics_generation] by /rosbridge_websocket
[rosmaster.master][INFO] 2025-09-20 13:34:12,523: +CACHEDPARAM [/rosout_disable_topics_generation] by /rosbridge_websocket
[rosmaster.master][INFO] 2025-09-20 13:34:12,525: +CACHEDPARAM [/rosout_disable_topics_generation] by /rosbridge_websocket
[rosmaster.master][INFO] 2025-09-20 13:34:12,528: +CACHEDPARAM [/rosout_disable_topics_generation] by /rosbridge_websocket
[rosmaster.master][INFO] 2025-09-20 13:34:12,530: +CACHEDPARAM [/rosout_disable_topics_generation] by /rosbridge_websocket
[rosmaster.master][INFO] 2025-09-20 13:34:12,535: +CACHEDPARAM [/rosout_disable_topics_generation] by /rosbridge_websocket
[rosmaster.master][INFO] 2025-09-20 13:34:12,538: +CACHEDPARAM [/rosout_disable_topics_generation] by /rosbridge_websocket
[rosmaster.master][INFO] 2025-09-20 13:34:12,540: +CACHEDPARAM [/rosout_disable_topics_generation] by /rosbridge_websocket
[rosmaster.master][INFO] 2025-09-20 13:34:12,543: +CACHEDPARAM [/rosout_disable_topics_generation] by /rosbridge_websocket
[rosmaster.master][INFO] 2025-09-20 13:34:12,545: +CACHEDPARAM [/rosout_disable_topics_generation] by /rosbridge_websocket
[rosmaster.master][INFO] 2025-09-20 13:34:12,548: +CACHEDPARAM [/rosout_disable_topics_generation] by /rosbridge_websocket
[rosmaster.master][INFO] 2025-09-20 13:34:12,549: +CACHEDPARAM [/rosout_disable_topics_generation] by /rosbridge_websocket
[rosmaster.master][INFO] 2025-09-20 13:34:12,551: +CACHEDPARAM [/rosout_disable_topics_generation] by /rosbridge_websocket
[rosmaster.master][INFO] 2025-09-20 13:34:12,560: +CACHEDPARAM [/rosout_disable_topics_generation] by /rosbridge_websocket
[rosmaster.master][INFO] 2025-09-20 13:34:12,563: +CACHEDPARAM [/rosout_disable_topics_generation] by /rosbridge_websocket
[rosmaster.master][INFO] 2025-09-20 13:34:12,564: +CACHEDPARAM [/rosout_disable_topics_generation] by /rosbridge_websocket
[rosmaster.master][INFO] 2025-09-20 13:34:12,566: +CACHEDPARAM [/rosout_disable_topics_generation] by /rosbridge_websocket
[rosmaster.master][INFO] 2025-09-20 13:34:12,567: +CACHEDPARAM [/rosout_disable_topics_generation] by /rosbridge_websocket
[rosmaster.master][INFO] 2025-09-20 13:34:12,594: +CACHEDPARAM [/rosout_disable_topics_generation] by /rosbridge_websocket
[rosmaster.master][INFO] 2025-09-20 13:34:12,596: +CACHEDPARAM [/rosout_disable_topics_generation] by /rosbridge_websocket
[rosmaster.master][INFO] 2025-09-20 13:34:12,597: +CACHEDPARAM [/rosout_disable_topics_generation] by /rosbridge_websocket
[rosmaster.master][INFO] 2025-09-20 13:34:12,598: +CACHEDPARAM [/rosout_disable_topics_generation] by /rosbridge_websocket
[rosmaster.master][INFO] 2025-09-20 13:34:12,600: +CACHEDPARAM [/rosout_disable_topics_generation] by /rosbridge_websocket
[rosmaster.master][INFO] 2025-09-20 13:34:12,642: +CACHEDPARAM [/rosout_disable_topics_generation] by /rosbridge_websocket
[rosmaster.master][INFO] 2025-09-20 13:34:12,646: +CACHEDPARAM [/rosout_disable_topics_generation] by /rosbridge_websocket
[rosmaster.master][INFO] 2025-09-20 13:34:12,650: +CACHEDPARAM [/rosout_disable_topics_generation] by /rosbridge_websocket
[rosmaster.master][INFO] 2025-09-20 13:34:12,654: +CACHEDPARAM [/rosout_disable_topics_generation] by /rosbridge_websocket
[rosmaster.master][INFO] 2025-09-20 13:34:12,656: +CACHEDPARAM [/rosout_disable_topics_generation] by /rosbridge_websocket
[rosmaster.master][INFO] 2025-09-20 13:34:12,659: +CACHEDPARAM [/rosout_disable_topics_generation] by /rosbridge_websocket
[rosmaster.master][INFO] 2025-09-20 13:34:12,662: +CACHEDPARAM [/rosout_disable_topics_generation] by /rosbridge_websocket
[rosmaster.master][INFO] 2025-09-20 13:34:12,663: +CACHEDPARAM [/rosout_disable_topics_generation] by /rosbridge_websocket
[rosmaster.master][INFO] 2025-09-20 13:34:12,665: +CACHEDPARAM [/rosout_disable_topics_generation] by /rosbridge_websocket
[rosmaster.master][INFO] 2025-09-20 13:34:12,666: +CACHEDPARAM [/rosout_disable_topics_generation] by /rosbridge_websocket
[rosmaster.master][INFO] 2025-09-20 13:34:12,676: +CACHEDPARAM [/rosout_disable_topics_generation] by /rosbridge_websocket
[rosmaster.master][INFO] 2025-09-20 13:34:12,678: +CACHEDPARAM [/rosout_disable_topics_generation] by /rosbridge_websocket
[rosmaster.master][INFO] 2025-09-20 13:34:12,680: +CACHEDPARAM [/rosout_disable_topics_generation] by /rosbridge_websocket
[rosmaster.master][INFO] 2025-09-20 13:34:12,682: +CACHEDPARAM [/rosout_disable_topics_generation] by /rosbridge_websocket
[rosmaster.master][INFO] 2025-09-20 13:34:12,683: +CACHEDPARAM [/rosout_disable_topics_generation] by /rosbridge_websocket
[rosmaster.master][INFO] 2025-09-20 13:34:12,692: +CACHEDPARAM [/rosout_disable_topics_generation] by /rosbridge_websocket
[rosmaster.master][INFO] 2025-09-20 13:34:12,695: +CACHEDPARAM [/rosout_disable_topics_generation] by /rosbridge_websocket
[rosmaster.master][INFO] 2025-09-20 13:34:12,696: +CACHEDPARAM [/rosout_disable_topics_generation] by /rosbridge_websocket
[rosmaster.master][INFO] 2025-09-20 13:34:12,697: +CACHEDPARAM [/rosout_disable_topics_generation] by /rosbridge_websocket
[rosmaster.master][INFO] 2025-09-20 13:34:12,699: +CACHEDPARAM [/rosout_disable_topics_generation] by /rosbridge_websocket
[rosmaster.master][INFO] 2025-09-20 13:34:12,726: +CACHEDPARAM [/rosout_disable_topics_generation] by /rosbridge_websocket
[rosmaster.master][INFO] 2025-09-20 13:34:12,730: +CACHEDPARAM [/rosout_disable_topics_generation] by /rosbridge_websocket
[rosmaster.master][INFO] 2025-09-20 13:34:12,732: +CACHEDPARAM [/rosout_disable_topics_generation] by /rosbridge_websocket
[rosmaster.master][INFO] 2025-09-20 13:34:12,734: +CACHEDPARAM [/rosout_disable_topics_generation] by /rosbridge_websocket
[rosmaster.master][INFO] 2025-09-20 13:34:12,737: +CACHEDPARAM [/rosout_disable_topics_generation] by /rosbridge_websocket
[rosmaster.master][INFO] 2025-09-20 13:34:12,740: +CACHEDPARAM [/rosout_disable_topics_generation] by /rosbridge_websocket
[rosmaster.master][INFO] 2025-09-20 13:34:12,743: +CACHEDPARAM [/rosout_disable_topics_generation] by /rosbridge_websocket
[rosmaster.master][INFO] 2025-09-20 13:34:12,745: +CACHEDPARAM [/rosout_disable_topics_generation] by /rosbridge_websocket
[rosmaster.master][INFO] 2025-09-20 13:34:12,746: +CACHEDPARAM [/rosout_disable_topics_generation] by /rosbridge_websocket
[rosmaster.master][INFO] 2025-09-20 13:34:12,747: +CACHEDPARAM [/rosout_disable_topics_generation] by /rosbridge_websocket
[rosmaster.master][INFO] 2025-09-20 13:34:12,775: +CACHEDPARAM [/rosout_disable_topics_generation] by /rosbridge_websocket
[rosmaster.master][INFO] 2025-09-20 13:34:12,781: +CACHEDPARAM [/rosout_disable_topics_generation] by /rosbridge_websocket
[rosmaster.master][INFO] 2025-09-20 13:34:12,784: +CACHEDPARAM [/rosout_disable_topics_generation] by /rosbridge_websocket
[rosmaster.master][INFO] 2025-09-20 13:34:12,786: +CACHEDPARAM [/rosout_disable_topics_generation] by /rosbridge_websocket
[rosmaster.master][INFO] 2025-09-20 13:34:12,790: +CACHEDPARAM [/rosout_disable_topics_generation] by /rosbridge_websocket
[rosmaster.master][INFO] 2025-09-20 13:34:12,793: +CACHEDPARAM [/rosout_disable_topics_generation] by /rosbridge_websocket
[rosmaster.master][INFO] 2025-09-20 13:34:12,796: +CACHEDPARAM [/rosout_disable_topics_generation] by /rosbridge_websocket
[rosmaster.master][INFO] 2025-09-20 13:34:12,797: +CACHEDPARAM [/rosout_disable_topics_generation] by /rosbridge_websocket
[rosmaster.master][INFO] 2025-09-20 13:34:12,799: +CACHEDPARAM [/rosout_disable_topics_generation] by /rosbridge_websocket
[rosmaster.master][INFO] 2025-09-20 13:34:12,801: +CACHEDPARAM [/rosout_disable_topics_generation] by /rosbridge_websocket
[rosmaster.master][INFO] 2025-09-20 13:34:12,808: +CACHEDPARAM [/rosout_disable_topics_generation] by /rosbridge_websocket
[rosmaster.master][INFO] 2025-09-20 13:34:12,811: +CACHEDPARAM [/rosout_disable_topics_generation] by /rosbridge_websocket
[rosmaster.master][INFO] 2025-09-20 13:34:12,814: +CACHEDPARAM [/rosout_disable_topics_generation] by /rosbridge_websocket
[rosmaster.master][INFO] 2025-09-20 13:34:12,816: +CACHEDPARAM [/rosout_disable_topics_generation] by /rosbridge_websocket
[rosmaster.master][INFO] 2025-09-20 13:34:12,817: +CACHEDPARAM [/rosout_disable_topics_generation] by /rosbridge_websocket
[rosmaster.master][INFO] 2025-09-20 13:34:12,829: +CACHEDPARAM [/rosout_disable_topics_generation] by /rosbridge_websocket
[rosmaster.master][INFO] 2025-09-20 13:34:12,833: +CACHEDPARAM [/rosout_disable_topics_generation] by /rosbridge_websocket
[rosmaster.master][INFO] 2025-09-20 13:34:12,835: +CACHEDPARAM [/rosout_disable_topics_generation] by /rosbridge_websocket
[rosmaster.master][INFO] 2025-09-20 13:34:12,840: +CACHEDPARAM [/rosout_disable_topics_generation] by /rosbridge_websocket
[rosmaster.master][INFO] 2025-09-20 13:34:12,844: +CACHEDPARAM [/rosout_disable_topics_generation] by /rosbridge_websocket
[rosmaster.master][INFO] 2025-09-20 13:34:12,847: +CACHEDPARAM [/rosout_disable_topics_generation] by /rosbridge_websocket
[rosmaster.master][INFO] 2025-09-20 13:34:12,850: +CACHEDPARAM [/rosout_disable_topics_generation] by /rosbridge_websocket
[rosmaster.master][INFO] 2025-09-20 13:34:12,853: +CACHEDPARAM [/rosout_disable_topics_generation] by /rosbridge_websocket
[rosmaster.master][INFO] 2025-09-20 13:34:12,858: +CACHEDPARAM [/rosout_disable_topics_generation] by /rosbridge_websocket
[rosmaster.master][INFO] 2025-09-20 13:34:12,863: +CACHEDPARAM [/rosout_disable_topics_generation] by /rosbridge_websocket
[rosmaster.master][INFO] 2025-09-20 13:34:12,866: +CACHEDPARAM [/rosout_disable_topics_generation] by /rosbridge_websocket
[rosmaster.master][INFO] 2025-09-20 13:34:12,869: +CACHEDPARAM [/rosout_disable_topics_generation] by /rosbridge_websocket
[rosmaster.master][INFO] 2025-09-20 13:34:12,874: +CACHEDPARAM [/rosout_disable_topics_generation] by /rosbridge_websocket
[rosmaster.master][INFO] 2025-09-20 13:34:12,877: +CACHEDPARAM [/rosout_disable_topics_generation] by /rosbridge_websocket
[rosmaster.master][INFO] 2025-09-20 13:34:12,881: +CACHEDPARAM [/rosout_disable_topics_generation] by /rosbridge_websocket
[rosmaster.master][INFO] 2025-09-20 13:34:12,883: +CACHEDPARAM [/rosout_disable_topics_generation] by /rosbridge_websocket
[rosmaster.master][INFO] 2025-09-20 13:34:12,885: +CACHEDPARAM [/rosout_disable_topics_generation] by /rosbridge_websocket
[rosmaster.master][INFO] 2025-09-20 13:34:12,888: +CACHEDPARAM [/rosout_disable_topics_generation] by /rosbridge_websocket
[rosmaster.master][INFO] 2025-09-20 13:34:12,890: +CACHEDPARAM [/rosout_disable_topics_generation] by /rosbridge_websocket
[rosmaster.master][INFO] 2025-09-20 13:34:12,891: +CACHEDPARAM [/rosout_disable_topics_generation] by /rosbridge_websocket
[rosmaster.master][INFO] 2025-09-20 13:34:12,910: +CACHEDPARAM [/rosout_disable_topics_generation] by /rosbridge_websocket
[rosmaster.master][INFO] 2025-09-20 13:34:12,913: +CACHEDPARAM [/rosout_disable_topics_generation] by /rosbridge_websocket
[rosmaster.master][INFO] 2025-09-20 13:34:12,914: +CACHEDPARAM [/rosout_disable_topics_generation] by /rosbridge_websocket
[rosmaster.master][INFO] 2025-09-20 13:34:12,916: +CACHEDPARAM [/rosout_disable_topics_generation] by /rosbridge_websocket
[rosmaster.master][INFO] 2025-09-20 13:34:12,917: +CACHEDPARAM [/rosout_disable_topics_generation] by /rosbridge_websocket
[rosmaster.master][INFO] 2025-09-20 13:34:12,927: +CACHEDPARAM [/rosout_disable_topics_generation] by /rosbridge_websocket
[rosmaster.master][INFO] 2025-09-20 13:34:12,931: +CACHEDPARAM [/rosout_disable_topics_generation] by /rosbridge_websocket
[rosmaster.master][INFO] 2025-09-20 13:34:12,933: +CACHEDPARAM [/rosout_disable_topics_generation] by /rosbridge_websocket
[rosmaster.master][INFO] 2025-09-20 13:34:12,935: +CACHEDPARAM [/rosout_disable_topics_generation] by /rosbridge_websocket
[rosmaster.master][INFO] 2025-09-20 13:34:12,943: +CACHEDPARAM [/rosout_disable_topics_generation] by /rosbridge_websocket
[rosmaster.master][INFO] 2025-09-20 13:34:12,946: +CACHEDPARAM [/rosout_disable_topics_generation] by /rosbridge_websocket
[rosmaster.master][INFO] 2025-09-20 13:34:12,948: +CACHEDPARAM [/rosout_disable_topics_generation] by /rosbridge_websocket
[rosmaster.master][INFO] 2025-09-20 13:34:12,950: +CACHEDPARAM [/rosout_disable_topics_generation] by /rosbridge_websocket
[rosmaster.master][INFO] 2025-09-20 13:34:12,951: +CACHEDPARAM [/rosout_disable_topics_generation] by /rosbridge_websocket
[rosmaster.master][INFO] 2025-09-20 13:34:12,952: +CACHEDPARAM [/rosout_disable_topics_generation] by /rosbridge_websocket
[rosmaster.master][INFO] 2025-09-20 13:34:12,962: +CACHEDPARAM [/rosout_disable_topics_generation] by /rosbridge_websocket
[rosmaster.master][INFO] 2025-09-20 13:34:12,964: +CACHEDPARAM [/rosout_disable_topics_generation] by /rosbridge_websocket
[rosmaster.master][INFO] 2025-09-20 13:34:12,966: +CACHEDPARAM [/rosout_disable_topics_generation] by /rosbridge_websocket
[rosmaster.master][INFO] 2025-09-20 13:34:12,967: +CACHEDPARAM [/rosout_disable_topics_generation] by /rosbridge_websocket
[rosmaster.master][INFO] 2025-09-20 13:34:12,968: +CACHEDPARAM [/rosout_disable_topics_generation] by /rosbridge_websocket
[rosmaster.master][INFO] 2025-09-20 13:34:12,979: +CACHEDPARAM [/rosout_disable_topics_generation] by /rosbridge_websocket
[rosmaster.master][INFO] 2025-09-20 13:34:12,981: +CACHEDPARAM [/rosout_disable_topics_generation] by /rosbridge_websocket
[rosmaster.master][INFO] 2025-09-20 13:34:12,983: +CACHEDPARAM [/rosout_disable_topics_generation] by /rosbridge_websocket
[rosmaster.master][INFO] 2025-09-20 13:34:12,984: +CACHEDPARAM [/rosout_disable_topics_generation] by /rosbridge_websocket
[rosmaster.master][INFO] 2025-09-20 13:34:12,986: +CACHEDPARAM [/rosout_disable_topics_generation] by /rosbridge_websocket
[rosmaster.master][INFO] 2025-09-20 13:34:13,011: +CACHEDPARAM [/rosout_disable_topics_generation] by /rosbridge_websocket
[rosmaster.master][INFO] 2025-09-20 13:34:13,014: +CACHEDPARAM [/rosout_disable_topics_generation] by /rosbridge_websocket
[rosmaster.master][INFO] 2025-09-20 13:34:13,015: +CACHEDPARAM [/rosout_disable_topics_generation] by /rosbridge_websocket
[rosmaster.master][INFO] 2025-09-20 13:34:13,017: +CACHEDPARAM [/rosout_disable_topics_generation] by /rosbridge_websocket
[rosmaster.master][INFO] 2025-09-20 13:34:13,018: +CACHEDPARAM [/rosout_disable_topics_generation] by /rosbridge_websocket
[rosmaster.master][INFO] 2025-09-20 13:34:13,028: +CACHEDPARAM [/rosout_disable_topics_generation] by /rosbridge_websocket
[rosmaster.master][INFO] 2025-09-20 13:34:13,030: +CACHEDPARAM [/rosout_disable_topics_generation] by /rosbridge_websocket
[rosmaster.master][INFO] 2025-09-20 13:34:13,032: +CACHEDPARAM [/rosout_disable_topics_generation] by /rosbridge_websocket
[rosmaster.master][INFO] 2025-09-20 13:34:13,034: +CACHEDPARAM [/rosout_disable_topics_generation] by /rosbridge_websocket
[rosmaster.master][INFO] 2025-09-20 13:34:13,035: +CACHEDPARAM [/rosout_disable_topics_generation] by /rosbridge_websocket
[rosmaster.master][INFO] 2025-09-20 13:34:13,043: +CACHEDPARAM [/rosout_disable_topics_generation] by /rosbridge_websocket
[rosmaster.master][INFO] 2025-09-20 13:34:13,046: +CACHEDPARAM [/rosout_disable_topics_generation] by /rosbridge_websocket
[rosmaster.master][INFO] 2025-09-20 13:34:13,047: +CACHEDPARAM [/rosout_disable_topics_generation] by /rosbridge_websocket
[rosmaster.master][INFO] 2025-09-20 13:34:13,049: +CACHEDPARAM [/rosout_disable_topics_generation] by /rosbridge_websocket
[rosmaster.master][INFO] 2025-09-20 13:34:13,061: +CACHEDPARAM [/rosout_disable_topics_generation] by /rosbridge_websocket
[rosmaster.master][INFO] 2025-09-20 13:34:13,064: +CACHEDPARAM [/rosout_disable_topics_generation] by /rosbridge_websocket
[rosmaster.master][INFO] 2025-09-20 13:34:13,065: +CACHEDPARAM [/rosout_disable_topics_generation] by /rosbridge_websocket
[rosmaster.master][INFO] 2025-09-20 13:34:13,067: +CACHEDPARAM [/rosout_disable_topics_generation] by /rosbridge_websocket
[rosmaster.master][INFO] 2025-09-20 13:34:13,070: +CACHEDPARAM [/rosout_disable_topics_generation] by /rosbridge_websocket
[rosmaster.master][INFO] 2025-09-20 13:34:13,076: +CACHEDPARAM [/rosout_disable_topics_generation] by /rosbridge_websocket
[rosmaster.master][INFO] 2025-09-20 13:34:13,080: +CACHEDPARAM [/rosout_disable_topics_generation] by /rosbridge_websocket
[rosmaster.master][INFO] 2025-09-20 13:34:13,083: +CACHEDPARAM [/rosout_disable_topics_generation] by /rosbridge_websocket
[rosmaster.master][INFO] 2025-09-20 13:34:13,088: +CACHEDPARAM [/rosout_disable_topics_generation] by /rosbridge_websocket
[rosmaster.master][INFO] 2025-09-20 13:34:13,089: +CACHEDPARAM [/rosout_disable_topics_generation] by /rosbridge_websocket
[rosmaster.master][INFO] 2025-09-20 13:34:13,091: +CACHEDPARAM [/rosout_disable_topics_generation] by /rosbridge_websocket
[rosmaster.master][INFO] 2025-09-20 13:34:13,111: +CACHEDPARAM [/rosout_disable_topics_generation] by /rosbridge_websocket
[rosmaster.master][INFO] 2025-09-20 13:34:13,114: +CACHEDPARAM [/rosout_disable_topics_generation] by /rosbridge_websocket
[rosmaster.master][INFO] 2025-09-20 13:34:13,115: +CACHEDPARAM [/rosout_disable_topics_generation] by /rosbridge_websocket
[rosmaster.master][INFO] 2025-09-20 13:34:13,116: +CACHEDPARAM [/rosout_disable_topics_generation] by /rosbridge_websocket
[rosmaster.master][INFO] 2025-09-20 13:34:13,117: +CACHEDPARAM [/rosout_disable_topics_generation] by /rosbridge_websocket
[rosmaster.master][INFO] 2025-09-20 13:34:13,128: +CACHEDPARAM [/rosout_disable_topics_generation] by /rosbridge_websocket
[rosmaster.master][INFO] 2025-09-20 13:34:13,131: +CACHEDPARAM [/rosout_disable_topics_generation] by /rosbridge_websocket
[rosmaster.master][INFO] 2025-09-20 13:34:13,132: +CACHEDPARAM [/rosout_disable_topics_generation] by /rosbridge_websocket
[rosmaster.master][INFO] 2025-09-20 13:34:13,134: +CACHEDPARAM [/rosout_disable_topics_generation] by /rosbridge_websocket
[rosmaster.master][INFO] 2025-09-20 13:34:13,135: +CACHEDPARAM [/rosout_disable_topics_generation] by /rosbridge_websocket
[rosmaster.master][INFO] 2025-09-20 13:34:13,146: +CACHEDPARAM [/rosout_disable_topics_generation] by /rosbridge_websocket
[rosmaster.master][INFO] 2025-09-20 13:34:13,147: +CACHEDPARAM [/rosout_disable_topics_generation] by /rosbridge_websocket
[rosmaster.master][INFO] 2025-09-20 13:34:13,149: +CACHEDPARAM [/rosout_disable_topics_generation] by /rosbridge_websocket
[rosmaster.master][INFO] 2025-09-20 13:34:13,150: +CACHEDPARAM [/rosout_disable_topics_generation] by /rosbridge_websocket
[rosmaster.master][INFO] 2025-09-20 13:34:13,152: +CACHEDPARAM [/rosout_disable_topics_generation] by /rosbridge_websocket
[rosmaster.master][INFO] 2025-09-20 13:34:13,161: +CACHEDPARAM [/rosout_disable_topics_generation] by /rosbridge_websocket
[rosmaster.master][INFO] 2025-09-20 13:34:13,164: +CACHEDPARAM [/rosout_disable_topics_generation] by /rosbridge_websocket
[rosmaster.master][INFO] 2025-09-20 13:34:13,166: +CACHEDPARAM [/rosout_disable_topics_generation] by /rosbridge_websocket
[rosmaster.master][INFO] 2025-09-20 13:34:13,167: +CACHEDPARAM [/rosout_disable_topics_generation] by /rosbridge_websocket
[rosmaster.master][INFO] 2025-09-20 13:34:13,169: +CACHEDPARAM [/rosout_disable_topics_generation] by /rosbridge_websocket
[rosmaster.master][INFO] 2025-09-20 13:34:13,178: +CACHEDPARAM [/rosout_disable_topics_generation] by /rosbridge_websocket
[rosmaster.master][INFO] 2025-09-20 13:34:13,180: +CACHEDPARAM [/rosout_disable_topics_generation] by /rosbridge_websocket
[rosmaster.master][INFO] 2025-09-20 13:34:13,182: +CACHEDPARAM [/rosout_disable_topics_generation] by /rosbridge_websocket
[rosmaster.master][INFO] 2025-09-20 13:34:13,183: +CACHEDPARAM [/rosout_disable_topics_generation] by /rosbridge_websocket
[rosmaster.master][INFO] 2025-09-20 13:34:13,211: +CACHEDPARAM [/rosout_disable_topics_generation] by /rosbridge_websocket
[rosmaster.master][INFO] 2025-09-20 13:34:13,214: +CACHEDPARAM [/rosout_disable_topics_generation] by /rosbridge_websocket
[rosmaster.master][INFO] 2025-09-20 13:34:13,217: +CACHEDPARAM [/rosout_disable_topics_generation] by /rosbridge_websocket
[rosmaster.master][INFO] 2025-09-20 13:34:13,220: +CACHEDPARAM [/rosout_disable_topics_generation] by /rosbridge_websocket
[rosmaster.master][INFO] 2025-09-20 13:34:13,223: +CACHEDPARAM [/rosout_disable_topics_generation] by /rosbridge_websocket
[rosmaster.master][INFO] 2025-09-20 13:34:13,228: +CACHEDPARAM [/rosout_disable_topics_generation] by /rosbridge_websocket
[rosmaster.master][INFO] 2025-09-20 13:34:13,231: +CACHEDPARAM [/rosout_disable_topics_generation] by /rosbridge_websocket
[rosmaster.master][INFO] 2025-09-20 13:34:13,235: +CACHEDPARAM [/rosout_disable_topics_generation] by /rosbridge_websocket
[rosmaster.master][INFO] 2025-09-20 13:34:13,236: +CACHEDPARAM [/rosout_disable_topics_generation] by /rosbridge_websocket
[rosmaster.master][INFO] 2025-09-20 13:34:13,239: +CACHEDPARAM [/rosout_disable_topics_generation] by /rosbridge_websocket
[rosmaster.master][INFO] 2025-09-20 13:34:13,243: +CACHEDPARAM [/rosout_disable_topics_generation] by /rosbridge_websocket
[rosmaster.master][INFO] 2025-09-20 13:34:13,248: +CACHEDPARAM [/rosout_disable_topics_generation] by /rosbridge_websocket
[rosmaster.master][INFO] 2025-09-20 13:34:13,251: +CACHEDPARAM [/rosout_disable_topics_generation] by /rosbridge_websocket
[rosmaster.master][INFO] 2025-09-20 13:34:13,252: +CACHEDPARAM [/rosout_disable_topics_generation] by /rosbridge_websocket
[rosmaster.master][INFO] 2025-09-20 13:34:13,254: +CACHEDPARAM [/rosout_disable_topics_generation] by /rosbridge_websocket
[rosmaster.master][INFO] 2025-09-20 13:34:13,261: +CACHEDPARAM [/rosout_disable_topics_generation] by /rosbridge_websocket
[rosmaster.master][INFO] 2025-09-20 13:34:13,266: +CACHEDPARAM [/rosout_disable_topics_generation] by /rosbridge_websocket
[rosmaster.master][INFO] 2025-09-20 13:34:13,269: +CACHEDPARAM [/rosout_disable_topics_generation] by /rosbridge_websocket
[rosmaster.master][INFO] 2025-09-20 13:34:13,270: +CACHEDPARAM [/rosout_disable_topics_generation] by /rosbridge_websocket
[rosmaster.master][INFO] 2025-09-20 13:34:13,272: +CACHEDPARAM [/rosout_disable_topics_generation] by /rosbridge_websocket
[rosmaster.master][INFO] 2025-09-20 13:34:13,277: +CACHEDPARAM [/rosout_disable_topics_generation] by /rosbridge_websocket
[rosmaster.master][INFO] 2025-09-20 13:34:13,282: +CACHEDPARAM [/rosout_disable_topics_generation] by /rosbridge_websocket
[rosmaster.master][INFO] 2025-09-20 13:34:13,285: +CACHEDPARAM [/rosout_disable_topics_generation] by /rosbridge_websocket
[rosmaster.master][INFO] 2025-09-20 13:34:13,287: +CACHEDPARAM [/rosout_disable_topics_generation] by /rosbridge_websocket
[rosmaster.master][INFO] 2025-09-20 13:34:13,288: +CACHEDPARAM [/rosout_disable_topics_generation] by /rosbridge_websocket
[rosmaster.master][INFO] 2025-09-20 13:34:13,295: +CACHEDPARAM [/rosout_disable_topics_generation] by /rosbridge_websocket
[rosmaster.master][INFO] 2025-09-20 13:34:13,299: +CACHEDPARAM [/rosout_disable_topics_generation] by /rosbridge_websocket
[rosmaster.master][INFO] 2025-09-20 13:34:13,302: +CACHEDPARAM [/rosout_disable_topics_generation] by /rosbridge_websocket
[rosmaster.master][INFO] 2025-09-20 13:34:13,303: +CACHEDPARAM [/rosout_disable_topics_generation] by /rosbridge_websocket
[rosmaster.master][INFO] 2025-09-20 13:34:13,305: +CACHEDPARAM [/rosout_disable_topics_generation] by /rosbridge_websocket
[rosmaster.master][INFO] 2025-09-20 13:34:13,306: +CACHEDPARAM [/rosout_disable_topics_generation] by /rosbridge_websocket
[rosmaster.master][INFO] 2025-09-20 13:34:13,329: +CACHEDPARAM [/rosout_disable_topics_generation] by /rosbridge_websocket
[rosmaster.master][INFO] 2025-09-20 13:34:13,333: +CACHEDPARAM [/rosout_disable_topics_generation] by /rosbridge_websocket
[rosmaster.master][INFO] 2025-09-20 13:34:13,335: +CACHEDPARAM [/rosout_disable_topics_generation] by /rosbridge_websocket
[rosmaster.master][INFO] 2025-09-20 13:34:13,337: +CACHEDPARAM [/rosout_disable_topics_generation] by /rosbridge_websocket
[rosmaster.master][INFO] 2025-09-20 13:34:13,338: +CACHEDPARAM [/rosout_disable_topics_generation] by /rosbridge_websocket
[rosmaster.master][INFO] 2025-09-20 13:34:13,350: +CACHEDPARAM [/rosout_disable_topics_generation] by /rosbridge_websocket
[rosmaster.master][INFO] 2025-09-20 13:34:13,352: +CACHEDPARAM [/rosout_disable_topics_generation] by /rosbridge_websocket
[rosmaster.master][INFO] 2025-09-20 13:34:13,353: +CACHEDPARAM [/rosout_disable_topics_generation] by /rosbridge_websocket
[rosmaster.master][INFO] 2025-09-20 13:34:13,354: +CACHEDPARAM [/rosout_disable_topics_generation] by /rosbridge_websocket
[rosmaster.master][INFO] 2025-09-20 13:34:13,356: +CACHEDPARAM [/rosout_disable_topics_generation] by /rosbridge_websocket
[rosmaster.master][INFO] 2025-09-20 13:34:13,366: +CACHEDPARAM [/rosout_disable_topics_generation] by /rosbridge_websocket
[rosmaster.master][INFO] 2025-09-20 13:34:13,369: +CACHEDPARAM [/rosout_disable_topics_generation] by /rosbridge_websocket
[rosmaster.master][INFO] 2025-09-20 13:34:13,370: +CACHEDPARAM [/rosout_disable_topics_generation] by /rosbridge_websocket
[rosmaster.master][INFO] 2025-09-20 13:34:13,371: +CACHEDPARAM [/rosout_disable_topics_generation] by /rosbridge_websocket
[rosmaster.master][INFO] 2025-09-20 13:34:13,373: +CACHEDPARAM [/rosout_disable_topics_generation] by /rosbridge_websocket
[rosmaster.master][INFO] 2025-09-20 13:34:13,384: +CACHEDPARAM [/rosout_disable_topics_generation] by /rosbridge_websocket
[rosmaster.master][INFO] 2025-09-20 13:34:13,386: +CACHEDPARAM [/rosout_disable_topics_generation] by /rosbridge_websocket
[rosmaster.master][INFO] 2025-09-20 13:34:13,388: +CACHEDPARAM [/rosout_disable_topics_generation] by /rosbridge_websocket
[rosmaster.master][INFO] 2025-09-20 13:34:13,389: +CACHEDPARAM [/rosout_disable_topics_generation] by /rosbridge_websocket
[rosmaster.master][INFO] 2025-09-20 13:34:13,393: +CACHEDPARAM [/rosout_disable_topics_generation] by /rosbridge_websocket
[rosmaster.master][INFO] 2025-09-20 13:34:13,399: +CACHEDPARAM [/rosout_disable_topics_generation] by /rosbridge_websocket
[rosmaster.master][INFO] 2025-09-20 13:34:13,402: +CACHEDPARAM [/rosout_disable_topics_generation] by /rosbridge_websocket
[rosmaster.master][INFO] 2025-09-20 13:34:13,405: +CACHEDPARAM [/rosout_disable_topics_generation] by /rosbridge_websocket
[rosmaster.master][INFO] 2025-09-20 13:34:13,409: +CACHEDPARAM [/rosout_disable_topics_generation] by /rosbridge_websocket
[rosmaster.master][INFO] 2025-09-20 13:34:13,416: +CACHEDPARAM [/rosout_disable_topics_generation] by /rosbridge_websocket
[rosmaster.master][INFO] 2025-09-20 13:34:13,423: +CACHEDPARAM [/rosout_disable_topics_generation] by /rosbridge_websocket
[rosmaster.master][INFO] 2025-09-20 13:34:13,426: +CACHEDPARAM [/rosout_disable_topics_generation] by /rosbridge_websocket
[rosmaster.master][INFO] 2025-09-20 13:34:13,429: +CACHEDPARAM [/rosout_disable_topics_generation] by /rosbridge_websocket
[rosmaster.master][INFO] 2025-09-20 13:34:13,432: +CACHEDPARAM [/rosout_disable_topics_generation] by /rosbridge_websocket
[rosmaster.master][INFO] 2025-09-20 13:34:13,434: +CACHEDPARAM [/rosout_disable_topics_generation] by /rosbridge_websocket
[rosmaster.master][INFO] 2025-09-20 13:34:13,451: +CACHEDPARAM [/rosout_disable_topics_generation] by /rosbridge_websocket
[rosmaster.master][INFO] 2025-09-20 13:34:13,455: +CACHEDPARAM [/rosout_disable_topics_generation] by /rosbridge_websocket
[rosmaster.master][INFO] 2025-09-20 13:34:13,458: +CACHEDPARAM [/rosout_disable_topics_generation] by /rosbridge_websocket
[rosmaster.master][INFO] 2025-09-20 13:34:13,462: +CACHEDPARAM [/rosout_disable_topics_generation] by /rosbridge_websocket
[rosmaster.master][INFO] 2025-09-20 13:34:13,465: +CACHEDPARAM [/rosout_disable_topics_generation] by /rosbridge_websocket
[rosmaster.master][INFO] 2025-09-20 13:34:13,472: +CACHEDPARAM [/rosout_disable_topics_generation] by /rosbridge_websocket
[rosmaster.master][INFO] 2025-09-20 13:34:13,476: +CACHEDPARAM [/rosout_disable_topics_generation] by /rosbridge_websocket
[rosmaster.master][INFO] 2025-09-20 13:34:13,482: +CACHEDPARAM [/rosout_disable_topics_generation] by /rosbridge_websocket
[rosmaster.master][INFO] 2025-09-20 13:34:13,486: +CACHEDPARAM [/rosout_disable_topics_generation] by /rosbridge_websocket
[rosmaster.master][INFO] 2025-09-20 13:34:13,489: +CACHEDPARAM [/rosout_disable_topics_generation] by /rosbridge_websocket
[rosmaster.master][INFO] 2025-09-20 13:34:13,494: +CACHEDPARAM [/rosout_disable_topics_generation] by /rosbridge_websocket
[rosmaster.master][INFO] 2025-09-20 13:34:13,497: +CACHEDPARAM [/rosout_disable_topics_generation] by /rosbridge_websocket
[rosmaster.master][INFO] 2025-09-20 13:34:13,502: +CACHEDPARAM [/rosout_disable_topics_generation] by /rosbridge_websocket
[rosmaster.master][INFO] 2025-09-20 13:34:13,507: +CACHEDPARAM [/rosout_disable_topics_generation] by /rosbridge_websocket
[rosmaster.master][INFO] 2025-09-20 13:34:13,510: +CACHEDPARAM [/rosout_disable_topics_generation] by /rosbridge_websocket
[rosmaster.master][INFO] 2025-09-20 13:34:13,514: +CACHEDPARAM [/rosout_disable_topics_generation] by /rosbridge_websocket
[rosmaster.master][INFO] 2025-09-20 13:34:13,519: +CACHEDPARAM [/rosout_disable_topics_generation] by /rosbridge_websocket
[rosmaster.master][INFO] 2025-09-20 13:34:13,522: +CACHEDPARAM [/rosout_disable_topics_generation] by /rosbridge_websocket
[rosmaster.master][INFO] 2025-09-20 13:34:13,525: +CACHEDPARAM [/rosout_disable_topics_generation] by /rosbridge_websocket
[rosmaster.master][INFO] 2025-09-20 13:34:13,530: +CACHEDPARAM [/rosout_disable_topics_generation] by /rosbridge_websocket
[rosmaster.master][INFO] 2025-09-20 13:34:13,535: +CACHEDPARAM [/rosout_disable_topics_generation] by /rosbridge_websocket
[rosmaster.master][INFO] 2025-09-20 13:34:13,538: +CACHEDPARAM [/rosout_disable_topics_generation] by /rosbridge_websocket
[rosmaster.master][INFO] 2025-09-20 13:34:13,540: +CACHEDPARAM [/rosout_disable_topics_generation] by /rosbridge_websocket
[rosmaster.master][INFO] 2025-09-20 13:34:13,542: +CACHEDPARAM [/rosout_disable_topics_generation] by /rosbridge_websocket
[rosmaster.master][INFO] 2025-09-20 13:34:13,548: +CACHEDPARAM [/rosout_disable_topics_generation] by /rosbridge_websocket
[rosmaster.master][INFO] 2025-09-20 13:34:13,555: +CACHEDPARAM [/rosout_disable_topics_generation] by /rosbridge_websocket
[rosmaster.master][INFO] 2025-09-20 13:34:13,560: +CACHEDPARAM [/rosout_disable_topics_generation] by /rosbridge_websocket
[rosmaster.master][INFO] 2025-09-20 13:34:13,564: +CACHEDPARAM [/rosout_disable_topics_generation] by /rosbridge_websocket
[rosmaster.master][INFO] 2025-09-20 13:34:13,568: +CACHEDPARAM [/rosout_disable_topics_generation] by /rosbridge_websocket
[rosmaster.master][INFO] 2025-09-20 13:34:13,572: +CACHEDPARAM [/rosout_disable_topics_generation] by /rosbridge_websocket
[rosmaster.master][INFO] 2025-09-20 13:34:13,577: +CACHEDPARAM [/rosout_disable_topics_generation] by /rosbridge_websocket
[rosmaster.master][INFO] 2025-09-20 13:34:13,580: +CACHEDPARAM [/rosout_disable_topics_generation] by /rosbridge_websocket
[rosmaster.master][INFO] 2025-09-20 13:34:13,584: +CACHEDPARAM [/rosout_disable_topics_generation] by /rosbridge_websocket
[rosmaster.master][INFO] 2025-09-20 13:34:13,589: +CACHEDPARAM [/rosout_disable_topics_generation] by /rosbridge_websocket
[rosmaster.master][INFO] 2025-09-20 13:34:13,593: +CACHEDPARAM [/rosout_disable_topics_generation] by /rosbridge_websocket
[rosmaster.master][INFO] 2025-09-20 13:34:13,598: +CACHEDPARAM [/rosout_disable_topics_generation] by /rosbridge_websocket
[rosmaster.master][INFO] 2025-09-20 13:34:13,601: +PUB [/image_jpeg/compressed] /rosbridge_websocket http://172.22.52.56:39493/
[rosmaster.master][INFO] 2025-09-20 13:34:13,603: +CACHEDPARAM [/rosout_disable_topics_generation] by /rosbridge_websocket
[rosmaster.master][INFO] 2025-09-20 13:34:13,606: +CACHEDPARAM [/rosout_disable_topics_generation] by /rosbridge_websocket
[rosmaster.master][INFO] 2025-09-20 13:34:13,609: +CACHEDPARAM [/rosout_disable_topics_generation] by /rosbridge_websocket
[rosmaster.master][INFO] 2025-09-20 13:34:13,614: +CACHEDPARAM [/rosout_disable_topics_generation] by /rosbridge_websocket
[rosmaster.master][INFO] 2025-09-20 13:34:13,618: +CACHEDPARAM [/rosout_disable_topics_generation] by /rosbridge_websocket
[rosmaster.master][INFO] 2025-09-20 13:34:13,620: +CACHEDPARAM [/rosout_disable_topics_generation] by /rosbridge_websocket
[rosmaster.master][INFO] 2025-09-20 13:34:13,622: +CACHEDPARAM [/rosout_disable_topics_generation] by /rosbridge_websocket
[rosmaster.master][INFO] 2025-09-20 13:34:13,626: +CACHEDPARAM [/rosout_disable_topics_generation] by /rosbridge_websocket
[rosmaster.master][INFO] 2025-09-20 13:34:13,629: +CACHEDPARAM [/rosout_disable_topics_generation] by /rosbridge_websocket
[rosmaster.master][INFO] 2025-09-20 13:34:13,633: +CACHEDPARAM [/rosout_disable_topics_generation] by /rosbridge_websocket
[rosmaster.master][INFO] 2025-09-20 13:34:13,636: +CACHEDPARAM [/rosout_disable_topics_generation] by /rosbridge_websocket
[rosmaster.master][INFO] 2025-09-20 13:34:13,638: +CACHEDPARAM [/rosout_disable_topics_generation] by /rosbridge_websocket
[rosmaster.master][INFO] 2025-09-20 13:34:13,640: +CACHEDPARAM [/rosout_disable_topics_generation] by /rosbridge_websocket
[rosmaster.master][INFO] 2025-09-20 13:34:13,642: +CACHEDPARAM [/rosout_disable_topics_generation] by /rosbridge_websocket
[rosmaster.master][INFO] 2025-09-20 13:34:13,645: +CACHEDPARAM [/rosout_disable_topics_generation] by /rosbridge_websocket
[rosmaster.master][INFO] 2025-09-20 13:34:13,649: +CACHEDPARAM [/rosout_disable_topics_generation] by /rosbridge_websocket
[rosmaster.master][INFO] 2025-09-20 13:34:13,651: +CACHEDPARAM [/rosout_disable_topics_generation] by /rosbridge_websocket
[rosmaster.master][INFO] 2025-09-20 13:34:13,653: +CACHEDPARAM [/rosout_disable_topics_generation] by /rosbridge_websocket
[rosmaster.master][INFO] 2025-09-20 13:34:13,654: +CACHEDPARAM [/rosout_disable_topics_generation] by /rosbridge_websocket
[rosmaster.master][INFO] 2025-09-20 13:34:13,795: +CACHEDPARAM [/rosout_disable_topics_generation] by /rosbridge_websocket
[rosmaster.master][INFO] 2025-09-20 13:34:13,800: +CACHEDPARAM [/rosout_disable_topics_generation] by /rosbridge_websocket
[rosmaster.master][INFO] 2025-09-20 13:34:13,802: +CACHEDPARAM [/rosout_disable_topics_generation] by /rosbridge_websocket
[rosmaster.master][INFO] 2025-09-20 13:34:13,807: +CACHEDPARAM [/rosout_disable_topics_generation] by /rosbridge_websocket
[rosmaster.master][INFO] 2025-09-20 13:34:13,810: +CACHEDPARAM [/rosout_disable_topics_generation] by /rosbridge_websocket
[rosmaster.master][INFO] 2025-09-20 13:34:13,813: +CACHEDPARAM [/rosout_disable_topics_generation] by /rosbridge_websocket
[rosmaster.master][INFO] 2025-09-20 13:34:13,816: +CACHEDPARAM [/rosout_disable_topics_generation] by /rosbridge_websocket
[rosmaster.master][INFO] 2025-09-20 13:34:13,817: +CACHEDPARAM [/rosout_disable_topics_generation] by /rosbridge_websocket
[rosmaster.master][INFO] 2025-09-20 13:34:13,819: +CACHEDPARAM [/rosout_disable_topics_generation] by /rosbridge_websocket
[rosmaster.master][INFO] 2025-09-20 13:34:13,821: +CACHEDPARAM [/rosout_disable_topics_generation] by /rosbridge_websocket
[rosmaster.master][INFO] 2025-09-20 13:34:13,836: +CACHEDPARAM [/rosout_disable_topics_generation] by /rosbridge_websocket
[rosmaster.master][INFO] 2025-09-20 13:34:13,838: +CACHEDPARAM [/rosout_disable_topics_generation] by /rosbridge_websocket
[rosmaster.master][INFO] 2025-09-20 13:34:13,840: +CACHEDPARAM [/rosout_disable_topics_generation] by /rosbridge_websocket
[rosmaster.master][INFO] 2025-09-20 13:34:13,842: +CACHEDPARAM [/rosout_disable_topics_generation] by /rosbridge_websocket
[rosmaster.master][INFO] 2025-09-20 13:34:13,844: +CACHEDPARAM [/rosout_disable_topics_generation] by /rosbridge_websocket
[rosmaster.master][INFO] 2025-09-20 13:34:13,882: +CACHEDPARAM [/rosout_disable_topics_generation] by /rosbridge_websocket
[rosmaster.master][INFO] 2025-09-20 13:34:13,887: +CACHEDPARAM [/rosout_disable_topics_generation] by /rosbridge_websocket
[rosmaster.master][INFO] 2025-09-20 13:34:13,924: +CACHEDPARAM [/rosout_disable_topics_generation] by /rosbridge_websocket
[rosmaster.master][INFO] 2025-09-20 13:34:13,940: +CACHEDPARAM [/rosout_disable_topics_generation] by /rosbridge_websocket
[rosmaster.master][INFO] 2025-09-20 13:34:13,949: +CACHEDPARAM [/rosout_disable_topics_generation] by /rosbridge_websocket
[rosmaster.master][INFO] 2025-09-20 13:34:13,968: +CACHEDPARAM [/rosout_disable_topics_generation] by /rosbridge_websocket
[rosmaster.master][INFO] 2025-09-20 13:34:13,988: +CACHEDPARAM [/rosout_disable_topics_generation] by /rosbridge_websocket
[rosmaster.master][INFO] 2025-09-20 13:34:14,003: +CACHEDPARAM [/rosout_disable_topics_generation] by /rosbridge_websocket
[rosmaster.master][INFO] 2025-09-20 13:34:14,015: +CACHEDPARAM [/rosout_disable_topics_generation] by /rosbridge_websocket
[rosmaster.master][INFO] 2025-09-20 13:34:14,030: +CACHEDPARAM [/rosout_disable_topics_generation] by /rosbridge_websocket
[rosmaster.master][INFO] 2025-09-20 13:34:14,036: +CACHEDPARAM [/rosout_disable_topics_generation] by /rosbridge_websocket
[rosmaster.master][INFO] 2025-09-20 13:34:14,040: +CACHEDPARAM [/rosout_disable_topics_generation] by /rosbridge_websocket
[rosmaster.master][INFO] 2025-09-20 13:34:14,044: +CACHEDPARAM [/rosout_disable_topics_generation] by /rosbridge_websocket
[rosmaster.master][INFO] 2025-09-20 13:34:14,046: +CACHEDPARAM [/rosout_disable_topics_generation] by /rosbridge_websocket
[rosmaster.master][INFO] 2025-09-20 13:34:14,049: +CACHEDPARAM [/rosout_disable_topics_generation] by /rosbridge_websocket
[rosmaster.master][INFO] 2025-09-20 13:34:14,053: +CACHEDPARAM [/rosout_disable_topics_generation] by /rosbridge_websocket
[rosmaster.master][INFO] 2025-09-20 13:34:14,057: +CACHEDPARAM [/rosout_disable_topics_generation] by /rosbridge_websocket
[rosmaster.master][INFO] 2025-09-20 13:34:14,062: +CACHEDPARAM [/rosout_disable_topics_generation] by /rosbridge_websocket
[rosmaster.master][INFO] 2025-09-20 13:34:14,080: +CACHEDPARAM [/rosout_disable_topics_generation] by /rosbridge_websocket
[rosmaster.master][INFO] 2025-09-20 13:34:14,085: +CACHEDPARAM [/rosout_disable_topics_generation] by /rosbridge_websocket
[rosmaster.master][INFO] 2025-09-20 13:34:14,087: +CACHEDPARAM [/rosout_disable_topics_generation] by /rosbridge_websocket
[rosmaster.master][INFO] 2025-09-20 13:34:14,089: +CACHEDPARAM [/rosout_disable_topics_generation] by /rosbridge_websocket
[rosmaster.master][INFO] 2025-09-20 13:34:14,093: +CACHEDPARAM [/rosout_disable_topics_generation] by /rosbridge_websocket
[rosmaster.master][INFO] 2025-09-20 13:34:14,097: +CACHEDPARAM [/rosout_disable_topics_generation] by /rosbridge_websocket
[rosmaster.master][INFO] 2025-09-20 13:34:14,104: +CACHEDPARAM [/rosout_disable_topics_generation] by /rosbridge_websocket
[rosmaster.master][INFO] 2025-09-20 13:34:14,119: +CACHEDPARAM [/rosout_disable_topics_generation] by /rosbridge_websocket
[rosmaster.master][INFO] 2025-09-20 13:34:14,130: +CACHEDPARAM [/rosout_disable_topics_generation] by /rosbridge_websocket
[rosmaster.master][INFO] 2025-09-20 13:34:14,148: +CACHEDPARAM [/rosout_disable_topics_generation] by /rosbridge_websocket
[rosmaster.master][INFO] 2025-09-20 13:34:14,168: +CACHEDPARAM [/rosout_disable_topics_generation] by /rosbridge_websocket
[rosmaster.master][INFO] 2025-09-20 13:34:14,185: +CACHEDPARAM [/rosout_disable_topics_generation] by /rosbridge_websocket
[rosmaster.master][INFO] 2025-09-20 13:34:14,191: +CACHEDPARAM [/rosout_disable_topics_generation] by /rosbridge_websocket
[rosmaster.master][INFO] 2025-09-20 13:34:14,195: +CACHEDPARAM [/rosout_disable_topics_generation] by /rosbridge_websocket
[rosmaster.master][INFO] 2025-09-20 13:34:14,198: +CACHEDPARAM [/rosout_disable_topics_generation] by /rosbridge_websocket
[rosmaster.master][INFO] 2025-09-20 13:34:14,202: +CACHEDPARAM [/rosout_disable_topics_generation] by /rosbridge_websocket
[rosmaster.master][INFO] 2025-09-20 13:34:14,204: +CACHEDPARAM [/rosout_disable_topics_generation] by /rosbridge_websocket
[rosmaster.master][INFO] 2025-09-20 13:34:14,208: +CACHEDPARAM [/rosout_disable_topics_generation] by /rosbridge_websocket
[rosmaster.master][INFO] 2025-09-20 13:34:14,210: +CACHEDPARAM [/rosout_disable_topics_generation] by /rosbridge_websocket
[rosmaster.master][INFO] 2025-09-20 13:34:14,214: +CACHEDPARAM [/rosout_disable_topics_generation] by /rosbridge_websocket
[rosmaster.master][INFO] 2025-09-20 13:34:14,217: +CACHEDPARAM [/rosout_disable_topics_generation] by /rosbridge_websocket
[rosmaster.master][INFO] 2025-09-20 13:34:14,221: +CACHEDPARAM [/rosout_disable_topics_generation] by /rosbridge_websocket
[rosmaster.master][INFO] 2025-09-20 13:34:14,223: +CACHEDPARAM [/rosout_disable_topics_generation] by /rosbridge_websocket
[rosmaster.master][INFO] 2025-09-20 13:34:14,228: +CACHEDPARAM [/rosout_disable_topics_generation] by /rosbridge_websocket
[rosmaster.master][INFO] 2025-09-20 13:34:14,245: +CACHEDPARAM [/rosout_disable_topics_generation] by /rosbridge_websocket
[rosmaster.master][INFO] 2025-09-20 13:34:14,264: +CACHEDPARAM [/rosout_disable_topics_generation] by /rosbridge_websocket
[rosmaster.master][INFO] 2025-09-20 13:34:14,282: +CACHEDPARAM [/rosout_disable_topics_generation] by /rosbridge_websocket
[rosmaster.master][INFO] 2025-09-20 13:34:14,287: +CACHEDPARAM [/rosout_disable_topics_generation] by /rosbridge_websocket
[rosmaster.master][INFO] 2025-09-20 13:34:14,290: +CACHEDPARAM [/rosout_disable_topics_generation] by /rosbridge_websocket
[rosmaster.master][INFO] 2025-09-20 13:34:14,293: +CACHEDPARAM [/rosout_disable_topics_generation] by /rosbridge_websocket
[rosmaster.master][INFO] 2025-09-20 13:34:14,295: +CACHEDPARAM [/rosout_disable_topics_generation] by /rosbridge_websocket
[rosmaster.master][INFO] 2025-09-20 13:34:14,299: +CACHEDPARAM [/rosout_disable_topics_generation] by /rosbridge_websocket
[rosmaster.master][INFO] 2025-09-20 13:34:14,302: +CACHEDPARAM [/rosout_disable_topics_generation] by /rosbridge_websocket
[rosmaster.master][INFO] 2025-09-20 13:34:14,304: +CACHEDPARAM [/rosout_disable_topics_generation] by /rosbridge_websocket
[rosmaster.master][INFO] 2025-09-20 13:34:14,309: +CACHEDPARAM [/rosout_disable_topics_generation] by /rosbridge_websocket
[rosmaster.master][INFO] 2025-09-20 13:34:14,312: +CACHEDPARAM [/rosout_disable_topics_generation] by /rosbridge_websocket
[rosmaster.master][INFO] 2025-09-20 13:34:14,331: +CACHEDPARAM [/rosout_disable_topics_generation] by /rosbridge_websocket
[rosmaster.master][INFO] 2025-09-20 13:34:14,336: +CACHEDPARAM [/rosout_disable_topics_generation] by /rosbridge_websocket
[rosmaster.master][INFO] 2025-09-20 13:34:14,340: +CACHEDPARAM [/rosout_disable_topics_generation] by /rosbridge_websocket
[rosmaster.master][INFO] 2025-09-20 13:34:14,343: +CACHEDPARAM [/rosout_disable_topics_generation] by /rosbridge_websocket
[rosmaster.master][INFO] 2025-09-20 13:34:14,346: +CACHEDPARAM [/rosout_disable_topics_generation] by /rosbridge_websocket
[rosmaster.master][INFO] 2025-09-20 13:34:14,349: +CACHEDPARAM [/rosout_disable_topics_generation] by /rosbridge_websocket
[rosmaster.master][INFO] 2025-09-20 13:34:14,351: +CACHEDPARAM [/rosout_disable_topics_generation] by /rosbridge_websocket
[rosmaster.master][INFO] 2025-09-20 13:34:14,369: +CACHEDPARAM [/rosout_disable_topics_generation] by /rosbridge_websocket
[rosmaster.master][INFO] 2025-09-20 13:34:14,377: +CACHEDPARAM [/rosout_disable_topics_generation] by /rosbridge_websocket
[rosmaster.master][INFO] 2025-09-20 13:34:14,392: +CACHEDPARAM [/rosout_disable_topics_generation] by /rosbridge_websocket
[rosmaster.master][INFO] 2025-09-20 13:34:14,397: +CACHEDPARAM [/rosout_disable_topics_generation] by /rosbridge_websocket
[rosmaster.master][INFO] 2025-09-20 13:34:14,400: +CACHEDPARAM [/rosout_disable_topics_generation] by /rosbridge_websocket
[rosmaster.master][INFO] 2025-09-20 13:34:14,402: +CACHEDPARAM [/rosout_disable_topics_generation] by /rosbridge_websocket
[rosmaster.master][INFO] 2025-09-20 13:34:14,407: +CACHEDPARAM [/rosout_disable_topics_generation] by /rosbridge_websocket
[rosmaster.master][INFO] 2025-09-20 13:34:14,410: +CACHEDPARAM [/rosout_disable_topics_generation] by /rosbridge_websocket
[rosmaster.master][INFO] 2025-09-20 13:34:14,420: +CACHEDPARAM [/rosout_disable_topics_generation] by /rosbridge_websocket
[rosmaster.master][INFO] 2025-09-20 13:34:14,431: +CACHEDPARAM [/rosout_disable_topics_generation] by /rosbridge_websocket
[rosmaster.master][INFO] 2025-09-20 13:34:14,434: +CACHEDPARAM [/rosout_disable_topics_generation] by /rosbridge_websocket
[rosmaster.master][INFO] 2025-09-20 13:34:14,438: +CACHEDPARAM [/rosout_disable_topics_generation] by /rosbridge_websocket
[rosmaster.master][INFO] 2025-09-20 13:34:14,441: +CACHEDPARAM [/rosout_disable_topics_generation] by /rosbridge_websocket
[rosmaster.master][INFO] 2025-09-20 13:34:14,445: +CACHEDPARAM [/rosout_disable_topics_generation] by /rosbridge_websocket
[rosmaster.master][INFO] 2025-09-20 13:34:14,448: +CACHEDPARAM [/rosout_disable_topics_generation] by /rosbridge_websocket
[rosmaster.master][INFO] 2025-09-20 13:34:14,449: +CACHEDPARAM [/rosout_disable_topics_generation] by /rosbridge_websocket
[rosmaster.master][INFO] 2025-09-20 13:34:14,453: +CACHEDPARAM [/rosout_disable_topics_generation] by /rosbridge_websocket
[rosmaster.master][INFO] 2025-09-20 13:34:14,472: +CACHEDPARAM [/rosout_disable_topics_generation] by /rosbridge_websocket
[rosmaster.master][INFO] 2025-09-20 13:34:14,492: +CACHEDPARAM [/rosout_disable_topics_generation] by /rosbridge_websocket
[rosmaster.master][INFO] 2025-09-20 13:34:14,493: +CACHEDPARAM [/rosout_disable_topics_generation] by /rosbridge_websocket
[rosmaster.master][INFO] 2025-09-20 13:34:14,496: +CACHEDPARAM [/rosout_disable_topics_generation] by /rosbridge_websocket
[rosmaster.master][INFO] 2025-09-20 13:34:14,500: +CACHEDPARAM [/rosout_disable_topics_generation] by /rosbridge_websocket
[rosmaster.master][INFO] 2025-09-20 13:34:14,503: +CACHEDPARAM [/rosout_disable_topics_generation] by /rosbridge_websocket
[rosmaster.master][INFO] 2025-09-20 13:34:14,507: +CACHEDPARAM [/rosout_disable_topics_generation] by /rosbridge_websocket
[rosmaster.master][INFO] 2025-09-20 13:34:14,509: +CACHEDPARAM [/rosout_disable_topics_generation] by /rosbridge_websocket
[rosmaster.master][INFO] 2025-09-20 13:34:14,514: +CACHEDPARAM [/rosout_disable_topics_generation] by /rosbridge_websocket
[rosmaster.master][INFO] 2025-09-20 13:34:14,528: +CACHEDPARAM [/rosout_disable_topics_generation] by /rosbridge_websocket
[rosmaster.master][INFO] 2025-09-20 13:34:14,538: +CACHEDPARAM [/rosout_disable_topics_generation] by /rosbridge_websocket
[rosmaster.master][INFO] 2025-09-20 13:34:14,540: +CACHEDPARAM [/rosout_disable_topics_generation] by /rosbridge_websocket
[rosmaster.master][INFO] 2025-09-20 13:34:14,543: +CACHEDPARAM [/rosout_disable_topics_generation] by /rosbridge_websocket
[rosmaster.master][INFO] 2025-09-20 13:34:14,546: +CACHEDPARAM [/rosout_disable_topics_generation] by /rosbridge_websocket
[rosmaster.master][INFO] 2025-09-20 13:34:14,550: +CACHEDPARAM [/rosout_disable_topics_generation] by /rosbridge_websocket
[rosmaster.master][INFO] 2025-09-20 13:34:14,555: +CACHEDPARAM [/rosout_disable_topics_generation] by /rosbridge_websocket
[rosmaster.master][INFO] 2025-09-20 13:34:14,559: +CACHEDPARAM [/rosout_disable_topics_generation] by /rosbridge_websocket
[rosmaster.master][INFO] 2025-09-20 13:34:14,562: +CACHEDPARAM [/rosout_disable_topics_generation] by /rosbridge_websocket
[rosmaster.master][INFO] 2025-09-20 13:34:14,577: +CACHEDPARAM [/rosout_disable_topics_generation] by /rosbridge_websocket
[rosmaster.master][INFO] 2025-09-20 13:34:14,584: +CACHEDPARAM [/rosout_disable_topics_generation] by /rosbridge_websocket
[rosmaster.master][INFO] 2025-09-20 13:34:14,598: +CACHEDPARAM [/rosout_disable_topics_generation] by /rosbridge_websocket
[rosmaster.master][INFO] 2025-09-20 13:34:14,601: +CACHEDPARAM [/rosout_disable_topics_generation] by /rosbridge_websocket
[rosmaster.master][INFO] 2025-09-20 13:34:14,606: +CACHEDPARAM [/rosout_disable_topics_generation] by /rosbridge_websocket
[rosmaster.master][INFO] 2025-09-20 13:34:14,610: +CACHEDPARAM [/rosout_disable_topics_generation] by /rosbridge_websocket
[rosmaster.master][INFO] 2025-09-20 13:34:14,616: +CACHEDPARAM [/rosout_disable_topics_generation] by /rosbridge_websocket
[rosmaster.master][INFO] 2025-09-20 13:34:14,631: +CACHEDPARAM [/rosout_disable_topics_generation] by /rosbridge_websocket
[rosmaster.master][INFO] 2025-09-20 13:34:14,635: +CACHEDPARAM [/rosout_disable_topics_generation] by /rosbridge_websocket
[rosmaster.master][INFO] 2025-09-20 13:34:14,645: +CACHEDPARAM [/rosout_disable_topics_generation] by /rosbridge_websocket
[rosmaster.master][INFO] 2025-09-20 13:34:14,651: +CACHEDPARAM [/rosout_disable_topics_generation] by /rosbridge_websocket
[rosmaster.master][INFO] 2025-09-20 13:34:14,656: +CACHEDPARAM [/rosout_disable_topics_generation] by /rosbridge_websocket
[rosmaster.master][INFO] 2025-09-20 13:34:14,661: +CACHEDPARAM [/rosout_disable_topics_generation] by /rosbridge_websocket
[rosmaster.master][INFO] 2025-09-20 13:34:14,666: +CACHEDPARAM [/rosout_disable_topics_generation] by /rosbridge_websocket
[rosmaster.master][INFO] 2025-09-20 13:34:14,668: +CACHEDPARAM [/rosout_disable_topics_generation] by /rosbridge_websocket
[rosmaster.master][INFO] 2025-09-20 13:34:14,670: +CACHEDPARAM [/rosout_disable_topics_generation] by /rosbridge_websocket
[rosmaster.master][INFO] 2025-09-20 13:34:14,690: +CACHEDPARAM [/rosout_disable_topics_generation] by /rosbridge_websocket
[rosmaster.master][INFO] 2025-09-20 13:34:14,692: +CACHEDPARAM [/rosout_disable_topics_generation] by /rosbridge_websocket
[rosmaster.master][INFO] 2025-09-20 13:34:14,694: +CACHEDPARAM [/rosout_disable_topics_generation] by /rosbridge_websocket
[rosmaster.master][INFO] 2025-09-20 13:34:14,698: +CACHEDPARAM [/rosout_disable_topics_generation] by /rosbridge_websocket
[rosmaster.master][INFO] 2025-09-20 13:34:14,703: +CACHEDPARAM [/rosout_disable_topics_generation] by /rosbridge_websocket
[rosmaster.master][INFO] 2025-09-20 13:34:14,706: +CACHEDPARAM [/rosout_disable_topics_generation] by /rosbridge_websocket
[rosmaster.master][INFO] 2025-09-20 13:34:14,709: +CACHEDPARAM [/rosout_disable_topics_generation] by /rosbridge_websocket
[rosmaster.master][INFO] 2025-09-20 13:34:14,711: +CACHEDPARAM [/rosout_disable_topics_generation] by /rosbridge_websocket
[rosmaster.master][INFO] 2025-09-20 13:34:14,717: +CACHEDPARAM [/rosout_disable_topics_generation] by /rosbridge_websocket
[rosmaster.master][INFO] 2025-09-20 13:34:14,733: +CACHEDPARAM [/rosout_disable_topics_generation] by /rosbridge_websocket
[rosmaster.master][INFO] 2025-09-20 13:34:14,737: +CACHEDPARAM [/rosout_disable_topics_generation] by /rosbridge_websocket
[rosmaster.master][INFO] 2025-09-20 13:34:14,755: +CACHEDPARAM [/rosout_disable_topics_generation] by /rosbridge_websocket
[rosmaster.master][INFO] 2025-09-20 13:34:14,757: +CACHEDPARAM [/rosout_disable_topics_generation] by /rosbridge_websocket
[rosmaster.master][INFO] 2025-09-20 13:34:14,759: +CACHEDPARAM [/rosout_disable_topics_generation] by /rosbridge_websocket
[rosmaster.master][INFO] 2025-09-20 13:34:14,763: +CACHEDPARAM [/rosout_disable_topics_generation] by /rosbridge_websocket
[rosmaster.master][INFO] 2025-09-20 13:34:14,767: +CACHEDPARAM [/rosout_disable_topics_generation] by /rosbridge_websocket
[rosmaster.master][INFO] 2025-09-20 13:34:14,769: +CACHEDPARAM [/rosout_disable_topics_generation] by /rosbridge_websocket
[rosmaster.master][INFO] 2025-09-20 13:34:14,781: +CACHEDPARAM [/rosout_disable_topics_generation] by /rosbridge_websocket
[rosmaster.master][INFO] 2025-09-20 13:34:14,790: +CACHEDPARAM [/rosout_disable_topics_generation] by /rosbridge_websocket
[rosmaster.master][INFO] 2025-09-20 13:34:14,792: +CACHEDPARAM [/rosout_disable_topics_generation] by /rosbridge_websocket
[rosmaster.master][INFO] 2025-09-20 13:34:14,797: +CACHEDPARAM [/rosout_disable_topics_generation] by /rosbridge_websocket
[rosmaster.master][INFO] 2025-09-20 13:34:14,800: +CACHEDPARAM [/rosout_disable_topics_generation] by /rosbridge_websocket
[rosmaster.master][INFO] 2025-09-20 13:34:14,804: +CACHEDPARAM [/rosout_disable_topics_generation] by /rosbridge_websocket
[rosmaster.master][INFO] 2025-09-20 13:34:14,807: +CACHEDPARAM [/rosout_disable_topics_generation] by /rosbridge_websocket
[rosmaster.master][INFO] 2025-09-20 13:34:14,810: +CACHEDPARAM [/rosout_disable_topics_generation] by /rosbridge_websocket
[rosmaster.master][INFO] 2025-09-20 13:34:14,812: +CACHEDPARAM [/rosout_disable_topics_generation] by /rosbridge_websocket
[rosmaster.master][INFO] 2025-09-20 13:34:14,817: +CACHEDPARAM [/rosout_disable_topics_generation] by /rosbridge_websocket
[rosmaster.master][INFO] 2025-09-20 13:34:14,820: +CACHEDPARAM [/rosout_disable_topics_generation] by /rosbridge_websocket
[rosmaster.master][INFO] 2025-09-20 13:34:14,822: +CACHEDPARAM [/rosout_disable_topics_generation] by /rosbridge_websocket
[rosmaster.master][INFO] 2025-09-20 13:34:14,838: +CACHEDPARAM [/rosout_disable_topics_generation] by /rosbridge_websocket
[rosmaster.master][INFO] 2025-09-20 13:34:14,858: +CACHEDPARAM [/rosout_disable_topics_generation] by /rosbridge_websocket
[rosmaster.master][INFO] 2025-09-20 13:34:14,861: +CACHEDPARAM [/rosout_disable_topics_generation] by /rosbridge_websocket
[rosmaster.master][INFO] 2025-09-20 13:34:14,865: +CACHEDPARAM [/rosout_disable_topics_generation] by /rosbridge_websocket
[rosmaster.master][INFO] 2025-09-20 13:34:14,868: +CACHEDPARAM [/rosout_disable_topics_generation] by /rosbridge_websocket
[rosmaster.master][INFO] 2025-09-20 13:34:14,871: +CACHEDPARAM [/rosout_disable_topics_generation] by /rosbridge_websocket
[rosmaster.master][INFO] 2025-09-20 13:34:14,875: +CACHEDPARAM [/rosout_disable_topics_generation] by /rosbridge_websocket
[rosmaster.master][INFO] 2025-09-20 13:34:14,892: +CACHEDPARAM [/rosout_disable_topics_generation] by /rosbridge_websocket
[rosmaster.master][INFO] 2025-09-20 13:34:14,895: +CACHEDPARAM [/rosout_disable_topics_generation] by /rosbridge_websocket
[rosmaster.master][INFO] 2025-09-20 13:34:14,899: +CACHEDPARAM [/rosout_disable_topics_generation] by /rosbridge_websocket
[rosmaster.master][INFO] 2025-09-20 13:34:14,902: +CACHEDPARAM [/rosout_disable_topics_generation] by /rosbridge_websocket
[rosmaster.master][INFO] 2025-09-20 13:34:14,906: +CACHEDPARAM [/rosout_disable_topics_generation] by /rosbridge_websocket
[rosmaster.master][INFO] 2025-09-20 13:34:14,907: +CACHEDPARAM [/rosout_disable_topics_generation] by /rosbridge_websocket
[rosmaster.master][INFO] 2025-09-20 13:34:14,911: +CACHEDPARAM [/rosout_disable_topics_generation] by /rosbridge_websocket
[rosmaster.master][INFO] 2025-09-20 13:34:14,917: +CACHEDPARAM [/rosout_disable_topics_generation] by /rosbridge_websocket
[rosmaster.master][INFO] 2025-09-20 13:34:14,932: +CACHEDPARAM [/rosout_disable_topics_generation] by /rosbridge_websocket
[rosmaster.master][INFO] 2025-09-20 13:34:14,936: +CACHEDPARAM [/rosout_disable_topics_generation] by /rosbridge_websocket
[rosmaster.master][INFO] 2025-09-20 13:34:14,951: +CACHEDPARAM [/rosout_disable_topics_generation] by /rosbridge_websocket
[rosmaster.master][INFO] 2025-09-20 13:34:14,955: +CACHEDPARAM [/rosout_disable_topics_generation] by /rosbridge_websocket
[rosmaster.master][INFO] 2025-09-20 13:34:14,958: +CACHEDPARAM [/rosout_disable_topics_generation] by /rosbridge_websocket
[rosmaster.master][INFO] 2025-09-20 13:34:14,961: +CACHEDPARAM [/rosout_disable_topics_generation] by /rosbridge_websocket
[rosmaster.master][INFO] 2025-09-20 13:34:14,964: +CACHEDPARAM [/rosout_disable_topics_generation] by /rosbridge_websocket
[rosmaster.master][INFO] 2025-09-20 13:34:14,966: +CACHEDPARAM [/rosout_disable_topics_generation] by /rosbridge_websocket
[rosmaster.master][INFO] 2025-09-20 13:34:14,969: +CACHEDPARAM [/rosout_disable_topics_generation] by /rosbridge_websocket
[rosmaster.master][INFO] 2025-09-20 13:34:14,973: +CACHEDPARAM [/rosout_disable_topics_generation] by /rosbridge_websocket
[rosmaster.master][INFO] 2025-09-20 13:34:14,978: +CACHEDPARAM [/rosout_disable_topics_generation] by /rosbridge_websocket
[rosmaster.master][INFO] 2025-09-20 13:34:14,981: +CACHEDPARAM [/rosout_disable_topics_generation] by /rosbridge_websocket
[rosmaster.master][INFO] 2025-09-20 13:34:14,985: +CACHEDPARAM [/rosout_disable_topics_generation] by /rosbridge_websocket
[rosmaster.master][INFO] 2025-09-20 13:34:15,000: +CACHEDPARAM [/rosout_disable_topics_generation] by /rosbridge_websocket
[rosmaster.master][INFO] 2025-09-20 13:34:15,003: +CACHEDPARAM [/rosout_disable_topics_generation] by /rosbridge_websocket
[rosmaster.master][INFO] 2025-09-20 13:34:15,006: +CACHEDPARAM [/rosout_disable_topics_generation] by /rosbridge_websocket
[rosmaster.master][INFO] 2025-09-20 13:34:15,009: +CACHEDPARAM [/rosout_disable_topics_generation] by /rosbridge_websocket
[rosmaster.master][INFO] 2025-09-20 13:34:15,013: +CACHEDPARAM [/rosout_disable_topics_generation] by /rosbridge_websocket
[rosmaster.master][INFO] 2025-09-20 13:34:15,018: +CACHEDPARAM [/rosout_disable_topics_generation] by /rosbridge_websocket
[rosmaster.master][INFO] 2025-09-20 13:34:15,021: +CACHEDPARAM [/rosout_disable_topics_generation] by /rosbridge_websocket
[rosmaster.master][INFO] 2025-09-20 13:34:15,025: +CACHEDPARAM [/rosout_disable_topics_generation] by /rosbridge_websocket
[rosmaster.master][INFO] 2025-09-20 13:34:15,027: +CACHEDPARAM [/rosout_disable_topics_generation] by /rosbridge_websocket
[rosmaster.master][INFO] 2025-09-20 13:34:15,029: +CACHEDPARAM [/rosout_disable_topics_generation] by /rosbridge_websocket
[rosmaster.master][INFO] 2025-09-20 13:34:15,032: +CACHEDPARAM [/rosout_disable_topics_generation] by /rosbridge_websocket
[rosmaster.master][INFO] 2025-09-20 13:34:15,050: +CACHEDPARAM [/rosout_disable_topics_generation] by /rosbridge_websocket
[rosmaster.master][INFO] 2025-09-20 13:34:15,060: +CACHEDPARAM [/rosout_disable_topics_generation] by /rosbridge_websocket
[rosmaster.master][INFO] 2025-09-20 13:34:15,071: +CACHEDPARAM [/rosout_disable_topics_generation] by /rosbridge_websocket
[rosmaster.master][INFO] 2025-09-20 13:34:15,088: +CACHEDPARAM [/rosout_disable_topics_generation] by /rosbridge_websocket
[rosmaster.master][INFO] 2025-09-20 13:34:15,093: +CACHEDPARAM [/rosout_disable_topics_generation] by /rosbridge_websocket
[rosmaster.master][INFO] 2025-09-20 13:34:15,098: +CACHEDPARAM [/rosout_disable_topics_generation] by /rosbridge_websocket
[rosmaster.master][INFO] 2025-09-20 13:34:15,101: +CACHEDPARAM [/rosout_disable_topics_generation] by /rosbridge_websocket
[rosmaster.master][INFO] 2025-09-20 13:34:15,104: +CACHEDPARAM [/rosout_disable_topics_generation] by /rosbridge_websocket
[rosmaster.master][INFO] 2025-09-20 13:34:15,108: +CACHEDPARAM [/rosout_disable_topics_generation] by /rosbridge_websocket
[rosmaster.master][INFO] 2025-09-20 13:34:15,111: +CACHEDPARAM [/rosout_disable_topics_generation] by /rosbridge_websocket
[rosmaster.master][INFO] 2025-09-20 13:34:15,116: +CACHEDPARAM [/rosout_disable_topics_generation] by /rosbridge_websocket
[rosmaster.master][INFO] 2025-09-20 13:34:15,119: +CACHEDPARAM [/rosout_disable_topics_generation] by /rosbridge_websocket
[rosmaster.master][INFO] 2025-09-20 13:34:15,122: +CACHEDPARAM [/rosout_disable_topics_generation] by /rosbridge_websocket
[rosmaster.master][INFO] 2025-09-20 13:34:15,127: +CACHEDPARAM [/rosout_disable_topics_generation] by /rosbridge_websocket
[rosmaster.master][INFO] 2025-09-20 13:34:15,129: +CACHEDPARAM [/rosout_disable_topics_generation] by /rosbridge_websocket
[rosmaster.master][INFO] 2025-09-20 13:34:15,133: +CACHEDPARAM [/rosout_disable_topics_generation] by /rosbridge_websocket
[rosmaster.master][INFO] 2025-09-20 13:34:15,148: +CACHEDPARAM [/rosout_disable_topics_generation] by /rosbridge_websocket
[rosmaster.master][INFO] 2025-09-20 13:34:15,154: +CACHEDPARAM [/rosout_disable_topics_generation] by /rosbridge_websocket
[rosmaster.master][INFO] 2025-09-20 13:34:15,170: +CACHEDPARAM [/rosout_disable_topics_generation] by /rosbridge_websocket
[rosmaster.master][INFO] 2025-09-20 13:34:15,173: +CACHEDPARAM [/rosout_disable_topics_generation] by /rosbridge_websocket
[rosmaster.master][INFO] 2025-09-20 13:34:15,178: +CACHEDPARAM [/rosout_disable_topics_generation] by /rosbridge_websocket
[rosmaster.master][INFO] 2025-09-20 13:34:15,196: +CACHEDPARAM [/rosout_disable_topics_generation] by /rosbridge_websocket
[rosmaster.master][INFO] 2025-09-20 13:34:15,201: +CACHEDPARAM [/rosout_disable_topics_generation] by /rosbridge_websocket
[rosmaster.master][INFO] 2025-09-20 13:34:15,204: +CACHEDPARAM [/rosout_disable_topics_generation] by /rosbridge_websocket
[rosmaster.master][INFO] 2025-09-20 13:34:15,206: +CACHEDPARAM [/rosout_disable_topics_generation] by /rosbridge_websocket
[rosmaster.master][INFO] 2025-09-20 13:34:15,209: +CACHEDPARAM [/rosout_disable_topics_generation] by /rosbridge_websocket
[rosmaster.master][INFO] 2025-09-20 13:34:15,213: +CACHEDPARAM [/rosout_disable_topics_generation] by /rosbridge_websocket
[rosmaster.master][INFO] 2025-09-20 13:34:15,218: +CACHEDPARAM [/rosout_disable_topics_generation] by /rosbridge_websocket
[rosmaster.master][INFO] 2025-09-20 13:34:15,233: +CACHEDPARAM [/rosout_disable_topics_generation] by /rosbridge_websocket
[rosmaster.master][INFO] 2025-09-20 13:34:15,245: +CACHEDPARAM [/rosout_disable_topics_generation] by /rosbridge_websocket
[rosmaster.master][INFO] 2025-09-20 13:34:15,260: +CACHEDPARAM [/rosout_disable_topics_generation] by /rosbridge_websocket
[rosmaster.master][INFO] 2025-09-20 13:34:15,263: +CACHEDPARAM [/rosout_disable_topics_generation] by /rosbridge_websocket
[rosmaster.master][INFO] 2025-09-20 13:34:15,266: +CACHEDPARAM [/rosout_disable_topics_generation] by /rosbridge_websocket
[rosmaster.master][INFO] 2025-09-20 13:34:15,270: +CACHEDPARAM [/rosout_disable_topics_generation] by /rosbridge_websocket
[rosmaster.master][INFO] 2025-09-20 13:34:15,274: +CACHEDPARAM [/rosout_disable_topics_generation] by /rosbridge_websocket
[rosmaster.master][INFO] 2025-09-20 13:34:15,280: +CACHEDPARAM [/rosout_disable_topics_generation] by /rosbridge_websocket
[rosmaster.master][INFO] 2025-09-20 13:34:15,283: +CACHEDPARAM [/rosout_disable_topics_generation] by /rosbridge_websocket
[rosmaster.master][INFO] 2025-09-20 13:34:15,286: +CACHEDPARAM [/rosout_disable_topics_generation] by /rosbridge_websocket
[rosmaster.master][INFO] 2025-09-20 13:34:15,288: +CACHEDPARAM [/rosout_disable_topics_generation] by /rosbridge_websocket
[rosmaster.master][INFO] 2025-09-20 13:34:15,292: +CACHEDPARAM [/rosout_disable_topics_generation] by /rosbridge_websocket
[rosmaster.master][INFO] 2025-09-20 13:34:15,296: +CACHEDPARAM [/rosout_disable_topics_generation] by /rosbridge_websocket
[rosmaster.master][INFO] 2025-09-20 13:34:15,300: +CACHEDPARAM [/rosout_disable_topics_generation] by /rosbridge_websocket
[rosmaster.master][INFO] 2025-09-20 13:34:15,319: +CACHEDPARAM [/rosout_disable_topics_generation] by /rosbridge_websocket
[rosmaster.master][INFO] 2025-09-20 13:34:15,335: +CACHEDPARAM [/rosout_disable_topics_generation] by /rosbridge_websocket
[rosmaster.master][INFO] 2025-09-20 13:34:15,350: +CACHEDPARAM [/rosout_disable_topics_generation] by /rosbridge_websocket
[rosmaster.master][INFO] 2025-09-20 13:34:15,362: +CACHEDPARAM [/rosout_disable_topics_generation] by /rosbridge_websocket
[rosmaster.master][INFO] 2025-09-20 13:34:15,366: +CACHEDPARAM [/rosout_disable_topics_generation] by /rosbridge_websocket
[rosmaster.master][INFO] 2025-09-20 13:34:15,369: +CACHEDPARAM [/rosout_disable_topics_generation] by /rosbridge_websocket
[rosmaster.master][INFO] 2025-09-20 13:34:15,373: +CACHEDPARAM [/rosout_disable_topics_generation] by /rosbridge_websocket
[rosmaster.master][INFO] 2025-09-20 13:34:15,376: +CACHEDPARAM [/rosout_disable_topics_generation] by /rosbridge_websocket
[rosmaster.master][INFO] 2025-09-20 13:34:15,378: +CACHEDPARAM [/rosout_disable_topics_generation] by /rosbridge_websocket
[rosmaster.master][INFO] 2025-09-20 13:34:15,384: +CACHEDPARAM [/rosout_disable_topics_generation] by /rosbridge_websocket
[rosmaster.master][INFO] 2025-09-20 13:34:15,399: +CACHEDPARAM [/rosout_disable_topics_generation] by /rosbridge_websocket
[rosmaster.master][INFO] 2025-09-20 13:34:15,408: +CACHEDPARAM [/rosout_disable_topics_generation] by /rosbridge_websocket
[rosmaster.master][INFO] 2025-09-20 13:34:15,416: +CACHEDPARAM [/rosout_disable_topics_generation] by /rosbridge_websocket
[rosmaster.master][INFO] 2025-09-20 13:34:15,429: +CACHEDPARAM [/rosout_disable_topics_generation] by /rosbridge_websocket
[rosmaster.master][INFO] 2025-09-20 13:34:15,433: +CACHEDPARAM [/rosout_disable_topics_generation] by /rosbridge_websocket
[rosmaster.master][INFO] 2025-09-20 13:34:15,438: +CACHEDPARAM [/rosout_disable_topics_generation] by /rosbridge_websocket
[rosmaster.master][INFO] 2025-09-20 13:34:15,441: +CACHEDPARAM [/rosout_disable_topics_generation] by /rosbridge_websocket
[rosmaster.master][INFO] 2025-09-20 13:34:15,443: +CACHEDPARAM [/rosout_disable_topics_generation] by /rosbridge_websocket
[rosmaster.master][INFO] 2025-09-20 13:34:15,465: +CACHEDPARAM [/rosout_disable_topics_generation] by /rosbridge_websocket
[rosmaster.master][INFO] 2025-09-20 13:34:15,468: +CACHEDPARAM [/rosout_disable_topics_generation] by /rosbridge_websocket
[rosmaster.master][INFO] 2025-09-20 13:34:15,474: +CACHEDPARAM [/rosout_disable_topics_generation] by /rosbridge_websocket
[rosmaster.master][INFO] 2025-09-20 13:34:15,478: +CACHEDPARAM [/rosout_disable_topics_generation] by /rosbridge_websocket
[rosmaster.master][INFO] 2025-09-20 13:34:15,483: +CACHEDPARAM [/rosout_disable_topics_generation] by /rosbridge_websocket
[rosmaster.master][INFO] 2025-09-20 13:34:15,485: +CACHEDPARAM [/rosout_disable_topics_generation] by /rosbridge_websocket
[rosmaster.master][INFO] 2025-09-20 13:34:15,495: +CACHEDPARAM [/rosout_disable_topics_generation] by /rosbridge_websocket
[rosmaster.master][INFO] 2025-09-20 13:34:15,511: +CACHEDPARAM [/rosout_disable_topics_generation] by /rosbridge_websocket
[rosmaster.master][INFO] 2025-09-20 13:34:15,528: +CACHEDPARAM [/rosout_disable_topics_generation] by /rosbridge_websocket
[rosmaster.master][INFO] 2025-09-20 13:34:15,533: +CACHEDPARAM [/rosout_disable_topics_generation] by /rosbridge_websocket
[rosmaster.master][INFO] 2025-09-20 13:34:15,536: +CACHEDPARAM [/rosout_disable_topics_generation] by /rosbridge_websocket
[rosmaster.master][INFO] 2025-09-20 13:34:15,540: +CACHEDPARAM [/rosout_disable_topics_generation] by /rosbridge_websocket
[rosmaster.master][INFO] 2025-09-20 13:34:15,542: +CACHEDPARAM [/rosout_disable_topics_generation] by /rosbridge_websocket
[rosmaster.master][INFO] 2025-09-20 13:34:15,545: +CACHEDPARAM [/rosout_disable_topics_generation] by /rosbridge_websocket
[rosmaster.master][INFO] 2025-09-20 13:34:15,558: +CACHEDPARAM [/rosout_disable_topics_generation] by /rosbridge_websocket
[rosmaster.master][INFO] 2025-09-20 13:34:15,573: +CACHEDPARAM [/rosout_disable_topics_generation] by /rosbridge_websocket
[rosmaster.master][INFO] 2025-09-20 13:34:15,589: +CACHEDPARAM [/rosout_disable_topics_generation] by /rosbridge_websocket
[rosmaster.master][INFO] 2025-09-20 13:34:15,593: +CACHEDPARAM [/rosout_disable_topics_generation] by /rosbridge_websocket
[rosmaster.master][INFO] 2025-09-20 13:34:15,597: +CACHEDPARAM [/rosout_disable_topics_generation] by /rosbridge_websocket
[rosmaster.master][INFO] 2025-09-20 13:34:15,600: +CACHEDPARAM [/rosout_disable_topics_generation] by /rosbridge_websocket
[rosmaster.master][INFO] 2025-09-20 13:34:15,603: +CACHEDPARAM [/rosout_disable_topics_generation] by /rosbridge_websocket
[rosmaster.master][INFO] 2025-09-20 13:34:15,607: +CACHEDPARAM [/rosout_disable_topics_generation] by /rosbridge_websocket
[rosmaster.master][INFO] 2025-09-20 13:34:15,627: +CACHEDPARAM [/rosout_disable_topics_generation] by /rosbridge_websocket
[rosmaster.master][INFO] 2025-09-20 13:34:15,630: +CACHEDPARAM [/rosout_disable_topics_generation] by /rosbridge_websocket
[rosmaster.master][INFO] 2025-09-20 13:34:15,633: +CACHEDPARAM [/rosout_disable_topics_generation] by /rosbridge_websocket
[rosmaster.master][INFO] 2025-09-20 13:34:15,638: +CACHEDPARAM [/rosout_disable_topics_generation] by /rosbridge_websocket
[rosmaster.master][INFO] 2025-09-20 13:34:15,640: +CACHEDPARAM [/rosout_disable_topics_generation] by /rosbridge_websocket
[rosmaster.master][INFO] 2025-09-20 13:34:15,644: +CACHEDPARAM [/rosout_disable_topics_generation] by /rosbridge_websocket
[rosmaster.master][INFO] 2025-09-20 13:34:15,647: +CACHEDPARAM [/rosout_disable_topics_generation] by /rosbridge_websocket
[rosmaster.master][INFO] 2025-09-20 13:34:15,651: +CACHEDPARAM [/rosout_disable_topics_generation] by /rosbridge_websocket
[rosmaster.master][INFO] 2025-09-20 13:34:15,655: +CACHEDPARAM [/rosout_disable_topics_generation] by /rosbridge_websocket
[rosmaster.master][INFO] 2025-09-20 13:34:15,657: +CACHEDPARAM [/rosout_disable_topics_generation] by /rosbridge_websocket
[rosmaster.master][INFO] 2025-09-20 13:34:15,660: +CACHEDPARAM [/rosout_disable_topics_generation] by /rosbridge_websocket
[rosmaster.master][INFO] 2025-09-20 13:34:15,690: +CACHEDPARAM [/rosout_disable_topics_generation] by /rosbridge_websocket
[rosmaster.master][INFO] 2025-09-20 13:34:15,702: +CACHEDPARAM [/rosout_disable_topics_generation] by /rosbridge_websocket
[rosmaster.master][INFO] 2025-09-20 13:34:15,706: +CACHEDPARAM [/rosout_disable_topics_generation] by /rosbridge_websocket
[rosmaster.master][INFO] 2025-09-20 13:34:15,708: +CACHEDPARAM [/rosout_disable_topics_generation] by /rosbridge_websocket
[rosmaster.master][INFO] 2025-09-20 13:34:15,713: +CACHEDPARAM [/rosout_disable_topics_generation] by /rosbridge_websocket
[rosmaster.master][INFO] 2025-09-20 13:34:15,734: +CACHEDPARAM [/rosout_disable_topics_generation] by /rosbridge_websocket
[rosmaster.master][INFO] 2025-09-20 13:34:15,741: +CACHEDPARAM [/rosout_disable_topics_generation] by /rosbridge_websocket
[rosmaster.master][INFO] 2025-09-20 13:34:15,762: +CACHEDPARAM [/rosout_disable_topics_generation] by /rosbridge_websocket
[rosmaster.master][INFO] 2025-09-20 13:34:15,766: +CACHEDPARAM [/rosout_disable_topics_generation] by /rosbridge_websocket
[rosmaster.master][INFO] 2025-09-20 13:34:15,770: +CACHEDPARAM [/rosout_disable_topics_generation] by /rosbridge_websocket
[rosmaster.master][INFO] 2025-09-20 13:34:15,773: +CACHEDPARAM [/rosout_disable_topics_generation] by /rosbridge_websocket
[rosmaster.master][INFO] 2025-09-20 13:34:15,778: +CACHEDPARAM [/rosout_disable_topics_generation] by /rosbridge_websocket
[rosmaster.master][INFO] 2025-09-20 13:34:15,793: +CACHEDPARAM [/rosout_disable_topics_generation] by /rosbridge_websocket
[rosmaster.master][INFO] 2025-09-20 13:34:15,805: +CACHEDPARAM [/rosout_disable_topics_generation] by /rosbridge_websocket
[rosmaster.master][INFO] 2025-09-20 13:34:15,810: +CACHEDPARAM [/rosout_disable_topics_generation] by /rosbridge_websocket
[rosmaster.master][INFO] 2025-09-20 13:34:15,814: +CACHEDPARAM [/rosout_disable_topics_generation] by /rosbridge_websocket
[rosmaster.master][INFO] 2025-09-20 13:34:15,817: +CACHEDPARAM [/rosout_disable_topics_generation] by /rosbridge_websocket
[rosmaster.master][INFO] 2025-09-20 13:34:15,840: +CACHEDPARAM [/rosout_disable_topics_generation] by /rosbridge_websocket
[rosmaster.master][INFO] 2025-09-20 13:34:15,859: +CACHEDPARAM [/rosout_disable_topics_generation] by /rosbridge_websocket
[rosmaster.master][INFO] 2025-09-20 13:34:15,863: +CACHEDPARAM [/rosout_disable_topics_generation] by /rosbridge_websocket
[rosmaster.master][INFO] 2025-09-20 13:34:15,867: +CACHEDPARAM [/rosout_disable_topics_generation] by /rosbridge_websocket
[rosmaster.master][INFO] 2025-09-20 13:34:15,871: +CACHEDPARAM [/rosout_disable_topics_generation] by /rosbridge_websocket
[rosmaster.master][INFO] 2025-09-20 13:34:15,875: +CACHEDPARAM [/rosout_disable_topics_generation] by /rosbridge_websocket
[rosmaster.master][INFO] 2025-09-20 13:34:15,880: +CACHEDPARAM [/rosout_disable_topics_generation] by /rosbridge_websocket
[rosmaster.master][INFO] 2025-09-20 13:34:15,892: +CACHEDPARAM [/rosout_disable_topics_generation] by /rosbridge_websocket
[rosmaster.master][INFO] 2025-09-20 13:34:15,906: +CACHEDPARAM [/rosout_disable_topics_generation] by /rosbridge_websocket
[rosmaster.master][INFO] 2025-09-20 13:34:15,909: +CACHEDPARAM [/rosout_disable_topics_generation] by /rosbridge_websocket
[rosmaster.master][INFO] 2025-09-20 13:34:15,915: +CACHEDPARAM [/rosout_disable_topics_generation] by /rosbridge_websocket
[rosmaster.master][INFO] 2025-09-20 13:34:15,917: +CACHEDPARAM [/rosout_disable_topics_generation] by /rosbridge_websocket
[rosmaster.master][INFO] 2025-09-20 13:34:15,921: +CACHEDPARAM [/rosout_disable_topics_generation] by /rosbridge_websocket
[rosmaster.master][INFO] 2025-09-20 13:34:15,925: +CACHEDPARAM [/rosout_disable_topics_generation] by /rosbridge_websocket
[rosmaster.master][INFO] 2025-09-20 13:34:15,930: +CACHEDPARAM [/rosout_disable_topics_generation] by /rosbridge_websocket
[rosmaster.master][INFO] 2025-09-20 13:34:15,935: +CACHEDPARAM [/rosout_disable_topics_generation] by /rosbridge_websocket
[rosmaster.master][INFO] 2025-09-20 13:34:15,957: +CACHEDPARAM [/rosout_disable_topics_generation] by /rosbridge_websocket
[rosmaster.master][INFO] 2025-09-20 13:34:15,973: +CACHEDPARAM [/rosout_disable_topics_generation] by /rosbridge_websocket
[rosmaster.master][INFO] 2025-09-20 13:34:15,982: +CACHEDPARAM [/rosout_disable_topics_generation] by /rosbridge_websocket
[rosmaster.master][INFO] 2025-09-20 13:34:15,998: +CACHEDPARAM [/rosout_disable_topics_generation] by /rosbridge_websocket
[rosmaster.master][INFO] 2025-09-20 13:34:16,002: +CACHEDPARAM [/rosout_disable_topics_generation] by /rosbridge_websocket
[rosmaster.master][INFO] 2025-09-20 13:34:16,008: +CACHEDPARAM [/rosout_disable_topics_generation] by /rosbridge_websocket
[rosmaster.master][INFO] 2025-09-20 13:34:16,027: +CACHEDPARAM [/rosout_disable_topics_generation] by /rosbridge_websocket
[rosmaster.master][INFO] 2025-09-20 13:34:16,031: +CACHEDPARAM [/rosout_disable_topics_generation] by /rosbridge_websocket
[rosmaster.master][INFO] 2025-09-20 13:34:16,035: +CACHEDPARAM [/rosout_disable_topics_generation] by /rosbridge_websocket
[rosmaster.master][INFO] 2025-09-20 13:34:16,038: +CACHEDPARAM [/rosout_disable_topics_generation] by /rosbridge_websocket
[rosmaster.master][INFO] 2025-09-20 13:34:16,040: +CACHEDPARAM [/rosout_disable_topics_generation] by /rosbridge_websocket
[rosmaster.master][INFO] 2025-09-20 13:34:16,044: +CACHEDPARAM [/rosout_disable_topics_generation] by /rosbridge_websocket
[rosmaster.master][INFO] 2025-09-20 13:34:16,055: +CACHEDPARAM [/rosout_disable_topics_generation] by /rosbridge_websocket
[rosmaster.master][INFO] 2025-09-20 13:34:16,066: +CACHEDPARAM [/rosout_disable_topics_generation] by /rosbridge_websocket
[rosmaster.master][INFO] 2025-09-20 13:34:16,076: +CACHEDPARAM [/rosout_disable_topics_generation] by /rosbridge_websocket
[rosmaster.master][INFO] 2025-09-20 13:34:16,088: +CACHEDPARAM [/rosout_disable_topics_generation] by /rosbridge_websocket
[rosmaster.master][INFO] 2025-09-20 13:34:16,092: +CACHEDPARAM [/rosout_disable_topics_generation] by /rosbridge_websocket
[rosmaster.master][INFO] 2025-09-20 13:34:16,095: +CACHEDPARAM [/rosout_disable_topics_generation] by /rosbridge_websocket
[rosmaster.master][INFO] 2025-09-20 13:34:16,100: +CACHEDPARAM [/rosout_disable_topics_generation] by /rosbridge_websocket
[rosmaster.master][INFO] 2025-09-20 13:34:16,103: +CACHEDPARAM [/rosout_disable_topics_generation] by /rosbridge_websocket
[rosmaster.master][INFO] 2025-09-20 13:34:16,115: +CACHEDPARAM [/rosout_disable_topics_generation] by /rosbridge_websocket
[rosmaster.master][INFO] 2025-09-20 13:34:16,127: +CACHEDPARAM [/rosout_disable_topics_generation] by /rosbridge_websocket
[rosmaster.master][INFO] 2025-09-20 13:34:16,131: +CACHEDPARAM [/rosout_disable_topics_generation] by /rosbridge_websocket
[rosmaster.master][INFO] 2025-09-20 13:34:16,133: +CACHEDPARAM [/rosout_disable_topics_generation] by /rosbridge_websocket
[rosmaster.master][INFO] 2025-09-20 13:34:16,136: +CACHEDPARAM [/rosout_disable_topics_generation] by /rosbridge_websocket
[rosmaster.master][INFO] 2025-09-20 13:34:16,139: +CACHEDPARAM [/rosout_disable_topics_generation] by /rosbridge_websocket
[rosmaster.master][INFO] 2025-09-20 13:34:16,143: +CACHEDPARAM [/rosout_disable_topics_generation] by /rosbridge_websocket
[rosmaster.master][INFO] 2025-09-20 13:34:16,147: +CACHEDPARAM [/rosout_disable_topics_generation] by /rosbridge_websocket
[rosmaster.master][INFO] 2025-09-20 13:34:16,149: +CACHEDPARAM [/rosout_disable_topics_generation] by /rosbridge_websocket
[rosmaster.master][INFO] 2025-09-20 13:34:16,167: +CACHEDPARAM [/rosout_disable_topics_generation] by /rosbridge_websocket
[rosmaster.master][INFO] 2025-09-20 13:34:16,171: +CACHEDPARAM [/rosout_disable_topics_generation] by /rosbridge_websocket
[rosmaster.master][INFO] 2025-09-20 13:34:16,173: +CACHEDPARAM [/rosout_disable_topics_generation] by /rosbridge_websocket
[rosmaster.master][INFO] 2025-09-20 13:34:16,177: +CACHEDPARAM [/rosout_disable_topics_generation] by /rosbridge_websocket
[rosmaster.master][INFO] 2025-09-20 13:34:16,180: +CACHEDPARAM [/rosout_disable_topics_generation] by /rosbridge_websocket
[rosmaster.master][INFO] 2025-09-20 13:34:16,182: +CACHEDPARAM [/rosout_disable_topics_generation] by /rosbridge_websocket
[rosmaster.master][INFO] 2025-09-20 13:34:16,185: +CACHEDPARAM [/rosout_disable_topics_generation] by /rosbridge_websocket
[rosmaster.master][INFO] 2025-09-20 13:34:16,189: +CACHEDPARAM [/rosout_disable_topics_generation] by /rosbridge_websocket
[rosmaster.master][INFO] 2025-09-20 13:34:16,191: +CACHEDPARAM [/rosout_disable_topics_generation] by /rosbridge_websocket
[rosmaster.master][INFO] 2025-09-20 13:34:16,193: +CACHEDPARAM [/rosout_disable_topics_generation] by /rosbridge_websocket
[rosmaster.master][INFO] 2025-09-20 13:34:16,198: +CACHEDPARAM [/rosout_disable_topics_generation] by /rosbridge_websocket
[rosmaster.master][INFO] 2025-09-20 13:34:16,201: +CACHEDPARAM [/rosout_disable_topics_generation] by /rosbridge_websocket
[rosmaster.master][INFO] 2025-09-20 13:34:16,217: +CACHEDPARAM [/rosout_disable_topics_generation] by /rosbridge_websocket
[rosmaster.master][INFO] 2025-09-20 13:34:16,233: +CACHEDPARAM [/rosout_disable_topics_generation] by /rosbridge_websocket
[rosmaster.master][INFO] 2025-09-20 13:34:16,242: +CACHEDPARAM [/rosout_disable_topics_generation] by /rosbridge_websocket
[rosmaster.master][INFO] 2025-09-20 13:34:16,246: +CACHEDPARAM [/rosout_disable_topics_generation] by /rosbridge_websocket
[rosmaster.master][INFO] 2025-09-20 13:34:16,249: +CACHEDPARAM [/rosout_disable_topics_generation] by /rosbridge_websocket
[rosmaster.master][INFO] 2025-09-20 13:34:16,255: +CACHEDPARAM [/rosout_disable_topics_generation] by /rosbridge_websocket
[rosmaster.master][INFO] 2025-09-20 13:34:16,269: +CACHEDPARAM [/rosout_disable_topics_generation] by /rosbridge_websocket
[rosmaster.master][INFO] 2025-09-20 13:34:16,275: +CACHEDPARAM [/rosout_disable_topics_generation] by /rosbridge_websocket
[rosmaster.master][INFO] 2025-09-20 13:34:16,292: +CACHEDPARAM [/rosout_disable_topics_generation] by /rosbridge_websocket
[rosmaster.master][INFO] 2025-09-20 13:34:16,294: +CACHEDPARAM [/rosout_disable_topics_generation] by /rosbridge_websocket
[rosmaster.master][INFO] 2025-09-20 13:34:16,300: +CACHEDPARAM [/rosout_disable_topics_generation] by /rosbridge_websocket
[rosmaster.master][INFO] 2025-09-20 13:34:16,304: +CACHEDPARAM [/rosout_disable_topics_generation] by /rosbridge_websocket
[rosmaster.master][INFO] 2025-09-20 13:34:16,307: +CACHEDPARAM [/rosout_disable_topics_generation] by /rosbridge_websocket
[rosmaster.master][INFO] 2025-09-20 13:34:16,310: +CACHEDPARAM [/rosout_disable_topics_generation] by /rosbridge_websocket
[rosmaster.master][INFO] 2025-09-20 13:34:16,312: +CACHEDPARAM [/rosout_disable_topics_generation] by /rosbridge_websocket
[rosmaster.master][INFO] 2025-09-20 13:34:16,314: +CACHEDPARAM [/rosout_disable_topics_generation] by /rosbridge_websocket
[rosmaster.master][INFO] 2025-09-20 13:34:16,318: +CACHEDPARAM [/rosout_disable_topics_generation] by /rosbridge_websocket
[rosmaster.master][INFO] 2025-09-20 13:34:16,335: +CACHEDPARAM [/rosout_disable_topics_generation] by /rosbridge_websocket
[rosmaster.master][INFO] 2025-09-20 13:34:16,341: +CACHEDPARAM [/rosout_disable_topics_generation] by /rosbridge_websocket
[rosmaster.master][INFO] 2025-09-20 13:34:16,359: +CACHEDPARAM [/rosout_disable_topics_generation] by /rosbridge_websocket
[rosmaster.master][INFO] 2025-09-20 13:34:16,362: +CACHEDPARAM [/rosout_disable_topics_generation] by /rosbridge_websocket
[rosmaster.master][INFO] 2025-09-20 13:34:16,367: +CACHEDPARAM [/rosout_disable_topics_generation] by /rosbridge_websocket
[rosmaster.master][INFO] 2025-09-20 13:34:16,369: +CACHEDPARAM [/rosout_disable_topics_generation] by /rosbridge_websocket
[rosmaster.master][INFO] 2025-09-20 13:34:16,373: +CACHEDPARAM [/rosout_disable_topics_generation] by /rosbridge_websocket
[rosmaster.master][INFO] 2025-09-20 13:34:16,377: +CACHEDPARAM [/rosout_disable_topics_generation] by /rosbridge_websocket
[rosmaster.master][INFO] 2025-09-20 13:34:16,395: +CACHEDPARAM [/rosout_disable_topics_generation] by /rosbridge_websocket
[rosmaster.master][INFO] 2025-09-20 13:34:16,399: +CACHEDPARAM [/rosout_disable_topics_generation] by /rosbridge_websocket
[rosmaster.master][INFO] 2025-09-20 13:34:16,404: +CACHEDPARAM [/rosout_disable_topics_generation] by /rosbridge_websocket
[rosmaster.master][INFO] 2025-09-20 13:34:16,406: +CACHEDPARAM [/rosout_disable_topics_generation] by /rosbridge_websocket
[rosmaster.master][INFO] 2025-09-20 13:34:16,409: +CACHEDPARAM [/rosout_disable_topics_generation] by /rosbridge_websocket
[rosmaster.master][INFO] 2025-09-20 13:34:16,411: +CACHEDPARAM [/rosout_disable_topics_generation] by /rosbridge_websocket
[rosmaster.master][INFO] 2025-09-20 13:34:16,416: +CACHEDPARAM [/rosout_disable_topics_generation] by /rosbridge_websocket
[rosmaster.master][INFO] 2025-09-20 13:34:16,434: +CACHEDPARAM [/rosout_disable_topics_generation] by /rosbridge_websocket
[rosmaster.master][INFO] 2025-09-20 13:34:16,438: +CACHEDPARAM [/rosout_disable_topics_generation] by /rosbridge_websocket
[rosmaster.master][INFO] 2025-09-20 13:34:16,453: +CACHEDPARAM [/rosout_disable_topics_generation] by /rosbridge_websocket
[rosmaster.master][INFO] 2025-09-20 13:34:16,459: +CACHEDPARAM [/rosout_disable_topics_generation] by /rosbridge_websocket
[rosmaster.master][INFO] 2025-09-20 13:34:16,461: +CACHEDPARAM [/rosout_disable_topics_generation] by /rosbridge_websocket
[rosmaster.master][INFO] 2025-09-20 13:34:16,466: +CACHEDPARAM [/rosout_disable_topics_generation] by /rosbridge_websocket
[rosmaster.master][INFO] 2025-09-20 13:34:16,469: +CACHEDPARAM [/rosout_disable_topics_generation] by /rosbridge_websocket
[rosmaster.master][INFO] 2025-09-20 13:34:16,472: +CACHEDPARAM [/rosout_disable_topics_generation] by /rosbridge_websocket
[rosmaster.master][INFO] 2025-09-20 13:34:16,477: +CACHEDPARAM [/rosout_disable_topics_generation] by /rosbridge_websocket
[rosmaster.master][INFO] 2025-09-20 13:34:16,486: +CACHEDPARAM [/rosout_disable_topics_generation] by /rosbridge_websocket
[rosmaster.master][INFO] 2025-09-20 13:34:16,496: +CACHEDPARAM [/rosout_disable_topics_generation] by /rosbridge_websocket
[rosmaster.master][INFO] 2025-09-20 13:34:16,498: +CACHEDPARAM [/rosout_disable_topics_generation] by /rosbridge_websocket
[rosmaster.master][INFO] 2025-09-20 13:34:16,503: +CACHEDPARAM [/rosout_disable_topics_generation] by /rosbridge_websocket
[rosmaster.master][INFO] 2025-09-20 13:34:16,506: +CACHEDPARAM [/rosout_disable_topics_generation] by /rosbridge_websocket
[rosmaster.master][INFO] 2025-09-20 13:34:16,509: +CACHEDPARAM [/rosout_disable_topics_generation] by /rosbridge_websocket
[rosmaster.master][INFO] 2025-09-20 13:34:16,511: +CACHEDPARAM [/rosout_disable_topics_generation] by /rosbridge_websocket
[rosmaster.master][INFO] 2025-09-20 13:34:16,515: +CACHEDPARAM [/rosout_disable_topics_generation] by /rosbridge_websocket
[rosmaster.master][INFO] 2025-09-20 13:34:16,532: +CACHEDPARAM [/rosout_disable_topics_generation] by /rosbridge_websocket
[rosmaster.master][INFO] 2025-09-20 13:34:16,537: +CACHEDPARAM [/rosout_disable_topics_generation] by /rosbridge_websocket
[rosmaster.master][INFO] 2025-09-20 13:34:16,540: +CACHEDPARAM [/rosout_disable_topics_generation] by /rosbridge_websocket
[rosmaster.master][INFO] 2025-09-20 13:34:16,559: +CACHEDPARAM [/rosout_disable_topics_generation] by /rosbridge_websocket
[rosmaster.master][INFO] 2025-09-20 13:34:16,563: +CACHEDPARAM [/rosout_disable_topics_generation] by /rosbridge_websocket
[rosmaster.master][INFO] 2025-09-20 13:34:16,567: +CACHEDPARAM [/rosout_disable_topics_generation] by /rosbridge_websocket
[rosmaster.master][INFO] 2025-09-20 13:34:16,570: +CACHEDPARAM [/rosout_disable_topics_generation] by /rosbridge_websocket
[rosmaster.master][INFO] 2025-09-20 13:34:16,574: +CACHEDPARAM [/rosout_disable_topics_generation] by /rosbridge_websocket
[rosmaster.master][INFO] 2025-09-20 13:34:16,577: +CACHEDPARAM [/rosout_disable_topics_generation] by /rosbridge_websocket
[rosmaster.master][INFO] 2025-09-20 13:34:16,580: +CACHEDPARAM [/rosout_disable_topics_generation] by /rosbridge_websocket
[rosmaster.master][INFO] 2025-09-20 13:34:16,599: +CACHEDPARAM [/rosout_disable_topics_generation] by /rosbridge_websocket
[rosmaster.master][INFO] 2025-09-20 13:34:16,604: +CACHEDPARAM [/rosout_disable_topics_generation] by /rosbridge_websocket
[rosmaster.master][INFO] 2025-09-20 13:34:16,607: +CACHEDPARAM [/rosout_disable_topics_generation] by /rosbridge_websocket
[rosmaster.master][INFO] 2025-09-20 13:34:16,611: +CACHEDPARAM [/rosout_disable_topics_generation] by /rosbridge_websocket
[rosmaster.master][INFO] 2025-09-20 13:34:16,614: +CACHEDPARAM [/rosout_disable_topics_generation] by /rosbridge_websocket
[rosmaster.master][INFO] 2025-09-20 13:34:16,616: +CACHEDPARAM [/rosout_disable_topics_generation] by /rosbridge_websocket
[rosmaster.master][INFO] 2025-09-20 13:34:16,633: +CACHEDPARAM [/rosout_disable_topics_generation] by /rosbridge_websocket
[rosmaster.master][INFO] 2025-09-20 13:34:16,642: +CACHEDPARAM [/rosout_disable_topics_generation] by /rosbridge_websocket
[rosmaster.master][INFO] 2025-09-20 13:34:16,645: +CACHEDPARAM [/rosout_disable_topics_generation] by /rosbridge_websocket
[rosmaster.master][INFO] 2025-09-20 13:34:16,650: +CACHEDPARAM [/rosout_disable_topics_generation] by /rosbridge_websocket
[rosmaster.master][INFO] 2025-09-20 13:34:16,652: +CACHEDPARAM [/rosout_disable_topics_generation] by /rosbridge_websocket
[rosmaster.master][INFO] 2025-09-20 13:34:16,669: +CACHEDPARAM [/rosout_disable_topics_generation] by /rosbridge_websocket
[rosmaster.master][INFO] 2025-09-20 13:34:16,672: +CACHEDPARAM [/rosout_disable_topics_generation] by /rosbridge_websocket
[rosmaster.master][INFO] 2025-09-20 13:34:16,675: +CACHEDPARAM [/rosout_disable_topics_generation] by /rosbridge_websocket
[rosmaster.master][INFO] 2025-09-20 13:34:16,687: +CACHEDPARAM [/rosout_disable_topics_generation] by /rosbridge_websocket
[rosmaster.master][INFO] 2025-09-20 13:34:16,699: +CACHEDPARAM [/rosout_disable_topics_generation] by /rosbridge_websocket
[rosmaster.master][INFO] 2025-09-20 13:34:16,716: +CACHEDPARAM [/rosout_disable_topics_generation] by /rosbridge_websocket
[rosmaster.master][INFO] 2025-09-20 13:34:16,721: +CACHEDPARAM [/rosout_disable_topics_generation] by /rosbridge_websocket
[rosmaster.master][INFO] 2025-09-20 13:34:16,725: +CACHEDPARAM [/rosout_disable_topics_generation] by /rosbridge_websocket
[rosmaster.master][INFO] 2025-09-20 13:34:16,728: +CACHEDPARAM [/rosout_disable_topics_generation] by /rosbridge_websocket
[rosmaster.master][INFO] 2025-09-20 13:34:16,732: +CACHEDPARAM [/rosout_disable_topics_generation] by /rosbridge_websocket
[rosmaster.master][INFO] 2025-09-20 13:34:16,734: +CACHEDPARAM [/rosout_disable_topics_generation] by /rosbridge_websocket
[rosmaster.master][INFO] 2025-09-20 13:34:16,736: +CACHEDPARAM [/rosout_disable_topics_generation] by /rosbridge_websocket
[rosmaster.master][INFO] 2025-09-20 13:34:16,739: +CACHEDPARAM [/rosout_disable_topics_generation] by /rosbridge_websocket
[rosmaster.master][INFO] 2025-09-20 13:34:16,746: +CACHEDPARAM [/rosout_disable_topics_generation] by /rosbridge_websocket
[rosmaster.master][INFO] 2025-09-20 13:34:16,762: +CACHEDPARAM [/rosout_disable_topics_generation] by /rosbridge_websocket
[rosmaster.master][INFO] 2025-09-20 13:34:16,767: +CACHEDPARAM [/rosout_disable_topics_generation] by /rosbridge_websocket
[rosmaster.master][INFO] 2025-09-20 13:34:16,770: +CACHEDPARAM [/rosout_disable_topics_generation] by /rosbridge_websocket
[rosmaster.master][INFO] 2025-09-20 13:34:16,773: +CACHEDPARAM [/rosout_disable_topics_generation] by /rosbridge_websocket
[rosmaster.master][INFO] 2025-09-20 13:34:16,777: +CACHEDPARAM [/rosout_disable_topics_generation] by /rosbridge_websocket
[rosmaster.master][INFO] 2025-09-20 13:34:16,782: +CACHEDPARAM [/rosout_disable_topics_generation] by /rosbridge_websocket
[rosmaster.master][INFO] 2025-09-20 13:34:16,785: +CACHEDPARAM [/rosout_disable_topics_generation] by /rosbridge_websocket
[rosmaster.master][INFO] 2025-09-20 13:34:16,787: +CACHEDPARAM [/rosout_disable_topics_generation] by /rosbridge_websocket
[rosmaster.master][INFO] 2025-09-20 13:34:16,806: +CACHEDPARAM [/rosout_disable_topics_generation] by /rosbridge_websocket
[rosmaster.master][INFO] 2025-09-20 13:34:16,820: +CACHEDPARAM [/rosout_disable_topics_generation] by /rosbridge_websocket
[rosmaster.master][INFO] 2025-09-20 13:34:16,830: +CACHEDPARAM [/rosout_disable_topics_generation] by /rosbridge_websocket
[rosmaster.master][INFO] 2025-09-20 13:34:16,832: +CACHEDPARAM [/rosout_disable_topics_generation] by /rosbridge_websocket
[rosmaster.master][INFO] 2025-09-20 13:34:16,834: +CACHEDPARAM [/rosout_disable_topics_generation] by /rosbridge_websocket
[rosmaster.master][INFO] 2025-09-20 13:34:16,837: +CACHEDPARAM [/rosout_disable_topics_generation] by /rosbridge_websocket
[rosmaster.master][INFO] 2025-09-20 13:34:16,841: +CACHEDPARAM [/rosout_disable_topics_generation] by /rosbridge_websocket
[rosmaster.master][INFO] 2025-09-20 13:34:16,859: +CACHEDPARAM [/rosout_disable_topics_generation] by /rosbridge_websocket
[rosmaster.master][INFO] 2025-09-20 13:34:16,861: +CACHEDPARAM [/rosout_disable_topics_generation] by /rosbridge_websocket
[rosmaster.master][INFO] 2025-09-20 13:34:16,866: +CACHEDPARAM [/rosout_disable_topics_generation] by /rosbridge_websocket
[rosmaster.master][INFO] 2025-09-20 13:34:16,870: +CACHEDPARAM [/rosout_disable_topics_generation] by /rosbridge_websocket
[rosmaster.master][INFO] 2025-09-20 13:34:16,872: +CACHEDPARAM [/rosout_disable_topics_generation] by /rosbridge_websocket
[rosmaster.master][INFO] 2025-09-20 13:34:16,875: +CACHEDPARAM [/rosout_disable_topics_generation] by /rosbridge_websocket
[rosmaster.master][INFO] 2025-09-20 13:34:16,877: +CACHEDPARAM [/rosout_disable_topics_generation] by /rosbridge_websocket
[rosmaster.master][INFO] 2025-09-20 13:34:16,882: +CACHEDPARAM [/rosout_disable_topics_generation] by /rosbridge_websocket
[rosmaster.master][INFO] 2025-09-20 13:34:16,902: +CACHEDPARAM [/rosout_disable_topics_generation] by /rosbridge_websocket
[rosmaster.master][INFO] 2025-09-20 13:34:16,921: +CACHEDPARAM [/rosout_disable_topics_generation] by /rosbridge_websocket
[rosmaster.master][INFO] 2025-09-20 13:34:16,924: +CACHEDPARAM [/rosout_disable_topics_generation] by /rosbridge_websocket
[rosmaster.master][INFO] 2025-09-20 13:34:16,928: +CACHEDPARAM [/rosout_disable_topics_generation] by /rosbridge_websocket
[rosmaster.master][INFO] 2025-09-20 13:34:16,931: +CACHEDPARAM [/rosout_disable_topics_generation] by /rosbridge_websocket
[rosmaster.master][INFO] 2025-09-20 13:34:16,934: +CACHEDPARAM [/rosout_disable_topics_generation] by /rosbridge_websocket
[rosmaster.master][INFO] 2025-09-20 13:34:16,937: +CACHEDPARAM [/rosout_disable_topics_generation] by /rosbridge_websocket
[rosmaster.master][INFO] 2025-09-20 13:34:16,956: +CACHEDPARAM [/rosout_disable_topics_generation] by /rosbridge_websocket
[rosmaster.master][INFO] 2025-09-20 13:34:16,959: +CACHEDPARAM [/rosout_disable_topics_generation] by /rosbridge_websocket
[rosmaster.master][INFO] 2025-09-20 13:34:16,962: +CACHEDPARAM [/rosout_disable_topics_generation] by /rosbridge_websocket
[rosmaster.master][INFO] 2025-09-20 13:34:16,965: +CACHEDPARAM [/rosout_disable_topics_generation] by /rosbridge_websocket
[rosmaster.master][INFO] 2025-09-20 13:34:16,969: +CACHEDPARAM [/rosout_disable_topics_generation] by /rosbridge_websocket
[rosmaster.master][INFO] 2025-09-20 13:34:16,972: +CACHEDPARAM [/rosout_disable_topics_generation] by /rosbridge_websocket
[rosmaster.master][INFO] 2025-09-20 13:34:16,975: +CACHEDPARAM [/rosout_disable_topics_generation] by /rosbridge_websocket
[rosmaster.master][INFO] 2025-09-20 13:34:16,978: +CACHEDPARAM [/rosout_disable_topics_generation] by /rosbridge_websocket
[rosmaster.master][INFO] 2025-09-20 13:34:16,984: +CACHEDPARAM [/rosout_disable_topics_generation] by /rosbridge_websocket
[rosmaster.master][INFO] 2025-09-20 13:34:16,987: +CACHEDPARAM [/rosout_disable_topics_generation] by /rosbridge_websocket
[rosmaster.master][INFO] 2025-09-20 13:34:16,990: +CACHEDPARAM [/rosout_disable_topics_generation] by /rosbridge_websocket
[rosmaster.master][INFO] 2025-09-20 13:34:16,992: +CACHEDPARAM [/rosout_disable_topics_generation] by /rosbridge_websocket
[rosmaster.master][INFO] 2025-09-20 13:34:16,996: +CACHEDPARAM [/rosout_disable_topics_generation] by /rosbridge_websocket
[rosmaster.master][INFO] 2025-09-20 13:34:17,000: +CACHEDPARAM [/rosout_disable_topics_generation] by /rosbridge_websocket
[rosmaster.master][INFO] 2025-09-20 13:34:17,017: +CACHEDPARAM [/rosout_disable_topics_generation] by /rosbridge_websocket
[rosmaster.master][INFO] 2025-09-20 13:34:17,034: +CACHEDPARAM [/rosout_disable_topics_generation] by /rosbridge_websocket
[rosmaster.master][INFO] 2025-09-20 13:34:17,040: +CACHEDPARAM [/rosout_disable_topics_generation] by /rosbridge_websocket
[rosmaster.master][INFO] 2025-09-20 13:34:17,044: +CACHEDPARAM [/rosout_disable_topics_generation] by /rosbridge_websocket
[rosmaster.master][INFO] 2025-09-20 13:34:17,055: +CACHEDPARAM [/rosout_disable_topics_generation] by /rosbridge_websocket
[rosmaster.master][INFO] 2025-09-20 13:34:17,070: +CACHEDPARAM [/rosout_disable_topics_generation] by /rosbridge_websocket
[rosmaster.master][INFO] 2025-09-20 13:34:17,075: +CACHEDPARAM [/rosout_disable_topics_generation] by /rosbridge_websocket
[rosmaster.master][INFO] 2025-09-20 13:34:17,078: +CACHEDPARAM [/rosout_disable_topics_generation] by /rosbridge_websocket
[rosmaster.master][INFO] 2025-09-20 13:34:17,084: +CACHEDPARAM [/rosout_disable_topics_generation] by /rosbridge_websocket
[rosmaster.master][INFO] 2025-09-20 13:34:17,086: +CACHEDPARAM [/rosout_disable_topics_generation] by /rosbridge_websocket
[rosmaster.master][INFO] 2025-09-20 13:34:17,089: +CACHEDPARAM [/rosout_disable_topics_generation] by /rosbridge_websocket
[rosmaster.master][INFO] 2025-09-20 13:34:17,091: +CACHEDPARAM [/rosout_disable_topics_generation] by /rosbridge_websocket
[rosmaster.master][INFO] 2025-09-20 13:34:17,095: +CACHEDPARAM [/rosout_disable_topics_generation] by /rosbridge_websocket
[rosmaster.master][INFO] 2025-09-20 13:34:17,098: +CACHEDPARAM [/rosout_disable_topics_generation] by /rosbridge_websocket
[rosmaster.master][INFO] 2025-09-20 13:34:17,102: +CACHEDPARAM [/rosout_disable_topics_generation] by /rosbridge_websocket
[rosmaster.master][INFO] 2025-09-20 13:34:17,124: +CACHEDPARAM [/rosout_disable_topics_generation] by /rosbridge_websocket
[rosmaster.master][INFO] 2025-09-20 13:34:17,132: +CACHEDPARAM [/rosout_disable_topics_generation] by /rosbridge_websocket
[rosmaster.master][INFO] 2025-09-20 13:34:17,147: +CACHEDPARAM [/rosout_disable_topics_generation] by /rosbridge_websocket
[rosmaster.master][INFO] 2025-09-20 13:34:17,154: +CACHEDPARAM [/rosout_disable_topics_generation] by /rosbridge_websocket
[rosmaster.master][INFO] 2025-09-20 13:34:17,164: +CACHEDPARAM [/rosout_disable_topics_generation] by /rosbridge_websocket
[rosmaster.master][INFO] 2025-09-20 13:34:17,183: +CACHEDPARAM [/rosout_disable_topics_generation] by /rosbridge_websocket
[rosmaster.master][INFO] 2025-09-20 13:34:17,190: +CACHEDPARAM [/rosout_disable_topics_generation] by /rosbridge_websocket
[rosmaster.master][INFO] 2025-09-20 13:34:17,194: +CACHEDPARAM [/rosout_disable_topics_generation] by /rosbridge_websocket
[rosmaster.master][INFO] 2025-09-20 13:34:17,198: +CACHEDPARAM [/rosout_disable_topics_generation] by /rosbridge_websocket
[rosmaster.master][INFO] 2025-09-20 13:34:17,202: +CACHEDPARAM [/rosout_disable_topics_generation] by /rosbridge_websocket
[rosmaster.master][INFO] 2025-09-20 13:34:17,205: +CACHEDPARAM [/rosout_disable_topics_generation] by /rosbridge_websocket
[rosmaster.master][INFO] 2025-09-20 13:34:17,210: +CACHEDPARAM [/rosout_disable_topics_generation] by /rosbridge_websocket
[rosmaster.master][INFO] 2025-09-20 13:34:17,229: -PUB [/rosout] /rosapi http://172.22.52.56:43143/
[rosmaster.master][INFO] 2025-09-20 13:34:17,230: -SERVICE [/rosapi/get_loggers] /rosapi rosrpc://172.22.52.56:45895
[rosmaster.master][INFO] 2025-09-20 13:34:17,230: publisherUpdate[/rosout] -> http://172.22.52.56:44147/ ['http://172.22.52.56:39493/']
[rosmaster.master][INFO] 2025-09-20 13:34:17,231: -SERVICE [/rosapi/set_logger_level] /rosapi rosrpc://172.22.52.56:45895
[rosmaster.master][INFO] 2025-09-20 13:34:17,233: +CACHEDPARAM [/rosout_disable_topics_generation] by /rosbridge_websocket
[rosmaster.master][INFO] 2025-09-20 13:34:17,233: publisherUpdate[/rosout] -> http://172.22.52.56:44147/ ['http://172.22.52.56:39493/']: sec=0.00, result=[1, '', 0]
[rosmaster.master][INFO] 2025-09-20 13:34:17,234: -SERVICE [/rosapi/topics] /rosapi rosrpc://172.22.52.56:45895
[rosmaster.master][INFO] 2025-09-20 13:34:17,236: -PUB [/rosout] /rosbridge_websocket http://172.22.52.56:39493/
[rosmaster.master][INFO] 2025-09-20 13:34:17,237: -SERVICE [/rosapi/topics_for_type] /rosapi rosrpc://172.22.52.56:45895
[rosmaster.master][INFO] 2025-09-20 13:34:17,237: -PUB [/client_count] /rosbridge_websocket http://172.22.52.56:39493/
[rosmaster.master][INFO] 2025-09-20 13:34:17,237: -SERVICE [/rosapi/services] /rosapi rosrpc://172.22.52.56:45895
[rosmaster.master][INFO] 2025-09-20 13:34:17,238: publisherUpdate[/rosout] -> http://172.22.52.56:44147/ []
[rosmaster.master][INFO] 2025-09-20 13:34:17,238: -PUB [/connected_clients] /rosbridge_websocket http://172.22.52.56:39493/
[rosmaster.master][INFO] 2025-09-20 13:34:17,239: -SERVICE [/rosapi/services_for_type] /rosapi rosrpc://172.22.52.56:45895
[rosmaster.master][INFO] 2025-09-20 13:34:17,239: publisherUpdate[/rosout] -> http://172.22.52.56:44147/ []: sec=0.00, result=[1, '', 0]
[rosmaster.master][INFO] 2025-09-20 13:34:17,240: -PUB [/image_jpeg/compressed] /rosbridge_websocket http://172.22.52.56:39493/
[rosmaster.master][INFO] 2025-09-20 13:34:17,240: -SERVICE [/rosapi/nodes] /rosapi rosrpc://172.22.52.56:45895
[rosmaster.master][INFO] 2025-09-20 13:34:17,241: -SERVICE [/rosapi/node_details] /rosapi rosrpc://172.22.52.56:45895
[rosmaster.master][INFO] 2025-09-20 13:34:17,241: -SERVICE [/rosbridge_websocket/get_loggers] /rosbridge_websocket rosrpc://172.22.52.56:37469
[rosmaster.master][INFO] 2025-09-20 13:34:17,241: -SERVICE [/rosapi/action_servers] /rosapi rosrpc://172.22.52.56:45895
[rosmaster.master][INFO] 2025-09-20 13:34:17,241: -SERVICE [/rosbridge_websocket/set_logger_level] /rosbridge_websocket rosrpc://172.22.52.56:37469
[rosmaster.master][INFO] 2025-09-20 13:34:17,242: -SERVICE [/rosapi/topic_type] /rosapi rosrpc://172.22.52.56:45895
[rosmaster.master][INFO] 2025-09-20 13:34:17,242: -SERVICE [/Service_MoraiEventCmd] /rosbridge_websocket rosrpc://172.22.52.56:37469
[rosmaster.master][INFO] 2025-09-20 13:34:17,242: -SERVICE [/rosapi/service_type] /rosapi rosrpc://172.22.52.56:45895
[rosmaster.master][INFO] 2025-09-20 13:34:17,242: -SERVICE [/rosapi/publishers] /rosapi rosrpc://172.22.52.56:45895
[rosmaster.master][INFO] 2025-09-20 13:34:17,243: -SERVICE [/rosapi/subscribers] /rosapi rosrpc://172.22.52.56:45895
[rosmaster.master][INFO] 2025-09-20 13:34:17,243: -SERVICE [/rosapi/service_providers] /rosapi rosrpc://172.22.52.56:45895
[rosmaster.master][INFO] 2025-09-20 13:34:17,243: -SERVICE [/rosapi/service_node] /rosapi rosrpc://172.22.52.56:45895
[rosmaster.master][INFO] 2025-09-20 13:34:17,243: -SERVICE [/rosapi/service_host] /rosapi rosrpc://172.22.52.56:45895
[rosmaster.master][INFO] 2025-09-20 13:34:17,244: -SERVICE [/rosapi/message_details] /rosapi rosrpc://172.22.52.56:45895
[rosmaster.master][INFO] 2025-09-20 13:34:17,244: -SERVICE [/rosapi/service_request_details] /rosapi rosrpc://172.22.52.56:45895
[rosmaster.master][INFO] 2025-09-20 13:34:17,244: -SERVICE [/rosapi/service_response_details] /rosapi rosrpc://172.22.52.56:45895
[rosmaster.master][INFO] 2025-09-20 13:34:17,244: -SERVICE [/rosapi/set_param] /rosapi rosrpc://172.22.52.56:45895
[rosmaster.master][INFO] 2025-09-20 13:34:17,244: -SERVICE [/rosapi/get_param] /rosapi rosrpc://172.22.52.56:45895
[rosmaster.master][INFO] 2025-09-20 13:34:17,244: -SERVICE [/rosapi/has_param] /rosapi rosrpc://172.22.52.56:45895
[rosmaster.master][INFO] 2025-09-20 13:34:17,245: -SERVICE [/rosapi/search_param] /rosapi rosrpc://172.22.52.56:45895
[rosmaster.master][INFO] 2025-09-20 13:34:17,245: -SERVICE [/rosapi/delete_param] /rosapi rosrpc://172.22.52.56:45895
[rosmaster.master][INFO] 2025-09-20 13:34:17,245: -SERVICE [/rosapi/get_param_names] /rosapi rosrpc://172.22.52.56:45895
[rosmaster.master][INFO] 2025-09-20 13:34:17,245: -SERVICE [/rosapi/get_time] /rosapi rosrpc://172.22.52.56:45895
[rosmaster.master][INFO] 2025-09-20 13:34:17,245: -SERVICE [/rosapi/topics_and_raw_types] /rosapi rosrpc://172.22.52.56:45895
[rosmaster.master][INFO] 2025-09-20 13:34:17,246: +CACHEDPARAM [/rosout_disable_topics_generation] by /rosbridge_websocket
[rosmaster.master][INFO] 2025-09-20 13:34:17,248: +CACHEDPARAM [/rosout_disable_topics_generation] by /rosbridge_websocket
[rosmaster.master][INFO] 2025-09-20 13:34:17,250: +CACHEDPARAM [/rosout_disable_topics_generation] by /rosbridge_websocket
[rosmaster.master][INFO] 2025-09-20 13:34:17,255: +CACHEDPARAM [/rosout_disable_topics_generation] by /rosbridge_websocket
[rosmaster.master][INFO] 2025-09-20 13:34:17,259: +CACHEDPARAM [/rosout_disable_topics_generation] by /rosbridge_websocket
[rosmaster.master][INFO] 2025-09-20 13:34:17,263: +CACHEDPARAM [/rosout_disable_topics_generation] by /rosbridge_websocket
[rosmaster.master][INFO] 2025-09-20 13:34:17,265: +CACHEDPARAM [/rosout_disable_topics_generation] by /rosbridge_websocket
[rosmaster.master][INFO] 2025-09-20 13:34:17,269: +CACHEDPARAM [/rosout_disable_topics_generation] by /rosbridge_websocket
[rosmaster.master][INFO] 2025-09-20 13:34:17,271: +CACHEDPARAM [/rosout_disable_topics_generation] by /rosbridge_websocket
[rosmaster.master][INFO] 2025-09-20 13:34:17,273: +CACHEDPARAM [/rosout_disable_topics_generation] by /rosbridge_websocket
[rosmaster.master][INFO] 2025-09-20 13:34:17,276: +CACHEDPARAM [/rosout_disable_topics_generation] by /rosbridge_websocket
[rosmaster.master][INFO] 2025-09-20 13:34:17,280: +CACHEDPARAM [/rosout_disable_topics_generation] by /rosbridge_websocket
[rosmaster.master][INFO] 2025-09-20 13:34:17,283: +CACHEDPARAM [/rosout_disable_topics_generation] by /rosbridge_websocket
[rosmaster.master][INFO] 2025-09-20 13:34:17,286: +CACHEDPARAM [/rosout_disable_topics_generation] by /rosbridge_websocket
[rosmaster.master][INFO] 2025-09-20 13:34:17,289: +CACHEDPARAM [/rosout_disable_topics_generation] by /rosbridge_websocket
[rosmaster.master][INFO] 2025-09-20 13:34:17,293: +CACHEDPARAM [/rosout_disable_topics_generation] by /rosbridge_websocket
[rosmaster.master][INFO] 2025-09-20 13:34:17,295: +CACHEDPARAM [/rosout_disable_topics_generation] by /rosbridge_websocket
[rosmaster.master][INFO] 2025-09-20 13:34:17,299: +CACHEDPARAM [/rosout_disable_topics_generation] by /rosbridge_websocket
[rosmaster.master][INFO] 2025-09-20 13:34:17,303: +CACHEDPARAM [/rosout_disable_topics_generation] by /rosbridge_websocket
[rosmaster.master][INFO] 2025-09-20 13:34:17,306: +CACHEDPARAM [/rosout_disable_topics_generation] by /rosbridge_websocket
[rosmaster.master][INFO] 2025-09-20 13:34:17,311: +CACHEDPARAM [/rosout_disable_topics_generation] by /rosbridge_websocket
[rosmaster.master][INFO] 2025-09-20 13:34:17,313: +CACHEDPARAM [/rosout_disable_topics_generation] by /rosbridge_websocket
[rosmaster.master][INFO] 2025-09-20 13:34:17,316: +CACHEDPARAM [/rosout_disable_topics_generation] by /rosbridge_websocket
[rosmaster.master][INFO] 2025-09-20 13:34:17,319: +CACHEDPARAM [/rosout_disable_topics_generation] by /rosbridge_websocket
[rosmaster.master][INFO] 2025-09-20 13:34:17,323: +CACHEDPARAM [/rosout_disable_topics_generation] by /rosbridge_websocket
[rosmaster.master][INFO] 2025-09-20 13:34:17,328: +CACHEDPARAM [/rosout_disable_topics_generation] by /rosbridge_websocket
[rosmaster.master][INFO] 2025-09-20 13:34:17,331: +CACHEDPARAM [/rosout_disable_topics_generation] by /rosbridge_websocket
[rosmaster.master][INFO] 2025-09-20 13:34:17,334: +CACHEDPARAM [/rosout_disable_topics_generation] by /rosbridge_websocket
[rosmaster.master][INFO] 2025-09-20 13:34:17,337: +CACHEDPARAM [/rosout_disable_topics_generation] by /rosbridge_websocket
[rosmaster.master][INFO] 2025-09-20 13:34:17,341: +CACHEDPARAM [/rosout_disable_topics_generation] by /rosbridge_websocket
[rosmaster.master][INFO] 2025-09-20 13:34:17,345: +CACHEDPARAM [/rosout_disable_topics_generation] by /rosbridge_websocket
[rosmaster.master][INFO] 2025-09-20 13:34:17,348: +CACHEDPARAM [/rosout_disable_topics_generation] by /rosbridge_websocket
[rosmaster.master][INFO] 2025-09-20 13:34:17,350: +CACHEDPARAM [/rosout_disable_topics_generation] by /rosbridge_websocket
[rosmaster.master][INFO] 2025-09-20 13:34:17,354: +CACHEDPARAM [/rosout_disable_topics_generation] by /rosbridge_websocket
[rosmaster.master][INFO] 2025-09-20 13:34:17,356: +CACHEDPARAM [/rosout_disable_topics_generation] by /rosbridge_websocket
[rosmaster.master][INFO] 2025-09-20 13:34:17,360: +CACHEDPARAM [/rosout_disable_topics_generation] by /rosbridge_websocket
[rosmaster.master][INFO] 2025-09-20 13:34:17,363: +CACHEDPARAM [/rosout_disable_topics_generation] by /rosbridge_websocket
[rosmaster.master][INFO] 2025-09-20 13:34:17,366: +CACHEDPARAM [/rosout_disable_topics_generation] by /rosbridge_websocket
[rosmaster.master][INFO] 2025-09-20 13:34:17,369: +CACHEDPARAM [/rosout_disable_topics_generation] by /rosbridge_websocket
[rosmaster.master][INFO] 2025-09-20 13:34:17,373: +CACHEDPARAM [/rosout_disable_topics_generation] by /rosbridge_websocket
[rosmaster.master][INFO] 2025-09-20 13:34:17,377: +CACHEDPARAM [/rosout_disable_topics_generation] by /rosbridge_websocket
[rosmaster.master][INFO] 2025-09-20 13:34:17,379: +CACHEDPARAM [/rosout_disable_topics_generation] by /rosbridge_websocket
[rosmaster.master][INFO] 2025-09-20 13:34:17,381: +CACHEDPARAM [/rosout_disable_topics_generation] by /rosbridge_websocket
[rosmaster.master][INFO] 2025-09-20 13:34:17,384: +CACHEDPARAM [/rosout_disable_topics_generation] by /rosbridge_websocket
[rosmaster.master][INFO] 2025-09-20 13:34:17,386: +CACHEDPARAM [/rosout_disable_topics_generation] by /rosbridge_websocket
[rosmaster.master][INFO] 2025-09-20 13:34:17,389: +CACHEDPARAM [/rosout_disable_topics_generation] by /rosbridge_websocket
[rosmaster.master][INFO] 2025-09-20 13:34:17,392: +CACHEDPARAM [/rosout_disable_topics_generation] by /rosbridge_websocket
[rosmaster.master][INFO] 2025-09-20 13:34:17,395: +CACHEDPARAM [/rosout_disable_topics_generation] by /rosbridge_websocket
[rosmaster.master][INFO] 2025-09-20 13:34:17,398: +CACHEDPARAM [/rosout_disable_topics_generation] by /rosbridge_websocket
[rosmaster.master][INFO] 2025-09-20 13:34:17,401: +CACHEDPARAM [/rosout_disable_topics_generation] by /rosbridge_websocket
[rosmaster.master][INFO] 2025-09-20 13:34:17,404: +CACHEDPARAM [/rosout_disable_topics_generation] by /rosbridge_websocket
[rosmaster.master][INFO] 2025-09-20 13:34:17,407: +CACHEDPARAM [/rosout_disable_topics_generation] by /rosbridge_websocket
[rosmaster.master][INFO] 2025-09-20 13:34:17,411: +CACHEDPARAM [/rosout_disable_topics_generation] by /rosbridge_websocket
[rosmaster.master][INFO] 2025-09-20 13:34:17,413: +CACHEDPARAM [/rosout_disable_topics_generation] by /rosbridge_websocket
[rosmaster.master][INFO] 2025-09-20 13:34:17,416: +CACHEDPARAM [/rosout_disable_topics_generation] by /rosbridge_websocket
[rosmaster.master][INFO] 2025-09-20 13:34:17,419: +CACHEDPARAM [/rosout_disable_topics_generation] by /rosbridge_websocket
[rosmaster.master][INFO] 2025-09-20 13:34:17,422: +CACHEDPARAM [/rosout_disable_topics_generation] by /rosbridge_websocket
[rosmaster.master][INFO] 2025-09-20 13:34:17,424: +CACHEDPARAM [/rosout_disable_topics_generation] by /rosbridge_websocket
[rosmaster.master][INFO] 2025-09-20 13:34:17,427: +CACHEDPARAM [/rosout_disable_topics_generation] by /rosbridge_websocket
[rosmaster.master][INFO] 2025-09-20 13:34:17,431: +CACHEDPARAM [/rosout_disable_topics_generation] by /rosbridge_websocket
[rosmaster.master][INFO] 2025-09-20 13:34:17,434: +CACHEDPARAM [/rosout_disable_topics_generation] by /rosbridge_websocket
[rosmaster.master][INFO] 2025-09-20 13:34:17,436: +CACHEDPARAM [/rosout_disable_topics_generation] by /rosbridge_websocket
[rosmaster.master][INFO] 2025-09-20 13:34:17,439: +CACHEDPARAM [/rosout_disable_topics_generation] by /rosbridge_websocket
[rosmaster.master][INFO] 2025-09-20 13:34:17,443: +CACHEDPARAM [/rosout_disable_topics_generation] by /rosbridge_websocket
[rosmaster.master][INFO] 2025-09-20 13:34:17,445: +CACHEDPARAM [/rosout_disable_topics_generation] by /rosbridge_websocket
[rosmaster.master][INFO] 2025-09-20 13:34:17,448: +CACHEDPARAM [/rosout_disable_topics_generation] by /rosbridge_websocket
[rosmaster.master][INFO] 2025-09-20 13:34:17,450: +CACHEDPARAM [/rosout_disable_topics_generation] by /rosbridge_websocket
[rosmaster.master][INFO] 2025-09-20 13:34:17,453: +CACHEDPARAM [/rosout_disable_topics_generation] by /rosbridge_websocket
[rosmaster.master][INFO] 2025-09-20 13:34:17,456: +CACHEDPARAM [/rosout_disable_topics_generation] by /rosbridge_websocket
[rosmaster.master][INFO] 2025-09-20 13:34:17,458: +CACHEDPARAM [/rosout_disable_topics_generation] by /rosbridge_websocket
[rosmaster.master][INFO] 2025-09-20 13:34:17,461: +CACHEDPARAM [/rosout_disable_topics_generation] by /rosbridge_websocket
[rosmaster.master][INFO] 2025-09-20 13:34:17,464: +CACHEDPARAM [/rosout_disable_topics_generation] by /rosbridge_websocket
[rosmaster.master][INFO] 2025-09-20 13:34:17,468: +CACHEDPARAM [/rosout_disable_topics_generation] by /rosbridge_websocket
[rosmaster.master][INFO] 2025-09-20 13:34:17,470: +CACHEDPARAM [/rosout_disable_topics_generation] by /rosbridge_websocket
[rosmaster.master][INFO] 2025-09-20 13:34:17,473: +CACHEDPARAM [/rosout_disable_topics_generation] by /rosbridge_websocket
[rosmaster.master][INFO] 2025-09-20 13:34:17,475: +CACHEDPARAM [/rosout_disable_topics_generation] by /rosbridge_websocket
[rosmaster.master][INFO] 2025-09-20 13:34:17,478: +CACHEDPARAM [/rosout_disable_topics_generation] by /rosbridge_websocket
[rosmaster.master][INFO] 2025-09-20 13:34:17,480: +CACHEDPARAM [/rosout_disable_topics_generation] by /rosbridge_websocket
[rosmaster.master][INFO] 2025-09-20 13:34:17,484: +CACHEDPARAM [/rosout_disable_topics_generation] by /rosbridge_websocket
[rosmaster.master][INFO] 2025-09-20 13:34:17,486: +CACHEDPARAM [/rosout_disable_topics_generation] by /rosbridge_websocket
[rosmaster.master][INFO] 2025-09-20 13:34:17,489: +CACHEDPARAM [/rosout_disable_topics_generation] by /rosbridge_websocket
[rosmaster.master][INFO] 2025-09-20 13:34:17,492: +CACHEDPARAM [/rosout_disable_topics_generation] by /rosbridge_websocket
[rosmaster.master][INFO] 2025-09-20 13:34:17,495: +CACHEDPARAM [/rosout_disable_topics_generation] by /rosbridge_websocket
[rosmaster.master][INFO] 2025-09-20 13:34:17,498: +CACHEDPARAM [/rosout_disable_topics_generation] by /rosbridge_websocket
[rosmaster.master][INFO] 2025-09-20 13:34:17,501: +CACHEDPARAM [/rosout_disable_topics_generation] by /rosbridge_websocket
[rosmaster.master][INFO] 2025-09-20 13:34:17,504: +CACHEDPARAM [/rosout_disable_topics_generation] by /rosbridge_websocket
[rosmaster.master][INFO] 2025-09-20 13:34:17,507: +CACHEDPARAM [/rosout_disable_topics_generation] by /rosbridge_websocket
[rosmaster.master][INFO] 2025-09-20 13:34:17,510: +CACHEDPARAM [/rosout_disable_topics_generation] by /rosbridge_websocket
[rosmaster.master][INFO] 2025-09-20 13:34:17,514: +CACHEDPARAM [/rosout_disable_topics_generation] by /rosbridge_websocket
[rosmaster.master][INFO] 2025-09-20 13:34:17,516: +CACHEDPARAM [/rosout_disable_topics_generation] by /rosbridge_websocket
[rosmaster.master][INFO] 2025-09-20 13:34:17,518: +CACHEDPARAM [/rosout_disable_topics_generation] by /rosbridge_websocket
[rosmaster.master][INFO] 2025-09-20 13:34:17,521: +CACHEDPARAM [/rosout_disable_topics_generation] by /rosbridge_websocket
[rosmaster.master][INFO] 2025-09-20 13:34:17,524: +CACHEDPARAM [/rosout_disable_topics_generation] by /rosbridge_websocket
[rosmaster.master][INFO] 2025-09-20 13:34:17,526: +CACHEDPARAM [/rosout_disable_topics_generation] by /rosbridge_websocket
[rosmaster.master][INFO] 2025-09-20 13:34:17,530: +CACHEDPARAM [/rosout_disable_topics_generation] by /rosbridge_websocket
[rosmaster.master][INFO] 2025-09-20 13:34:17,532: +CACHEDPARAM [/rosout_disable_topics_generation] by /rosbridge_websocket
[rosmaster.master][INFO] 2025-09-20 13:34:17,534: +CACHEDPARAM [/rosout_disable_topics_generation] by /rosbridge_websocket
[rosmaster.master][INFO] 2025-09-20 13:34:17,539: +CACHEDPARAM [/rosout_disable_topics_generation] by /rosbridge_websocket
[rosmaster.master][INFO] 2025-09-20 13:34:17,542: +CACHEDPARAM [/rosout_disable_topics_generation] by /rosbridge_websocket
[rosmaster.master][INFO] 2025-09-20 13:34:17,544: +CACHEDPARAM [/rosout_disable_topics_generation] by /rosbridge_websocket
[rosmaster.master][INFO] 2025-09-20 13:34:17,547: +CACHEDPARAM [/rosout_disable_topics_generation] by /rosbridge_websocket
[rosmaster.master][INFO] 2025-09-20 13:34:17,550: +CACHEDPARAM [/rosout_disable_topics_generation] by /rosbridge_websocket
[rosmaster.master][INFO] 2025-09-20 13:34:17,554: +CACHEDPARAM [/rosout_disable_topics_generation] by /rosbridge_websocket
[rosmaster.master][INFO] 2025-09-20 13:34:17,556: +CACHEDPARAM [/rosout_disable_topics_generation] by /rosbridge_websocket
[rosmaster.master][INFO] 2025-09-20 13:34:17,559: +CACHEDPARAM [/rosout_disable_topics_generation] by /rosbridge_websocket
[rosmaster.master][INFO] 2025-09-20 13:34:17,561: +CACHEDPARAM [/rosout_disable_topics_generation] by /rosbridge_websocket
[rosmaster.master][INFO] 2025-09-20 13:34:17,563: +CACHEDPARAM [/rosout_disable_topics_generation] by /rosbridge_websocket
[rosmaster.master][INFO] 2025-09-20 13:34:17,566: +CACHEDPARAM [/rosout_disable_topics_generation] by /rosbridge_websocket
[rosmaster.master][INFO] 2025-09-20 13:34:17,569: +CACHEDPARAM [/rosout_disable_topics_generation] by /rosbridge_websocket
[rosmaster.master][INFO] 2025-09-20 13:34:17,572: +CACHEDPARAM [/rosout_disable_topics_generation] by /rosbridge_websocket
[rosmaster.master][INFO] 2025-09-20 13:34:17,575: +CACHEDPARAM [/rosout_disable_topics_generation] by /rosbridge_websocket
[rosmaster.master][INFO] 2025-09-20 13:34:17,578: +CACHEDPARAM [/rosout_disable_topics_generation] by /rosbridge_websocket
[rosmaster.master][INFO] 2025-09-20 13:34:17,582: +CACHEDPARAM [/rosout_disable_topics_generation] by /rosbridge_websocket
[rosmaster.master][INFO] 2025-09-20 13:34:17,584: +CACHEDPARAM [/rosout_disable_topics_generation] by /rosbridge_websocket
[rosmaster.master][INFO] 2025-09-20 13:34:17,587: +CACHEDPARAM [/rosout_disable_topics_generation] by /rosbridge_websocket
[rosmaster.master][INFO] 2025-09-20 13:34:17,590: +CACHEDPARAM [/rosout_disable_topics_generation] by /rosbridge_websocket
[rosmaster.master][INFO] 2025-09-20 13:34:17,592: +CACHEDPARAM [/rosout_disable_topics_generation] by /rosbridge_websocket
[rosmaster.master][INFO] 2025-09-20 13:34:17,596: +CACHEDPARAM [/rosout_disable_topics_generation] by /rosbridge_websocket
[rosmaster.master][INFO] 2025-09-20 13:34:17,600: +CACHEDPARAM [/rosout_disable_topics_generation] by /rosbridge_websocket
[rosmaster.master][INFO] 2025-09-20 13:34:17,604: +CACHEDPARAM [/rosout_disable_topics_generation] by /rosbridge_websocket
[rosmaster.master][INFO] 2025-09-20 13:34:17,607: +CACHEDPARAM [/rosout_disable_topics_generation] by /rosbridge_websocket
[rosmaster.master][INFO] 2025-09-20 13:34:17,610: +CACHEDPARAM [/rosout_disable_topics_generation] by /rosbridge_websocket
[rosmaster.master][INFO] 2025-09-20 13:34:17,614: +CACHEDPARAM [/rosout_disable_topics_generation] by /rosbridge_websocket
[rosmaster.master][INFO] 2025-09-20 13:34:17,617: +CACHEDPARAM [/rosout_disable_topics_generation] by /rosbridge_websocket
[rosmaster.master][INFO] 2025-09-20 13:34:17,619: +CACHEDPARAM [/rosout_disable_topics_generation] by /rosbridge_websocket
[rosmaster.master][INFO] 2025-09-20 13:34:17,622: +CACHEDPARAM [/rosout_disable_topics_generation] by /rosbridge_websocket
[rosmaster.master][INFO] 2025-09-20 13:34:17,624: +CACHEDPARAM [/rosout_disable_topics_generation] by /rosbridge_websocket
[rosmaster.master][INFO] 2025-09-20 13:34:17,627: +CACHEDPARAM [/rosout_disable_topics_generation] by /rosbridge_websocket
[rosmaster.master][INFO] 2025-09-20 13:34:17,630: +CACHEDPARAM [/rosout_disable_topics_generation] by /rosbridge_websocket
[rosmaster.master][INFO] 2025-09-20 13:34:17,634: +CACHEDPARAM [/rosout_disable_topics_generation] by /rosbridge_websocket
[rosmaster.master][INFO] 2025-09-20 13:34:17,636: +CACHEDPARAM [/rosout_disable_topics_generation] by /rosbridge_websocket
[rosmaster.master][INFO] 2025-09-20 13:34:17,639: +CACHEDPARAM [/rosout_disable_topics_generation] by /rosbridge_websocket
[rosmaster.master][INFO] 2025-09-20 13:34:17,643: +CACHEDPARAM [/rosout_disable_topics_generation] by /rosbridge_websocket
[rosmaster.master][INFO] 2025-09-20 13:34:17,646: +CACHEDPARAM [/rosout_disable_topics_generation] by /rosbridge_websocket
[rosmaster.master][INFO] 2025-09-20 13:34:17,648: +CACHEDPARAM [/rosout_disable_topics_generation] by /rosbridge_websocket
[rosmaster.master][INFO] 2025-09-20 13:34:17,651: +CACHEDPARAM [/rosout_disable_topics_generation] by /rosbridge_websocket
[rosmaster.master][INFO] 2025-09-20 13:34:17,653: +CACHEDPARAM [/rosout_disable_topics_generation] by /rosbridge_websocket
[rosmaster.master][INFO] 2025-09-20 13:34:17,656: +CACHEDPARAM [/rosout_disable_topics_generation] by /rosbridge_websocket
[rosmaster.master][INFO] 2025-09-20 13:34:17,660: +CACHEDPARAM [/rosout_disable_topics_generation] by /rosbridge_websocket
[rosmaster.master][INFO] 2025-09-20 13:34:17,663: +CACHEDPARAM [/rosout_disable_topics_generation] by /rosbridge_websocket
[rosmaster.master][INFO] 2025-09-20 13:34:17,667: +CACHEDPARAM [/rosout_disable_topics_generation] by /rosbridge_websocket
[rosmaster.master][INFO] 2025-09-20 13:34:17,669: +CACHEDPARAM [/rosout_disable_topics_generation] by /rosbridge_websocket
[rosmaster.master][INFO] 2025-09-20 13:34:17,671: +CACHEDPARAM [/rosout_disable_topics_generation] by /rosbridge_websocket
[rosmaster.master][INFO] 2025-09-20 13:34:17,674: +CACHEDPARAM [/rosout_disable_topics_generation] by /rosbridge_websocket
[rosmaster.master][INFO] 2025-09-20 13:34:17,679: +CACHEDPARAM [/rosout_disable_topics_generation] by /rosbridge_websocket
[rosmaster.master][INFO] 2025-09-20 13:34:17,681: +CACHEDPARAM [/rosout_disable_topics_generation] by /rosbridge_websocket
[rosmaster.master][INFO] 2025-09-20 13:34:17,685: +CACHEDPARAM [/rosout_disable_topics_generation] by /rosbridge_websocket
[rosmaster.master][INFO] 2025-09-20 13:34:17,688: +CACHEDPARAM [/rosout_disable_topics_generation] by /rosbridge_websocket
[rosmaster.master][INFO] 2025-09-20 13:34:17,690: +CACHEDPARAM [/rosout_disable_topics_generation] by /rosbridge_websocket
[rosmaster.master][INFO] 2025-09-20 13:34:17,692: +CACHEDPARAM [/rosout_disable_topics_generation] by /rosbridge_websocket
[rosmaster.master][INFO] 2025-09-20 13:34:17,695: +CACHEDPARAM [/rosout_disable_topics_generation] by /rosbridge_websocket
[rosmaster.master][INFO] 2025-09-20 13:34:17,697: +CACHEDPARAM [/rosout_disable_topics_generation] by /rosbridge_websocket
[rosmaster.master][INFO] 2025-09-20 13:34:17,702: +CACHEDPARAM [/rosout_disable_topics_generation] by /rosbridge_websocket
[rosmaster.master][INFO] 2025-09-20 13:34:17,704: +CACHEDPARAM [/rosout_disable_topics_generation] by /rosbridge_websocket
[rosmaster.master][INFO] 2025-09-20 13:34:17,707: +CACHEDPARAM [/rosout_disable_topics_generation] by /rosbridge_websocket
[rosmaster.master][INFO] 2025-09-20 13:34:17,710: +CACHEDPARAM [/rosout_disable_topics_generation] by /rosbridge_websocket
[rosmaster.master][INFO] 2025-09-20 13:34:17,714: +CACHEDPARAM [/rosout_disable_topics_generation] by /rosbridge_websocket
[rosmaster.master][INFO] 2025-09-20 13:34:17,716: +CACHEDPARAM [/rosout_disable_topics_generation] by /rosbridge_websocket
[rosmaster.master][INFO] 2025-09-20 13:34:17,719: +CACHEDPARAM [/rosout_disable_topics_generation] by /rosbridge_websocket
[rosmaster.master][INFO] 2025-09-20 13:34:17,724: +CACHEDPARAM [/rosout_disable_topics_generation] by /rosbridge_websocket
[rosmaster.master][INFO] 2025-09-20 13:34:17,727: +CACHEDPARAM [/rosout_disable_topics_generation] by /rosbridge_websocket
[rosmaster.master][INFO] 2025-09-20 13:34:17,729: +CACHEDPARAM [/rosout_disable_topics_generation] by /rosbridge_websocket
[rosmaster.master][INFO] 2025-09-20 13:34:17,733: +CACHEDPARAM [/rosout_disable_topics_generation] by /rosbridge_websocket
[rosmaster.master][INFO] 2025-09-20 13:34:17,735: +CACHEDPARAM [/rosout_disable_topics_generation] by /rosbridge_websocket
[rosmaster.master][INFO] 2025-09-20 13:34:17,739: +CACHEDPARAM [/rosout_disable_topics_generation] by /rosbridge_websocket
[rosmaster.master][INFO] 2025-09-20 13:34:17,743: +CACHEDPARAM [/rosout_disable_topics_generation] by /rosbridge_websocket
[rosmaster.master][INFO] 2025-09-20 13:34:17,746: +CACHEDPARAM [/rosout_disable_topics_generation] by /rosbridge_websocket
[rosmaster.master][INFO] 2025-09-20 13:34:17,749: +CACHEDPARAM [/rosout_disable_topics_generation] by /rosbridge_websocket
[rosmaster.master][INFO] 2025-09-20 13:34:17,752: +CACHEDPARAM [/rosout_disable_topics_generation] by /rosbridge_websocket
[rosmaster.master][INFO] 2025-09-20 13:34:17,754: +CACHEDPARAM [/rosout_disable_topics_generation] by /rosbridge_websocket
[rosmaster.master][INFO] 2025-09-20 13:34:17,757: +CACHEDPARAM [/rosout_disable_topics_generation] by /rosbridge_websocket
[rosmaster.master][INFO] 2025-09-20 13:34:17,760: +CACHEDPARAM [/rosout_disable_topics_generation] by /rosbridge_websocket
[rosmaster.master][INFO] 2025-09-20 13:34:17,763: +CACHEDPARAM [/rosout_disable_topics_generation] by /rosbridge_websocket
[rosmaster.master][INFO] 2025-09-20 13:34:17,766: +CACHEDPARAM [/rosout_disable_topics_generation] by /rosbridge_websocket
[rosmaster.master][INFO] 2025-09-20 13:34:17,769: +CACHEDPARAM [/rosout_disable_topics_generation] by /rosbridge_websocket
[rosmaster.master][INFO] 2025-09-20 13:34:17,772: +CACHEDPARAM [/rosout_disable_topics_generation] by /rosbridge_websocket
[rosmaster.master][INFO] 2025-09-20 13:34:17,775: +CACHEDPARAM [/rosout_disable_topics_generation] by /rosbridge_websocket
[rosmaster.master][INFO] 2025-09-20 13:34:17,777: +CACHEDPARAM [/rosout_disable_topics_generation] by /rosbridge_websocket
[rosmaster.master][INFO] 2025-09-20 13:34:17,779: +CACHEDPARAM [/rosout_disable_topics_generation] by /rosbridge_websocket
[rosmaster.master][INFO] 2025-09-20 13:34:17,783: +CACHEDPARAM [/rosout_disable_topics_generation] by /rosbridge_websocket
[rosmaster.master][INFO] 2025-09-20 13:34:17,786: +CACHEDPARAM [/rosout_disable_topics_generation] by /rosbridge_websocket
[rosmaster.master][INFO] 2025-09-20 13:34:17,789: +CACHEDPARAM [/rosout_disable_topics_generation] by /rosbridge_websocket
[rosmaster.master][INFO] 2025-09-20 13:34:17,791: +CACHEDPARAM [/rosout_disable_topics_generation] by /rosbridge_websocket
[rosmaster.master][INFO] 2025-09-20 13:34:17,795: +CACHEDPARAM [/rosout_disable_topics_generation] by /rosbridge_websocket
[rosmaster.master][INFO] 2025-09-20 13:34:17,797: +CACHEDPARAM [/rosout_disable_topics_generation] by /rosbridge_websocket
[rosmaster.master][INFO] 2025-09-20 13:34:17,799: +CACHEDPARAM [/rosout_disable_topics_generation] by /rosbridge_websocket
[rosmaster.master][INFO] 2025-09-20 13:34:17,803: +CACHEDPARAM [/rosout_disable_topics_generation] by /rosbridge_websocket
[rosmaster.master][INFO] 2025-09-20 13:34:17,806: +CACHEDPARAM [/rosout_disable_topics_generation] by /rosbridge_websocket
[rosmaster.master][INFO] 2025-09-20 13:34:17,809: +CACHEDPARAM [/rosout_disable_topics_generation] by /rosbridge_websocket
[rosmaster.master][INFO] 2025-09-20 13:34:17,811: +CACHEDPARAM [/rosout_disable_topics_generation] by /rosbridge_websocket
[rosmaster.master][INFO] 2025-09-20 13:34:17,814: +CACHEDPARAM [/rosout_disable_topics_generation] by /rosbridge_websocket
[rosmaster.master][INFO] 2025-09-20 13:34:17,817: +CACHEDPARAM [/rosout_disable_topics_generation] by /rosbridge_websocket
[rosmaster.master][INFO] 2025-09-20 13:34:17,820: +CACHEDPARAM [/rosout_disable_topics_generation] by /rosbridge_websocket
[rosmaster.master][INFO] 2025-09-20 13:34:17,822: +CACHEDPARAM [/rosout_disable_topics_generation] by /rosbridge_websocket
[rosmaster.master][INFO] 2025-09-20 13:34:17,826: +CACHEDPARAM [/rosout_disable_topics_generation] by /rosbridge_websocket
[rosmaster.master][INFO] 2025-09-20 13:34:17,829: +CACHEDPARAM [/rosout_disable_topics_generation] by /rosbridge_websocket
[rosmaster.master][INFO] 2025-09-20 13:34:17,832: +CACHEDPARAM [/rosout_disable_topics_generation] by /rosbridge_websocket
[rosmaster.master][INFO] 2025-09-20 13:34:17,835: +CACHEDPARAM [/rosout_disable_topics_generation] by /rosbridge_websocket
[rosmaster.master][INFO] 2025-09-20 13:34:17,841: +CACHEDPARAM [/rosout_disable_topics_generation] by /rosbridge_websocket
[rosmaster.master][INFO] 2025-09-20 13:34:17,844: +CACHEDPARAM [/rosout_disable_topics_generation] by /rosbridge_websocket
[rosmaster.master][INFO] 2025-09-20 13:34:17,847: +CACHEDPARAM [/rosout_disable_topics_generation] by /rosbridge_websocket
[rosmaster.master][INFO] 2025-09-20 13:34:17,851: +CACHEDPARAM [/rosout_disable_topics_generation] by /rosbridge_websocket
[rosmaster.master][INFO] 2025-09-20 13:34:17,854: +CACHEDPARAM [/rosout_disable_topics_generation] by /rosbridge_websocket
[rosmaster.master][INFO] 2025-09-20 13:34:17,858: +CACHEDPARAM [/rosout_disable_topics_generation] by /rosbridge_websocket
[rosmaster.master][INFO] 2025-09-20 13:34:17,860: +CACHEDPARAM [/rosout_disable_topics_generation] by /rosbridge_websocket
[rosmaster.master][INFO] 2025-09-20 13:34:17,863: +CACHEDPARAM [/rosout_disable_topics_generation] by /rosbridge_websocket
[rosmaster.master][INFO] 2025-09-20 13:34:17,865: +CACHEDPARAM [/rosout_disable_topics_generation] by /rosbridge_websocket
[rosmaster.master][INFO] 2025-09-20 13:34:17,868: +CACHEDPARAM [/rosout_disable_topics_generation] by /rosbridge_websocket
[rosmaster.master][INFO] 2025-09-20 13:34:17,871: +CACHEDPARAM [/rosout_disable_topics_generation] by /rosbridge_websocket
[rosmaster.master][INFO] 2025-09-20 13:34:17,875: +CACHEDPARAM [/rosout_disable_topics_generation] by /rosbridge_websocket
[rosmaster.master][INFO] 2025-09-20 13:34:17,877: +CACHEDPARAM [/rosout_disable_topics_generation] by /rosbridge_websocket
[rosmaster.master][INFO] 2025-09-20 13:34:17,880: +CACHEDPARAM [/rosout_disable_topics_generation] by /rosbridge_websocket
[rosmaster.master][INFO] 2025-09-20 13:34:17,883: +CACHEDPARAM [/rosout_disable_topics_generation] by /rosbridge_websocket
[rosmaster.master][INFO] 2025-09-20 13:34:17,886: +CACHEDPARAM [/rosout_disable_topics_generation] by /rosbridge_websocket
[rosmaster.master][INFO] 2025-09-20 13:34:17,888: +CACHEDPARAM [/rosout_disable_topics_generation] by /rosbridge_websocket
[rosmaster.master][INFO] 2025-09-20 13:34:17,892: +CACHEDPARAM [/rosout_disable_topics_generation] by /rosbridge_websocket
[rosmaster.master][INFO] 2025-09-20 13:34:17,894: +CACHEDPARAM [/rosout_disable_topics_generation] by /rosbridge_websocket
[rosmaster.master][INFO] 2025-09-20 13:34:17,897: +CACHEDPARAM [/rosout_disable_topics_generation] by /rosbridge_websocket
[rosmaster.master][INFO] 2025-09-20 13:34:17,901: +CACHEDPARAM [/rosout_disable_topics_generation] by /rosbridge_websocket
[rosmaster.master][INFO] 2025-09-20 13:34:17,904: +CACHEDPARAM [/rosout_disable_topics_generation] by /rosbridge_websocket
[rosmaster.master][INFO] 2025-09-20 13:34:17,905: +CACHEDPARAM [/rosout_disable_topics_generation] by /rosbridge_websocket
[rosmaster.master][INFO] 2025-09-20 13:34:17,908: +CACHEDPARAM [/rosout_disable_topics_generation] by /rosbridge_websocket
[rosmaster.master][INFO] 2025-09-20 13:34:17,910: +CACHEDPARAM [/rosout_disable_topics_generation] by /rosbridge_websocket
[rosmaster.master][INFO] 2025-09-20 13:34:17,912: +CACHEDPARAM [/rosout_disable_topics_generation] by /rosbridge_websocket
[rosmaster.master][INFO] 2025-09-20 13:34:17,914: +CACHEDPARAM [/rosout_disable_topics_generation] by /rosbridge_websocket
[rosmaster.master][INFO] 2025-09-20 13:34:17,917: +CACHEDPARAM [/rosout_disable_topics_generation] by /rosbridge_websocket
[rosmaster.master][INFO] 2025-09-20 13:34:17,919: +CACHEDPARAM [/rosout_disable_topics_generation] by /rosbridge_websocket
[rosmaster.master][INFO] 2025-09-20 13:34:17,920: +CACHEDPARAM [/rosout_disable_topics_generation] by /rosbridge_websocket
[rosmaster.master][INFO] 2025-09-20 13:34:17,922: +CACHEDPARAM [/rosout_disable_topics_generation] by /rosbridge_websocket
[rosmaster.master][INFO] 2025-09-20 13:34:17,926: +CACHEDPARAM [/rosout_disable_topics_generation] by /rosbridge_websocket
[rosmaster.master][INFO] 2025-09-20 13:34:17,927: +CACHEDPARAM [/rosout_disable_topics_generation] by /rosbridge_websocket
[rosmaster.master][INFO] 2025-09-20 13:34:17,929: +CACHEDPARAM [/rosout_disable_topics_generation] by /rosbridge_websocket
[rosmaster.master][INFO] 2025-09-20 13:34:17,931: +CACHEDPARAM [/rosout_disable_topics_generation] by /rosbridge_websocket
[rosmaster.master][INFO] 2025-09-20 13:34:17,935: +CACHEDPARAM [/rosout_disable_topics_generation] by /rosbridge_websocket
[rosmaster.master][INFO] 2025-09-20 13:34:17,936: +CACHEDPARAM [/rosout_disable_topics_generation] by /rosbridge_websocket
[rosmaster.master][INFO] 2025-09-20 13:34:17,938: +CACHEDPARAM [/rosout_disable_topics_generation] by /rosbridge_websocket
[rosmaster.master][INFO] 2025-09-20 13:34:26,003: +PARAM [/roslaunch/uris/host_172_22_52_56__43783] by /roslaunch
[rosmaster.master][INFO] 2025-09-20 13:34:26,007: +PARAM [/rosversion] by /roslaunch
[rosmaster.master][INFO] 2025-09-20 13:34:26,007: +PARAM [/rosdistro] by /roslaunch
[rosmaster.master][INFO] 2025-09-20 13:34:26,007: +PARAM [/rosbridge_websocket/authenticate] by /roslaunch
[rosmaster.master][INFO] 2025-09-20 13:34:26,007: +PARAM [/rosbridge_websocket/port] by /roslaunch
[rosmaster.master][INFO] 2025-09-20 13:34:26,007: +PARAM [/rosbridge_websocket/address] by /roslaunch
[rosmaster.master][INFO] 2025-09-20 13:34:26,007: +PARAM [/rosbridge_websocket/retry_startup_delay] by /roslaunch
[rosmaster.master][INFO] 2025-09-20 13:34:26,008: +PARAM [/rosbridge_websocket/fragment_timeout] by /roslaunch
[rosmaster.master][INFO] 2025-09-20 13:34:26,008: +PARAM [/rosbridge_websocket/delay_between_messages] by /roslaunch
[rosmaster.master][INFO] 2025-09-20 13:34:26,008: +PARAM [/rosbridge_websocket/max_message_size] by /roslaunch
[rosmaster.master][INFO] 2025-09-20 13:34:26,008: +PARAM [/rosbridge_websocket/unregister_timeout] by /roslaunch
[rosmaster.master][INFO] 2025-09-20 13:34:26,008: +PARAM [/rosbridge_websocket/use_compression] by /roslaunch
[rosmaster.master][INFO] 2025-09-20 13:34:26,008: +PARAM [/rosbridge_websocket/websocket_ping_interval] by /roslaunch
[rosmaster.master][INFO] 2025-09-20 13:34:26,008: +PARAM [/rosbridge_websocket/websocket_ping_timeout] by /roslaunch
[rosmaster.master][INFO] 2025-09-20 13:34:26,008: +PARAM [/rosbridge_websocket/websocket_external_port] by /roslaunch
[rosmaster.master][INFO] 2025-09-20 13:34:26,008: +PARAM [/rosbridge_websocket/topics_glob] by /roslaunch
[rosmaster.master][INFO] 2025-09-20 13:34:26,008: +PARAM [/rosbridge_websocket/services_glob] by /roslaunch
[rosmaster.master][INFO] 2025-09-20 13:34:26,008: +PARAM [/rosbridge_websocket/params_glob] by /roslaunch
[rosmaster.master][INFO] 2025-09-20 13:34:26,008: +PARAM [/rosbridge_websocket/bson_only_mode] by /roslaunch
[rosmaster.master][INFO] 2025-09-20 13:34:26,008: +PARAM [/rosapi/topics_glob] by /roslaunch
[rosmaster.master][INFO] 2025-09-20 13:34:26,008: +PARAM [/rosapi/services_glob] by /roslaunch
[rosmaster.master][INFO] 2025-09-20 13:34:26,008: +PARAM [/rosapi/params_glob] by /roslaunch
[rosmaster.master][INFO] 2025-09-20 13:34:26,538: +PUB [/rosout] /rosapi http://172.22.52.56:34987/
[rosmaster.master][INFO] 2025-09-20 13:34:26,542: +SERVICE [/rosapi/get_loggers] /rosapi http://172.22.52.56:34987/
[rosmaster.master][INFO] 2025-09-20 13:34:26,543: +SERVICE [/rosapi/set_logger_level] /rosapi http://172.22.52.56:34987/
[rosmaster.master][INFO] 2025-09-20 13:34:26,547: +SERVICE [/rosapi/topics] /rosapi http://172.22.52.56:34987/
[rosmaster.master][INFO] 2025-09-20 13:34:26,548: +SERVICE [/rosapi/topics_for_type] /rosapi http://172.22.52.56:34987/
[rosmaster.master][INFO] 2025-09-20 13:34:26,549: +SERVICE [/rosapi/services] /rosapi http://172.22.52.56:34987/
[rosmaster.master][INFO] 2025-09-20 13:34:26,550: +SERVICE [/rosapi/services_for_type] /rosapi http://172.22.52.56:34987/
[rosmaster.master][INFO] 2025-09-20 13:34:26,551: +SERVICE [/rosapi/nodes] /rosapi http://172.22.52.56:34987/
[rosmaster.master][INFO] 2025-09-20 13:34:26,552: +SERVICE [/rosapi/node_details] /rosapi http://172.22.52.56:34987/
[rosmaster.master][INFO] 2025-09-20 13:34:26,553: +SERVICE [/rosapi/action_servers] /rosapi http://172.22.52.56:34987/
[rosmaster.master][INFO] 2025-09-20 13:34:26,554: +SERVICE [/rosapi/topic_type] /rosapi http://172.22.52.56:34987/
[rosmaster.master][INFO] 2025-09-20 13:34:26,555: +SERVICE [/rosapi/service_type] /rosapi http://172.22.52.56:34987/
[rosmaster.master][INFO] 2025-09-20 13:34:26,556: publisherUpdate[/rosout] -> http://172.22.52.56:44147/ ['http://172.22.52.56:34987/']
[rosmaster.master][INFO] 2025-09-20 13:34:26,557: +SERVICE [/rosapi/publishers] /rosapi http://172.22.52.56:34987/
[rosmaster.master][INFO] 2025-09-20 13:34:26,558: publisherUpdate[/rosout] -> http://172.22.52.56:44147/ ['http://172.22.52.56:34987/']: sec=0.00, result=[1, '', 0]
[rosmaster.master][INFO] 2025-09-20 13:34:26,559: +SERVICE [/rosapi/subscribers] /rosapi http://172.22.52.56:34987/
[rosmaster.master][INFO] 2025-09-20 13:34:26,560: +SERVICE [/rosapi/service_providers] /rosapi http://172.22.52.56:34987/
[rosmaster.master][INFO] 2025-09-20 13:34:26,561: +SERVICE [/rosapi/service_node] /rosapi http://172.22.52.56:34987/
[rosmaster.master][INFO] 2025-09-20 13:34:26,561: +SERVICE [/rosapi/service_host] /rosapi http://172.22.52.56:34987/
[rosmaster.master][INFO] 2025-09-20 13:34:26,563: +SERVICE [/rosapi/message_details] /rosapi http://172.22.52.56:34987/
[rosmaster.master][INFO] 2025-09-20 13:34:26,563: +SERVICE [/rosapi/service_request_details] /rosapi http://172.22.52.56:34987/
[rosmaster.master][INFO] 2025-09-20 13:34:26,564: +SERVICE [/rosapi/service_response_details] /rosapi http://172.22.52.56:34987/
[rosmaster.master][INFO] 2025-09-20 13:34:26,565: +SERVICE [/rosapi/set_param] /rosapi http://172.22.52.56:34987/
[rosmaster.master][INFO] 2025-09-20 13:34:26,566: +SERVICE [/rosapi/get_param] /rosapi http://172.22.52.56:34987/
[rosmaster.master][INFO] 2025-09-20 13:34:26,567: +SERVICE [/rosapi/has_param] /rosapi http://172.22.52.56:34987/
[rosmaster.master][INFO] 2025-09-20 13:34:26,568: +SERVICE [/rosapi/search_param] /rosapi http://172.22.52.56:34987/
[rosmaster.master][INFO] 2025-09-20 13:34:26,569: +SERVICE [/rosapi/delete_param] /rosapi http://172.22.52.56:34987/
[rosmaster.master][INFO] 2025-09-20 13:34:26,570: +SERVICE [/rosapi/get_param_names] /rosapi http://172.22.52.56:34987/
[rosmaster.master][INFO] 2025-09-20 13:34:26,571: +SERVICE [/rosapi/get_time] /rosapi http://172.22.52.56:34987/
[rosmaster.master][INFO] 2025-09-20 13:34:26,572: +SERVICE [/rosapi/topics_and_raw_types] /rosapi http://172.22.52.56:34987/
[rosmaster.master][INFO] 2025-09-20 13:34:26,573: +CACHEDPARAM [/rosout_disable_topics_generation] by /rosapi
[rosmaster.master][INFO] 2025-09-20 13:34:26,778: +PUB [/rosout] /rosbridge_websocket http://172.22.52.56:36243/
[rosmaster.master][INFO] 2025-09-20 13:34:26,781: +SERVICE [/rosbridge_websocket/get_loggers] /rosbridge_websocket http://172.22.52.56:36243/
[rosmaster.master][INFO] 2025-09-20 13:34:26,782: +SERVICE [/rosbridge_websocket/set_logger_level] /rosbridge_websocket http://172.22.52.56:36243/
[rosmaster.master][INFO] 2025-09-20 13:34:26,795: +PUB [/client_count] /rosbridge_websocket http://172.22.52.56:36243/
[rosmaster.master][INFO] 2025-09-20 13:34:26,796: +PUB [/connected_clients] /rosbridge_websocket http://172.22.52.56:36243/
[rosmaster.master][INFO] 2025-09-20 13:34:26,799: +PARAM [/rosbridge_websocket/actual_port] by /rosbridge_websocket
[rosmaster.master][INFO] 2025-09-20 13:34:26,802: +CACHEDPARAM [/rosout_disable_topics_generation] by /rosbridge_websocket
[rosmaster.master][INFO] 2025-09-20 13:34:26,859: publisherUpdate[/rosout] -> http://172.22.52.56:44147/ ['http://172.22.52.56:34987/', 'http://172.22.52.56:36243/']
[rosmaster.master][INFO] 2025-09-20 13:34:26,860: publisherUpdate[/rosout] -> http://172.22.52.56:44147/ ['http://172.22.52.56:34987/', 'http://172.22.52.56:36243/']: sec=0.00, result=[1, '', 0]
[rosmaster.master][INFO] 2025-09-20 13:34:59,018: +PUB [/rosout] /rostopic_9011_1758342898880 http://172.22.52.56:41267/
[rosmaster.master][INFO] 2025-09-20 13:34:59,022: +SERVICE [/rostopic_9011_1758342898880/get_loggers] /rostopic_9011_1758342898880 http://172.22.52.56:41267/
[rosmaster.master][INFO] 2025-09-20 13:34:59,023: +SERVICE [/rostopic_9011_1758342898880/set_logger_level] /rostopic_9011_1758342898880 http://172.22.52.56:41267/
[rosmaster.master][INFO] 2025-09-20 13:34:59,032: publisherUpdate[/rosout] -> http://172.22.52.56:44147/ ['http://172.22.52.56:34987/', 'http://172.22.52.56:36243/', 'http://172.22.52.56:41267/']
[rosmaster.master][INFO] 2025-09-20 13:34:59,033: publisherUpdate[/rosout] -> http://172.22.52.56:44147/ ['http://172.22.52.56:34987/', 'http://172.22.52.56:36243/', 'http://172.22.52.56:41267/']: sec=0.00, result=[1, '', 0]
[rosmaster.master][INFO] 2025-09-20 13:34:59,045: +SUB [/image_jpeg/compressed] /rostopic_9011_1758342898880 http://172.22.52.56:41267/
[rosmaster.master][INFO] 2025-09-20 13:35:02,103: -SUB [/image_jpeg/compressed] /rostopic_9011_1758342898880 http://172.22.52.56:41267/
[rosmaster.master][INFO] 2025-09-20 13:35:02,103: -PUB [/rosout] /rostopic_9011_1758342898880 http://172.22.52.56:41267/
[rosmaster.master][INFO] 2025-09-20 13:35:02,103: -SERVICE [/rostopic_9011_1758342898880/get_loggers] /rostopic_9011_1758342898880 rosrpc://172.22.52.56:42103
[rosmaster.master][INFO] 2025-09-20 13:35:02,103: -SERVICE [/rostopic_9011_1758342898880/set_logger_level] /rostopic_9011_1758342898880 rosrpc://172.22.52.56:42103
[rosmaster.master][INFO] 2025-09-20 13:35:02,140: publisherUpdate[/rosout] -> http://172.22.52.56:44147/ ['http://172.22.52.56:34987/', 'http://172.22.52.56:36243/']
[rosmaster.master][INFO] 2025-09-20 13:35:02,142: publisherUpdate[/rosout] -> http://172.22.52.56:44147/ ['http://172.22.52.56:34987/', 'http://172.22.52.56:36243/']: sec=0.00, result=[1, '', 0]
[rosmaster.master][INFO] 2025-09-20 13:35:34,944: +CACHEDPARAM [/rosout_disable_topics_generation] by /rosbridge_websocket
[rosmaster.master][INFO] 2025-09-20 13:35:36,555: +PUB [/image_jpeg/compressed] /rosbridge_websocket http://172.22.52.56:36243/
[rosmaster.master][INFO] 2025-09-20 13:36:27,715: +CACHEDPARAM [/rosout_disable_topics_generation] by /rosbridge_websocket
[rosmaster.master][INFO] 2025-09-20 13:36:27,720: +CACHEDPARAM [/rosout_disable_topics_generation] by /rosbridge_websocket
[rosmaster.master][INFO] 2025-09-20 13:36:27,725: +CACHEDPARAM [/rosout_disable_topics_generation] by /rosbridge_websocket
[rosmaster.master][INFO] 2025-09-20 13:36:27,728: +CACHEDPARAM [/rosout_disable_topics_generation] by /rosbridge_websocket
[rosmaster.master][INFO] 2025-09-20 13:36:27,731: +CACHEDPARAM [/rosout_disable_topics_generation] by /rosbridge_websocket
[rosmaster.master][INFO] 2025-09-20 13:36:27,734: +CACHEDPARAM [/rosout_disable_topics_generation] by /rosbridge_websocket
[rosmaster.master][INFO] 2025-09-20 13:36:27,737: +CACHEDPARAM [/rosout_disable_topics_generation] by /rosbridge_websocket
[rosmaster.master][INFO] 2025-09-20 13:36:28,710: +PUB [/clock] /rosbridge_websocket http://172.22.52.56:36243/
[rosmaster.master][INFO] 2025-09-20 13:36:28,730: +CACHEDPARAM [/rosout_disable_topics_generation] by /rosbridge_websocket
[rosmaster.master][INFO] 2025-09-20 13:36:28,846: +PUB [/tf] /rosbridge_websocket http://172.22.52.56:36243/
[rosmaster.master][INFO] 2025-09-20 13:36:29,072: +PUB [/CollisionData] /rosbridge_websocket http://172.22.52.56:36243/
[rosmaster.master][INFO] 2025-09-20 13:36:29,081: +PUB [/Competition_topic] /rosbridge_websocket http://172.22.52.56:36243/
[rosmaster.master][INFO] 2025-09-20 13:36:29,104: +PUB [/Ego_topic] /rosbridge_websocket http://172.22.52.56:36243/
[rosmaster.master][INFO] 2025-09-20 13:36:29,144: +PUB [/Object_topic] /rosbridge_websocket http://172.22.52.56:36243/
[rosmaster.master][INFO] 2025-09-20 13:36:29,729: +SUB [/ctrl_cmd] /rosbridge_websocket http://172.22.52.56:36243/
[rosmaster.master][INFO] 2025-09-20 13:36:29,733: +CACHEDPARAM [/rosout_disable_topics_generation] by /rosbridge_websocket
[rosmaster.master][INFO] 2025-09-20 13:36:29,751: +SERVICE [/Service_MoraiEventCmd] /rosbridge_websocket http://172.22.52.56:36243/
[rosmaster.master][INFO] 2025-09-20 13:36:29,753: +CACHEDPARAM [/rosout_disable_topics_generation] by /rosbridge_websocket
[rosmaster.master][INFO] 2025-09-20 13:36:45,276: +CACHEDPARAM [/rosout_disable_topics_generation] by /rosbridge_websocket
[rosmaster.master][INFO] 2025-09-20 13:36:46,066: +CACHEDPARAM [/rosout_disable_topics_generation] by /rosbridge_websocket
[rosmaster.master][INFO] 2025-09-20 13:37:01,516: +PUB [/rosout] /rostopic_9084_1758343021351 http://172.22.52.56:40479/
[rosmaster.master][INFO] 2025-09-20 13:37:01,522: +SERVICE [/rostopic_9084_1758343021351/get_loggers] /rostopic_9084_1758343021351 http://172.22.52.56:40479/
[rosmaster.master][INFO] 2025-09-20 13:37:01,523: publisherUpdate[/rosout] -> http://172.22.52.56:44147/ ['http://172.22.52.56:34987/', 'http://172.22.52.56:36243/', 'http://172.22.52.56:40479/']
[rosmaster.master][INFO] 2025-09-20 13:37:01,524: +SERVICE [/rostopic_9084_1758343021351/set_logger_level] /rostopic_9084_1758343021351 http://172.22.52.56:40479/
[rosmaster.master][INFO] 2025-09-20 13:37:01,525: publisherUpdate[/rosout] -> http://172.22.52.56:44147/ ['http://172.22.52.56:34987/', 'http://172.22.52.56:36243/', 'http://172.22.52.56:40479/']: sec=0.00, result=[1, '', 0]
[rosmaster.master][INFO] 2025-09-20 13:37:01,558: +SUB [/image_jpeg/compressed] /rostopic_9084_1758343021351 http://172.22.52.56:40479/
[rosmaster.master][INFO] 2025-09-20 13:37:04,813: -SUB [/image_jpeg/compressed] /rostopic_9084_1758343021351 http://172.22.52.56:40479/
[rosmaster.master][INFO] 2025-09-20 13:37:04,813: -PUB [/rosout] /rostopic_9084_1758343021351 http://172.22.52.56:40479/
[rosmaster.master][INFO] 2025-09-20 13:37:04,814: -SERVICE [/rostopic_9084_1758343021351/get_loggers] /rostopic_9084_1758343021351 rosrpc://172.22.52.56:39413
[rosmaster.master][INFO] 2025-09-20 13:37:04,814: -SERVICE [/rostopic_9084_1758343021351/set_logger_level] /rostopic_9084_1758343021351 rosrpc://172.22.52.56:39413
[rosmaster.master][INFO] 2025-09-20 13:37:04,831: publisherUpdate[/rosout] -> http://172.22.52.56:44147/ ['http://172.22.52.56:34987/', 'http://172.22.52.56:36243/']
[rosmaster.master][INFO] 2025-09-20 13:37:04,833: publisherUpdate[/rosout] -> http://172.22.52.56:44147/ ['http://172.22.52.56:34987/', 'http://172.22.52.56:36243/']: sec=0.00, result=[1, '', 0]
[rosmaster.master][INFO] 2025-09-20 13:37:08,306: +PUB [/rosout] /image_republisher_1758343028301761945 http://172.22.52.56:34663/
[rosmaster.master][INFO] 2025-09-20 13:37:08,307: +SERVICE [/image_republisher_1758343028301761945/get_loggers] /image_republisher_1758343028301761945 http://172.22.52.56:34663/
[rosmaster.master][INFO] 2025-09-20 13:37:08,308: +SERVICE [/image_republisher_1758343028301761945/set_logger_level] /image_republisher_1758343028301761945 http://172.22.52.56:34663/
[rosmaster.master][INFO] 2025-09-20 13:37:08,341: publisherUpdate[/rosout] -> http://172.22.52.56:44147/ ['http://172.22.52.56:34987/', 'http://172.22.52.56:36243/', 'http://172.22.52.56:34663/']
[rosmaster.master][INFO] 2025-09-20 13:37:08,343: publisherUpdate[/rosout] -> http://172.22.52.56:44147/ ['http://172.22.52.56:34987/', 'http://172.22.52.56:36243/', 'http://172.22.52.56:34663/']: sec=0.00, result=[1, '', 0]
[rosmaster.master][INFO] 2025-09-20 13:37:08,356: +PUB [/camera/image_raw] /image_republisher_1758343028301761945 http://172.22.52.56:34663/
[rosmaster.master][INFO] 2025-09-20 13:37:08,807: +SUB [/image_jpeg/compressed] /image_republisher_1758343028301761945 http://172.22.52.56:34663/
[rosmaster.master][INFO] 2025-09-20 13:37:08,808: +SERVICE [/image_republisher_1758343028301761945/compressed/set_parameters] /image_republisher_1758343028301761945 http://172.22.52.56:34663/
[rosmaster.master][INFO] 2025-09-20 13:37:08,811: +PUB [/image_republisher_1758343028301761945/compressed/parameter_descriptions] /image_republisher_1758343028301761945 http://172.22.52.56:34663/
[rosmaster.master][INFO] 2025-09-20 13:37:08,812: +PUB [/image_republisher_1758343028301761945/compressed/parameter_updates] /image_republisher_1758343028301761945 http://172.22.52.56:34663/
[rosmaster.master][INFO] 2025-09-20 13:37:08,814: +PARAM [/image_republisher_1758343028301761945/compressed/mode] by /image_republisher_1758343028301761945
[rosmaster.master][INFO] 2025-09-20 13:37:08,815: +PARAM [/image_republisher_1758343028301761945/compressed/mode] by /image_republisher_1758343028301761945
[rosmaster.master][INFO] 2025-09-20 13:37:46,138: +PARAM [/lane_tracking/kp] by /rosparam-9212
[rosmaster.master][INFO] 2025-09-20 13:37:46,414: +PARAM [/lane_tracking/roi_y_ratio] by /rosparam-9215
[rosmaster.master][INFO] 2025-09-20 13:37:46,663: +PARAM [/lane_tracking/debug] by /rosparam-9218
[rosmaster.master][INFO] 2025-09-20 13:37:53,048: +PUB [/rosout] /lane_tracking_node http://172.22.52.56:39397/
[rosmaster.master][INFO] 2025-09-20 13:37:53,053: publisherUpdate[/rosout] -> http://172.22.52.56:44147/ ['http://172.22.52.56:34987/', 'http://172.22.52.56:36243/', 'http://172.22.52.56:34663/', 'http://172.22.52.56:39397/']
[rosmaster.master][INFO] 2025-09-20 13:37:53,055: publisherUpdate[/rosout] -> http://172.22.52.56:44147/ ['http://172.22.52.56:34987/', 'http://172.22.52.56:36243/', 'http://172.22.52.56:34663/', 'http://172.22.52.56:39397/']: sec=0.00, result=[1, '', 0]
[rosmaster.master][INFO] 2025-09-20 13:37:53,059: +SERVICE [/lane_tracking_node/get_loggers] /lane_tracking_node http://172.22.52.56:39397/
[rosmaster.master][INFO] 2025-09-20 13:37:53,062: +SERVICE [/lane_tracking_node/set_logger_level] /lane_tracking_node http://172.22.52.56:39397/
[rosmaster.master][INFO] 2025-09-20 13:37:53,079: +PUB [/lane/center_offset] /lane_tracking_node http://172.22.52.56:39397/
[rosmaster.master][INFO] 2025-09-20 13:37:53,081: +PUB [/lane/steering_angle] /lane_tracking_node http://172.22.52.56:39397/
[rosmaster.master][INFO] 2025-09-20 13:37:53,083: +PUB [/lane_overlay] /lane_tracking_node http://172.22.52.56:39397/
[rosmaster.master][INFO] 2025-09-20 13:37:53,087: +SUB [/camera/image_raw] /lane_tracking_node http://172.22.52.56:39397/
[rosmaster.master][INFO] 2025-09-20 13:37:53,091: +CACHEDPARAM [/rosout_disable_topics_generation] by /lane_tracking_node
[rosmaster.master][INFO] 2025-09-20 13:38:18,278: +PUB [/rosout] /rqt_gui_cpp_node_9324 http://172.22.52.56:39245/
[rosmaster.master][INFO] 2025-09-20 13:38:18,280: +SERVICE [/rqt_gui_cpp_node_9324/get_loggers] /rqt_gui_cpp_node_9324 http://172.22.52.56:39245/
[rosmaster.master][INFO] 2025-09-20 13:38:18,281: +SERVICE [/rqt_gui_cpp_node_9324/set_logger_level] /rqt_gui_cpp_node_9324 http://172.22.52.56:39245/
[rosmaster.master][INFO] 2025-09-20 13:38:18,334: publisherUpdate[/rosout] -> http://172.22.52.56:44147/ ['http://172.22.52.56:34987/', 'http://172.22.52.56:36243/', 'http://172.22.52.56:34663/', 'http://172.22.52.56:39397/', 'http://172.22.52.56:39245/']
[rosmaster.master][INFO] 2025-09-20 13:38:18,337: publisherUpdate[/rosout] -> http://172.22.52.56:44147/ ['http://172.22.52.56:34987/', 'http://172.22.52.56:36243/', 'http://172.22.52.56:34663/', 'http://172.22.52.56:39397/', 'http://172.22.52.56:39245/']: sec=0.00, result=[1, '', 0]
[rosmaster.master][INFO] 2025-09-20 13:38:18,638: +SUB [/lane_overlay] /rqt_gui_cpp_node_9324 http://172.22.52.56:39245/
[rosmaster.master][INFO] 2025-09-20 13:38:57,280: -SUB [/lane_overlay] /rqt_gui_cpp_node_9324 http://172.22.52.56:39245/
[rosmaster.master][INFO] 2025-09-20 13:38:57,836: -PUB [/rosout] /rqt_gui_cpp_node_9324 http://172.22.52.56:39245/
[rosmaster.master][INFO] 2025-09-20 13:38:57,838: -SERVICE [/rqt_gui_cpp_node_9324/get_loggers] /rqt_gui_cpp_node_9324 rosrpc://172.22.52.56:35897
[rosmaster.master][INFO] 2025-09-20 13:38:57,840: -SERVICE [/rqt_gui_cpp_node_9324/set_logger_level] /rqt_gui_cpp_node_9324 rosrpc://172.22.52.56:35897
[rosmaster.master][INFO] 2025-09-20 13:38:57,858: publisherUpdate[/rosout] -> http://172.22.52.56:44147/ ['http://172.22.52.56:34987/', 'http://172.22.52.56:36243/', 'http://172.22.52.56:34663/', 'http://172.22.52.56:39397/']
[rosmaster.master][INFO] 2025-09-20 13:38:57,860: publisherUpdate[/rosout] -> http://172.22.52.56:44147/ ['http://172.22.52.56:34987/', 'http://172.22.52.56:36243/', 'http://172.22.52.56:34663/', 'http://172.22.52.56:39397/']: sec=0.00, result=[1, '', 0]
[rosmaster.master][INFO] 2025-09-20 13:39:01,889: +PUB [/rosout] /rqt_gui_cpp_node_9378 http://172.22.52.56:40069/
[rosmaster.master][INFO] 2025-09-20 13:39:01,890: +SERVICE [/rqt_gui_cpp_node_9378/get_loggers] /rqt_gui_cpp_node_9378 http://172.22.52.56:40069/
[rosmaster.master][INFO] 2025-09-20 13:39:01,891: +SERVICE [/rqt_gui_cpp_node_9378/set_logger_level] /rqt_gui_cpp_node_9378 http://172.22.52.56:40069/
[rosmaster.master][INFO] 2025-09-20 13:39:01,971: publisherUpdate[/rosout] -> http://172.22.52.56:44147/ ['http://172.22.52.56:34987/', 'http://172.22.52.56:36243/', 'http://172.22.52.56:34663/', 'http://172.22.52.56:39397/', 'http://172.22.52.56:40069/']
[rosmaster.master][INFO] 2025-09-20 13:39:01,974: publisherUpdate[/rosout] -> http://172.22.52.56:44147/ ['http://172.22.52.56:34987/', 'http://172.22.52.56:36243/', 'http://172.22.52.56:34663/', 'http://172.22.52.56:39397/', 'http://172.22.52.56:40069/']: sec=0.00, result=[1, '', 0]
[rosmaster.master][INFO] 2025-09-20 13:39:02,246: +SUB [/lane_overlay] /rqt_gui_cpp_node_9378 http://172.22.52.56:40069/
[rosmaster.master][INFO] 2025-09-20 13:40:11,612: -SUB [/lane_overlay] /rqt_gui_cpp_node_9378 http://172.22.52.56:40069/
[rosmaster.master][INFO] 2025-09-20 13:40:12,156: -PUB [/rosout] /rqt_gui_cpp_node_9378 http://172.22.52.56:40069/
[rosmaster.master][INFO] 2025-09-20 13:40:12,158: -SERVICE [/rqt_gui_cpp_node_9378/get_loggers] /rqt_gui_cpp_node_9378 rosrpc://172.22.52.56:43803
[rosmaster.master][INFO] 2025-09-20 13:40:12,160: -SERVICE [/rqt_gui_cpp_node_9378/set_logger_level] /rqt_gui_cpp_node_9378 rosrpc://172.22.52.56:43803
[rosmaster.master][INFO] 2025-09-20 13:40:12,182: publisherUpdate[/rosout] -> http://172.22.52.56:44147/ ['http://172.22.52.56:34987/', 'http://172.22.52.56:36243/', 'http://172.22.52.56:34663/', 'http://172.22.52.56:39397/']
[rosmaster.master][INFO] 2025-09-20 13:40:12,185: publisherUpdate[/rosout] -> http://172.22.52.56:44147/ ['http://172.22.52.56:34987/', 'http://172.22.52.56:36243/', 'http://172.22.52.56:34663/', 'http://172.22.52.56:39397/']: sec=0.00, result=[1, '', 0]
[rosmaster.master][INFO] 2025-09-20 13:40:17,300: -PUB [/rosout_agg] /rosout http://172.22.52.56:44147/
[rosmaster.master][INFO] 2025-09-20 13:40:17,302: -SUB [/rosout] /rosout http://172.22.52.56:44147/
[rosmaster.master][INFO] 2025-09-20 13:40:17,304: -SERVICE [/rosout/get_loggers] /rosout rosrpc://172.22.52.56:55047
[rosmaster.master][INFO] 2025-09-20 13:40:17,306: -SERVICE [/rosout/set_logger_level] /rosout rosrpc://172.22.52.56:55047
[rosmaster.master][INFO] 2025-09-20 13:40:17,308: -CACHEDPARAM [/rosout/omit_topics] by /rosout
[rosmaster.main][INFO] 2025-09-20 13:40:17,434: keyboard interrupt, will exit
[rosmaster.main][INFO] 2025-09-20 13:40:17,435: stopping master...
[rospy.core][INFO] 2025-09-20 13:40:17,436: signal_shutdown [atexit]
