[rospy.client][INFO] 2025-09-20 13:34:09,027: init_node, name[/rosbridge_websocket], pid[7325]
[xmlrpc][INFO] 2025-09-20 13:34:09,027: XML-RPC server binding to 0.0.0.0:0
[xmlrpc][INFO] 2025-09-20 13:34:09,028: Started XML-RPC server [http://172.22.52.56:39493/]
[rospy.init][INFO] 2025-09-20 13:34:09,028: ROS Slave URI: [http://172.22.52.56:39493/]
[rospy.impl.masterslave][INFO] 2025-09-20 13:34:09,028: _ready: http://172.22.52.56:39493/
[rospy.registration][INFO] 2025-09-20 13:34:09,029: Registering with master node http://172.22.52.56:11311
[xmlrpc][INFO] 2025-09-20 13:34:09,030: xml rpc node: starting XML-RPC server
[rospy.init][INFO] 2025-09-20 13:34:09,129: registered with master
[rospy.rosout][INFO] 2025-09-20 13:34:09,129: initializing /rosout core topic
[rospy.rosout][INFO] 2025-09-20 13:34:09,134: connected to core topic /rosout
[rospy.simtime][INFO] 2025-09-20 13:34:09,135: /use_sim_time is not set, will not subscribe to simulated time [/clock] topic
[rosout][INFO] 2025-09-20 13:34:09,157: Rosbridge WebSocket server started at ws://0.0.0.0:9090
[rosout][INFO] 2025-09-20 13:34:09,330: Client connected.  1 clients total.
[rosout][INFO] 2025-09-20 13:34:09,340: Client connected.  2 clients total.
[rosout][INFO] 2025-09-20 13:34:09,344: Client connected.  3 clients total.
[rosout][INFO] 2025-09-20 13:34:09,346: Client connected.  4 clients total.
[rosout][INFO] 2025-09-20 13:34:09,349: Client connected.  5 clients total.
[rosout][INFO] 2025-09-20 13:34:09,351: Client connected.  6 clients total.
[rosout][INFO] 2025-09-20 13:34:09,353: Client connected.  7 clients total.
[rosout][ERROR] 2025-09-20 13:34:09,366: [Client 4] [id: /Competition_topic] publish: Cannot infer topic type for topic /Competition_topic as it is not yet advertised
[rosout][ERROR] 2025-09-20 13:34:09,369: [Client 6] [id: /Ego_topic] publish: Cannot infer topic type for topic /Ego_topic as it is not yet advertised
[rosout][ERROR] 2025-09-20 13:34:09,371: [Client 5] [id: /Object_topic] publish: Cannot infer topic type for topic /Object_topic as it is not yet advertised
[rosout][ERROR] 2025-09-20 13:34:09,378: [Client 1] [id: /CollisionData] publish: Cannot infer topic type for topic /CollisionData as it is not yet advertised
[rosout][ERROR] 2025-09-20 13:34:09,379: [Client 2] [id: /tf] publish: Cannot infer topic type for topic /tf as it is not yet advertised
[rospy.internal][INFO] 2025-09-20 13:34:09,414: topic[/rosout] adding connection to [/rosout], count 0
[rosout][ERROR] 2025-09-20 13:34:09,417: [Client 5] [id: /Object_topic] publish: Cannot infer topic type for topic /Object_topic as it is not yet advertised
[rosout][ERROR] 2025-09-20 13:34:09,419: [Client 6] [id: /Ego_topic] publish: Cannot infer topic type for topic /Ego_topic as it is not yet advertised
[rosout][ERROR] 2025-09-20 13:34:09,423: [Client 5] [id: /Object_topic] publish: Cannot infer topic type for topic /Object_topic as it is not yet advertised
[rosout][ERROR] 2025-09-20 13:34:09,427: [Client 6] [id: /Ego_topic] publish: Cannot infer topic type for topic /Ego_topic as it is not yet advertised
[rosout][ERROR] 2025-09-20 13:34:09,432: [Client 1] [id: /CollisionData] publish: Cannot infer topic type for topic /CollisionData as it is not yet advertised
[rosout][ERROR] 2025-09-20 13:34:09,433: [Client 2] [id: /tf] publish: Cannot infer topic type for topic /tf as it is not yet advertised
[rosout][ERROR] 2025-09-20 13:34:09,435: [Client 4] [id: /Competition_topic] publish: Cannot infer topic type for topic /Competition_topic as it is not yet advertised
[rosout][ERROR] 2025-09-20 13:34:09,436: [Client 5] [id: /Object_topic] publish: Cannot infer topic type for topic /Object_topic as it is not yet advertised
[rosout][ERROR] 2025-09-20 13:34:09,439: [Client 6] [id: /Ego_topic] publish: Cannot infer topic type for topic /Ego_topic as it is not yet advertised
[rosout][ERROR] 2025-09-20 13:34:09,441: [Client 1] [id: /CollisionData] publish: Cannot infer topic type for topic /CollisionData as it is not yet advertised
[rosout][ERROR] 2025-09-20 13:34:09,445: [Client 2] [id: /tf] publish: Cannot infer topic type for topic /tf as it is not yet advertised
[rosout][ERROR] 2025-09-20 13:34:09,446: [Client 4] [id: /Competition_topic] publish: Cannot infer topic type for topic /Competition_topic as it is not yet advertised
[rosout][ERROR] 2025-09-20 13:34:09,453: [Client 6] [id: /Ego_topic] publish: Cannot infer topic type for topic /Ego_topic as it is not yet advertised
[rosout][ERROR] 2025-09-20 13:34:09,456: [Client 5] [id: /Object_topic] publish: Cannot infer topic type for topic /Object_topic as it is not yet advertised
[rosout][ERROR] 2025-09-20 13:34:09,459: [Client 1] [id: /CollisionData] publish: Cannot infer topic type for topic /CollisionData as it is not yet advertised
[rosout][ERROR] 2025-09-20 13:34:09,459: [Client 2] [id: /tf] publish: Cannot infer topic type for topic /tf as it is not yet advertised
[rosout][ERROR] 2025-09-20 13:34:09,464: [Client 4] [id: /Competition_topic] publish: Cannot infer topic type for topic /Competition_topic as it is not yet advertised
[rosout][ERROR] 2025-09-20 13:34:09,464: [Client 6] [id: /Ego_topic] publish: Cannot infer topic type for topic /Ego_topic as it is not yet advertised
[rosout][ERROR] 2025-09-20 13:34:09,469: [Client 5] [id: /Object_topic] publish: Cannot infer topic type for topic /Object_topic as it is not yet advertised
[rosout][ERROR] 2025-09-20 13:34:09,471: [Client 1] [id: /CollisionData] publish: Cannot infer topic type for topic /CollisionData as it is not yet advertised
[rosout][ERROR] 2025-09-20 13:34:09,474: [Client 2] [id: /tf] publish: Cannot infer topic type for topic /tf as it is not yet advertised
[rosout][ERROR] 2025-09-20 13:34:09,480: [Client 6] [id: /Ego_topic] publish: Cannot infer topic type for topic /Ego_topic as it is not yet advertised
[rosout][ERROR] 2025-09-20 13:34:09,483: [Client 4] [id: /Competition_topic] publish: Cannot infer topic type for topic /Competition_topic as it is not yet advertised
[rosout][ERROR] 2025-09-20 13:34:09,483: [Client 5] [id: /Object_topic] publish: Cannot infer topic type for topic /Object_topic as it is not yet advertised
[rosout][ERROR] 2025-09-20 13:34:09,485: [Client 1] [id: /CollisionData] publish: Cannot infer topic type for topic /CollisionData as it is not yet advertised
[rosout][ERROR] 2025-09-20 13:34:09,489: [Client 2] [id: /tf] publish: Cannot infer topic type for topic /tf as it is not yet advertised
[rosout][ERROR] 2025-09-20 13:34:09,493: [Client 4] [id: /Competition_topic] publish: Cannot infer topic type for topic /Competition_topic as it is not yet advertised
[rosout][ERROR] 2025-09-20 13:34:09,498: [Client 6] [id: /Ego_topic] publish: Cannot infer topic type for topic /Ego_topic as it is not yet advertised
[rosout][ERROR] 2025-09-20 13:34:09,502: [Client 5] [id: /Object_topic] publish: Cannot infer topic type for topic /Object_topic as it is not yet advertised
[rosout][ERROR] 2025-09-20 13:34:09,502: [Client 1] [id: /CollisionData] publish: Cannot infer topic type for topic /CollisionData as it is not yet advertised
[rosout][ERROR] 2025-09-20 13:34:09,506: [Client 4] [id: /Competition_topic] publish: Cannot infer topic type for topic /Competition_topic as it is not yet advertised
[rosout][ERROR] 2025-09-20 13:34:09,517: [Client 1] [id: /CollisionData] publish: Cannot infer topic type for topic /CollisionData as it is not yet advertised
[rosout][ERROR] 2025-09-20 13:34:09,518: [Client 2] [id: /tf] publish: Cannot infer topic type for topic /tf as it is not yet advertised
[rosout][ERROR] 2025-09-20 13:34:09,518: [Client 5] [id: /Object_topic] publish: Cannot infer topic type for topic /Object_topic as it is not yet advertised
[rosout][ERROR] 2025-09-20 13:34:09,519: [Client 6] [id: /Ego_topic] publish: Cannot infer topic type for topic /Ego_topic as it is not yet advertised
[rosout][ERROR] 2025-09-20 13:34:09,521: [Client 4] [id: /Competition_topic] publish: Cannot infer topic type for topic /Competition_topic as it is not yet advertised
[rosout][ERROR] 2025-09-20 13:34:09,529: [Client 2] [id: /tf] publish: Cannot infer topic type for topic /tf as it is not yet advertised
[rosout][ERROR] 2025-09-20 13:34:09,531: [Client 4] [id: /Competition_topic] publish: Cannot infer topic type for topic /Competition_topic as it is not yet advertised
[rosout][ERROR] 2025-09-20 13:34:09,535: [Client 4] [id: /Competition_topic] publish: Cannot infer topic type for topic /Competition_topic as it is not yet advertised
[rosout][ERROR] 2025-09-20 13:34:09,548: [Client 4] [id: /Competition_topic] publish: Cannot infer topic type for topic /Competition_topic as it is not yet advertised
[rosout][ERROR] 2025-09-20 13:34:09,550: [Client 2] [id: /tf] publish: Cannot infer topic type for topic /tf as it is not yet advertised
[rosout][ERROR] 2025-09-20 13:34:09,550: [Client 1] [id: /CollisionData] publish: Cannot infer topic type for topic /CollisionData as it is not yet advertised
[rosout][ERROR] 2025-09-20 13:34:09,551: [Client 6] [id: /Ego_topic] publish: Cannot infer topic type for topic /Ego_topic as it is not yet advertised
[rosout][ERROR] 2025-09-20 13:34:09,553: [Client 5] [id: /Object_topic] publish: Cannot infer topic type for topic /Object_topic as it is not yet advertised
[rosout][ERROR] 2025-09-20 13:34:09,565: [Client 1] [id: /CollisionData] publish: Cannot infer topic type for topic /CollisionData as it is not yet advertised
[rosout][ERROR] 2025-09-20 13:34:09,565: [Client 6] [id: /Ego_topic] publish: Cannot infer topic type for topic /Ego_topic as it is not yet advertised
[rosout][ERROR] 2025-09-20 13:34:09,566: [Client 2] [id: /tf] publish: Cannot infer topic type for topic /tf as it is not yet advertised
[rosout][ERROR] 2025-09-20 13:34:09,568: [Client 5] [id: /Object_topic] publish: Cannot infer topic type for topic /Object_topic as it is not yet advertised
[rosout][ERROR] 2025-09-20 13:34:09,582: [Client 6] [id: /Ego_topic] publish: Cannot infer topic type for topic /Ego_topic as it is not yet advertised
[rosout][ERROR] 2025-09-20 13:34:09,583: [Client 1] [id: /CollisionData] publish: Cannot infer topic type for topic /CollisionData as it is not yet advertised
[rosout][ERROR] 2025-09-20 13:34:09,584: [Client 5] [id: /Object_topic] publish: Cannot infer topic type for topic /Object_topic as it is not yet advertised
[rosout][ERROR] 2025-09-20 13:34:09,584: [Client 4] [id: /Competition_topic] publish: Cannot infer topic type for topic /Competition_topic as it is not yet advertised
[rosout][ERROR] 2025-09-20 13:34:09,585: [Client 2] [id: /tf] publish: Cannot infer topic type for topic /tf as it is not yet advertised
[rosout][ERROR] 2025-09-20 13:34:09,597: [Client 6] [id: /Ego_topic] publish: Cannot infer topic type for topic /Ego_topic as it is not yet advertised
[rosout][ERROR] 2025-09-20 13:34:09,598: [Client 5] [id: /Object_topic] publish: Cannot infer topic type for topic /Object_topic as it is not yet advertised
[rosout][ERROR] 2025-09-20 13:34:09,599: [Client 4] [id: /Competition_topic] publish: Cannot infer topic type for topic /Competition_topic as it is not yet advertised
[rosout][ERROR] 2025-09-20 13:34:09,601: [Client 1] [id: /CollisionData] publish: Cannot infer topic type for topic /CollisionData as it is not yet advertised
[rosout][ERROR] 2025-09-20 13:34:09,615: [Client 1] [id: /CollisionData] publish: Cannot infer topic type for topic /CollisionData as it is not yet advertised
[rosout][ERROR] 2025-09-20 13:34:09,618: [Client 4] [id: /Competition_topic] publish: Cannot infer topic type for topic /Competition_topic as it is not yet advertised
[rosout][ERROR] 2025-09-20 13:34:09,618: [Client 5] [id: /Object_topic] publish: Cannot infer topic type for topic /Object_topic as it is not yet advertised
[rosout][ERROR] 2025-09-20 13:34:09,619: [Client 2] [id: /tf] publish: Cannot infer topic type for topic /tf as it is not yet advertised
[rosout][ERROR] 2025-09-20 13:34:09,619: [Client 6] [id: /Ego_topic] publish: Cannot infer topic type for topic /Ego_topic as it is not yet advertised
[rosout][ERROR] 2025-09-20 13:34:09,629: [Client 2] [id: /tf] publish: Cannot infer topic type for topic /tf as it is not yet advertised
[rosout][ERROR] 2025-09-20 13:34:09,631: [Client 4] [id: /Competition_topic] publish: Cannot infer topic type for topic /Competition_topic as it is not yet advertised
[rosout][ERROR] 2025-09-20 13:34:09,649: [Client 1] [id: /CollisionData] publish: Cannot infer topic type for topic /CollisionData as it is not yet advertised
[rosout][ERROR] 2025-09-20 13:34:09,651: [Client 5] [id: /Object_topic] publish: Cannot infer topic type for topic /Object_topic as it is not yet advertised
[rosout][ERROR] 2025-09-20 13:34:09,652: [Client 4] [id: /Competition_topic] publish: Cannot infer topic type for topic /Competition_topic as it is not yet advertised
[rosout][ERROR] 2025-09-20 13:34:09,652: [Client 6] [id: /Ego_topic] publish: Cannot infer topic type for topic /Ego_topic as it is not yet advertised
[rosout][ERROR] 2025-09-20 13:34:09,652: [Client 2] [id: /tf] publish: Cannot infer topic type for topic /tf as it is not yet advertised
[rosout][ERROR] 2025-09-20 13:34:09,665: [Client 5] [id: /Object_topic] publish: Cannot infer topic type for topic /Object_topic as it is not yet advertised
[rosout][ERROR] 2025-09-20 13:34:09,667: [Client 1] [id: /CollisionData] publish: Cannot infer topic type for topic /CollisionData as it is not yet advertised
[rosout][ERROR] 2025-09-20 13:34:09,667: [Client 6] [id: /Ego_topic] publish: Cannot infer topic type for topic /Ego_topic as it is not yet advertised
[rosout][ERROR] 2025-09-20 13:34:09,668: [Client 2] [id: /tf] publish: Cannot infer topic type for topic /tf as it is not yet advertised
[rosout][ERROR] 2025-09-20 13:34:09,683: [Client 2] [id: /tf] publish: Cannot infer topic type for topic /tf as it is not yet advertised
[rosout][ERROR] 2025-09-20 13:34:09,684: [Client 4] [id: /Competition_topic] publish: Cannot infer topic type for topic /Competition_topic as it is not yet advertised
[rosout][ERROR] 2025-09-20 13:34:09,686: [Client 5] [id: /Object_topic] publish: Cannot infer topic type for topic /Object_topic as it is not yet advertised
[rosout][ERROR] 2025-09-20 13:34:09,687: [Client 1] [id: /CollisionData] publish: Cannot infer topic type for topic /CollisionData as it is not yet advertised
[rosout][ERROR] 2025-09-20 13:34:09,688: [Client 6] [id: /Ego_topic] publish: Cannot infer topic type for topic /Ego_topic as it is not yet advertised
[rosout][ERROR] 2025-09-20 13:34:09,699: [Client 4] [id: /Competition_topic] publish: Cannot infer topic type for topic /Competition_topic as it is not yet advertised
[rosout][ERROR] 2025-09-20 13:34:09,700: [Client 1] [id: /CollisionData] publish: Cannot infer topic type for topic /CollisionData as it is not yet advertised
[rosout][ERROR] 2025-09-20 13:34:09,701: [Client 5] [id: /Object_topic] publish: Cannot infer topic type for topic /Object_topic as it is not yet advertised
[rosout][ERROR] 2025-09-20 13:34:09,702: [Client 6] [id: /Ego_topic] publish: Cannot infer topic type for topic /Ego_topic as it is not yet advertised
[rosout][ERROR] 2025-09-20 13:34:09,716: [Client 1] [id: /CollisionData] publish: Cannot infer topic type for topic /CollisionData as it is not yet advertised
[rosout][ERROR] 2025-09-20 13:34:09,717: [Client 4] [id: /Competition_topic] publish: Cannot infer topic type for topic /Competition_topic as it is not yet advertised
[rosout][ERROR] 2025-09-20 13:34:09,718: [Client 2] [id: /tf] publish: Cannot infer topic type for topic /tf as it is not yet advertised
[rosout][ERROR] 2025-09-20 13:34:09,718: [Client 5] [id: /Object_topic] publish: Cannot infer topic type for topic /Object_topic as it is not yet advertised
[rosout][ERROR] 2025-09-20 13:34:09,730: [Client 6] [id: /Ego_topic] publish: Cannot infer topic type for topic /Ego_topic as it is not yet advertised
[rosout][ERROR] 2025-09-20 13:34:09,731: [Client 2] [id: /tf] publish: Cannot infer topic type for topic /tf as it is not yet advertised
[rosout][ERROR] 2025-09-20 13:34:09,733: [Client 4] [id: /Competition_topic] publish: Cannot infer topic type for topic /Competition_topic as it is not yet advertised
[rosout][ERROR] 2025-09-20 13:34:09,737: [Client 6] [id: /Ego_topic] publish: Cannot infer topic type for topic /Ego_topic as it is not yet advertised
[rosout][ERROR] 2025-09-20 13:34:09,749: [Client 5] [id: /Object_topic] publish: Cannot infer topic type for topic /Object_topic as it is not yet advertised
[rosout][ERROR] 2025-09-20 13:34:09,749: [Client 2] [id: /tf] publish: Cannot infer topic type for topic /tf as it is not yet advertised
[rosout][ERROR] 2025-09-20 13:34:09,750: [Client 4] [id: /Competition_topic] publish: Cannot infer topic type for topic /Competition_topic as it is not yet advertised
[rosout][ERROR] 2025-09-20 13:34:09,751: [Client 1] [id: /CollisionData] publish: Cannot infer topic type for topic /CollisionData as it is not yet advertised
[rosout][ERROR] 2025-09-20 13:34:09,765: [Client 2] [id: /tf] publish: Cannot infer topic type for topic /tf as it is not yet advertised
[rosout][ERROR] 2025-09-20 13:34:09,767: [Client 1] [id: /CollisionData] publish: Cannot infer topic type for topic /CollisionData as it is not yet advertised
[rosout][ERROR] 2025-09-20 13:34:09,768: [Client 6] [id: /Ego_topic] publish: Cannot infer topic type for topic /Ego_topic as it is not yet advertised
[rosout][ERROR] 2025-09-20 13:34:09,768: [Client 5] [id: /Object_topic] publish: Cannot infer topic type for topic /Object_topic as it is not yet advertised
[rosout][ERROR] 2025-09-20 13:34:09,783: [Client 2] [id: /tf] publish: Cannot infer topic type for topic /tf as it is not yet advertised
[rosout][ERROR] 2025-09-20 13:34:09,784: [Client 1] [id: /CollisionData] publish: Cannot infer topic type for topic /CollisionData as it is not yet advertised
[rosout][ERROR] 2025-09-20 13:34:09,785: [Client 4] [id: /Competition_topic] publish: Cannot infer topic type for topic /Competition_topic as it is not yet advertised
[rosout][ERROR] 2025-09-20 13:34:09,786: [Client 6] [id: /Ego_topic] publish: Cannot infer topic type for topic /Ego_topic as it is not yet advertised
[rosout][ERROR] 2025-09-20 13:34:09,787: [Client 5] [id: /Object_topic] publish: Cannot infer topic type for topic /Object_topic as it is not yet advertised
[rosout][ERROR] 2025-09-20 13:34:09,798: [Client 5] [id: /Object_topic] publish: Cannot infer topic type for topic /Object_topic as it is not yet advertised
[rosout][ERROR] 2025-09-20 13:34:09,799: [Client 1] [id: /CollisionData] publish: Cannot infer topic type for topic /CollisionData as it is not yet advertised
[rosout][ERROR] 2025-09-20 13:34:09,800: [Client 4] [id: /Competition_topic] publish: Cannot infer topic type for topic /Competition_topic as it is not yet advertised
[rosout][ERROR] 2025-09-20 13:34:09,816: [Client 2] [id: /tf] publish: Cannot infer topic type for topic /tf as it is not yet advertised
[rosout][ERROR] 2025-09-20 13:34:09,817: [Client 6] [id: /Ego_topic] publish: Cannot infer topic type for topic /Ego_topic as it is not yet advertised
[rosout][ERROR] 2025-09-20 13:34:09,818: [Client 1] [id: /CollisionData] publish: Cannot infer topic type for topic /CollisionData as it is not yet advertised
[rosout][ERROR] 2025-09-20 13:34:09,821: [Client 4] [id: /Competition_topic] publish: Cannot infer topic type for topic /Competition_topic as it is not yet advertised
[rosout][ERROR] 2025-09-20 13:34:09,822: [Client 5] [id: /Object_topic] publish: Cannot infer topic type for topic /Object_topic as it is not yet advertised
[rosout][ERROR] 2025-09-20 13:34:09,826: [Client 6] [id: /Ego_topic] publish: Cannot infer topic type for topic /Ego_topic as it is not yet advertised
[rosout][ERROR] 2025-09-20 13:34:09,831: [Client 2] [id: /tf] publish: Cannot infer topic type for topic /tf as it is not yet advertised
[rosout][ERROR] 2025-09-20 13:34:09,834: [Client 4] [id: /Competition_topic] publish: Cannot infer topic type for topic /Competition_topic as it is not yet advertised
[rosout][ERROR] 2025-09-20 13:34:09,838: [Client 6] [id: /Ego_topic] publish: Cannot infer topic type for topic /Ego_topic as it is not yet advertised
[rosout][ERROR] 2025-09-20 13:34:09,848: [Client 1] [id: /CollisionData] publish: Cannot infer topic type for topic /CollisionData as it is not yet advertised
[rosout][ERROR] 2025-09-20 13:34:09,850: [Client 4] [id: /Competition_topic] publish: Cannot infer topic type for topic /Competition_topic as it is not yet advertised
[rosout][ERROR] 2025-09-20 13:34:09,851: [Client 2] [id: /tf] publish: Cannot infer topic type for topic /tf as it is not yet advertised
[rosout][ERROR] 2025-09-20 13:34:09,853: [Client 5] [id: /Object_topic] publish: Cannot infer topic type for topic /Object_topic as it is not yet advertised
[rosout][ERROR] 2025-09-20 13:34:09,866: [Client 1] [id: /CollisionData] publish: Cannot infer topic type for topic /CollisionData as it is not yet advertised
[rosout][ERROR] 2025-09-20 13:34:09,867: [Client 5] [id: /Object_topic] publish: Cannot infer topic type for topic /Object_topic as it is not yet advertised
[rosout][ERROR] 2025-09-20 13:34:09,867: [Client 2] [id: /tf] publish: Cannot infer topic type for topic /tf as it is not yet advertised
[rosout][ERROR] 2025-09-20 13:34:09,868: [Client 6] [id: /Ego_topic] publish: Cannot infer topic type for topic /Ego_topic as it is not yet advertised
[rosout][ERROR] 2025-09-20 13:34:09,885: [Client 4] [id: /Competition_topic] publish: Cannot infer topic type for topic /Competition_topic as it is not yet advertised
[rosout][ERROR] 2025-09-20 13:34:09,885: [Client 2] [id: /tf] publish: Cannot infer topic type for topic /tf as it is not yet advertised
[rosout][ERROR] 2025-09-20 13:34:09,885: [Client 5] [id: /Object_topic] publish: Cannot infer topic type for topic /Object_topic as it is not yet advertised
[rosout][ERROR] 2025-09-20 13:34:09,885: [Client 1] [id: /CollisionData] publish: Cannot infer topic type for topic /CollisionData as it is not yet advertised
[rosout][ERROR] 2025-09-20 13:34:09,887: [Client 6] [id: /Ego_topic] publish: Cannot infer topic type for topic /Ego_topic as it is not yet advertised
[rosout][ERROR] 2025-09-20 13:34:09,900: [Client 4] [id: /Competition_topic] publish: Cannot infer topic type for topic /Competition_topic as it is not yet advertised
[rosout][ERROR] 2025-09-20 13:34:09,902: [Client 6] [id: /Ego_topic] publish: Cannot infer topic type for topic /Ego_topic as it is not yet advertised
[rosout][ERROR] 2025-09-20 13:34:09,903: [Client 5] [id: /Object_topic] publish: Cannot infer topic type for topic /Object_topic as it is not yet advertised
[rosout][ERROR] 2025-09-20 13:34:09,903: [Client 2] [id: /tf] publish: Cannot infer topic type for topic /tf as it is not yet advertised
[rosout][ERROR] 2025-09-20 13:34:09,905: [Client 1] [id: /CollisionData] publish: Cannot infer topic type for topic /CollisionData as it is not yet advertised
[rosout][ERROR] 2025-09-20 13:34:09,915: [Client 4] [id: /Competition_topic] publish: Cannot infer topic type for topic /Competition_topic as it is not yet advertised
[rosout][ERROR] 2025-09-20 13:34:09,917: [Client 1] [id: /CollisionData] publish: Cannot infer topic type for topic /CollisionData as it is not yet advertised
[rosout][ERROR] 2025-09-20 13:34:09,919: [Client 5] [id: /Object_topic] publish: Cannot infer topic type for topic /Object_topic as it is not yet advertised
[rosout][ERROR] 2025-09-20 13:34:09,920: [Client 6] [id: /Ego_topic] publish: Cannot infer topic type for topic /Ego_topic as it is not yet advertised
[rosout][ERROR] 2025-09-20 13:34:09,934: [Client 1] [id: /CollisionData] publish: Cannot infer topic type for topic /CollisionData as it is not yet advertised
[rosout][ERROR] 2025-09-20 13:34:09,935: [Client 2] [id: /tf] publish: Cannot infer topic type for topic /tf as it is not yet advertised
[rosout][ERROR] 2025-09-20 13:34:09,936: [Client 4] [id: /Competition_topic] publish: Cannot infer topic type for topic /Competition_topic as it is not yet advertised
[rosout][ERROR] 2025-09-20 13:34:09,938: [Client 5] [id: /Object_topic] publish: Cannot infer topic type for topic /Object_topic as it is not yet advertised
[rosout][ERROR] 2025-09-20 13:34:09,947: [Client 4] [id: /Competition_topic] publish: Cannot infer topic type for topic /Competition_topic as it is not yet advertised
[rosout][ERROR] 2025-09-20 13:34:09,948: [Client 2] [id: /tf] publish: Cannot infer topic type for topic /tf as it is not yet advertised
[rosout][ERROR] 2025-09-20 13:34:09,954: [Client 6] [id: /Ego_topic] publish: Cannot infer topic type for topic /Ego_topic as it is not yet advertised
[rosout][ERROR] 2025-09-20 13:34:09,969: [Client 1] [id: /CollisionData] publish: Cannot infer topic type for topic /CollisionData as it is not yet advertised
[rosout][ERROR] 2025-09-20 13:34:09,969: [Client 5] [id: /Object_topic] publish: Cannot infer topic type for topic /Object_topic as it is not yet advertised
[rosout][ERROR] 2025-09-20 13:34:09,969: [Client 2] [id: /tf] publish: Cannot infer topic type for topic /tf as it is not yet advertised
[rosout][ERROR] 2025-09-20 13:34:09,972: [Client 4] [id: /Competition_topic] publish: Cannot infer topic type for topic /Competition_topic as it is not yet advertised
[rosout][ERROR] 2025-09-20 13:34:09,972: [Client 6] [id: /Ego_topic] publish: Cannot infer topic type for topic /Ego_topic as it is not yet advertised
[rosout][ERROR] 2025-09-20 13:34:09,984: [Client 1] [id: /CollisionData] publish: Cannot infer topic type for topic /CollisionData as it is not yet advertised
[rosout][ERROR] 2025-09-20 13:34:09,985: [Client 5] [id: /Object_topic] publish: Cannot infer topic type for topic /Object_topic as it is not yet advertised
[rosout][ERROR] 2025-09-20 13:34:09,986: [Client 6] [id: /Ego_topic] publish: Cannot infer topic type for topic /Ego_topic as it is not yet advertised
[rosout][ERROR] 2025-09-20 13:34:09,987: [Client 2] [id: /tf] publish: Cannot infer topic type for topic /tf as it is not yet advertised
[rosout][ERROR] 2025-09-20 13:34:10,001: [Client 4] [id: /Competition_topic] publish: Cannot infer topic type for topic /Competition_topic as it is not yet advertised
[rosout][ERROR] 2025-09-20 13:34:10,002: [Client 5] [id: /Object_topic] publish: Cannot infer topic type for topic /Object_topic as it is not yet advertised
[rosout][ERROR] 2025-09-20 13:34:10,005: [Client 1] [id: /CollisionData] publish: Cannot infer topic type for topic /CollisionData as it is not yet advertised
[rosout][ERROR] 2025-09-20 13:34:10,006: [Client 6] [id: /Ego_topic] publish: Cannot infer topic type for topic /Ego_topic as it is not yet advertised
[rosout][ERROR] 2025-09-20 13:34:10,006: [Client 2] [id: /tf] publish: Cannot infer topic type for topic /tf as it is not yet advertised
[rosout][ERROR] 2025-09-20 13:34:10,017: [Client 4] [id: /Competition_topic] publish: Cannot infer topic type for topic /Competition_topic as it is not yet advertised
[rosout][ERROR] 2025-09-20 13:34:10,018: [Client 6] [id: /Ego_topic] publish: Cannot infer topic type for topic /Ego_topic as it is not yet advertised
[rosout][ERROR] 2025-09-20 13:34:10,019: [Client 1] [id: /CollisionData] publish: Cannot infer topic type for topic /CollisionData as it is not yet advertised
[rosout][ERROR] 2025-09-20 13:34:10,020: [Client 5] [id: /Object_topic] publish: Cannot infer topic type for topic /Object_topic as it is not yet advertised
[rosout][ERROR] 2025-09-20 13:34:10,035: [Client 6] [id: /Ego_topic] publish: Cannot infer topic type for topic /Ego_topic as it is not yet advertised
[rosout][ERROR] 2025-09-20 13:34:10,036: [Client 2] [id: /tf] publish: Cannot infer topic type for topic /tf as it is not yet advertised
[rosout][ERROR] 2025-09-20 13:34:10,039: [Client 5] [id: /Object_topic] publish: Cannot infer topic type for topic /Object_topic as it is not yet advertised
[rosout][ERROR] 2025-09-20 13:34:10,039: [Client 1] [id: /CollisionData] publish: Cannot infer topic type for topic /CollisionData as it is not yet advertised
[rosout][ERROR] 2025-09-20 13:34:10,039: [Client 4] [id: /Competition_topic] publish: Cannot infer topic type for topic /Competition_topic as it is not yet advertised
[rosout][ERROR] 2025-09-20 13:34:10,049: [Client 4] [id: /Competition_topic] publish: Cannot infer topic type for topic /Competition_topic as it is not yet advertised
[rosout][ERROR] 2025-09-20 13:34:10,050: [Client 2] [id: /tf] publish: Cannot infer topic type for topic /tf as it is not yet advertised
[rosout][ERROR] 2025-09-20 13:34:10,069: [Client 1] [id: /CollisionData] publish: Cannot infer topic type for topic /CollisionData as it is not yet advertised
[rosout][ERROR] 2025-09-20 13:34:10,071: [Client 2] [id: /tf] publish: Cannot infer topic type for topic /tf as it is not yet advertised
[rosout][ERROR] 2025-09-20 13:34:10,073: [Client 4] [id: /Competition_topic] publish: Cannot infer topic type for topic /Competition_topic as it is not yet advertised
[rosout][ERROR] 2025-09-20 13:34:10,073: [Client 6] [id: /Ego_topic] publish: Cannot infer topic type for topic /Ego_topic as it is not yet advertised
[rosout][ERROR] 2025-09-20 13:34:10,073: [Client 5] [id: /Object_topic] publish: Cannot infer topic type for topic /Object_topic as it is not yet advertised
[rosout][ERROR] 2025-09-20 13:34:10,084: [Client 6] [id: /Ego_topic] publish: Cannot infer topic type for topic /Ego_topic as it is not yet advertised
[rosout][ERROR] 2025-09-20 13:34:10,086: [Client 5] [id: /Object_topic] publish: Cannot infer topic type for topic /Object_topic as it is not yet advertised
[rosout][ERROR] 2025-09-20 13:34:10,087: [Client 1] [id: /CollisionData] publish: Cannot infer topic type for topic /CollisionData as it is not yet advertised
[rosout][ERROR] 2025-09-20 13:34:10,087: [Client 2] [id: /tf] publish: Cannot infer topic type for topic /tf as it is not yet advertised
[rosout][ERROR] 2025-09-20 13:34:10,103: [Client 1] [id: /CollisionData] publish: Cannot infer topic type for topic /CollisionData as it is not yet advertised
[rosout][ERROR] 2025-09-20 13:34:10,104: [Client 6] [id: /Ego_topic] publish: Cannot infer topic type for topic /Ego_topic as it is not yet advertised
[rosout][ERROR] 2025-09-20 13:34:10,105: [Client 5] [id: /Object_topic] publish: Cannot infer topic type for topic /Object_topic as it is not yet advertised
[rosout][ERROR] 2025-09-20 13:34:10,106: [Client 4] [id: /Competition_topic] publish: Cannot infer topic type for topic /Competition_topic as it is not yet advertised
[rosout][ERROR] 2025-09-20 13:34:10,107: [Client 2] [id: /tf] publish: Cannot infer topic type for topic /tf as it is not yet advertised
[rosout][ERROR] 2025-09-20 13:34:10,119: [Client 6] [id: /Ego_topic] publish: Cannot infer topic type for topic /Ego_topic as it is not yet advertised
[rosout][ERROR] 2025-09-20 13:34:10,120: [Client 1] [id: /CollisionData] publish: Cannot infer topic type for topic /CollisionData as it is not yet advertised
[rosout][ERROR] 2025-09-20 13:34:10,120: [Client 4] [id: /Competition_topic] publish: Cannot infer topic type for topic /Competition_topic as it is not yet advertised
[rosout][ERROR] 2025-09-20 13:34:10,122: [Client 5] [id: /Object_topic] publish: Cannot infer topic type for topic /Object_topic as it is not yet advertised
[rosout][ERROR] 2025-09-20 13:34:10,138: [Client 6] [id: /Ego_topic] publish: Cannot infer topic type for topic /Ego_topic as it is not yet advertised
[rosout][ERROR] 2025-09-20 13:34:10,139: [Client 5] [id: /Object_topic] publish: Cannot infer topic type for topic /Object_topic as it is not yet advertised
[rosout][ERROR] 2025-09-20 13:34:10,139: [Client 2] [id: /tf] publish: Cannot infer topic type for topic /tf as it is not yet advertised
[rosout][ERROR] 2025-09-20 13:34:10,139: [Client 4] [id: /Competition_topic] publish: Cannot infer topic type for topic /Competition_topic as it is not yet advertised
[rosout][ERROR] 2025-09-20 13:34:10,140: [Client 1] [id: /CollisionData] publish: Cannot infer topic type for topic /CollisionData as it is not yet advertised
[rosout][ERROR] 2025-09-20 13:34:10,151: [Client 4] [id: /Competition_topic] publish: Cannot infer topic type for topic /Competition_topic as it is not yet advertised
[rosout][ERROR] 2025-09-20 13:34:10,152: [Client 2] [id: /tf] publish: Cannot infer topic type for topic /tf as it is not yet advertised
[rosout][ERROR] 2025-09-20 13:34:10,153: [Client 6] [id: /Ego_topic] publish: Cannot infer topic type for topic /Ego_topic as it is not yet advertised
[rosout][ERROR] 2025-09-20 13:34:10,169: [Client 5] [id: /Object_topic] publish: Cannot infer topic type for topic /Object_topic as it is not yet advertised
[rosout][ERROR] 2025-09-20 13:34:10,171: [Client 4] [id: /Competition_topic] publish: Cannot infer topic type for topic /Competition_topic as it is not yet advertised
[rosout][ERROR] 2025-09-20 13:34:10,173: [Client 2] [id: /tf] publish: Cannot infer topic type for topic /tf as it is not yet advertised
[rosout][ERROR] 2025-09-20 13:34:10,174: [Client 1] [id: /CollisionData] publish: Cannot infer topic type for topic /CollisionData as it is not yet advertised
[rosout][ERROR] 2025-09-20 13:34:10,188: [Client 4] [id: /Competition_topic] publish: Cannot infer topic type for topic /Competition_topic as it is not yet advertised
[rosout][ERROR] 2025-09-20 13:34:10,188: [Client 1] [id: /CollisionData] publish: Cannot infer topic type for topic /CollisionData as it is not yet advertised
[rosout][ERROR] 2025-09-20 13:34:10,189: [Client 5] [id: /Object_topic] publish: Cannot infer topic type for topic /Object_topic as it is not yet advertised
[rosout][ERROR] 2025-09-20 13:34:10,191: [Client 6] [id: /Ego_topic] publish: Cannot infer topic type for topic /Ego_topic as it is not yet advertised
[rosout][ERROR] 2025-09-20 13:34:10,192: [Client 2] [id: /tf] publish: Cannot infer topic type for topic /tf as it is not yet advertised
[rosout][ERROR] 2025-09-20 13:34:10,243: [Client 2] [id: /tf] publish: Cannot infer topic type for topic /tf as it is not yet advertised
[rosout][ERROR] 2025-09-20 13:34:10,245: [Client 6] [id: /Ego_topic] publish: Cannot infer topic type for topic /Ego_topic as it is not yet advertised
[rosout][ERROR] 2025-09-20 13:34:10,246: [Client 4] [id: /Competition_topic] publish: Cannot infer topic type for topic /Competition_topic as it is not yet advertised
[rosout][ERROR] 2025-09-20 13:34:10,247: [Client 5] [id: /Object_topic] publish: Cannot infer topic type for topic /Object_topic as it is not yet advertised
[rosout][ERROR] 2025-09-20 13:34:10,247: [Client 1] [id: /CollisionData] publish: Cannot infer topic type for topic /CollisionData as it is not yet advertised
[rosout][ERROR] 2025-09-20 13:34:10,251: [Client 2] [id: /tf] publish: Cannot infer topic type for topic /tf as it is not yet advertised
[rosout][ERROR] 2025-09-20 13:34:10,254: [Client 6] [id: /Ego_topic] publish: Cannot infer topic type for topic /Ego_topic as it is not yet advertised
[rosout][ERROR] 2025-09-20 13:34:10,256: [Client 4] [id: /Competition_topic] publish: Cannot infer topic type for topic /Competition_topic as it is not yet advertised
[rosout][ERROR] 2025-09-20 13:34:10,261: [Client 1] [id: /CollisionData] publish: Cannot infer topic type for topic /CollisionData as it is not yet advertised
[rosout][ERROR] 2025-09-20 13:34:10,261: [Client 5] [id: /Object_topic] publish: Cannot infer topic type for topic /Object_topic as it is not yet advertised
[rosout][ERROR] 2025-09-20 13:34:10,273: [Client 4] [id: /Competition_topic] publish: Cannot infer topic type for topic /Competition_topic as it is not yet advertised
[rosout][ERROR] 2025-09-20 13:34:10,273: [Client 1] [id: /CollisionData] publish: Cannot infer topic type for topic /CollisionData as it is not yet advertised
[rosout][ERROR] 2025-09-20 13:34:10,275: [Client 5] [id: /Object_topic] publish: Cannot infer topic type for topic /Object_topic as it is not yet advertised
[rosout][ERROR] 2025-09-20 13:34:10,275: [Client 2] [id: /tf] publish: Cannot infer topic type for topic /tf as it is not yet advertised
[rosout][ERROR] 2025-09-20 13:34:10,285: [Client 6] [id: /Ego_topic] publish: Cannot infer topic type for topic /Ego_topic as it is not yet advertised
[rosout][ERROR] 2025-09-20 13:34:10,291: [Client 1] [id: /CollisionData] publish: Cannot infer topic type for topic /CollisionData as it is not yet advertised
[rosout][ERROR] 2025-09-20 13:34:10,293: [Client 4] [id: /Competition_topic] publish: Cannot infer topic type for topic /Competition_topic as it is not yet advertised
[rosout][ERROR] 2025-09-20 13:34:10,294: [Client 2] [id: /tf] publish: Cannot infer topic type for topic /tf as it is not yet advertised
[rosout][ERROR] 2025-09-20 13:34:10,294: [Client 6] [id: /Ego_topic] publish: Cannot infer topic type for topic /Ego_topic as it is not yet advertised
[rosout][ERROR] 2025-09-20 13:34:10,295: [Client 5] [id: /Object_topic] publish: Cannot infer topic type for topic /Object_topic as it is not yet advertised
[rosout][ERROR] 2025-09-20 13:34:10,309: [Client 5] [id: /Object_topic] publish: Cannot infer topic type for topic /Object_topic as it is not yet advertised
[rosout][ERROR] 2025-09-20 13:34:10,310: [Client 4] [id: /Competition_topic] publish: Cannot infer topic type for topic /Competition_topic as it is not yet advertised
[rosout][ERROR] 2025-09-20 13:34:10,311: [Client 2] [id: /tf] publish: Cannot infer topic type for topic /tf as it is not yet advertised
[rosout][ERROR] 2025-09-20 13:34:10,311: [Client 6] [id: /Ego_topic] publish: Cannot infer topic type for topic /Ego_topic as it is not yet advertised
[rosout][ERROR] 2025-09-20 13:34:10,311: [Client 1] [id: /CollisionData] publish: Cannot infer topic type for topic /CollisionData as it is not yet advertised
[rosout][ERROR] 2025-09-20 13:34:10,326: [Client 1] [id: /CollisionData] publish: Cannot infer topic type for topic /CollisionData as it is not yet advertised
[rosout][ERROR] 2025-09-20 13:34:10,327: [Client 4] [id: /Competition_topic] publish: Cannot infer topic type for topic /Competition_topic as it is not yet advertised
[rosout][ERROR] 2025-09-20 13:34:10,328: [Client 6] [id: /Ego_topic] publish: Cannot infer topic type for topic /Ego_topic as it is not yet advertised
[rosout][ERROR] 2025-09-20 13:34:10,329: [Client 2] [id: /tf] publish: Cannot infer topic type for topic /tf as it is not yet advertised
[rosout][ERROR] 2025-09-20 13:34:10,330: [Client 5] [id: /Object_topic] publish: Cannot infer topic type for topic /Object_topic as it is not yet advertised
[rosout][INFO] 2025-09-20 13:34:10,356: Client connected.  8 clients total.
[rosout][INFO] 2025-09-20 13:34:10,361: Client connected.  9 clients total.
[rosout][ERROR] 2025-09-20 13:34:10,399: [Client 2] [id: /tf] publish: Cannot infer topic type for topic /tf as it is not yet advertised
[rosout][ERROR] 2025-09-20 13:34:10,401: [Client 4] [id: /Competition_topic] publish: Cannot infer topic type for topic /Competition_topic as it is not yet advertised
[rosout][ERROR] 2025-09-20 13:34:10,402: [Client 1] [id: /CollisionData] publish: Cannot infer topic type for topic /CollisionData as it is not yet advertised
[rosout][ERROR] 2025-09-20 13:34:10,404: [Client 6] [id: /Ego_topic] publish: Cannot infer topic type for topic /Ego_topic as it is not yet advertised
[rosout][ERROR] 2025-09-20 13:34:10,406: [Client 5] [id: /Object_topic] publish: Cannot infer topic type for topic /Object_topic as it is not yet advertised
[rosout][ERROR] 2025-09-20 13:34:10,408: [Client 2] [id: /tf] publish: Cannot infer topic type for topic /tf as it is not yet advertised
[rosout][ERROR] 2025-09-20 13:34:10,409: [Client 4] [id: /Competition_topic] publish: Cannot infer topic type for topic /Competition_topic as it is not yet advertised
[rosout][ERROR] 2025-09-20 13:34:10,416: [Client 1] [id: /CollisionData] publish: Cannot infer topic type for topic /CollisionData as it is not yet advertised
[rosout][ERROR] 2025-09-20 13:34:10,417: [Client 6] [id: /Ego_topic] publish: Cannot infer topic type for topic /Ego_topic as it is not yet advertised
[rosout][ERROR] 2025-09-20 13:34:10,419: [Client 5] [id: /Object_topic] publish: Cannot infer topic type for topic /Object_topic as it is not yet advertised
[rosout][ERROR] 2025-09-20 13:34:10,423: [Client 2] [id: /tf] publish: Cannot infer topic type for topic /tf as it is not yet advertised
[rosout][ERROR] 2025-09-20 13:34:10,427: [Client 4] [id: /Competition_topic] publish: Cannot infer topic type for topic /Competition_topic as it is not yet advertised
[rosout][ERROR] 2025-09-20 13:34:10,428: [Client 1] [id: /CollisionData] publish: Cannot infer topic type for topic /CollisionData as it is not yet advertised
[rosout][ERROR] 2025-09-20 13:34:10,432: [Client 5] [id: /Object_topic] publish: Cannot infer topic type for topic /Object_topic as it is not yet advertised
[rosout][ERROR] 2025-09-20 13:34:10,437: [Client 6] [id: /Ego_topic] publish: Cannot infer topic type for topic /Ego_topic as it is not yet advertised
[rosout][ERROR] 2025-09-20 13:34:10,442: [Client 2] [id: /tf] publish: Cannot infer topic type for topic /tf as it is not yet advertised
[rosout][ERROR] 2025-09-20 13:34:10,442: [Client 4] [id: /Competition_topic] publish: Cannot infer topic type for topic /Competition_topic as it is not yet advertised
[rosout][ERROR] 2025-09-20 13:34:10,445: [Client 1] [id: /CollisionData] publish: Cannot infer topic type for topic /CollisionData as it is not yet advertised
[rosout][ERROR] 2025-09-20 13:34:10,447: [Client 5] [id: /Object_topic] publish: Cannot infer topic type for topic /Object_topic as it is not yet advertised
[rosout][ERROR] 2025-09-20 13:34:10,451: [Client 6] [id: /Ego_topic] publish: Cannot infer topic type for topic /Ego_topic as it is not yet advertised
[rosout][ERROR] 2025-09-20 13:34:10,472: [Client 2] [id: /tf] publish: Cannot infer topic type for topic /tf as it is not yet advertised
[rosout][ERROR] 2025-09-20 13:34:10,473: [Client 5] [id: /Object_topic] publish: Cannot infer topic type for topic /Object_topic as it is not yet advertised
[rosout][ERROR] 2025-09-20 13:34:10,475: [Client 6] [id: /Ego_topic] publish: Cannot infer topic type for topic /Ego_topic as it is not yet advertised
[rosout][ERROR] 2025-09-20 13:34:10,476: [Client 1] [id: /CollisionData] publish: Cannot infer topic type for topic /CollisionData as it is not yet advertised
[rosout][ERROR] 2025-09-20 13:34:10,477: [Client 4] [id: /Competition_topic] publish: Cannot infer topic type for topic /Competition_topic as it is not yet advertised
[rosout][ERROR] 2025-09-20 13:34:10,489: [Client 5] [id: /Object_topic] publish: Cannot infer topic type for topic /Object_topic as it is not yet advertised
[rosout][ERROR] 2025-09-20 13:34:10,490: [Client 2] [id: /tf] publish: Cannot infer topic type for topic /tf as it is not yet advertised
[rosout][ERROR] 2025-09-20 13:34:10,491: [Client 1] [id: /CollisionData] publish: Cannot infer topic type for topic /CollisionData as it is not yet advertised
[rosout][ERROR] 2025-09-20 13:34:10,492: [Client 4] [id: /Competition_topic] publish: Cannot infer topic type for topic /Competition_topic as it is not yet advertised
[rosout][ERROR] 2025-09-20 13:34:10,492: [Client 6] [id: /Ego_topic] publish: Cannot infer topic type for topic /Ego_topic as it is not yet advertised
[rosout][ERROR] 2025-09-20 13:34:10,512: [Client 2] [id: /tf] publish: Cannot infer topic type for topic /tf as it is not yet advertised
[rosout][ERROR] 2025-09-20 13:34:10,513: [Client 5] [id: /Object_topic] publish: Cannot infer topic type for topic /Object_topic as it is not yet advertised
[rosout][ERROR] 2025-09-20 13:34:10,515: [Client 6] [id: /Ego_topic] publish: Cannot infer topic type for topic /Ego_topic as it is not yet advertised
[rosout][ERROR] 2025-09-20 13:34:10,517: [Client 1] [id: /CollisionData] publish: Cannot infer topic type for topic /CollisionData as it is not yet advertised
[rosout][ERROR] 2025-09-20 13:34:10,517: [Client 4] [id: /Competition_topic] publish: Cannot infer topic type for topic /Competition_topic as it is not yet advertised
[rosout][ERROR] 2025-09-20 13:34:10,526: [Client 2] [id: /tf] publish: Cannot infer topic type for topic /tf as it is not yet advertised
[rosout][ERROR] 2025-09-20 13:34:10,527: [Client 5] [id: /Object_topic] publish: Cannot infer topic type for topic /Object_topic as it is not yet advertised
[rosout][ERROR] 2025-09-20 13:34:10,530: [Client 6] [id: /Ego_topic] publish: Cannot infer topic type for topic /Ego_topic as it is not yet advertised
[rosout][ERROR] 2025-09-20 13:34:10,531: [Client 1] [id: /CollisionData] publish: Cannot infer topic type for topic /CollisionData as it is not yet advertised
[rosout][ERROR] 2025-09-20 13:34:10,532: [Client 4] [id: /Competition_topic] publish: Cannot infer topic type for topic /Competition_topic as it is not yet advertised
[rosout][ERROR] 2025-09-20 13:34:10,542: [Client 2] [id: /tf] publish: Cannot infer topic type for topic /tf as it is not yet advertised
[rosout][ERROR] 2025-09-20 13:34:10,542: [Client 5] [id: /Object_topic] publish: Cannot infer topic type for topic /Object_topic as it is not yet advertised
[rosout][ERROR] 2025-09-20 13:34:10,547: [Client 6] [id: /Ego_topic] publish: Cannot infer topic type for topic /Ego_topic as it is not yet advertised
[rosout][ERROR] 2025-09-20 13:34:10,550: [Client 1] [id: /CollisionData] publish: Cannot infer topic type for topic /CollisionData as it is not yet advertised
[rosout][ERROR] 2025-09-20 13:34:10,556: [Client 4] [id: /Competition_topic] publish: Cannot infer topic type for topic /Competition_topic as it is not yet advertised
[rosout][ERROR] 2025-09-20 13:34:10,574: [Client 5] [id: /Object_topic] publish: Cannot infer topic type for topic /Object_topic as it is not yet advertised
[rosout][ERROR] 2025-09-20 13:34:10,577: [Client 2] [id: /tf] publish: Cannot infer topic type for topic /tf as it is not yet advertised
[rosout][ERROR] 2025-09-20 13:34:10,578: [Client 6] [id: /Ego_topic] publish: Cannot infer topic type for topic /Ego_topic as it is not yet advertised
[rosout][ERROR] 2025-09-20 13:34:10,578: [Client 4] [id: /Competition_topic] publish: Cannot infer topic type for topic /Competition_topic as it is not yet advertised
[rosout][ERROR] 2025-09-20 13:34:10,578: [Client 1] [id: /CollisionData] publish: Cannot infer topic type for topic /CollisionData as it is not yet advertised
[rosout][ERROR] 2025-09-20 13:34:10,590: [Client 2] [id: /tf] publish: Cannot infer topic type for topic /tf as it is not yet advertised
[rosout][ERROR] 2025-09-20 13:34:10,593: [Client 6] [id: /Ego_topic] publish: Cannot infer topic type for topic /Ego_topic as it is not yet advertised
[rosout][ERROR] 2025-09-20 13:34:10,594: [Client 5] [id: /Object_topic] publish: Cannot infer topic type for topic /Object_topic as it is not yet advertised
[rosout][ERROR] 2025-09-20 13:34:10,597: [Client 4] [id: /Competition_topic] publish: Cannot infer topic type for topic /Competition_topic as it is not yet advertised
[rosout][ERROR] 2025-09-20 13:34:10,600: [Client 1] [id: /CollisionData] publish: Cannot infer topic type for topic /CollisionData as it is not yet advertised
[rosout][ERROR] 2025-09-20 13:34:10,607: [Client 2] [id: /tf] publish: Cannot infer topic type for topic /tf as it is not yet advertised
[rosout][ERROR] 2025-09-20 13:34:10,609: [Client 5] [id: /Object_topic] publish: Cannot infer topic type for topic /Object_topic as it is not yet advertised
[rosout][ERROR] 2025-09-20 13:34:10,613: [Client 4] [id: /Competition_topic] publish: Cannot infer topic type for topic /Competition_topic as it is not yet advertised
[rosout][ERROR] 2025-09-20 13:34:10,617: [Client 1] [id: /CollisionData] publish: Cannot infer topic type for topic /CollisionData as it is not yet advertised
[rosout][ERROR] 2025-09-20 13:34:10,624: [Client 2] [id: /tf] publish: Cannot infer topic type for topic /tf as it is not yet advertised
[rosout][ERROR] 2025-09-20 13:34:10,626: [Client 6] [id: /Ego_topic] publish: Cannot infer topic type for topic /Ego_topic as it is not yet advertised
[rosout][ERROR] 2025-09-20 13:34:10,631: [Client 5] [id: /Object_topic] publish: Cannot infer topic type for topic /Object_topic as it is not yet advertised
[rosout][ERROR] 2025-09-20 13:34:10,632: [Client 4] [id: /Competition_topic] publish: Cannot infer topic type for topic /Competition_topic as it is not yet advertised
[rosout][ERROR] 2025-09-20 13:34:10,636: [Client 1] [id: /CollisionData] publish: Cannot infer topic type for topic /CollisionData as it is not yet advertised
[rosout][ERROR] 2025-09-20 13:34:10,646: [Client 2] [id: /tf] publish: Cannot infer topic type for topic /tf as it is not yet advertised
[rosout][ERROR] 2025-09-20 13:34:10,647: [Client 6] [id: /Ego_topic] publish: Cannot infer topic type for topic /Ego_topic as it is not yet advertised
[rosout][ERROR] 2025-09-20 13:34:10,651: [Client 5] [id: /Object_topic] publish: Cannot infer topic type for topic /Object_topic as it is not yet advertised
[rosout][ERROR] 2025-09-20 13:34:10,653: [Client 4] [id: /Competition_topic] publish: Cannot infer topic type for topic /Competition_topic as it is not yet advertised
[rosout][ERROR] 2025-09-20 13:34:10,657: [Client 1] [id: /CollisionData] publish: Cannot infer topic type for topic /CollisionData as it is not yet advertised
[rosout][ERROR] 2025-09-20 13:34:10,664: [Client 6] [id: /Ego_topic] publish: Cannot infer topic type for topic /Ego_topic as it is not yet advertised
[rosout][ERROR] 2025-09-20 13:34:10,676: [Client 2] [id: /tf] publish: Cannot infer topic type for topic /tf as it is not yet advertised
[rosout][ERROR] 2025-09-20 13:34:10,676: [Client 1] [id: /CollisionData] publish: Cannot infer topic type for topic /CollisionData as it is not yet advertised
[rosout][ERROR] 2025-09-20 13:34:10,680: [Client 4] [id: /Competition_topic] publish: Cannot infer topic type for topic /Competition_topic as it is not yet advertised
[rosout][ERROR] 2025-09-20 13:34:10,681: [Client 6] [id: /Ego_topic] publish: Cannot infer topic type for topic /Ego_topic as it is not yet advertised
[rosout][ERROR] 2025-09-20 13:34:10,682: [Client 5] [id: /Object_topic] publish: Cannot infer topic type for topic /Object_topic as it is not yet advertised
[rosout][ERROR] 2025-09-20 13:34:10,691: [Client 4] [id: /Competition_topic] publish: Cannot infer topic type for topic /Competition_topic as it is not yet advertised
[rosout][ERROR] 2025-09-20 13:34:10,693: [Client 2] [id: /tf] publish: Cannot infer topic type for topic /tf as it is not yet advertised
[rosout][ERROR] 2025-09-20 13:34:10,694: [Client 1] [id: /CollisionData] publish: Cannot infer topic type for topic /CollisionData as it is not yet advertised
[rosout][ERROR] 2025-09-20 13:34:10,698: [Client 6] [id: /Ego_topic] publish: Cannot infer topic type for topic /Ego_topic as it is not yet advertised
[rosout][ERROR] 2025-09-20 13:34:10,705: [Client 5] [id: /Object_topic] publish: Cannot infer topic type for topic /Object_topic as it is not yet advertised
[rosout][ERROR] 2025-09-20 13:34:10,709: [Client 4] [id: /Competition_topic] publish: Cannot infer topic type for topic /Competition_topic as it is not yet advertised
[rosout][ERROR] 2025-09-20 13:34:10,710: [Client 2] [id: /tf] publish: Cannot infer topic type for topic /tf as it is not yet advertised
[rosout][ERROR] 2025-09-20 13:34:10,714: [Client 1] [id: /CollisionData] publish: Cannot infer topic type for topic /CollisionData as it is not yet advertised
[rosout][ERROR] 2025-09-20 13:34:10,719: [Client 5] [id: /Object_topic] publish: Cannot infer topic type for topic /Object_topic as it is not yet advertised
[rosout][ERROR] 2025-09-20 13:34:10,720: [Client 6] [id: /Ego_topic] publish: Cannot infer topic type for topic /Ego_topic as it is not yet advertised
[rosout][ERROR] 2025-09-20 13:34:10,728: [Client 2] [id: /tf] publish: Cannot infer topic type for topic /tf as it is not yet advertised
[rosout][ERROR] 2025-09-20 13:34:10,729: [Client 4] [id: /Competition_topic] publish: Cannot infer topic type for topic /Competition_topic as it is not yet advertised
[rosout][ERROR] 2025-09-20 13:34:10,731: [Client 1] [id: /CollisionData] publish: Cannot infer topic type for topic /CollisionData as it is not yet advertised
[rosout][ERROR] 2025-09-20 13:34:10,736: [Client 5] [id: /Object_topic] publish: Cannot infer topic type for topic /Object_topic as it is not yet advertised
[rosout][ERROR] 2025-09-20 13:34:10,746: [Client 6] [id: /Ego_topic] publish: Cannot infer topic type for topic /Ego_topic as it is not yet advertised
[rosout][ERROR] 2025-09-20 13:34:10,747: [Client 2] [id: /tf] publish: Cannot infer topic type for topic /tf as it is not yet advertised
[rosout][ERROR] 2025-09-20 13:34:10,748: [Client 4] [id: /Competition_topic] publish: Cannot infer topic type for topic /Competition_topic as it is not yet advertised
[rosout][ERROR] 2025-09-20 13:34:10,751: [Client 1] [id: /CollisionData] publish: Cannot infer topic type for topic /CollisionData as it is not yet advertised
[rosout][ERROR] 2025-09-20 13:34:10,754: [Client 5] [id: /Object_topic] publish: Cannot infer topic type for topic /Object_topic as it is not yet advertised
[rosout][ERROR] 2025-09-20 13:34:10,758: [Client 6] [id: /Ego_topic] publish: Cannot infer topic type for topic /Ego_topic as it is not yet advertised
[rosout][ERROR] 2025-09-20 13:34:10,762: [Client 2] [id: /tf] publish: Cannot infer topic type for topic /tf as it is not yet advertised
[rosout][ERROR] 2025-09-20 13:34:10,764: [Client 4] [id: /Competition_topic] publish: Cannot infer topic type for topic /Competition_topic as it is not yet advertised
[rosout][ERROR] 2025-09-20 13:34:10,769: [Client 1] [id: /CollisionData] publish: Cannot infer topic type for topic /CollisionData as it is not yet advertised
[rosout][ERROR] 2025-09-20 13:34:10,773: [Client 5] [id: /Object_topic] publish: Cannot infer topic type for topic /Object_topic as it is not yet advertised
[rosout][ERROR] 2025-09-20 13:34:10,775: [Client 6] [id: /Ego_topic] publish: Cannot infer topic type for topic /Ego_topic as it is not yet advertised
[rosout][ERROR] 2025-09-20 13:34:10,802: [Client 1] [id: /CollisionData] publish: Cannot infer topic type for topic /CollisionData as it is not yet advertised
[rosout][ERROR] 2025-09-20 13:34:10,804: [Client 2] [id: /tf] publish: Cannot infer topic type for topic /tf as it is not yet advertised
[rosout][ERROR] 2025-09-20 13:34:10,805: [Client 4] [id: /Competition_topic] publish: Cannot infer topic type for topic /Competition_topic as it is not yet advertised
[rosout][ERROR] 2025-09-20 13:34:10,806: [Client 5] [id: /Object_topic] publish: Cannot infer topic type for topic /Object_topic as it is not yet advertised
[rosout][ERROR] 2025-09-20 13:34:10,812: [Client 6] [id: /Ego_topic] publish: Cannot infer topic type for topic /Ego_topic as it is not yet advertised
[rosout][ERROR] 2025-09-20 13:34:10,868: [Client 1] [id: /CollisionData] publish: Cannot infer topic type for topic /CollisionData as it is not yet advertised
[rosout][ERROR] 2025-09-20 13:34:10,875: [Client 2] [id: /tf] publish: Cannot infer topic type for topic /tf as it is not yet advertised
[rosout][ERROR] 2025-09-20 13:34:10,893: [Client 4] [id: /Competition_topic] publish: Cannot infer topic type for topic /Competition_topic as it is not yet advertised
[rosout][ERROR] 2025-09-20 13:34:10,910: [Client 5] [id: /Object_topic] publish: Cannot infer topic type for topic /Object_topic as it is not yet advertised
[rosout][ERROR] 2025-09-20 13:34:10,914: [Client 6] [id: /Ego_topic] publish: Cannot infer topic type for topic /Ego_topic as it is not yet advertised
[rosout][ERROR] 2025-09-20 13:34:10,917: [Client 1] [id: /CollisionData] publish: Cannot infer topic type for topic /CollisionData as it is not yet advertised
[rosout][ERROR] 2025-09-20 13:34:10,933: [Client 2] [id: /tf] publish: Cannot infer topic type for topic /tf as it is not yet advertised
[rosout][ERROR] 2025-09-20 13:34:10,948: [Client 4] [id: /Competition_topic] publish: Cannot infer topic type for topic /Competition_topic as it is not yet advertised
[rosout][ERROR] 2025-09-20 13:34:10,953: [Client 5] [id: /Object_topic] publish: Cannot infer topic type for topic /Object_topic as it is not yet advertised
[rosout][ERROR] 2025-09-20 13:34:10,955: [Client 6] [id: /Ego_topic] publish: Cannot infer topic type for topic /Ego_topic as it is not yet advertised
[rosout][ERROR] 2025-09-20 13:34:10,958: [Client 1] [id: /CollisionData] publish: Cannot infer topic type for topic /CollisionData as it is not yet advertised
[rosout][ERROR] 2025-09-20 13:34:10,962: [Client 2] [id: /tf] publish: Cannot infer topic type for topic /tf as it is not yet advertised
[rosout][ERROR] 2025-09-20 13:34:10,964: [Client 5] [id: /Object_topic] publish: Cannot infer topic type for topic /Object_topic as it is not yet advertised
[rosout][ERROR] 2025-09-20 13:34:10,965: [Client 4] [id: /Competition_topic] publish: Cannot infer topic type for topic /Competition_topic as it is not yet advertised
[rosout][ERROR] 2025-09-20 13:34:10,970: [Client 6] [id: /Ego_topic] publish: Cannot infer topic type for topic /Ego_topic as it is not yet advertised
[rosout][ERROR] 2025-09-20 13:34:10,973: [Client 1] [id: /CollisionData] publish: Cannot infer topic type for topic /CollisionData as it is not yet advertised
[rosout][ERROR] 2025-09-20 13:34:10,979: [Client 2] [id: /tf] publish: Cannot infer topic type for topic /tf as it is not yet advertised
[rosout][ERROR] 2025-09-20 13:34:10,981: [Client 5] [id: /Object_topic] publish: Cannot infer topic type for topic /Object_topic as it is not yet advertised
[rosout][ERROR] 2025-09-20 13:34:10,985: [Client 4] [id: /Competition_topic] publish: Cannot infer topic type for topic /Competition_topic as it is not yet advertised
[rosout][ERROR] 2025-09-20 13:34:10,986: [Client 6] [id: /Ego_topic] publish: Cannot infer topic type for topic /Ego_topic as it is not yet advertised
[rosout][ERROR] 2025-09-20 13:34:10,990: [Client 1] [id: /CollisionData] publish: Cannot infer topic type for topic /CollisionData as it is not yet advertised
[rosout][ERROR] 2025-09-20 13:34:10,993: [Client 2] [id: /tf] publish: Cannot infer topic type for topic /tf as it is not yet advertised
[rosout][ERROR] 2025-09-20 13:34:10,998: [Client 5] [id: /Object_topic] publish: Cannot infer topic type for topic /Object_topic as it is not yet advertised
[rosout][ERROR] 2025-09-20 13:34:11,000: [Client 4] [id: /Competition_topic] publish: Cannot infer topic type for topic /Competition_topic as it is not yet advertised
[rosout][ERROR] 2025-09-20 13:34:11,005: [Client 6] [id: /Ego_topic] publish: Cannot infer topic type for topic /Ego_topic as it is not yet advertised
[rosout][ERROR] 2025-09-20 13:34:11,010: [Client 1] [id: /CollisionData] publish: Cannot infer topic type for topic /CollisionData as it is not yet advertised
[rosout][ERROR] 2025-09-20 13:34:11,014: [Client 2] [id: /tf] publish: Cannot infer topic type for topic /tf as it is not yet advertised
[rosout][ERROR] 2025-09-20 13:34:11,016: [Client 5] [id: /Object_topic] publish: Cannot infer topic type for topic /Object_topic as it is not yet advertised
[rosout][ERROR] 2025-09-20 13:34:11,020: [Client 4] [id: /Competition_topic] publish: Cannot infer topic type for topic /Competition_topic as it is not yet advertised
[rosout][ERROR] 2025-09-20 13:34:11,028: [Client 1] [id: /CollisionData] publish: Cannot infer topic type for topic /CollisionData as it is not yet advertised
[rosout][ERROR] 2025-09-20 13:34:11,028: [Client 6] [id: /Ego_topic] publish: Cannot infer topic type for topic /Ego_topic as it is not yet advertised
[rosout][ERROR] 2025-09-20 13:34:11,032: [Client 2] [id: /tf] publish: Cannot infer topic type for topic /tf as it is not yet advertised
[rosout][ERROR] 2025-09-20 13:34:11,037: [Client 5] [id: /Object_topic] publish: Cannot infer topic type for topic /Object_topic as it is not yet advertised
[rosout][ERROR] 2025-09-20 13:34:11,040: [Client 4] [id: /Competition_topic] publish: Cannot infer topic type for topic /Competition_topic as it is not yet advertised
[rosout][ERROR] 2025-09-20 13:34:11,040: [Client 1] [id: /CollisionData] publish: Cannot infer topic type for topic /CollisionData as it is not yet advertised
[rosout][ERROR] 2025-09-20 13:34:11,046: [Client 6] [id: /Ego_topic] publish: Cannot infer topic type for topic /Ego_topic as it is not yet advertised
[rosout][ERROR] 2025-09-20 13:34:11,048: [Client 2] [id: /tf] publish: Cannot infer topic type for topic /tf as it is not yet advertised
[rosout][ERROR] 2025-09-20 13:34:11,050: [Client 5] [id: /Object_topic] publish: Cannot infer topic type for topic /Object_topic as it is not yet advertised
[rosout][ERROR] 2025-09-20 13:34:11,054: [Client 4] [id: /Competition_topic] publish: Cannot infer topic type for topic /Competition_topic as it is not yet advertised
[rosout][ERROR] 2025-09-20 13:34:11,057: [Client 1] [id: /CollisionData] publish: Cannot infer topic type for topic /CollisionData as it is not yet advertised
[rosout][ERROR] 2025-09-20 13:34:11,061: [Client 6] [id: /Ego_topic] publish: Cannot infer topic type for topic /Ego_topic as it is not yet advertised
[rosout][ERROR] 2025-09-20 13:34:11,064: [Client 2] [id: /tf] publish: Cannot infer topic type for topic /tf as it is not yet advertised
[rosout][ERROR] 2025-09-20 13:34:11,066: [Client 5] [id: /Object_topic] publish: Cannot infer topic type for topic /Object_topic as it is not yet advertised
[rosout][ERROR] 2025-09-20 13:34:11,069: [Client 4] [id: /Competition_topic] publish: Cannot infer topic type for topic /Competition_topic as it is not yet advertised
[rosout][ERROR] 2025-09-20 13:34:11,073: [Client 1] [id: /CollisionData] publish: Cannot infer topic type for topic /CollisionData as it is not yet advertised
[rosout][ERROR] 2025-09-20 13:34:11,080: [Client 6] [id: /Ego_topic] publish: Cannot infer topic type for topic /Ego_topic as it is not yet advertised
[rosout][ERROR] 2025-09-20 13:34:11,083: [Client 2] [id: /tf] publish: Cannot infer topic type for topic /tf as it is not yet advertised
[rosout][ERROR] 2025-09-20 13:34:11,083: [Client 5] [id: /Object_topic] publish: Cannot infer topic type for topic /Object_topic as it is not yet advertised
[rosout][ERROR] 2025-09-20 13:34:11,087: [Client 4] [id: /Competition_topic] publish: Cannot infer topic type for topic /Competition_topic as it is not yet advertised
[rosout][ERROR] 2025-09-20 13:34:11,092: [Client 6] [id: /Ego_topic] publish: Cannot infer topic type for topic /Ego_topic as it is not yet advertised
[rosout][ERROR] 2025-09-20 13:34:11,093: [Client 1] [id: /CollisionData] publish: Cannot infer topic type for topic /CollisionData as it is not yet advertised
[rosout][ERROR] 2025-09-20 13:34:11,097: [Client 2] [id: /tf] publish: Cannot infer topic type for topic /tf as it is not yet advertised
[rosout][ERROR] 2025-09-20 13:34:11,101: [Client 5] [id: /Object_topic] publish: Cannot infer topic type for topic /Object_topic as it is not yet advertised
[rosout][ERROR] 2025-09-20 13:34:11,103: [Client 4] [id: /Competition_topic] publish: Cannot infer topic type for topic /Competition_topic as it is not yet advertised
[rosout][ERROR] 2025-09-20 13:34:11,106: [Client 6] [id: /Ego_topic] publish: Cannot infer topic type for topic /Ego_topic as it is not yet advertised
[rosout][ERROR] 2025-09-20 13:34:11,112: [Client 1] [id: /CollisionData] publish: Cannot infer topic type for topic /CollisionData as it is not yet advertised
[rosout][ERROR] 2025-09-20 13:34:11,114: [Client 2] [id: /tf] publish: Cannot infer topic type for topic /tf as it is not yet advertised
[rosout][ERROR] 2025-09-20 13:34:11,118: [Client 5] [id: /Object_topic] publish: Cannot infer topic type for topic /Object_topic as it is not yet advertised
[rosout][ERROR] 2025-09-20 13:34:11,121: [Client 4] [id: /Competition_topic] publish: Cannot infer topic type for topic /Competition_topic as it is not yet advertised
[rosout][ERROR] 2025-09-20 13:34:11,126: [Client 6] [id: /Ego_topic] publish: Cannot infer topic type for topic /Ego_topic as it is not yet advertised
[rosout][ERROR] 2025-09-20 13:34:11,128: [Client 1] [id: /CollisionData] publish: Cannot infer topic type for topic /CollisionData as it is not yet advertised
[rosout][ERROR] 2025-09-20 13:34:11,133: [Client 2] [id: /tf] publish: Cannot infer topic type for topic /tf as it is not yet advertised
[rosout][ERROR] 2025-09-20 13:34:11,135: [Client 5] [id: /Object_topic] publish: Cannot infer topic type for topic /Object_topic as it is not yet advertised
[rosout][ERROR] 2025-09-20 13:34:11,139: [Client 4] [id: /Competition_topic] publish: Cannot infer topic type for topic /Competition_topic as it is not yet advertised
[rosout][ERROR] 2025-09-20 13:34:11,144: [Client 6] [id: /Ego_topic] publish: Cannot infer topic type for topic /Ego_topic as it is not yet advertised
[rosout][ERROR] 2025-09-20 13:34:11,146: [Client 1] [id: /CollisionData] publish: Cannot infer topic type for topic /CollisionData as it is not yet advertised
[rosout][ERROR] 2025-09-20 13:34:11,150: [Client 2] [id: /tf] publish: Cannot infer topic type for topic /tf as it is not yet advertised
[rosout][ERROR] 2025-09-20 13:34:11,153: [Client 5] [id: /Object_topic] publish: Cannot infer topic type for topic /Object_topic as it is not yet advertised
[rosout][ERROR] 2025-09-20 13:34:11,156: [Client 4] [id: /Competition_topic] publish: Cannot infer topic type for topic /Competition_topic as it is not yet advertised
[rosout][ERROR] 2025-09-20 13:34:11,164: [Client 6] [id: /Ego_topic] publish: Cannot infer topic type for topic /Ego_topic as it is not yet advertised
[rosout][ERROR] 2025-09-20 13:34:11,165: [Client 1] [id: /CollisionData] publish: Cannot infer topic type for topic /CollisionData as it is not yet advertised
[rosout][ERROR] 2025-09-20 13:34:11,166: [Client 2] [id: /tf] publish: Cannot infer topic type for topic /tf as it is not yet advertised
[rosout][ERROR] 2025-09-20 13:34:11,171: [Client 5] [id: /Object_topic] publish: Cannot infer topic type for topic /Object_topic as it is not yet advertised
[rosout][ERROR] 2025-09-20 13:34:11,175: [Client 4] [id: /Competition_topic] publish: Cannot infer topic type for topic /Competition_topic as it is not yet advertised
[rosout][ERROR] 2025-09-20 13:34:11,180: [Client 6] [id: /Ego_topic] publish: Cannot infer topic type for topic /Ego_topic as it is not yet advertised
[rosout][ERROR] 2025-09-20 13:34:11,185: [Client 1] [id: /CollisionData] publish: Cannot infer topic type for topic /CollisionData as it is not yet advertised
[rosout][ERROR] 2025-09-20 13:34:11,190: [Client 2] [id: /tf] publish: Cannot infer topic type for topic /tf as it is not yet advertised
[rosout][ERROR] 2025-09-20 13:34:11,192: [Client 5] [id: /Object_topic] publish: Cannot infer topic type for topic /Object_topic as it is not yet advertised
[rosout][ERROR] 2025-09-20 13:34:11,199: [Client 4] [id: /Competition_topic] publish: Cannot infer topic type for topic /Competition_topic as it is not yet advertised
[rosout][ERROR] 2025-09-20 13:34:11,199: [Client 6] [id: /Ego_topic] publish: Cannot infer topic type for topic /Ego_topic as it is not yet advertised
[rosout][ERROR] 2025-09-20 13:34:11,205: [Client 1] [id: /CollisionData] publish: Cannot infer topic type for topic /CollisionData as it is not yet advertised
[rosout][ERROR] 2025-09-20 13:34:11,207: [Client 5] [id: /Object_topic] publish: Cannot infer topic type for topic /Object_topic as it is not yet advertised
[rosout][ERROR] 2025-09-20 13:34:11,211: [Client 2] [id: /tf] publish: Cannot infer topic type for topic /tf as it is not yet advertised
[rosout][ERROR] 2025-09-20 13:34:11,215: [Client 4] [id: /Competition_topic] publish: Cannot infer topic type for topic /Competition_topic as it is not yet advertised
[rosout][ERROR] 2025-09-20 13:34:11,219: [Client 1] [id: /CollisionData] publish: Cannot infer topic type for topic /CollisionData as it is not yet advertised
[rosout][ERROR] 2025-09-20 13:34:11,221: [Client 6] [id: /Ego_topic] publish: Cannot infer topic type for topic /Ego_topic as it is not yet advertised
[rosout][ERROR] 2025-09-20 13:34:11,225: [Client 5] [id: /Object_topic] publish: Cannot infer topic type for topic /Object_topic as it is not yet advertised
[rosout][ERROR] 2025-09-20 13:34:11,228: [Client 2] [id: /tf] publish: Cannot infer topic type for topic /tf as it is not yet advertised
[rosout][ERROR] 2025-09-20 13:34:11,230: [Client 4] [id: /Competition_topic] publish: Cannot infer topic type for topic /Competition_topic as it is not yet advertised
[rosout][ERROR] 2025-09-20 13:34:11,234: [Client 1] [id: /CollisionData] publish: Cannot infer topic type for topic /CollisionData as it is not yet advertised
[rosout][ERROR] 2025-09-20 13:34:11,238: [Client 6] [id: /Ego_topic] publish: Cannot infer topic type for topic /Ego_topic as it is not yet advertised
[rosout][ERROR] 2025-09-20 13:34:11,243: [Client 5] [id: /Object_topic] publish: Cannot infer topic type for topic /Object_topic as it is not yet advertised
[rosout][ERROR] 2025-09-20 13:34:11,245: [Client 2] [id: /tf] publish: Cannot infer topic type for topic /tf as it is not yet advertised
[rosout][ERROR] 2025-09-20 13:34:11,250: [Client 4] [id: /Competition_topic] publish: Cannot infer topic type for topic /Competition_topic as it is not yet advertised
[rosout][ERROR] 2025-09-20 13:34:11,255: [Client 1] [id: /CollisionData] publish: Cannot infer topic type for topic /CollisionData as it is not yet advertised
[rosout][ERROR] 2025-09-20 13:34:11,258: [Client 6] [id: /Ego_topic] publish: Cannot infer topic type for topic /Ego_topic as it is not yet advertised
[rosout][ERROR] 2025-09-20 13:34:11,262: [Client 5] [id: /Object_topic] publish: Cannot infer topic type for topic /Object_topic as it is not yet advertised
[rosout][ERROR] 2025-09-20 13:34:11,268: [Client 2] [id: /tf] publish: Cannot infer topic type for topic /tf as it is not yet advertised
[rosout][ERROR] 2025-09-20 13:34:11,271: [Client 4] [id: /Competition_topic] publish: Cannot infer topic type for topic /Competition_topic as it is not yet advertised
[rosout][ERROR] 2025-09-20 13:34:11,274: [Client 1] [id: /CollisionData] publish: Cannot infer topic type for topic /CollisionData as it is not yet advertised
[rosout][ERROR] 2025-09-20 13:34:11,275: [Client 6] [id: /Ego_topic] publish: Cannot infer topic type for topic /Ego_topic as it is not yet advertised
[rosout][ERROR] 2025-09-20 13:34:11,281: [Client 5] [id: /Object_topic] publish: Cannot infer topic type for topic /Object_topic as it is not yet advertised
[rosout][ERROR] 2025-09-20 13:34:11,286: [Client 2] [id: /tf] publish: Cannot infer topic type for topic /tf as it is not yet advertised
[rosout][ERROR] 2025-09-20 13:34:11,289: [Client 4] [id: /Competition_topic] publish: Cannot infer topic type for topic /Competition_topic as it is not yet advertised
[rosout][ERROR] 2025-09-20 13:34:11,293: [Client 1] [id: /CollisionData] publish: Cannot infer topic type for topic /CollisionData as it is not yet advertised
[rosout][ERROR] 2025-09-20 13:34:11,296: [Client 6] [id: /Ego_topic] publish: Cannot infer topic type for topic /Ego_topic as it is not yet advertised
[rosout][ERROR] 2025-09-20 13:34:11,297: [Client 5] [id: /Object_topic] publish: Cannot infer topic type for topic /Object_topic as it is not yet advertised
[rosout][ERROR] 2025-09-20 13:34:11,301: [Client 2] [id: /tf] publish: Cannot infer topic type for topic /tf as it is not yet advertised
[rosout][ERROR] 2025-09-20 13:34:11,307: [Client 4] [id: /Competition_topic] publish: Cannot infer topic type for topic /Competition_topic as it is not yet advertised
[rosout][ERROR] 2025-09-20 13:34:11,311: [Client 6] [id: /Ego_topic] publish: Cannot infer topic type for topic /Ego_topic as it is not yet advertised
[rosout][ERROR] 2025-09-20 13:34:11,311: [Client 1] [id: /CollisionData] publish: Cannot infer topic type for topic /CollisionData as it is not yet advertised
[rosout][ERROR] 2025-09-20 13:34:11,317: [Client 5] [id: /Object_topic] publish: Cannot infer topic type for topic /Object_topic as it is not yet advertised
[rosout][ERROR] 2025-09-20 13:34:11,323: [Client 2] [id: /tf] publish: Cannot infer topic type for topic /tf as it is not yet advertised
[rosout][ERROR] 2025-09-20 13:34:11,326: [Client 4] [id: /Competition_topic] publish: Cannot infer topic type for topic /Competition_topic as it is not yet advertised
[rosout][ERROR] 2025-09-20 13:34:11,329: [Client 6] [id: /Ego_topic] publish: Cannot infer topic type for topic /Ego_topic as it is not yet advertised
[rosout][ERROR] 2025-09-20 13:34:11,333: [Client 1] [id: /CollisionData] publish: Cannot infer topic type for topic /CollisionData as it is not yet advertised
[rosout][ERROR] 2025-09-20 13:34:11,335: [Client 5] [id: /Object_topic] publish: Cannot infer topic type for topic /Object_topic as it is not yet advertised
[rosout][ERROR] 2025-09-20 13:34:11,339: [Client 2] [id: /tf] publish: Cannot infer topic type for topic /tf as it is not yet advertised
[rosout][ERROR] 2025-09-20 13:34:11,343: [Client 4] [id: /Competition_topic] publish: Cannot infer topic type for topic /Competition_topic as it is not yet advertised
[rosout][ERROR] 2025-09-20 13:34:11,348: [Client 6] [id: /Ego_topic] publish: Cannot infer topic type for topic /Ego_topic as it is not yet advertised
[rosout][ERROR] 2025-09-20 13:34:11,349: [Client 1] [id: /CollisionData] publish: Cannot infer topic type for topic /CollisionData as it is not yet advertised
[rosout][ERROR] 2025-09-20 13:34:11,357: [Client 5] [id: /Object_topic] publish: Cannot infer topic type for topic /Object_topic as it is not yet advertised
[rosout][ERROR] 2025-09-20 13:34:11,360: [Client 2] [id: /tf] publish: Cannot infer topic type for topic /tf as it is not yet advertised
[rosout][ERROR] 2025-09-20 13:34:11,362: [Client 4] [id: /Competition_topic] publish: Cannot infer topic type for topic /Competition_topic as it is not yet advertised
[rosout][ERROR] 2025-09-20 13:34:11,363: [Client 6] [id: /Ego_topic] publish: Cannot infer topic type for topic /Ego_topic as it is not yet advertised
[rosout][ERROR] 2025-09-20 13:34:11,368: [Client 1] [id: /CollisionData] publish: Cannot infer topic type for topic /CollisionData as it is not yet advertised
[rosout][ERROR] 2025-09-20 13:34:11,369: [Client 5] [id: /Object_topic] publish: Cannot infer topic type for topic /Object_topic as it is not yet advertised
[rosout][ERROR] 2025-09-20 13:34:11,373: [Client 2] [id: /tf] publish: Cannot infer topic type for topic /tf as it is not yet advertised
[rosout][ERROR] 2025-09-20 13:34:11,376: [Client 4] [id: /Competition_topic] publish: Cannot infer topic type for topic /Competition_topic as it is not yet advertised
[rosout][ERROR] 2025-09-20 13:34:11,381: [Client 6] [id: /Ego_topic] publish: Cannot infer topic type for topic /Ego_topic as it is not yet advertised
[rosout][ERROR] 2025-09-20 13:34:11,385: [Client 1] [id: /CollisionData] publish: Cannot infer topic type for topic /CollisionData as it is not yet advertised
[rosout][ERROR] 2025-09-20 13:34:11,389: [Client 5] [id: /Object_topic] publish: Cannot infer topic type for topic /Object_topic as it is not yet advertised
[rosout][ERROR] 2025-09-20 13:34:11,395: [Client 4] [id: /Competition_topic] publish: Cannot infer topic type for topic /Competition_topic as it is not yet advertised
[rosout][ERROR] 2025-09-20 13:34:11,396: [Client 2] [id: /tf] publish: Cannot infer topic type for topic /tf as it is not yet advertised
[rosout][ERROR] 2025-09-20 13:34:11,399: [Client 6] [id: /Ego_topic] publish: Cannot infer topic type for topic /Ego_topic as it is not yet advertised
[rosout][ERROR] 2025-09-20 13:34:11,401: [Client 1] [id: /CollisionData] publish: Cannot infer topic type for topic /CollisionData as it is not yet advertised
[rosout][ERROR] 2025-09-20 13:34:11,407: [Client 5] [id: /Object_topic] publish: Cannot infer topic type for topic /Object_topic as it is not yet advertised
[rosout][ERROR] 2025-09-20 13:34:11,410: [Client 4] [id: /Competition_topic] publish: Cannot infer topic type for topic /Competition_topic as it is not yet advertised
[rosout][ERROR] 2025-09-20 13:34:11,414: [Client 2] [id: /tf] publish: Cannot infer topic type for topic /tf as it is not yet advertised
[rosout][ERROR] 2025-09-20 13:34:11,418: [Client 6] [id: /Ego_topic] publish: Cannot infer topic type for topic /Ego_topic as it is not yet advertised
[rosout][INFO] 2025-09-20 13:34:11,550: [Client 0] Advertised service /Service_MoraiEventCmd.
[rosout][INFO] 2025-09-20 13:34:12,404: Client connected.  10 clients total.
[rosout][ERROR] 2025-09-20 13:34:12,493: [Client 5] [id: /Object_topic] publish: Cannot infer topic type for topic /Object_topic as it is not yet advertised
[rosout][ERROR] 2025-09-20 13:34:12,494: [Client 4] [id: /Competition_topic] publish: Cannot infer topic type for topic /Competition_topic as it is not yet advertised
[rosout][ERROR] 2025-09-20 13:34:12,495: [Client 2] [id: /tf] publish: Cannot infer topic type for topic /tf as it is not yet advertised
[rosout][ERROR] 2025-09-20 13:34:12,496: [Client 6] [id: /Ego_topic] publish: Cannot infer topic type for topic /Ego_topic as it is not yet advertised
[rosout][ERROR] 2025-09-20 13:34:12,496: [Client 1] [id: /CollisionData] publish: Cannot infer topic type for topic /CollisionData as it is not yet advertised
[rosout][ERROR] 2025-09-20 13:34:12,503: [Client 5] [id: /Object_topic] publish: Cannot infer topic type for topic /Object_topic as it is not yet advertised
[rosout][ERROR] 2025-09-20 13:34:12,505: [Client 4] [id: /Competition_topic] publish: Cannot infer topic type for topic /Competition_topic as it is not yet advertised
[rosout][ERROR] 2025-09-20 13:34:12,509: [Client 2] [id: /tf] publish: Cannot infer topic type for topic /tf as it is not yet advertised
[rosout][ERROR] 2025-09-20 13:34:12,514: [Client 6] [id: /Ego_topic] publish: Cannot infer topic type for topic /Ego_topic as it is not yet advertised
[rosout][ERROR] 2025-09-20 13:34:12,517: [Client 1] [id: /CollisionData] publish: Cannot infer topic type for topic /CollisionData as it is not yet advertised
[rosout][ERROR] 2025-09-20 13:34:12,519: [Client 5] [id: /Object_topic] publish: Cannot infer topic type for topic /Object_topic as it is not yet advertised
[rosout][ERROR] 2025-09-20 13:34:12,521: [Client 4] [id: /Competition_topic] publish: Cannot infer topic type for topic /Competition_topic as it is not yet advertised
[rosout][ERROR] 2025-09-20 13:34:12,527: [Client 2] [id: /tf] publish: Cannot infer topic type for topic /tf as it is not yet advertised
[rosout][ERROR] 2025-09-20 13:34:12,528: [Client 6] [id: /Ego_topic] publish: Cannot infer topic type for topic /Ego_topic as it is not yet advertised
[rosout][ERROR] 2025-09-20 13:34:12,534: [Client 1] [id: /CollisionData] publish: Cannot infer topic type for topic /CollisionData as it is not yet advertised
[rosout][ERROR] 2025-09-20 13:34:12,535: [Client 5] [id: /Object_topic] publish: Cannot infer topic type for topic /Object_topic as it is not yet advertised
[rosout][ERROR] 2025-09-20 13:34:12,538: [Client 4] [id: /Competition_topic] publish: Cannot infer topic type for topic /Competition_topic as it is not yet advertised
[rosout][ERROR] 2025-09-20 13:34:12,542: [Client 2] [id: /tf] publish: Cannot infer topic type for topic /tf as it is not yet advertised
[rosout][ERROR] 2025-09-20 13:34:12,545: [Client 6] [id: /Ego_topic] publish: Cannot infer topic type for topic /Ego_topic as it is not yet advertised
[rosout][ERROR] 2025-09-20 13:34:12,547: [Client 1] [id: /CollisionData] publish: Cannot infer topic type for topic /CollisionData as it is not yet advertised
[rosout][ERROR] 2025-09-20 13:34:12,558: [Client 4] [id: /Competition_topic] publish: Cannot infer topic type for topic /Competition_topic as it is not yet advertised
[rosout][ERROR] 2025-09-20 13:34:12,559: [Client 2] [id: /tf] publish: Cannot infer topic type for topic /tf as it is not yet advertised
[rosout][ERROR] 2025-09-20 13:34:12,561: [Client 5] [id: /Object_topic] publish: Cannot infer topic type for topic /Object_topic as it is not yet advertised
[rosout][ERROR] 2025-09-20 13:34:12,561: [Client 1] [id: /CollisionData] publish: Cannot infer topic type for topic /CollisionData as it is not yet advertised
[rosout][ERROR] 2025-09-20 13:34:12,561: [Client 6] [id: /Ego_topic] publish: Cannot infer topic type for topic /Ego_topic as it is not yet advertised
[rosout][ERROR] 2025-09-20 13:34:12,591: [Client 2] [id: /tf] publish: Cannot infer topic type for topic /tf as it is not yet advertised
[rosout][ERROR] 2025-09-20 13:34:12,591: [Client 4] [id: /Competition_topic] publish: Cannot infer topic type for topic /Competition_topic as it is not yet advertised
[rosout][ERROR] 2025-09-20 13:34:12,592: [Client 5] [id: /Object_topic] publish: Cannot infer topic type for topic /Object_topic as it is not yet advertised
[rosout][ERROR] 2025-09-20 13:34:12,592: [Client 1] [id: /CollisionData] publish: Cannot infer topic type for topic /CollisionData as it is not yet advertised
[rosout][ERROR] 2025-09-20 13:34:12,593: [Client 6] [id: /Ego_topic] publish: Cannot infer topic type for topic /Ego_topic as it is not yet advertised
[rosout][ERROR] 2025-09-20 13:34:12,640: [Client 1] [id: /CollisionData] publish: Cannot infer topic type for topic /CollisionData as it is not yet advertised
[rosout][ERROR] 2025-09-20 13:34:12,641: [Client 4] [id: /Competition_topic] publish: Cannot infer topic type for topic /Competition_topic as it is not yet advertised
[rosout][ERROR] 2025-09-20 13:34:12,642: [Client 2] [id: /tf] publish: Cannot infer topic type for topic /tf as it is not yet advertised
[rosout][ERROR] 2025-09-20 13:34:12,643: [Client 5] [id: /Object_topic] publish: Cannot infer topic type for topic /Object_topic as it is not yet advertised
[rosout][ERROR] 2025-09-20 13:34:12,645: [Client 6] [id: /Ego_topic] publish: Cannot infer topic type for topic /Ego_topic as it is not yet advertised
[rosout][ERROR] 2025-09-20 13:34:12,649: [Client 1] [id: /CollisionData] publish: Cannot infer topic type for topic /CollisionData as it is not yet advertised
[rosout][ERROR] 2025-09-20 13:34:12,652: [Client 4] [id: /Competition_topic] publish: Cannot infer topic type for topic /Competition_topic as it is not yet advertised
[rosout][ERROR] 2025-09-20 13:34:12,656: [Client 2] [id: /tf] publish: Cannot infer topic type for topic /tf as it is not yet advertised
[rosout][ERROR] 2025-09-20 13:34:12,660: [Client 5] [id: /Object_topic] publish: Cannot infer topic type for topic /Object_topic as it is not yet advertised
[rosout][ERROR] 2025-09-20 13:34:12,663: [Client 6] [id: /Ego_topic] publish: Cannot infer topic type for topic /Ego_topic as it is not yet advertised
[rosout][ERROR] 2025-09-20 13:34:12,673: [Client 2] [id: /tf] publish: Cannot infer topic type for topic /tf as it is not yet advertised
[rosout][ERROR] 2025-09-20 13:34:12,676: [Client 1] [id: /CollisionData] publish: Cannot infer topic type for topic /CollisionData as it is not yet advertised
[rosout][ERROR] 2025-09-20 13:34:12,676: [Client 6] [id: /Ego_topic] publish: Cannot infer topic type for topic /Ego_topic as it is not yet advertised
[rosout][ERROR] 2025-09-20 13:34:12,676: [Client 5] [id: /Object_topic] publish: Cannot infer topic type for topic /Object_topic as it is not yet advertised
[rosout][ERROR] 2025-09-20 13:34:12,676: [Client 4] [id: /Competition_topic] publish: Cannot infer topic type for topic /Competition_topic as it is not yet advertised
[rosout][ERROR] 2025-09-20 13:34:12,689: [Client 1] [id: /CollisionData] publish: Cannot infer topic type for topic /CollisionData as it is not yet advertised
[rosout][ERROR] 2025-09-20 13:34:12,691: [Client 4] [id: /Competition_topic] publish: Cannot infer topic type for topic /Competition_topic as it is not yet advertised
[rosout][ERROR] 2025-09-20 13:34:12,692: [Client 6] [id: /Ego_topic] publish: Cannot infer topic type for topic /Ego_topic as it is not yet advertised
[rosout][ERROR] 2025-09-20 13:34:12,692: [Client 2] [id: /tf] publish: Cannot infer topic type for topic /tf as it is not yet advertised
[rosout][ERROR] 2025-09-20 13:34:12,693: [Client 5] [id: /Object_topic] publish: Cannot infer topic type for topic /Object_topic as it is not yet advertised
[rosout][ERROR] 2025-09-20 13:34:12,723: [Client 4] [id: /Competition_topic] publish: Cannot infer topic type for topic /Competition_topic as it is not yet advertised
[rosout][ERROR] 2025-09-20 13:34:12,724: [Client 6] [id: /Ego_topic] publish: Cannot infer topic type for topic /Ego_topic as it is not yet advertised
[rosout][ERROR] 2025-09-20 13:34:12,725: [Client 1] [id: /CollisionData] publish: Cannot infer topic type for topic /CollisionData as it is not yet advertised
[rosout][ERROR] 2025-09-20 13:34:12,725: [Client 2] [id: /tf] publish: Cannot infer topic type for topic /tf as it is not yet advertised
[rosout][ERROR] 2025-09-20 13:34:12,726: [Client 5] [id: /Object_topic] publish: Cannot infer topic type for topic /Object_topic as it is not yet advertised
[rosout][ERROR] 2025-09-20 13:34:12,730: [Client 4] [id: /Competition_topic] publish: Cannot infer topic type for topic /Competition_topic as it is not yet advertised
[rosout][ERROR] 2025-09-20 13:34:12,735: [Client 1] [id: /CollisionData] publish: Cannot infer topic type for topic /CollisionData as it is not yet advertised
[rosout][ERROR] 2025-09-20 13:34:12,738: [Client 6] [id: /Ego_topic] publish: Cannot infer topic type for topic /Ego_topic as it is not yet advertised
[rosout][ERROR] 2025-09-20 13:34:12,743: [Client 2] [id: /tf] publish: Cannot infer topic type for topic /tf as it is not yet advertised
[rosout][ERROR] 2025-09-20 13:34:12,743: [Client 5] [id: /Object_topic] publish: Cannot infer topic type for topic /Object_topic as it is not yet advertised
[rosout][ERROR] 2025-09-20 13:34:12,773: [Client 1] [id: /CollisionData] publish: Cannot infer topic type for topic /CollisionData as it is not yet advertised
[rosout][ERROR] 2025-09-20 13:34:12,775: [Client 4] [id: /Competition_topic] publish: Cannot infer topic type for topic /Competition_topic as it is not yet advertised
[rosout][ERROR] 2025-09-20 13:34:12,777: [Client 2] [id: /tf] publish: Cannot infer topic type for topic /tf as it is not yet advertised
[rosout][ERROR] 2025-09-20 13:34:12,777: [Client 6] [id: /Ego_topic] publish: Cannot infer topic type for topic /Ego_topic as it is not yet advertised
[rosout][ERROR] 2025-09-20 13:34:12,780: [Client 5] [id: /Object_topic] publish: Cannot infer topic type for topic /Object_topic as it is not yet advertised
[rosout][ERROR] 2025-09-20 13:34:12,781: [Client 1] [id: /CollisionData] publish: Cannot infer topic type for topic /CollisionData as it is not yet advertised
[rosout][ERROR] 2025-09-20 13:34:12,784: [Client 4] [id: /Competition_topic] publish: Cannot infer topic type for topic /Competition_topic as it is not yet advertised
[rosout][ERROR] 2025-09-20 13:34:12,790: [Client 2] [id: /tf] publish: Cannot infer topic type for topic /tf as it is not yet advertised
[rosout][ERROR] 2025-09-20 13:34:12,793: [Client 6] [id: /Ego_topic] publish: Cannot infer topic type for topic /Ego_topic as it is not yet advertised
[rosout][ERROR] 2025-09-20 13:34:12,796: [Client 5] [id: /Object_topic] publish: Cannot infer topic type for topic /Object_topic as it is not yet advertised
[rosout][ERROR] 2025-09-20 13:34:12,805: [Client 2] [id: /tf] publish: Cannot infer topic type for topic /tf as it is not yet advertised
[rosout][ERROR] 2025-09-20 13:34:12,807: [Client 1] [id: /CollisionData] publish: Cannot infer topic type for topic /CollisionData as it is not yet advertised
[rosout][ERROR] 2025-09-20 13:34:12,810: [Client 4] [id: /Competition_topic] publish: Cannot infer topic type for topic /Competition_topic as it is not yet advertised
[rosout][ERROR] 2025-09-20 13:34:12,811: [Client 6] [id: /Ego_topic] publish: Cannot infer topic type for topic /Ego_topic as it is not yet advertised
[rosout][ERROR] 2025-09-20 13:34:12,813: [Client 5] [id: /Object_topic] publish: Cannot infer topic type for topic /Object_topic as it is not yet advertised
[rosout][ERROR] 2025-09-20 13:34:12,827: [Client 6] [id: /Ego_topic] publish: Cannot infer topic type for topic /Ego_topic as it is not yet advertised
[rosout][ERROR] 2025-09-20 13:34:12,829: [Client 4] [id: /Competition_topic] publish: Cannot infer topic type for topic /Competition_topic as it is not yet advertised
[rosout][ERROR] 2025-09-20 13:34:12,830: [Client 1] [id: /CollisionData] publish: Cannot infer topic type for topic /CollisionData as it is not yet advertised
[rosout][ERROR] 2025-09-20 13:34:12,831: [Client 2] [id: /tf] publish: Cannot infer topic type for topic /tf as it is not yet advertised
[rosout][ERROR] 2025-09-20 13:34:12,832: [Client 5] [id: /Object_topic] publish: Cannot infer topic type for topic /Object_topic as it is not yet advertised
[rosout][ERROR] 2025-09-20 13:34:12,839: [Client 4] [id: /Competition_topic] publish: Cannot infer topic type for topic /Competition_topic as it is not yet advertised
[rosout][ERROR] 2025-09-20 13:34:12,844: [Client 6] [id: /Ego_topic] publish: Cannot infer topic type for topic /Ego_topic as it is not yet advertised
[rosout][ERROR] 2025-09-20 13:34:12,845: [Client 1] [id: /CollisionData] publish: Cannot infer topic type for topic /CollisionData as it is not yet advertised
[rosout][ERROR] 2025-09-20 13:34:12,845: [Client 2] [id: /tf] publish: Cannot infer topic type for topic /tf as it is not yet advertised
[rosout][ERROR] 2025-09-20 13:34:12,850: [Client 5] [id: /Object_topic] publish: Cannot infer topic type for topic /Object_topic as it is not yet advertised
[rosout][ERROR] 2025-09-20 13:34:12,856: [Client 4] [id: /Competition_topic] publish: Cannot infer topic type for topic /Competition_topic as it is not yet advertised
[rosout][ERROR] 2025-09-20 13:34:12,859: [Client 1] [id: /CollisionData] publish: Cannot infer topic type for topic /CollisionData as it is not yet advertised
[rosout][ERROR] 2025-09-20 13:34:12,861: [Client 6] [id: /Ego_topic] publish: Cannot infer topic type for topic /Ego_topic as it is not yet advertised
[rosout][ERROR] 2025-09-20 13:34:12,866: [Client 2] [id: /tf] publish: Cannot infer topic type for topic /tf as it is not yet advertised
[rosout][ERROR] 2025-09-20 13:34:12,869: [Client 5] [id: /Object_topic] publish: Cannot infer topic type for topic /Object_topic as it is not yet advertised
[rosout][ERROR] 2025-09-20 13:34:12,874: [Client 4] [id: /Competition_topic] publish: Cannot infer topic type for topic /Competition_topic as it is not yet advertised
[rosout][ERROR] 2025-09-20 13:34:12,876: [Client 1] [id: /CollisionData] publish: Cannot infer topic type for topic /CollisionData as it is not yet advertised
[rosout][ERROR] 2025-09-20 13:34:12,881: [Client 6] [id: /Ego_topic] publish: Cannot infer topic type for topic /Ego_topic as it is not yet advertised
[rosout][ERROR] 2025-09-20 13:34:12,883: [Client 2] [id: /tf] publish: Cannot infer topic type for topic /tf as it is not yet advertised
[rosout][ERROR] 2025-09-20 13:34:12,887: [Client 5] [id: /Object_topic] publish: Cannot infer topic type for topic /Object_topic as it is not yet advertised
[rosout][ERROR] 2025-09-20 13:34:12,908: [Client 1] [id: /CollisionData] publish: Cannot infer topic type for topic /CollisionData as it is not yet advertised
[rosout][ERROR] 2025-09-20 13:34:12,908: [Client 6] [id: /Ego_topic] publish: Cannot infer topic type for topic /Ego_topic as it is not yet advertised
[rosout][ERROR] 2025-09-20 13:34:12,910: [Client 4] [id: /Competition_topic] publish: Cannot infer topic type for topic /Competition_topic as it is not yet advertised
[rosout][ERROR] 2025-09-20 13:34:12,910: [Client 2] [id: /tf] publish: Cannot infer topic type for topic /tf as it is not yet advertised
[rosout][ERROR] 2025-09-20 13:34:12,912: [Client 5] [id: /Object_topic] publish: Cannot infer topic type for topic /Object_topic as it is not yet advertised
[rosout][ERROR] 2025-09-20 13:34:12,926: [Client 2] [id: /tf] publish: Cannot infer topic type for topic /tf as it is not yet advertised
[rosout][ERROR] 2025-09-20 13:34:12,928: [Client 1] [id: /CollisionData] publish: Cannot infer topic type for topic /CollisionData as it is not yet advertised
[rosout][ERROR] 2025-09-20 13:34:12,929: [Client 5] [id: /Object_topic] publish: Cannot infer topic type for topic /Object_topic as it is not yet advertised
[rosout][ERROR] 2025-09-20 13:34:12,930: [Client 4] [id: /Competition_topic] publish: Cannot infer topic type for topic /Competition_topic as it is not yet advertised
[rosout][ERROR] 2025-09-20 13:34:12,930: [Client 6] [id: /Ego_topic] publish: Cannot infer topic type for topic /Ego_topic as it is not yet advertised
[rosout][ERROR] 2025-09-20 13:34:12,941: [Client 1] [id: /CollisionData] publish: Cannot infer topic type for topic /CollisionData as it is not yet advertised
[rosout][ERROR] 2025-09-20 13:34:12,943: [Client 5] [id: /Object_topic] publish: Cannot infer topic type for topic /Object_topic as it is not yet advertised
[rosout][ERROR] 2025-09-20 13:34:12,944: [Client 2] [id: /tf] publish: Cannot infer topic type for topic /tf as it is not yet advertised
[rosout][ERROR] 2025-09-20 13:34:12,944: [Client 4] [id: /Competition_topic] publish: Cannot infer topic type for topic /Competition_topic as it is not yet advertised
[rosout][ERROR] 2025-09-20 13:34:12,948: [Client 6] [id: /Ego_topic] publish: Cannot infer topic type for topic /Ego_topic as it is not yet advertised
[rosout][ERROR] 2025-09-20 13:34:12,959: [Client 1] [id: /CollisionData] publish: Cannot infer topic type for topic /CollisionData as it is not yet advertised
[rosout][ERROR] 2025-09-20 13:34:12,959: [Client 4] [id: /Competition_topic] publish: Cannot infer topic type for topic /Competition_topic as it is not yet advertised
[rosout][ERROR] 2025-09-20 13:34:12,961: [Client 2] [id: /tf] publish: Cannot infer topic type for topic /tf as it is not yet advertised
[rosout][ERROR] 2025-09-20 13:34:12,962: [Client 6] [id: /Ego_topic] publish: Cannot infer topic type for topic /Ego_topic as it is not yet advertised
[rosout][ERROR] 2025-09-20 13:34:12,962: [Client 5] [id: /Object_topic] publish: Cannot infer topic type for topic /Object_topic as it is not yet advertised
[rosout][ERROR] 2025-09-20 13:34:12,975: [Client 4] [id: /Competition_topic] publish: Cannot infer topic type for topic /Competition_topic as it is not yet advertised
[rosout][ERROR] 2025-09-20 13:34:12,978: [Client 2] [id: /tf] publish: Cannot infer topic type for topic /tf as it is not yet advertised
[rosout][ERROR] 2025-09-20 13:34:12,978: [Client 1] [id: /CollisionData] publish: Cannot infer topic type for topic /CollisionData as it is not yet advertised
[rosout][ERROR] 2025-09-20 13:34:12,979: [Client 6] [id: /Ego_topic] publish: Cannot infer topic type for topic /Ego_topic as it is not yet advertised
[rosout][ERROR] 2025-09-20 13:34:12,980: [Client 5] [id: /Object_topic] publish: Cannot infer topic type for topic /Object_topic as it is not yet advertised
[rosout][ERROR] 2025-09-20 13:34:13,008: [Client 1] [id: /CollisionData] publish: Cannot infer topic type for topic /CollisionData as it is not yet advertised
[rosout][ERROR] 2025-09-20 13:34:13,010: [Client 4] [id: /Competition_topic] publish: Cannot infer topic type for topic /Competition_topic as it is not yet advertised
[rosout][ERROR] 2025-09-20 13:34:13,012: [Client 6] [id: /Ego_topic] publish: Cannot infer topic type for topic /Ego_topic as it is not yet advertised
[rosout][ERROR] 2025-09-20 13:34:13,012: [Client 5] [id: /Object_topic] publish: Cannot infer topic type for topic /Object_topic as it is not yet advertised
[rosout][ERROR] 2025-09-20 13:34:13,012: [Client 2] [id: /tf] publish: Cannot infer topic type for topic /tf as it is not yet advertised
[rosout][ERROR] 2025-09-20 13:34:13,026: [Client 6] [id: /Ego_topic] publish: Cannot infer topic type for topic /Ego_topic as it is not yet advertised
[rosout][ERROR] 2025-09-20 13:34:13,026: [Client 1] [id: /CollisionData] publish: Cannot infer topic type for topic /CollisionData as it is not yet advertised
[rosout][ERROR] 2025-09-20 13:34:13,027: [Client 4] [id: /Competition_topic] publish: Cannot infer topic type for topic /Competition_topic as it is not yet advertised
[rosout][ERROR] 2025-09-20 13:34:13,028: [Client 2] [id: /tf] publish: Cannot infer topic type for topic /tf as it is not yet advertised
[rosout][ERROR] 2025-09-20 13:34:13,028: [Client 5] [id: /Object_topic] publish: Cannot infer topic type for topic /Object_topic as it is not yet advertised
[rosout][ERROR] 2025-09-20 13:34:13,041: [Client 6] [id: /Ego_topic] publish: Cannot infer topic type for topic /Ego_topic as it is not yet advertised
[rosout][ERROR] 2025-09-20 13:34:13,042: [Client 5] [id: /Object_topic] publish: Cannot infer topic type for topic /Object_topic as it is not yet advertised
[rosout][ERROR] 2025-09-20 13:34:13,044: [Client 1] [id: /CollisionData] publish: Cannot infer topic type for topic /CollisionData as it is not yet advertised
[rosout][ERROR] 2025-09-20 13:34:13,045: [Client 4] [id: /Competition_topic] publish: Cannot infer topic type for topic /Competition_topic as it is not yet advertised
[rosout][ERROR] 2025-09-20 13:34:13,059: [Client 6] [id: /Ego_topic] publish: Cannot infer topic type for topic /Ego_topic as it is not yet advertised
[rosout][ERROR] 2025-09-20 13:34:13,060: [Client 4] [id: /Competition_topic] publish: Cannot infer topic type for topic /Competition_topic as it is not yet advertised
[rosout][ERROR] 2025-09-20 13:34:13,061: [Client 2] [id: /tf] publish: Cannot infer topic type for topic /tf as it is not yet advertised
[rosout][ERROR] 2025-09-20 13:34:13,062: [Client 1] [id: /CollisionData] publish: Cannot infer topic type for topic /CollisionData as it is not yet advertised
[rosout][ERROR] 2025-09-20 13:34:13,063: [Client 5] [id: /Object_topic] publish: Cannot infer topic type for topic /Object_topic as it is not yet advertised
[rosout][ERROR] 2025-09-20 13:34:13,070: [Client 2] [id: /tf] publish: Cannot infer topic type for topic /tf as it is not yet advertised
[rosout][ERROR] 2025-09-20 13:34:13,077: [Client 4] [id: /Competition_topic] publish: Cannot infer topic type for topic /Competition_topic as it is not yet advertised
[rosout][ERROR] 2025-09-20 13:34:13,078: [Client 5] [id: /Object_topic] publish: Cannot infer topic type for topic /Object_topic as it is not yet advertised
[rosout][ERROR] 2025-09-20 13:34:13,078: [Client 1] [id: /CollisionData] publish: Cannot infer topic type for topic /CollisionData as it is not yet advertised
[rosout][ERROR] 2025-09-20 13:34:13,083: [Client 6] [id: /Ego_topic] publish: Cannot infer topic type for topic /Ego_topic as it is not yet advertised
[rosout][ERROR] 2025-09-20 13:34:13,084: [Client 2] [id: /tf] publish: Cannot infer topic type for topic /tf as it is not yet advertised
[rosout][ERROR] 2025-09-20 13:34:13,108: [Client 2] [id: /tf] publish: Cannot infer topic type for topic /tf as it is not yet advertised
[rosout][ERROR] 2025-09-20 13:34:13,109: [Client 4] [id: /Competition_topic] publish: Cannot infer topic type for topic /Competition_topic as it is not yet advertised
[rosout][ERROR] 2025-09-20 13:34:13,110: [Client 6] [id: /Ego_topic] publish: Cannot infer topic type for topic /Ego_topic as it is not yet advertised
[rosout][ERROR] 2025-09-20 13:34:13,111: [Client 5] [id: /Object_topic] publish: Cannot infer topic type for topic /Object_topic as it is not yet advertised
[rosout][ERROR] 2025-09-20 13:34:13,111: [Client 1] [id: /CollisionData] publish: Cannot infer topic type for topic /CollisionData as it is not yet advertised
[rosout][ERROR] 2025-09-20 13:34:13,125: [Client 1] [id: /CollisionData] publish: Cannot infer topic type for topic /CollisionData as it is not yet advertised
[rosout][ERROR] 2025-09-20 13:34:13,128: [Client 5] [id: /Object_topic] publish: Cannot infer topic type for topic /Object_topic as it is not yet advertised
[rosout][ERROR] 2025-09-20 13:34:13,128: [Client 6] [id: /Ego_topic] publish: Cannot infer topic type for topic /Ego_topic as it is not yet advertised
[rosout][ERROR] 2025-09-20 13:34:13,128: [Client 2] [id: /tf] publish: Cannot infer topic type for topic /tf as it is not yet advertised
[rosout][ERROR] 2025-09-20 13:34:13,129: [Client 4] [id: /Competition_topic] publish: Cannot infer topic type for topic /Competition_topic as it is not yet advertised
[rosout][ERROR] 2025-09-20 13:34:13,142: [Client 1] [id: /CollisionData] publish: Cannot infer topic type for topic /CollisionData as it is not yet advertised
[rosout][ERROR] 2025-09-20 13:34:13,143: [Client 2] [id: /tf] publish: Cannot infer topic type for topic /tf as it is not yet advertised
[rosout][ERROR] 2025-09-20 13:34:13,144: [Client 4] [id: /Competition_topic] publish: Cannot infer topic type for topic /Competition_topic as it is not yet advertised
[rosout][ERROR] 2025-09-20 13:34:13,145: [Client 5] [id: /Object_topic] publish: Cannot infer topic type for topic /Object_topic as it is not yet advertised
[rosout][ERROR] 2025-09-20 13:34:13,145: [Client 6] [id: /Ego_topic] publish: Cannot infer topic type for topic /Ego_topic as it is not yet advertised
[rosout][ERROR] 2025-09-20 13:34:13,158: [Client 1] [id: /CollisionData] publish: Cannot infer topic type for topic /CollisionData as it is not yet advertised
[rosout][ERROR] 2025-09-20 13:34:13,160: [Client 5] [id: /Object_topic] publish: Cannot infer topic type for topic /Object_topic as it is not yet advertised
[rosout][ERROR] 2025-09-20 13:34:13,161: [Client 6] [id: /Ego_topic] publish: Cannot infer topic type for topic /Ego_topic as it is not yet advertised
[rosout][ERROR] 2025-09-20 13:34:13,162: [Client 4] [id: /Competition_topic] publish: Cannot infer topic type for topic /Competition_topic as it is not yet advertised
[rosout][ERROR] 2025-09-20 13:34:13,164: [Client 2] [id: /tf] publish: Cannot infer topic type for topic /tf as it is not yet advertised
[rosout][ERROR] 2025-09-20 13:34:13,175: [Client 1] [id: /CollisionData] publish: Cannot infer topic type for topic /CollisionData as it is not yet advertised
[rosout][ERROR] 2025-09-20 13:34:13,177: [Client 4] [id: /Competition_topic] publish: Cannot infer topic type for topic /Competition_topic as it is not yet advertised
[rosout][ERROR] 2025-09-20 13:34:13,177: [Client 6] [id: /Ego_topic] publish: Cannot infer topic type for topic /Ego_topic as it is not yet advertised
[rosout][ERROR] 2025-09-20 13:34:13,178: [Client 5] [id: /Object_topic] publish: Cannot infer topic type for topic /Object_topic as it is not yet advertised
[rosout][ERROR] 2025-09-20 13:34:13,209: [Client 6] [id: /Ego_topic] publish: Cannot infer topic type for topic /Ego_topic as it is not yet advertised
[rosout][ERROR] 2025-09-20 13:34:13,210: [Client 2] [id: /tf] publish: Cannot infer topic type for topic /tf as it is not yet advertised
[rosout][ERROR] 2025-09-20 13:34:13,211: [Client 4] [id: /Competition_topic] publish: Cannot infer topic type for topic /Competition_topic as it is not yet advertised
[rosout][ERROR] 2025-09-20 13:34:13,212: [Client 1] [id: /CollisionData] publish: Cannot infer topic type for topic /CollisionData as it is not yet advertised
[rosout][ERROR] 2025-09-20 13:34:13,213: [Client 5] [id: /Object_topic] publish: Cannot infer topic type for topic /Object_topic as it is not yet advertised
[rosout][ERROR] 2025-09-20 13:34:13,219: [Client 2] [id: /tf] publish: Cannot infer topic type for topic /tf as it is not yet advertised
[rosout][ERROR] 2025-09-20 13:34:13,227: [Client 4] [id: /Competition_topic] publish: Cannot infer topic type for topic /Competition_topic as it is not yet advertised
[rosout][ERROR] 2025-09-20 13:34:13,228: [Client 6] [id: /Ego_topic] publish: Cannot infer topic type for topic /Ego_topic as it is not yet advertised
[rosout][ERROR] 2025-09-20 13:34:13,229: [Client 1] [id: /CollisionData] publish: Cannot infer topic type for topic /CollisionData as it is not yet advertised
[rosout][ERROR] 2025-09-20 13:34:13,232: [Client 5] [id: /Object_topic] publish: Cannot infer topic type for topic /Object_topic as it is not yet advertised
[rosout][ERROR] 2025-09-20 13:34:13,234: [Client 2] [id: /tf] publish: Cannot infer topic type for topic /tf as it is not yet advertised
[rosout][ERROR] 2025-09-20 13:34:13,244: [Client 1] [id: /CollisionData] publish: Cannot infer topic type for topic /CollisionData as it is not yet advertised
[rosout][ERROR] 2025-09-20 13:34:13,245: [Client 5] [id: /Object_topic] publish: Cannot infer topic type for topic /Object_topic as it is not yet advertised
[rosout][ERROR] 2025-09-20 13:34:13,247: [Client 6] [id: /Ego_topic] publish: Cannot infer topic type for topic /Ego_topic as it is not yet advertised
[rosout][ERROR] 2025-09-20 13:34:13,248: [Client 4] [id: /Competition_topic] publish: Cannot infer topic type for topic /Competition_topic as it is not yet advertised
[rosout][ERROR] 2025-09-20 13:34:13,251: [Client 2] [id: /tf] publish: Cannot infer topic type for topic /tf as it is not yet advertised
[rosout][ERROR] 2025-09-20 13:34:13,260: [Client 5] [id: /Object_topic] publish: Cannot infer topic type for topic /Object_topic as it is not yet advertised
[rosout][ERROR] 2025-09-20 13:34:13,261: [Client 1] [id: /CollisionData] publish: Cannot infer topic type for topic /CollisionData as it is not yet advertised
[rosout][ERROR] 2025-09-20 13:34:13,262: [Client 6] [id: /Ego_topic] publish: Cannot infer topic type for topic /Ego_topic as it is not yet advertised
[rosout][ERROR] 2025-09-20 13:34:13,264: [Client 4] [id: /Competition_topic] publish: Cannot infer topic type for topic /Competition_topic as it is not yet advertised
[rosout][ERROR] 2025-09-20 13:34:13,268: [Client 2] [id: /tf] publish: Cannot infer topic type for topic /tf as it is not yet advertised
[rosout][ERROR] 2025-09-20 13:34:13,279: [Client 1] [id: /CollisionData] publish: Cannot infer topic type for topic /CollisionData as it is not yet advertised
[rosout][ERROR] 2025-09-20 13:34:13,280: [Client 6] [id: /Ego_topic] publish: Cannot infer topic type for topic /Ego_topic as it is not yet advertised
[rosout][ERROR] 2025-09-20 13:34:13,282: [Client 4] [id: /Competition_topic] publish: Cannot infer topic type for topic /Competition_topic as it is not yet advertised
[rosout][ERROR] 2025-09-20 13:34:13,283: [Client 5] [id: /Object_topic] publish: Cannot infer topic type for topic /Object_topic as it is not yet advertised
[rosout][ERROR] 2025-09-20 13:34:13,284: [Client 2] [id: /tf] publish: Cannot infer topic type for topic /tf as it is not yet advertised
[rosout][ERROR] 2025-09-20 13:34:13,294: [Client 6] [id: /Ego_topic] publish: Cannot infer topic type for topic /Ego_topic as it is not yet advertised
[rosout][ERROR] 2025-09-20 13:34:13,296: [Client 1] [id: /CollisionData] publish: Cannot infer topic type for topic /CollisionData as it is not yet advertised
[rosout][ERROR] 2025-09-20 13:34:13,297: [Client 4] [id: /Competition_topic] publish: Cannot infer topic type for topic /Competition_topic as it is not yet advertised
[rosout][ERROR] 2025-09-20 13:34:13,299: [Client 5] [id: /Object_topic] publish: Cannot infer topic type for topic /Object_topic as it is not yet advertised
[rosout][ERROR] 2025-09-20 13:34:13,302: [Client 2] [id: /tf] publish: Cannot infer topic type for topic /tf as it is not yet advertised
[rosout][ERROR] 2025-09-20 13:34:13,326: [Client 2] [id: /tf] publish: Cannot infer topic type for topic /tf as it is not yet advertised
[rosout][ERROR] 2025-09-20 13:34:13,330: [Client 4] [id: /Competition_topic] publish: Cannot infer topic type for topic /Competition_topic as it is not yet advertised
[rosout][ERROR] 2025-09-20 13:34:13,331: [Client 6] [id: /Ego_topic] publish: Cannot infer topic type for topic /Ego_topic as it is not yet advertised
[rosout][ERROR] 2025-09-20 13:34:13,333: [Client 1] [id: /CollisionData] publish: Cannot infer topic type for topic /CollisionData as it is not yet advertised
[rosout][ERROR] 2025-09-20 13:34:13,334: [Client 5] [id: /Object_topic] publish: Cannot infer topic type for topic /Object_topic as it is not yet advertised
[rosout][ERROR] 2025-09-20 13:34:13,346: [Client 1] [id: /CollisionData] publish: Cannot infer topic type for topic /CollisionData as it is not yet advertised
[rosout][ERROR] 2025-09-20 13:34:13,347: [Client 5] [id: /Object_topic] publish: Cannot infer topic type for topic /Object_topic as it is not yet advertised
[rosout][ERROR] 2025-09-20 13:34:13,348: [Client 2] [id: /tf] publish: Cannot infer topic type for topic /tf as it is not yet advertised
[rosout][ERROR] 2025-09-20 13:34:13,349: [Client 6] [id: /Ego_topic] publish: Cannot infer topic type for topic /Ego_topic as it is not yet advertised
[rosout][ERROR] 2025-09-20 13:34:13,349: [Client 4] [id: /Competition_topic] publish: Cannot infer topic type for topic /Competition_topic as it is not yet advertised
[rosout][ERROR] 2025-09-20 13:34:13,363: [Client 2] [id: /tf] publish: Cannot infer topic type for topic /tf as it is not yet advertised
[rosout][ERROR] 2025-09-20 13:34:13,364: [Client 6] [id: /Ego_topic] publish: Cannot infer topic type for topic /Ego_topic as it is not yet advertised
[rosout][ERROR] 2025-09-20 13:34:13,365: [Client 4] [id: /Competition_topic] publish: Cannot infer topic type for topic /Competition_topic as it is not yet advertised
[rosout][ERROR] 2025-09-20 13:34:13,366: [Client 1] [id: /CollisionData] publish: Cannot infer topic type for topic /CollisionData as it is not yet advertised
[rosout][ERROR] 2025-09-20 13:34:13,367: [Client 5] [id: /Object_topic] publish: Cannot infer topic type for topic /Object_topic as it is not yet advertised
[rosout][ERROR] 2025-09-20 13:34:13,381: [Client 4] [id: /Competition_topic] publish: Cannot infer topic type for topic /Competition_topic as it is not yet advertised
[rosout][ERROR] 2025-09-20 13:34:13,381: [Client 1] [id: /CollisionData] publish: Cannot infer topic type for topic /CollisionData as it is not yet advertised
[rosout][ERROR] 2025-09-20 13:34:13,382: [Client 6] [id: /Ego_topic] publish: Cannot infer topic type for topic /Ego_topic as it is not yet advertised
[rosout][ERROR] 2025-09-20 13:34:13,383: [Client 2] [id: /tf] publish: Cannot infer topic type for topic /tf as it is not yet advertised
[rosout][ERROR] 2025-09-20 13:34:13,386: [Client 5] [id: /Object_topic] publish: Cannot infer topic type for topic /Object_topic as it is not yet advertised
[rosout][ERROR] 2025-09-20 13:34:13,396: [Client 2] [id: /tf] publish: Cannot infer topic type for topic /tf as it is not yet advertised
[rosout][ERROR] 2025-09-20 13:34:13,399: [Client 1] [id: /CollisionData] publish: Cannot infer topic type for topic /CollisionData as it is not yet advertised
[rosout][ERROR] 2025-09-20 13:34:13,400: [Client 4] [id: /Competition_topic] publish: Cannot infer topic type for topic /Competition_topic as it is not yet advertised
[rosout][ERROR] 2025-09-20 13:34:13,402: [Client 6] [id: /Ego_topic] publish: Cannot infer topic type for topic /Ego_topic as it is not yet advertised
[rosout][ERROR] 2025-09-20 13:34:13,409: [Client 5] [id: /Object_topic] publish: Cannot infer topic type for topic /Object_topic as it is not yet advertised
[rosout][ERROR] 2025-09-20 13:34:13,416: [Client 1] [id: /CollisionData] publish: Cannot infer topic type for topic /CollisionData as it is not yet advertised
[rosout][ERROR] 2025-09-20 13:34:13,420: [Client 4] [id: /Competition_topic] publish: Cannot infer topic type for topic /Competition_topic as it is not yet advertised
[rosout][ERROR] 2025-09-20 13:34:13,421: [Client 2] [id: /tf] publish: Cannot infer topic type for topic /tf as it is not yet advertised
[rosout][ERROR] 2025-09-20 13:34:13,426: [Client 6] [id: /Ego_topic] publish: Cannot infer topic type for topic /Ego_topic as it is not yet advertised
[rosout][ERROR] 2025-09-20 13:34:13,429: [Client 5] [id: /Object_topic] publish: Cannot infer topic type for topic /Object_topic as it is not yet advertised
[rosout][ERROR] 2025-09-20 13:34:13,448: [Client 1] [id: /CollisionData] publish: Cannot infer topic type for topic /CollisionData as it is not yet advertised
[rosout][ERROR] 2025-09-20 13:34:13,451: [Client 4] [id: /Competition_topic] publish: Cannot infer topic type for topic /Competition_topic as it is not yet advertised
[rosout][ERROR] 2025-09-20 13:34:13,451: [Client 6] [id: /Ego_topic] publish: Cannot infer topic type for topic /Ego_topic as it is not yet advertised
[rosout][ERROR] 2025-09-20 13:34:13,454: [Client 2] [id: /tf] publish: Cannot infer topic type for topic /tf as it is not yet advertised
[rosout][ERROR] 2025-09-20 13:34:13,455: [Client 5] [id: /Object_topic] publish: Cannot infer topic type for topic /Object_topic as it is not yet advertised
[rosout][ERROR] 2025-09-20 13:34:13,466: [Client 4] [id: /Competition_topic] publish: Cannot infer topic type for topic /Competition_topic as it is not yet advertised
[rosout][ERROR] 2025-09-20 13:34:13,469: [Client 6] [id: /Ego_topic] publish: Cannot infer topic type for topic /Ego_topic as it is not yet advertised
[rosout][ERROR] 2025-09-20 13:34:13,470: [Client 2] [id: /tf] publish: Cannot infer topic type for topic /tf as it is not yet advertised
[rosout][ERROR] 2025-09-20 13:34:13,470: [Client 1] [id: /CollisionData] publish: Cannot infer topic type for topic /CollisionData as it is not yet advertised
[rosout][ERROR] 2025-09-20 13:34:13,474: [Client 5] [id: /Object_topic] publish: Cannot infer topic type for topic /Object_topic as it is not yet advertised
[rosout][ERROR] 2025-09-20 13:34:13,482: [Client 4] [id: /Competition_topic] publish: Cannot infer topic type for topic /Competition_topic as it is not yet advertised
[rosout][ERROR] 2025-09-20 13:34:13,483: [Client 6] [id: /Ego_topic] publish: Cannot infer topic type for topic /Ego_topic as it is not yet advertised
[rosout][ERROR] 2025-09-20 13:34:13,490: [Client 2] [id: /tf] publish: Cannot infer topic type for topic /tf as it is not yet advertised
[rosout][ERROR] 2025-09-20 13:34:13,493: [Client 1] [id: /CollisionData] publish: Cannot infer topic type for topic /CollisionData as it is not yet advertised
[rosout][ERROR] 2025-09-20 13:34:13,495: [Client 5] [id: /Object_topic] publish: Cannot infer topic type for topic /Object_topic as it is not yet advertised
[rosout][ERROR] 2025-09-20 13:34:13,501: [Client 4] [id: /Competition_topic] publish: Cannot infer topic type for topic /Competition_topic as it is not yet advertised
[rosout][ERROR] 2025-09-20 13:34:13,505: [Client 6] [id: /Ego_topic] publish: Cannot infer topic type for topic /Ego_topic as it is not yet advertised
[rosout][ERROR] 2025-09-20 13:34:13,511: [Client 2] [id: /tf] publish: Cannot infer topic type for topic /tf as it is not yet advertised
[rosout][ERROR] 2025-09-20 13:34:13,518: [Client 1] [id: /CollisionData] publish: Cannot infer topic type for topic /CollisionData as it is not yet advertised
[rosout][ERROR] 2025-09-20 13:34:13,518: [Client 5] [id: /Object_topic] publish: Cannot infer topic type for topic /Object_topic as it is not yet advertised
[rosout][ERROR] 2025-09-20 13:34:13,521: [Client 4] [id: /Competition_topic] publish: Cannot infer topic type for topic /Competition_topic as it is not yet advertised
[rosout][ERROR] 2025-09-20 13:34:13,527: [Client 6] [id: /Ego_topic] publish: Cannot infer topic type for topic /Ego_topic as it is not yet advertised
[rosout][ERROR] 2025-09-20 13:34:13,530: [Client 2] [id: /tf] publish: Cannot infer topic type for topic /tf as it is not yet advertised
[rosout][ERROR] 2025-09-20 13:34:13,532: [Client 1] [id: /CollisionData] publish: Cannot infer topic type for topic /CollisionData as it is not yet advertised
[rosout][ERROR] 2025-09-20 13:34:13,536: [Client 5] [id: /Object_topic] publish: Cannot infer topic type for topic /Object_topic as it is not yet advertised
[rosout][ERROR] 2025-09-20 13:34:13,553: [Client 4] [id: /Competition_topic] publish: Cannot infer topic type for topic /Competition_topic as it is not yet advertised
[rosout][ERROR] 2025-09-20 13:34:13,554: [Client 2] [id: /tf] publish: Cannot infer topic type for topic /tf as it is not yet advertised
[rosout][ERROR] 2025-09-20 13:34:13,556: [Client 6] [id: /Ego_topic] publish: Cannot infer topic type for topic /Ego_topic as it is not yet advertised
[rosout][ERROR] 2025-09-20 13:34:13,556: [Client 1] [id: /CollisionData] publish: Cannot infer topic type for topic /CollisionData as it is not yet advertised
[rosout][ERROR] 2025-09-20 13:34:13,559: [Client 5] [id: /Object_topic] publish: Cannot infer topic type for topic /Object_topic as it is not yet advertised
[rosout][ERROR] 2025-09-20 13:34:13,565: [Client 4] [id: /Competition_topic] publish: Cannot infer topic type for topic /Competition_topic as it is not yet advertised
[rosout][ERROR] 2025-09-20 13:34:13,567: [Client 2] [id: /tf] publish: Cannot infer topic type for topic /tf as it is not yet advertised
[rosout][ERROR] 2025-09-20 13:34:13,575: [Client 6] [id: /Ego_topic] publish: Cannot infer topic type for topic /Ego_topic as it is not yet advertised
[rosout][ERROR] 2025-09-20 13:34:13,577: [Client 1] [id: /CollisionData] publish: Cannot infer topic type for topic /CollisionData as it is not yet advertised
[rosout][ERROR] 2025-09-20 13:34:13,580: [Client 5] [id: /Object_topic] publish: Cannot infer topic type for topic /Object_topic as it is not yet advertised
[rosout][ERROR] 2025-09-20 13:34:13,585: [Client 4] [id: /Competition_topic] publish: Cannot infer topic type for topic /Competition_topic as it is not yet advertised
[rosout][ERROR] 2025-09-20 13:34:13,590: [Client 6] [id: /Ego_topic] publish: Cannot infer topic type for topic /Ego_topic as it is not yet advertised
[rosout][ERROR] 2025-09-20 13:34:13,591: [Client 2] [id: /tf] publish: Cannot infer topic type for topic /tf as it is not yet advertised
[rosout][ERROR] 2025-09-20 13:34:13,594: [Client 1] [id: /CollisionData] publish: Cannot infer topic type for topic /CollisionData as it is not yet advertised
[rosout][ERROR] 2025-09-20 13:34:13,600: [Client 5] [id: /Object_topic] publish: Cannot infer topic type for topic /Object_topic as it is not yet advertised
[rosout][ERROR] 2025-09-20 13:34:13,605: [Client 4] [id: /Competition_topic] publish: Cannot infer topic type for topic /Competition_topic as it is not yet advertised
[rosout][ERROR] 2025-09-20 13:34:13,610: [Client 6] [id: /Ego_topic] publish: Cannot infer topic type for topic /Ego_topic as it is not yet advertised
[rosout][ERROR] 2025-09-20 13:34:13,612: [Client 2] [id: /tf] publish: Cannot infer topic type for topic /tf as it is not yet advertised
[rosout][ERROR] 2025-09-20 13:34:13,617: [Client 1] [id: /CollisionData] publish: Cannot infer topic type for topic /CollisionData as it is not yet advertised
[rosout][ERROR] 2025-09-20 13:34:13,618: [Client 5] [id: /Object_topic] publish: Cannot infer topic type for topic /Object_topic as it is not yet advertised
[rosout][ERROR] 2025-09-20 13:34:13,623: [Client 4] [id: /Competition_topic] publish: Cannot infer topic type for topic /Competition_topic as it is not yet advertised
[rosout][ERROR] 2025-09-20 13:34:13,625: [Client 6] [id: /Ego_topic] publish: Cannot infer topic type for topic /Ego_topic as it is not yet advertised
[rosout][ERROR] 2025-09-20 13:34:13,629: [Client 2] [id: /tf] publish: Cannot infer topic type for topic /tf as it is not yet advertised
[rosout][ERROR] 2025-09-20 13:34:13,631: [Client 1] [id: /CollisionData] publish: Cannot infer topic type for topic /CollisionData as it is not yet advertised
[rosout][ERROR] 2025-09-20 13:34:13,634: [Client 5] [id: /Object_topic] publish: Cannot infer topic type for topic /Object_topic as it is not yet advertised
[rosout][ERROR] 2025-09-20 13:34:13,638: [Client 4] [id: /Competition_topic] publish: Cannot infer topic type for topic /Competition_topic as it is not yet advertised
[rosout][ERROR] 2025-09-20 13:34:13,642: [Client 2] [id: /tf] publish: Cannot infer topic type for topic /tf as it is not yet advertised
[rosout][ERROR] 2025-09-20 13:34:13,648: [Client 1] [id: /CollisionData] publish: Cannot infer topic type for topic /CollisionData as it is not yet advertised
[rosout][ERROR] 2025-09-20 13:34:13,650: [Client 5] [id: /Object_topic] publish: Cannot infer topic type for topic /Object_topic as it is not yet advertised
[rosout][ERROR] 2025-09-20 13:34:13,651: [Client 6] [id: /Ego_topic] publish: Cannot infer topic type for topic /Ego_topic as it is not yet advertised
[rosout][ERROR] 2025-09-20 13:34:13,793: [Client 4] [id: /Competition_topic] publish: Cannot infer topic type for topic /Competition_topic as it is not yet advertised
[rosout][ERROR] 2025-09-20 13:34:13,794: [Client 2] [id: /tf] publish: Cannot infer topic type for topic /tf as it is not yet advertised
[rosout][ERROR] 2025-09-20 13:34:13,796: [Client 6] [id: /Ego_topic] publish: Cannot infer topic type for topic /Ego_topic as it is not yet advertised
[rosout][ERROR] 2025-09-20 13:34:13,797: [Client 1] [id: /CollisionData] publish: Cannot infer topic type for topic /CollisionData as it is not yet advertised
[rosout][ERROR] 2025-09-20 13:34:13,798: [Client 5] [id: /Object_topic] publish: Cannot infer topic type for topic /Object_topic as it is not yet advertised
[rosout][ERROR] 2025-09-20 13:34:13,800: [Client 4] [id: /Competition_topic] publish: Cannot infer topic type for topic /Competition_topic as it is not yet advertised
[rosout][ERROR] 2025-09-20 13:34:13,808: [Client 6] [id: /Ego_topic] publish: Cannot infer topic type for topic /Ego_topic as it is not yet advertised
[rosout][ERROR] 2025-09-20 13:34:13,808: [Client 2] [id: /tf] publish: Cannot infer topic type for topic /tf as it is not yet advertised
[rosout][ERROR] 2025-09-20 13:34:13,814: [Client 1] [id: /CollisionData] publish: Cannot infer topic type for topic /CollisionData as it is not yet advertised
[rosout][ERROR] 2025-09-20 13:34:13,817: [Client 5] [id: /Object_topic] publish: Cannot infer topic type for topic /Object_topic as it is not yet advertised
[rosout][ERROR] 2025-09-20 13:34:13,832: [Client 2] [id: /tf] publish: Cannot infer topic type for topic /tf as it is not yet advertised
[rosout][ERROR] 2025-09-20 13:34:13,835: [Client 4] [id: /Competition_topic] publish: Cannot infer topic type for topic /Competition_topic as it is not yet advertised
[rosout][ERROR] 2025-09-20 13:34:13,836: [Client 5] [id: /Object_topic] publish: Cannot infer topic type for topic /Object_topic as it is not yet advertised
[rosout][ERROR] 2025-09-20 13:34:13,836: [Client 6] [id: /Ego_topic] publish: Cannot infer topic type for topic /Ego_topic as it is not yet advertised
[rosout][ERROR] 2025-09-20 13:34:13,836: [Client 1] [id: /CollisionData] publish: Cannot infer topic type for topic /CollisionData as it is not yet advertised
[rosout][ERROR] 2025-09-20 13:34:13,876: [Client 1] [id: /CollisionData] publish: Cannot infer topic type for topic /CollisionData as it is not yet advertised
[rosout][ERROR] 2025-09-20 13:34:13,876: [Client 6] [id: /Ego_topic] publish: Cannot infer topic type for topic /Ego_topic as it is not yet advertised
[rosout][ERROR] 2025-09-20 13:34:13,877: [Client 4] [id: /Competition_topic] publish: Cannot infer topic type for topic /Competition_topic as it is not yet advertised
[rosout][ERROR] 2025-09-20 13:34:13,880: [Client 2] [id: /tf] publish: Cannot infer topic type for topic /tf as it is not yet advertised
[rosout][ERROR] 2025-09-20 13:34:13,881: [Client 5] [id: /Object_topic] publish: Cannot infer topic type for topic /Object_topic as it is not yet advertised
[rosout][ERROR] 2025-09-20 13:34:13,899: [Client 1] [id: /CollisionData] publish: Cannot infer topic type for topic /CollisionData as it is not yet advertised
[rosout][ERROR] 2025-09-20 13:34:13,927: [Client 6] [id: /Ego_topic] publish: Cannot infer topic type for topic /Ego_topic as it is not yet advertised
[rosout][ERROR] 2025-09-20 13:34:13,955: [Client 4] [id: /Competition_topic] publish: Cannot infer topic type for topic /Competition_topic as it is not yet advertised
[rosout][ERROR] 2025-09-20 13:34:13,961: [Client 2] [id: /tf] publish: Cannot infer topic type for topic /tf as it is not yet advertised
[rosout][ERROR] 2025-09-20 13:34:13,970: [Client 5] [id: /Object_topic] publish: Cannot infer topic type for topic /Object_topic as it is not yet advertised
[rosout][ERROR] 2025-09-20 13:34:14,013: [Client 6] [id: /Ego_topic] publish: Cannot infer topic type for topic /Ego_topic as it is not yet advertised
[rosout][ERROR] 2025-09-20 13:34:14,014: [Client 1] [id: /CollisionData] publish: Cannot infer topic type for topic /CollisionData as it is not yet advertised
[rosout][ERROR] 2025-09-20 13:34:14,037: [Client 2] [id: /tf] publish: Cannot infer topic type for topic /tf as it is not yet advertised
[rosout][ERROR] 2025-09-20 13:34:14,037: [Client 4] [id: /Competition_topic] publish: Cannot infer topic type for topic /Competition_topic as it is not yet advertised
[rosout][ERROR] 2025-09-20 13:34:14,040: [Client 5] [id: /Object_topic] publish: Cannot infer topic type for topic /Object_topic as it is not yet advertised
[rosout][ERROR] 2025-09-20 13:34:14,044: [Client 6] [id: /Ego_topic] publish: Cannot infer topic type for topic /Ego_topic as it is not yet advertised
[rosout][ERROR] 2025-09-20 13:34:14,044: [Client 1] [id: /CollisionData] publish: Cannot infer topic type for topic /CollisionData as it is not yet advertised
[rosout][ERROR] 2025-09-20 13:34:14,052: [Client 2] [id: /tf] publish: Cannot infer topic type for topic /tf as it is not yet advertised
[rosout][ERROR] 2025-09-20 13:34:14,059: [Client 4] [id: /Competition_topic] publish: Cannot infer topic type for topic /Competition_topic as it is not yet advertised
[rosout][ERROR] 2025-09-20 13:34:14,060: [Client 5] [id: /Object_topic] publish: Cannot infer topic type for topic /Object_topic as it is not yet advertised
[rosout][ERROR] 2025-09-20 13:34:14,074: [Client 1] [id: /CollisionData] publish: Cannot infer topic type for topic /CollisionData as it is not yet advertised
[rosout][ERROR] 2025-09-20 13:34:14,075: [Client 6] [id: /Ego_topic] publish: Cannot infer topic type for topic /Ego_topic as it is not yet advertised
[rosout][ERROR] 2025-09-20 13:34:14,085: [Client 2] [id: /tf] publish: Cannot infer topic type for topic /tf as it is not yet advertised
[rosout][ERROR] 2025-09-20 13:34:14,089: [Client 4] [id: /Competition_topic] publish: Cannot infer topic type for topic /Competition_topic as it is not yet advertised
[rosout][ERROR] 2025-09-20 13:34:14,093: [Client 5] [id: /Object_topic] publish: Cannot infer topic type for topic /Object_topic as it is not yet advertised
[rosout][ERROR] 2025-09-20 13:34:14,093: [Client 1] [id: /CollisionData] publish: Cannot infer topic type for topic /CollisionData as it is not yet advertised
[rosout][ERROR] 2025-09-20 13:34:14,095: [Client 6] [id: /Ego_topic] publish: Cannot infer topic type for topic /Ego_topic as it is not yet advertised
[rosout][ERROR] 2025-09-20 13:34:14,105: [Client 2] [id: /tf] publish: Cannot infer topic type for topic /tf as it is not yet advertised
[rosout][ERROR] 2025-09-20 13:34:14,112: [Client 4] [id: /Competition_topic] publish: Cannot infer topic type for topic /Competition_topic as it is not yet advertised
[rosout][ERROR] 2025-09-20 13:34:14,136: [Client 5] [id: /Object_topic] publish: Cannot infer topic type for topic /Object_topic as it is not yet advertised
[rosout][ERROR] 2025-09-20 13:34:14,146: [Client 1] [id: /CollisionData] publish: Cannot infer topic type for topic /CollisionData as it is not yet advertised
[rosout][ERROR] 2025-09-20 13:34:14,169: [Client 6] [id: /Ego_topic] publish: Cannot infer topic type for topic /Ego_topic as it is not yet advertised
[rosout][ERROR] 2025-09-20 13:34:14,177: [Client 2] [id: /tf] publish: Cannot infer topic type for topic /tf as it is not yet advertised
[rosout][ERROR] 2025-09-20 13:34:14,192: [Client 4] [id: /Competition_topic] publish: Cannot infer topic type for topic /Competition_topic as it is not yet advertised
[rosout][ERROR] 2025-09-20 13:34:14,195: [Client 5] [id: /Object_topic] publish: Cannot infer topic type for topic /Object_topic as it is not yet advertised
[rosout][ERROR] 2025-09-20 13:34:14,196: [Client 1] [id: /CollisionData] publish: Cannot infer topic type for topic /CollisionData as it is not yet advertised
[rosout][ERROR] 2025-09-20 13:34:14,201: [Client 6] [id: /Ego_topic] publish: Cannot infer topic type for topic /Ego_topic as it is not yet advertised
[rosout][ERROR] 2025-09-20 13:34:14,202: [Client 2] [id: /tf] publish: Cannot infer topic type for topic /tf as it is not yet advertised
[rosout][ERROR] 2025-09-20 13:34:14,208: [Client 4] [id: /Competition_topic] publish: Cannot infer topic type for topic /Competition_topic as it is not yet advertised
[rosout][ERROR] 2025-09-20 13:34:14,211: [Client 5] [id: /Object_topic] publish: Cannot infer topic type for topic /Object_topic as it is not yet advertised
[rosout][ERROR] 2025-09-20 13:34:14,214: [Client 6] [id: /Ego_topic] publish: Cannot infer topic type for topic /Ego_topic as it is not yet advertised
[rosout][ERROR] 2025-09-20 13:34:14,215: [Client 1] [id: /CollisionData] publish: Cannot infer topic type for topic /CollisionData as it is not yet advertised
[rosout][ERROR] 2025-09-20 13:34:14,220: [Client 2] [id: /tf] publish: Cannot infer topic type for topic /tf as it is not yet advertised
[rosout][ERROR] 2025-09-20 13:34:14,221: [Client 4] [id: /Competition_topic] publish: Cannot infer topic type for topic /Competition_topic as it is not yet advertised
[rosout][ERROR] 2025-09-20 13:34:14,226: [Client 5] [id: /Object_topic] publish: Cannot infer topic type for topic /Object_topic as it is not yet advertised
[rosout][ERROR] 2025-09-20 13:34:14,246: [Client 1] [id: /CollisionData] publish: Cannot infer topic type for topic /CollisionData as it is not yet advertised
[rosout][ERROR] 2025-09-20 13:34:14,246: [Client 6] [id: /Ego_topic] publish: Cannot infer topic type for topic /Ego_topic as it is not yet advertised
[rosout][ERROR] 2025-09-20 13:34:14,281: [Client 2] [id: /tf] publish: Cannot infer topic type for topic /tf as it is not yet advertised
[rosout][ERROR] 2025-09-20 13:34:14,285: [Client 4] [id: /Competition_topic] publish: Cannot infer topic type for topic /Competition_topic as it is not yet advertised
[rosout][ERROR] 2025-09-20 13:34:14,288: [Client 5] [id: /Object_topic] publish: Cannot infer topic type for topic /Object_topic as it is not yet advertised
[rosout][ERROR] 2025-09-20 13:34:14,292: [Client 1] [id: /CollisionData] publish: Cannot infer topic type for topic /CollisionData as it is not yet advertised
[rosout][ERROR] 2025-09-20 13:34:14,295: [Client 6] [id: /Ego_topic] publish: Cannot infer topic type for topic /Ego_topic as it is not yet advertised
[rosout][ERROR] 2025-09-20 13:34:14,300: [Client 4] [id: /Competition_topic] publish: Cannot infer topic type for topic /Competition_topic as it is not yet advertised
[rosout][ERROR] 2025-09-20 13:34:14,301: [Client 2] [id: /tf] publish: Cannot infer topic type for topic /tf as it is not yet advertised
[rosout][ERROR] 2025-09-20 13:34:14,305: [Client 5] [id: /Object_topic] publish: Cannot infer topic type for topic /Object_topic as it is not yet advertised
[rosout][ERROR] 2025-09-20 13:34:14,308: [Client 1] [id: /CollisionData] publish: Cannot infer topic type for topic /CollisionData as it is not yet advertised
[rosout][ERROR] 2025-09-20 13:34:14,313: [Client 6] [id: /Ego_topic] publish: Cannot infer topic type for topic /Ego_topic as it is not yet advertised
[rosout][ERROR] 2025-09-20 13:34:14,331: [Client 2] [id: /tf] publish: Cannot infer topic type for topic /tf as it is not yet advertised
[rosout][ERROR] 2025-09-20 13:34:14,334: [Client 4] [id: /Competition_topic] publish: Cannot infer topic type for topic /Competition_topic as it is not yet advertised
[rosout][ERROR] 2025-09-20 13:34:14,338: [Client 5] [id: /Object_topic] publish: Cannot infer topic type for topic /Object_topic as it is not yet advertised
[rosout][ERROR] 2025-09-20 13:34:14,342: [Client 1] [id: /CollisionData] publish: Cannot infer topic type for topic /CollisionData as it is not yet advertised
[rosout][ERROR] 2025-09-20 13:34:14,347: [Client 6] [id: /Ego_topic] publish: Cannot infer topic type for topic /Ego_topic as it is not yet advertised
[rosout][ERROR] 2025-09-20 13:34:14,350: [Client 2] [id: /tf] publish: Cannot infer topic type for topic /tf as it is not yet advertised
[rosout][ERROR] 2025-09-20 13:34:14,354: [Client 4] [id: /Competition_topic] publish: Cannot infer topic type for topic /Competition_topic as it is not yet advertised
[rosout][ERROR] 2025-09-20 13:34:14,372: [Client 5] [id: /Object_topic] publish: Cannot infer topic type for topic /Object_topic as it is not yet advertised
[rosout][ERROR] 2025-09-20 13:34:14,373: [Client 1] [id: /CollisionData] publish: Cannot infer topic type for topic /CollisionData as it is not yet advertised
[rosout][ERROR] 2025-09-20 13:34:14,379: [Client 6] [id: /Ego_topic] publish: Cannot infer topic type for topic /Ego_topic as it is not yet advertised
[rosout][ERROR] 2025-09-20 13:34:14,397: [Client 2] [id: /tf] publish: Cannot infer topic type for topic /tf as it is not yet advertised
[rosout][ERROR] 2025-09-20 13:34:14,400: [Client 4] [id: /Competition_topic] publish: Cannot infer topic type for topic /Competition_topic as it is not yet advertised
[rosout][ERROR] 2025-09-20 13:34:14,401: [Client 5] [id: /Object_topic] publish: Cannot infer topic type for topic /Object_topic as it is not yet advertised
[rosout][ERROR] 2025-09-20 13:34:14,404: [Client 1] [id: /CollisionData] publish: Cannot infer topic type for topic /CollisionData as it is not yet advertised
[rosout][ERROR] 2025-09-20 13:34:14,407: [Client 6] [id: /Ego_topic] publish: Cannot infer topic type for topic /Ego_topic as it is not yet advertised
[rosout][ERROR] 2025-09-20 13:34:14,414: [Client 2] [id: /tf] publish: Cannot infer topic type for topic /tf as it is not yet advertised
[rosout][ERROR] 2025-09-20 13:34:14,432: [Client 4] [id: /Competition_topic] publish: Cannot infer topic type for topic /Competition_topic as it is not yet advertised
[rosout][ERROR] 2025-09-20 13:34:14,436: [Client 5] [id: /Object_topic] publish: Cannot infer topic type for topic /Object_topic as it is not yet advertised
[rosout][ERROR] 2025-09-20 13:34:14,439: [Client 1] [id: /CollisionData] publish: Cannot infer topic type for topic /CollisionData as it is not yet advertised
[rosout][ERROR] 2025-09-20 13:34:14,442: [Client 6] [id: /Ego_topic] publish: Cannot infer topic type for topic /Ego_topic as it is not yet advertised
[rosout][ERROR] 2025-09-20 13:34:14,445: [Client 2] [id: /tf] publish: Cannot infer topic type for topic /tf as it is not yet advertised
[rosout][ERROR] 2025-09-20 13:34:14,445: [Client 4] [id: /Competition_topic] publish: Cannot infer topic type for topic /Competition_topic as it is not yet advertised
[rosout][ERROR] 2025-09-20 13:34:14,451: [Client 5] [id: /Object_topic] publish: Cannot infer topic type for topic /Object_topic as it is not yet advertised
[rosout][ERROR] 2025-09-20 13:34:14,469: [Client 1] [id: /CollisionData] publish: Cannot infer topic type for topic /CollisionData as it is not yet advertised
[rosout][ERROR] 2025-09-20 13:34:14,489: [Client 6] [id: /Ego_topic] publish: Cannot infer topic type for topic /Ego_topic as it is not yet advertised
[rosout][ERROR] 2025-09-20 13:34:14,491: [Client 2] [id: /tf] publish: Cannot infer topic type for topic /tf as it is not yet advertised
[rosout][ERROR] 2025-09-20 13:34:14,492: [Client 4] [id: /Competition_topic] publish: Cannot infer topic type for topic /Competition_topic as it is not yet advertised
[rosout][ERROR] 2025-09-20 13:34:14,496: [Client 5] [id: /Object_topic] publish: Cannot infer topic type for topic /Object_topic as it is not yet advertised
[rosout][ERROR] 2025-09-20 13:34:14,499: [Client 1] [id: /CollisionData] publish: Cannot infer topic type for topic /CollisionData as it is not yet advertised
[rosout][ERROR] 2025-09-20 13:34:14,501: [Client 6] [id: /Ego_topic] publish: Cannot infer topic type for topic /Ego_topic as it is not yet advertised
[rosout][ERROR] 2025-09-20 13:34:14,506: [Client 2] [id: /tf] publish: Cannot infer topic type for topic /tf as it is not yet advertised
[rosout][ERROR] 2025-09-20 13:34:14,507: [Client 4] [id: /Competition_topic] publish: Cannot infer topic type for topic /Competition_topic as it is not yet advertised
[rosout][ERROR] 2025-09-20 13:34:14,522: [Client 5] [id: /Object_topic] publish: Cannot infer topic type for topic /Object_topic as it is not yet advertised
[rosout][ERROR] 2025-09-20 13:34:14,537: [Client 1] [id: /CollisionData] publish: Cannot infer topic type for topic /CollisionData as it is not yet advertised
[rosout][ERROR] 2025-09-20 13:34:14,538: [Client 6] [id: /Ego_topic] publish: Cannot infer topic type for topic /Ego_topic as it is not yet advertised
[rosout][ERROR] 2025-09-20 13:34:14,540: [Client 2] [id: /tf] publish: Cannot infer topic type for topic /tf as it is not yet advertised
[rosout][ERROR] 2025-09-20 13:34:14,545: [Client 4] [id: /Competition_topic] publish: Cannot infer topic type for topic /Competition_topic as it is not yet advertised
[rosout][ERROR] 2025-09-20 13:34:14,547: [Client 1] [id: /CollisionData] publish: Cannot infer topic type for topic /CollisionData as it is not yet advertised
[rosout][ERROR] 2025-09-20 13:34:14,551: [Client 5] [id: /Object_topic] publish: Cannot infer topic type for topic /Object_topic as it is not yet advertised
[rosout][ERROR] 2025-09-20 13:34:14,556: [Client 6] [id: /Ego_topic] publish: Cannot infer topic type for topic /Ego_topic as it is not yet advertised
[rosout][ERROR] 2025-09-20 13:34:14,558: [Client 2] [id: /tf] publish: Cannot infer topic type for topic /tf as it is not yet advertised
[rosout][ERROR] 2025-09-20 13:34:14,560: [Client 4] [id: /Competition_topic] publish: Cannot infer topic type for topic /Competition_topic as it is not yet advertised
[rosout][ERROR] 2025-09-20 13:34:14,576: [Client 1] [id: /CollisionData] publish: Cannot infer topic type for topic /CollisionData as it is not yet advertised
[rosout][ERROR] 2025-09-20 13:34:14,602: [Client 6] [id: /Ego_topic] publish: Cannot infer topic type for topic /Ego_topic as it is not yet advertised
[rosout][ERROR] 2025-09-20 13:34:14,602: [Client 5] [id: /Object_topic] publish: Cannot infer topic type for topic /Object_topic as it is not yet advertised
[rosout][ERROR] 2025-09-20 13:34:14,606: [Client 2] [id: /tf] publish: Cannot infer topic type for topic /tf as it is not yet advertised
[rosout][ERROR] 2025-09-20 13:34:14,608: [Client 1] [id: /CollisionData] publish: Cannot infer topic type for topic /CollisionData as it is not yet advertised
[rosout][ERROR] 2025-09-20 13:34:14,608: [Client 4] [id: /Competition_topic] publish: Cannot infer topic type for topic /Competition_topic as it is not yet advertised
[rosout][ERROR] 2025-09-20 13:34:14,630: [Client 5] [id: /Object_topic] publish: Cannot infer topic type for topic /Object_topic as it is not yet advertised
[rosout][ERROR] 2025-09-20 13:34:14,632: [Client 6] [id: /Ego_topic] publish: Cannot infer topic type for topic /Ego_topic as it is not yet advertised
[rosout][ERROR] 2025-09-20 13:34:14,638: [Client 2] [id: /tf] publish: Cannot infer topic type for topic /tf as it is not yet advertised
[rosout][ERROR] 2025-09-20 13:34:14,656: [Client 1] [id: /CollisionData] publish: Cannot infer topic type for topic /CollisionData as it is not yet advertised
[rosout][ERROR] 2025-09-20 13:34:14,657: [Client 4] [id: /Competition_topic] publish: Cannot infer topic type for topic /Competition_topic as it is not yet advertised
[rosout][ERROR] 2025-09-20 13:34:14,662: [Client 5] [id: /Object_topic] publish: Cannot infer topic type for topic /Object_topic as it is not yet advertised
[rosout][ERROR] 2025-09-20 13:34:14,664: [Client 6] [id: /Ego_topic] publish: Cannot infer topic type for topic /Ego_topic as it is not yet advertised
[rosout][ERROR] 2025-09-20 13:34:14,666: [Client 2] [id: /tf] publish: Cannot infer topic type for topic /tf as it is not yet advertised
[rosout][ERROR] 2025-09-20 13:34:14,667: [Client 1] [id: /CollisionData] publish: Cannot infer topic type for topic /CollisionData as it is not yet advertised
[rosout][ERROR] 2025-09-20 13:34:14,673: [Client 4] [id: /Competition_topic] publish: Cannot infer topic type for topic /Competition_topic as it is not yet advertised
[rosout][ERROR] 2025-09-20 13:34:14,689: [Client 5] [id: /Object_topic] publish: Cannot infer topic type for topic /Object_topic as it is not yet advertised
[rosout][ERROR] 2025-09-20 13:34:14,690: [Client 6] [id: /Ego_topic] publish: Cannot infer topic type for topic /Ego_topic as it is not yet advertised
[rosout][ERROR] 2025-09-20 13:34:14,698: [Client 2] [id: /tf] publish: Cannot infer topic type for topic /tf as it is not yet advertised
[rosout][ERROR] 2025-09-20 13:34:14,701: [Client 1] [id: /CollisionData] publish: Cannot infer topic type for topic /CollisionData as it is not yet advertised
[rosout][ERROR] 2025-09-20 13:34:14,701: [Client 4] [id: /Competition_topic] publish: Cannot infer topic type for topic /Competition_topic as it is not yet advertised
[rosout][ERROR] 2025-09-20 13:34:14,705: [Client 5] [id: /Object_topic] publish: Cannot infer topic type for topic /Object_topic as it is not yet advertised
[rosout][ERROR] 2025-09-20 13:34:14,709: [Client 2] [id: /tf] publish: Cannot infer topic type for topic /tf as it is not yet advertised
[rosout][ERROR] 2025-09-20 13:34:14,711: [Client 6] [id: /Ego_topic] publish: Cannot infer topic type for topic /Ego_topic as it is not yet advertised
[rosout][ERROR] 2025-09-20 13:34:14,732: [Client 1] [id: /CollisionData] publish: Cannot infer topic type for topic /CollisionData as it is not yet advertised
[rosout][ERROR] 2025-09-20 13:34:14,734: [Client 4] [id: /Competition_topic] publish: Cannot infer topic type for topic /Competition_topic as it is not yet advertised
[rosout][ERROR] 2025-09-20 13:34:14,745: [Client 5] [id: /Object_topic] publish: Cannot infer topic type for topic /Object_topic as it is not yet advertised
[rosout][ERROR] 2025-09-20 13:34:14,754: [Client 2] [id: /tf] publish: Cannot infer topic type for topic /tf as it is not yet advertised
[rosout][ERROR] 2025-09-20 13:34:14,759: [Client 6] [id: /Ego_topic] publish: Cannot infer topic type for topic /Ego_topic as it is not yet advertised
[rosout][ERROR] 2025-09-20 13:34:14,762: [Client 1] [id: /CollisionData] publish: Cannot infer topic type for topic /CollisionData as it is not yet advertised
[rosout][ERROR] 2025-09-20 13:34:14,763: [Client 4] [id: /Competition_topic] publish: Cannot infer topic type for topic /Competition_topic as it is not yet advertised
[rosout][ERROR] 2025-09-20 13:34:14,765: [Client 5] [id: /Object_topic] publish: Cannot infer topic type for topic /Object_topic as it is not yet advertised
[rosout][ERROR] 2025-09-20 13:34:14,769: [Client 2] [id: /tf] publish: Cannot infer topic type for topic /tf as it is not yet advertised
[rosout][ERROR] 2025-09-20 13:34:14,771: [Client 6] [id: /Ego_topic] publish: Cannot infer topic type for topic /Ego_topic as it is not yet advertised
[rosout][ERROR] 2025-09-20 13:34:14,788: [Client 1] [id: /CollisionData] publish: Cannot infer topic type for topic /CollisionData as it is not yet advertised
[rosout][ERROR] 2025-09-20 13:34:14,793: [Client 4] [id: /Competition_topic] publish: Cannot infer topic type for topic /Competition_topic as it is not yet advertised
[rosout][ERROR] 2025-09-20 13:34:14,795: [Client 5] [id: /Object_topic] publish: Cannot infer topic type for topic /Object_topic as it is not yet advertised
[rosout][ERROR] 2025-09-20 13:34:14,799: [Client 2] [id: /tf] publish: Cannot infer topic type for topic /tf as it is not yet advertised
[rosout][ERROR] 2025-09-20 13:34:14,803: [Client 6] [id: /Ego_topic] publish: Cannot infer topic type for topic /Ego_topic as it is not yet advertised
[rosout][ERROR] 2025-09-20 13:34:14,804: [Client 1] [id: /CollisionData] publish: Cannot infer topic type for topic /CollisionData as it is not yet advertised
[rosout][ERROR] 2025-09-20 13:34:14,809: [Client 4] [id: /Competition_topic] publish: Cannot infer topic type for topic /Competition_topic as it is not yet advertised
[rosout][ERROR] 2025-09-20 13:34:14,811: [Client 5] [id: /Object_topic] publish: Cannot infer topic type for topic /Object_topic as it is not yet advertised
[rosout][ERROR] 2025-09-20 13:34:14,817: [Client 2] [id: /tf] publish: Cannot infer topic type for topic /tf as it is not yet advertised
[rosout][ERROR] 2025-09-20 13:34:14,819: [Client 6] [id: /Ego_topic] publish: Cannot infer topic type for topic /Ego_topic as it is not yet advertised
[rosout][ERROR] 2025-09-20 13:34:14,822: [Client 1] [id: /CollisionData] publish: Cannot infer topic type for topic /CollisionData as it is not yet advertised
[rosout][ERROR] 2025-09-20 13:34:14,829: [Client 4] [id: /Competition_topic] publish: Cannot infer topic type for topic /Competition_topic as it is not yet advertised
[rosout][ERROR] 2025-09-20 13:34:14,854: [Client 5] [id: /Object_topic] publish: Cannot infer topic type for topic /Object_topic as it is not yet advertised
[rosout][ERROR] 2025-09-20 13:34:14,864: [Client 6] [id: /Ego_topic] publish: Cannot infer topic type for topic /Ego_topic as it is not yet advertised
[rosout][ERROR] 2025-09-20 13:34:14,864: [Client 2] [id: /tf] publish: Cannot infer topic type for topic /tf as it is not yet advertised
[rosout][ERROR] 2025-09-20 13:34:14,867: [Client 1] [id: /CollisionData] publish: Cannot infer topic type for topic /CollisionData as it is not yet advertised
[rosout][ERROR] 2025-09-20 13:34:14,871: [Client 4] [id: /Competition_topic] publish: Cannot infer topic type for topic /Competition_topic as it is not yet advertised
[rosout][ERROR] 2025-09-20 13:34:14,891: [Client 5] [id: /Object_topic] publish: Cannot infer topic type for topic /Object_topic as it is not yet advertised
[rosout][ERROR] 2025-09-20 13:34:14,891: [Client 6] [id: /Ego_topic] publish: Cannot infer topic type for topic /Ego_topic as it is not yet advertised
[rosout][ERROR] 2025-09-20 13:34:14,896: [Client 2] [id: /tf] publish: Cannot infer topic type for topic /tf as it is not yet advertised
[rosout][ERROR] 2025-09-20 13:34:14,899: [Client 1] [id: /CollisionData] publish: Cannot infer topic type for topic /CollisionData as it is not yet advertised
[rosout][ERROR] 2025-09-20 13:34:14,900: [Client 4] [id: /Competition_topic] publish: Cannot infer topic type for topic /Competition_topic as it is not yet advertised
[rosout][ERROR] 2025-09-20 13:34:14,905: [Client 5] [id: /Object_topic] publish: Cannot infer topic type for topic /Object_topic as it is not yet advertised
[rosout][ERROR] 2025-09-20 13:34:14,908: [Client 6] [id: /Ego_topic] publish: Cannot infer topic type for topic /Ego_topic as it is not yet advertised
[rosout][ERROR] 2025-09-20 13:34:14,911: [Client 2] [id: /tf] publish: Cannot infer topic type for topic /tf as it is not yet advertised
[rosout][ERROR] 2025-09-20 13:34:14,912: [Client 1] [id: /CollisionData] publish: Cannot infer topic type for topic /CollisionData as it is not yet advertised
[rosout][ERROR] 2025-09-20 13:34:14,930: [Client 4] [id: /Competition_topic] publish: Cannot infer topic type for topic /Competition_topic as it is not yet advertised
[rosout][ERROR] 2025-09-20 13:34:14,935: [Client 5] [id: /Object_topic] publish: Cannot infer topic type for topic /Object_topic as it is not yet advertised
[rosout][ERROR] 2025-09-20 13:34:14,952: [Client 6] [id: /Ego_topic] publish: Cannot infer topic type for topic /Ego_topic as it is not yet advertised
[rosout][ERROR] 2025-09-20 13:34:14,955: [Client 2] [id: /tf] publish: Cannot infer topic type for topic /tf as it is not yet advertised
[rosout][ERROR] 2025-09-20 13:34:14,957: [Client 1] [id: /CollisionData] publish: Cannot infer topic type for topic /CollisionData as it is not yet advertised
[rosout][ERROR] 2025-09-20 13:34:14,961: [Client 4] [id: /Competition_topic] publish: Cannot infer topic type for topic /Competition_topic as it is not yet advertised
[rosout][ERROR] 2025-09-20 13:34:14,963: [Client 5] [id: /Object_topic] publish: Cannot infer topic type for topic /Object_topic as it is not yet advertised
[rosout][ERROR] 2025-09-20 13:34:14,971: [Client 6] [id: /Ego_topic] publish: Cannot infer topic type for topic /Ego_topic as it is not yet advertised
[rosout][ERROR] 2025-09-20 13:34:14,971: [Client 1] [id: /CollisionData] publish: Cannot infer topic type for topic /CollisionData as it is not yet advertised
[rosout][ERROR] 2025-09-20 13:34:14,972: [Client 2] [id: /tf] publish: Cannot infer topic type for topic /tf as it is not yet advertised
[rosout][ERROR] 2025-09-20 13:34:14,978: [Client 4] [id: /Competition_topic] publish: Cannot infer topic type for topic /Competition_topic as it is not yet advertised
[rosout][ERROR] 2025-09-20 13:34:14,982: [Client 5] [id: /Object_topic] publish: Cannot infer topic type for topic /Object_topic as it is not yet advertised
[rosout][ERROR] 2025-09-20 13:34:14,990: [Client 6] [id: /Ego_topic] publish: Cannot infer topic type for topic /Ego_topic as it is not yet advertised
[rosout][ERROR] 2025-09-20 13:34:15,003: [Client 1] [id: /CollisionData] publish: Cannot infer topic type for topic /CollisionData as it is not yet advertised
[rosout][ERROR] 2025-09-20 13:34:15,005: [Client 4] [id: /Competition_topic] publish: Cannot infer topic type for topic /Competition_topic as it is not yet advertised
[rosout][ERROR] 2025-09-20 13:34:15,008: [Client 2] [id: /tf] publish: Cannot infer topic type for topic /tf as it is not yet advertised
[rosout][ERROR] 2025-09-20 13:34:15,011: [Client 5] [id: /Object_topic] publish: Cannot infer topic type for topic /Object_topic as it is not yet advertised
[rosout][ERROR] 2025-09-20 13:34:15,012: [Client 6] [id: /Ego_topic] publish: Cannot infer topic type for topic /Ego_topic as it is not yet advertised
[rosout][ERROR] 2025-09-20 13:34:15,017: [Client 1] [id: /CollisionData] publish: Cannot infer topic type for topic /CollisionData as it is not yet advertised
[rosout][ERROR] 2025-09-20 13:34:15,022: [Client 2] [id: /tf] publish: Cannot infer topic type for topic /tf as it is not yet advertised
[rosout][ERROR] 2025-09-20 13:34:15,023: [Client 4] [id: /Competition_topic] publish: Cannot infer topic type for topic /Competition_topic as it is not yet advertised
[rosout][ERROR] 2025-09-20 13:34:15,025: [Client 5] [id: /Object_topic] publish: Cannot infer topic type for topic /Object_topic as it is not yet advertised
[rosout][ERROR] 2025-09-20 13:34:15,032: [Client 6] [id: /Ego_topic] publish: Cannot infer topic type for topic /Ego_topic as it is not yet advertised
[rosout][ERROR] 2025-09-20 13:34:15,051: [Client 2] [id: /tf] publish: Cannot infer topic type for topic /tf as it is not yet advertised
[rosout][ERROR] 2025-09-20 13:34:15,052: [Client 1] [id: /CollisionData] publish: Cannot infer topic type for topic /CollisionData as it is not yet advertised
[rosout][ERROR] 2025-09-20 13:34:15,063: [Client 4] [id: /Competition_topic] publish: Cannot infer topic type for topic /Competition_topic as it is not yet advertised
[rosout][ERROR] 2025-09-20 13:34:15,073: [Client 5] [id: /Object_topic] publish: Cannot infer topic type for topic /Object_topic as it is not yet advertised
[rosout][ERROR] 2025-09-20 13:34:15,077: [Client 6] [id: /Ego_topic] publish: Cannot infer topic type for topic /Ego_topic as it is not yet advertised
[rosout][ERROR] 2025-09-20 13:34:15,096: [Client 2] [id: /tf] publish: Cannot infer topic type for topic /tf as it is not yet advertised
[rosout][ERROR] 2025-09-20 13:34:15,098: [Client 1] [id: /CollisionData] publish: Cannot infer topic type for topic /CollisionData as it is not yet advertised
[rosout][ERROR] 2025-09-20 13:34:15,100: [Client 4] [id: /Competition_topic] publish: Cannot infer topic type for topic /Competition_topic as it is not yet advertised
[rosout][ERROR] 2025-09-20 13:34:15,104: [Client 5] [id: /Object_topic] publish: Cannot infer topic type for topic /Object_topic as it is not yet advertised
[rosout][ERROR] 2025-09-20 13:34:15,106: [Client 6] [id: /Ego_topic] publish: Cannot infer topic type for topic /Ego_topic as it is not yet advertised
[rosout][ERROR] 2025-09-20 13:34:15,110: [Client 2] [id: /tf] publish: Cannot infer topic type for topic /tf as it is not yet advertised
[rosout][ERROR] 2025-09-20 13:34:15,114: [Client 1] [id: /CollisionData] publish: Cannot infer topic type for topic /CollisionData as it is not yet advertised
[rosout][ERROR] 2025-09-20 13:34:15,119: [Client 4] [id: /Competition_topic] publish: Cannot infer topic type for topic /Competition_topic as it is not yet advertised
[rosout][ERROR] 2025-09-20 13:34:15,123: [Client 5] [id: /Object_topic] publish: Cannot infer topic type for topic /Object_topic as it is not yet advertised
[rosout][ERROR] 2025-09-20 13:34:15,124: [Client 6] [id: /Ego_topic] publish: Cannot infer topic type for topic /Ego_topic as it is not yet advertised
[rosout][ERROR] 2025-09-20 13:34:15,127: [Client 2] [id: /tf] publish: Cannot infer topic type for topic /tf as it is not yet advertised
[rosout][ERROR] 2025-09-20 13:34:15,131: [Client 1] [id: /CollisionData] publish: Cannot infer topic type for topic /CollisionData as it is not yet advertised
[rosout][ERROR] 2025-09-20 13:34:15,148: [Client 4] [id: /Competition_topic] publish: Cannot infer topic type for topic /Competition_topic as it is not yet advertised
[rosout][ERROR] 2025-09-20 13:34:15,167: [Client 5] [id: /Object_topic] publish: Cannot infer topic type for topic /Object_topic as it is not yet advertised
[rosout][ERROR] 2025-09-20 13:34:15,169: [Client 6] [id: /Ego_topic] publish: Cannot infer topic type for topic /Ego_topic as it is not yet advertised
[rosout][ERROR] 2025-09-20 13:34:15,174: [Client 2] [id: /tf] publish: Cannot infer topic type for topic /tf as it is not yet advertised
[rosout][ERROR] 2025-09-20 13:34:15,192: [Client 4] [id: /Competition_topic] publish: Cannot infer topic type for topic /Competition_topic as it is not yet advertised
[rosout][ERROR] 2025-09-20 13:34:15,195: [Client 1] [id: /CollisionData] publish: Cannot infer topic type for topic /CollisionData as it is not yet advertised
[rosout][ERROR] 2025-09-20 13:34:15,200: [Client 5] [id: /Object_topic] publish: Cannot infer topic type for topic /Object_topic as it is not yet advertised
[rosout][ERROR] 2025-09-20 13:34:15,202: [Client 6] [id: /Ego_topic] publish: Cannot infer topic type for topic /Ego_topic as it is not yet advertised
[rosout][ERROR] 2025-09-20 13:34:15,209: [Client 2] [id: /tf] publish: Cannot infer topic type for topic /tf as it is not yet advertised
[rosout][ERROR] 2025-09-20 13:34:15,211: [Client 4] [id: /Competition_topic] publish: Cannot infer topic type for topic /Competition_topic as it is not yet advertised
[rosout][ERROR] 2025-09-20 13:34:15,213: [Client 1] [id: /CollisionData] publish: Cannot infer topic type for topic /CollisionData as it is not yet advertised
[rosout][ERROR] 2025-09-20 13:34:15,215: [Client 5] [id: /Object_topic] publish: Cannot infer topic type for topic /Object_topic as it is not yet advertised
[rosout][ERROR] 2025-09-20 13:34:15,221: [Client 6] [id: /Ego_topic] publish: Cannot infer topic type for topic /Ego_topic as it is not yet advertised
[rosout][ERROR] 2025-09-20 13:34:15,256: [Client 2] [id: /tf] publish: Cannot infer topic type for topic /tf as it is not yet advertised
[rosout][ERROR] 2025-09-20 13:34:15,261: [Client 4] [id: /Competition_topic] publish: Cannot infer topic type for topic /Competition_topic as it is not yet advertised
[rosout][ERROR] 2025-09-20 13:34:15,262: [Client 1] [id: /CollisionData] publish: Cannot infer topic type for topic /CollisionData as it is not yet advertised
[rosout][ERROR] 2025-09-20 13:34:15,270: [Client 5] [id: /Object_topic] publish: Cannot infer topic type for topic /Object_topic as it is not yet advertised
[rosout][ERROR] 2025-09-20 13:34:15,271: [Client 6] [id: /Ego_topic] publish: Cannot infer topic type for topic /Ego_topic as it is not yet advertised
[rosout][ERROR] 2025-09-20 13:34:15,274: [Client 2] [id: /tf] publish: Cannot infer topic type for topic /tf as it is not yet advertised
[rosout][ERROR] 2025-09-20 13:34:15,278: [Client 4] [id: /Competition_topic] publish: Cannot infer topic type for topic /Competition_topic as it is not yet advertised
[rosout][ERROR] 2025-09-20 13:34:15,283: [Client 1] [id: /CollisionData] publish: Cannot infer topic type for topic /CollisionData as it is not yet advertised
[rosout][ERROR] 2025-09-20 13:34:15,284: [Client 5] [id: /Object_topic] publish: Cannot infer topic type for topic /Object_topic as it is not yet advertised
[rosout][ERROR] 2025-09-20 13:34:15,288: [Client 6] [id: /Ego_topic] publish: Cannot infer topic type for topic /Ego_topic as it is not yet advertised
[rosout][ERROR] 2025-09-20 13:34:15,295: [Client 2] [id: /tf] publish: Cannot infer topic type for topic /tf as it is not yet advertised
[rosout][ERROR] 2025-09-20 13:34:15,296: [Client 4] [id: /Competition_topic] publish: Cannot infer topic type for topic /Competition_topic as it is not yet advertised
[rosout][ERROR] 2025-09-20 13:34:15,298: [Client 1] [id: /CollisionData] publish: Cannot infer topic type for topic /CollisionData as it is not yet advertised
[rosout][ERROR] 2025-09-20 13:34:15,318: [Client 5] [id: /Object_topic] publish: Cannot infer topic type for topic /Object_topic as it is not yet advertised
[rosout][ERROR] 2025-09-20 13:34:15,335: [Client 6] [id: /Ego_topic] publish: Cannot infer topic type for topic /Ego_topic as it is not yet advertised
[rosout][ERROR] 2025-09-20 13:34:15,340: [Client 2] [id: /tf] publish: Cannot infer topic type for topic /tf as it is not yet advertised
[rosout][ERROR] 2025-09-20 13:34:15,360: [Client 4] [id: /Competition_topic] publish: Cannot infer topic type for topic /Competition_topic as it is not yet advertised
[rosout][ERROR] 2025-09-20 13:34:15,364: [Client 1] [id: /CollisionData] publish: Cannot infer topic type for topic /CollisionData as it is not yet advertised
[rosout][ERROR] 2025-09-20 13:34:15,370: [Client 5] [id: /Object_topic] publish: Cannot infer topic type for topic /Object_topic as it is not yet advertised
[rosout][ERROR] 2025-09-20 13:34:15,372: [Client 6] [id: /Ego_topic] publish: Cannot infer topic type for topic /Ego_topic as it is not yet advertised
[rosout][ERROR] 2025-09-20 13:34:15,374: [Client 2] [id: /tf] publish: Cannot infer topic type for topic /tf as it is not yet advertised
[rosout][ERROR] 2025-09-20 13:34:15,380: [Client 4] [id: /Competition_topic] publish: Cannot infer topic type for topic /Competition_topic as it is not yet advertised
[rosout][ERROR] 2025-09-20 13:34:15,392: [Client 5] [id: /Object_topic] publish: Cannot infer topic type for topic /Object_topic as it is not yet advertised
[rosout][ERROR] 2025-09-20 13:34:15,398: [Client 1] [id: /CollisionData] publish: Cannot infer topic type for topic /CollisionData as it is not yet advertised
[rosout][ERROR] 2025-09-20 13:34:15,409: [Client 6] [id: /Ego_topic] publish: Cannot infer topic type for topic /Ego_topic as it is not yet advertised
[rosout][ERROR] 2025-09-20 13:34:15,417: [Client 2] [id: /tf] publish: Cannot infer topic type for topic /tf as it is not yet advertised
[rosout][ERROR] 2025-09-20 13:34:15,430: [Client 4] [id: /Competition_topic] publish: Cannot infer topic type for topic /Competition_topic as it is not yet advertised
[rosout][ERROR] 2025-09-20 13:34:15,433: [Client 5] [id: /Object_topic] publish: Cannot infer topic type for topic /Object_topic as it is not yet advertised
[rosout][ERROR] 2025-09-20 13:34:15,435: [Client 1] [id: /CollisionData] publish: Cannot infer topic type for topic /CollisionData as it is not yet advertised
[rosout][ERROR] 2025-09-20 13:34:15,440: [Client 6] [id: /Ego_topic] publish: Cannot infer topic type for topic /Ego_topic as it is not yet advertised
[rosout][ERROR] 2025-09-20 13:34:15,458: [Client 2] [id: /tf] publish: Cannot infer topic type for topic /tf as it is not yet advertised
[rosout][ERROR] 2025-09-20 13:34:15,465: [Client 4] [id: /Competition_topic] publish: Cannot infer topic type for topic /Competition_topic as it is not yet advertised
[rosout][ERROR] 2025-09-20 13:34:15,471: [Client 5] [id: /Object_topic] publish: Cannot infer topic type for topic /Object_topic as it is not yet advertised
[rosout][ERROR] 2025-09-20 13:34:15,474: [Client 1] [id: /CollisionData] publish: Cannot infer topic type for topic /CollisionData as it is not yet advertised
[rosout][ERROR] 2025-09-20 13:34:15,476: [Client 6] [id: /Ego_topic] publish: Cannot infer topic type for topic /Ego_topic as it is not yet advertised
[rosout][ERROR] 2025-09-20 13:34:15,481: [Client 2] [id: /tf] publish: Cannot infer topic type for topic /tf as it is not yet advertised
[rosout][ERROR] 2025-09-20 13:34:15,482: [Client 4] [id: /Competition_topic] publish: Cannot infer topic type for topic /Competition_topic as it is not yet advertised
[rosout][ERROR] 2025-09-20 13:34:15,489: [Client 5] [id: /Object_topic] publish: Cannot infer topic type for topic /Object_topic as it is not yet advertised
[rosout][ERROR] 2025-09-20 13:34:15,522: [Client 1] [id: /CollisionData] publish: Cannot infer topic type for topic /CollisionData as it is not yet advertised
[rosout][ERROR] 2025-09-20 13:34:15,527: [Client 6] [id: /Ego_topic] publish: Cannot infer topic type for topic /Ego_topic as it is not yet advertised
[rosout][ERROR] 2025-09-20 13:34:15,533: [Client 2] [id: /tf] publish: Cannot infer topic type for topic /tf as it is not yet advertised
[rosout][ERROR] 2025-09-20 13:34:15,536: [Client 4] [id: /Competition_topic] publish: Cannot infer topic type for topic /Competition_topic as it is not yet advertised
[rosout][ERROR] 2025-09-20 13:34:15,538: [Client 5] [id: /Object_topic] publish: Cannot infer topic type for topic /Object_topic as it is not yet advertised
[rosout][ERROR] 2025-09-20 13:34:15,545: [Client 1] [id: /CollisionData] publish: Cannot infer topic type for topic /CollisionData as it is not yet advertised
[rosout][ERROR] 2025-09-20 13:34:15,549: [Client 6] [id: /Ego_topic] publish: Cannot infer topic type for topic /Ego_topic as it is not yet advertised
[rosout][ERROR] 2025-09-20 13:34:15,556: [Client 2] [id: /tf] publish: Cannot infer topic type for topic /tf as it is not yet advertised
[rosout][ERROR] 2025-09-20 13:34:15,572: [Client 4] [id: /Competition_topic] publish: Cannot infer topic type for topic /Competition_topic as it is not yet advertised
[rosout][ERROR] 2025-09-20 13:34:15,588: [Client 5] [id: /Object_topic] publish: Cannot infer topic type for topic /Object_topic as it is not yet advertised
[rosout][ERROR] 2025-09-20 13:34:15,594: [Client 1] [id: /CollisionData] publish: Cannot infer topic type for topic /CollisionData as it is not yet advertised
[rosout][ERROR] 2025-09-20 13:34:15,594: [Client 6] [id: /Ego_topic] publish: Cannot infer topic type for topic /Ego_topic as it is not yet advertised
[rosout][ERROR] 2025-09-20 13:34:15,598: [Client 2] [id: /tf] publish: Cannot infer topic type for topic /tf as it is not yet advertised
[rosout][ERROR] 2025-09-20 13:34:15,604: [Client 4] [id: /Competition_topic] publish: Cannot infer topic type for topic /Competition_topic as it is not yet advertised
[rosout][ERROR] 2025-09-20 13:34:15,605: [Client 5] [id: /Object_topic] publish: Cannot infer topic type for topic /Object_topic as it is not yet advertised
[rosout][ERROR] 2025-09-20 13:34:15,618: [Client 1] [id: /CollisionData] publish: Cannot infer topic type for topic /CollisionData as it is not yet advertised
[rosout][ERROR] 2025-09-20 13:34:15,628: [Client 6] [id: /Ego_topic] publish: Cannot infer topic type for topic /Ego_topic as it is not yet advertised
[rosout][ERROR] 2025-09-20 13:34:15,633: [Client 2] [id: /tf] publish: Cannot infer topic type for topic /tf as it is not yet advertised
[rosout][ERROR] 2025-09-20 13:34:15,638: [Client 4] [id: /Competition_topic] publish: Cannot infer topic type for topic /Competition_topic as it is not yet advertised
[rosout][ERROR] 2025-09-20 13:34:15,639: [Client 5] [id: /Object_topic] publish: Cannot infer topic type for topic /Object_topic as it is not yet advertised
[rosout][ERROR] 2025-09-20 13:34:15,643: [Client 1] [id: /CollisionData] publish: Cannot infer topic type for topic /CollisionData as it is not yet advertised
[rosout][ERROR] 2025-09-20 13:34:15,646: [Client 6] [id: /Ego_topic] publish: Cannot infer topic type for topic /Ego_topic as it is not yet advertised
[rosout][ERROR] 2025-09-20 13:34:15,651: [Client 2] [id: /tf] publish: Cannot infer topic type for topic /tf as it is not yet advertised
[rosout][ERROR] 2025-09-20 13:34:15,654: [Client 4] [id: /Competition_topic] publish: Cannot infer topic type for topic /Competition_topic as it is not yet advertised
[rosout][ERROR] 2025-09-20 13:34:15,660: [Client 1] [id: /CollisionData] publish: Cannot infer topic type for topic /CollisionData as it is not yet advertised
[rosout][ERROR] 2025-09-20 13:34:15,666: [Client 5] [id: /Object_topic] publish: Cannot infer topic type for topic /Object_topic as it is not yet advertised
[rosout][ERROR] 2025-09-20 13:34:15,701: [Client 6] [id: /Ego_topic] publish: Cannot infer topic type for topic /Ego_topic as it is not yet advertised
[rosout][ERROR] 2025-09-20 13:34:15,702: [Client 2] [id: /tf] publish: Cannot infer topic type for topic /tf as it is not yet advertised
[rosout][ERROR] 2025-09-20 13:34:15,704: [Client 4] [id: /Competition_topic] publish: Cannot infer topic type for topic /Competition_topic as it is not yet advertised
[rosout][ERROR] 2025-09-20 13:34:15,708: [Client 1] [id: /CollisionData] publish: Cannot infer topic type for topic /CollisionData as it is not yet advertised
[rosout][ERROR] 2025-09-20 13:34:15,710: [Client 5] [id: /Object_topic] publish: Cannot infer topic type for topic /Object_topic as it is not yet advertised
[rosout][ERROR] 2025-09-20 13:34:15,727: [Client 6] [id: /Ego_topic] publish: Cannot infer topic type for topic /Ego_topic as it is not yet advertised
[rosout][ERROR] 2025-09-20 13:34:15,739: [Client 2] [id: /tf] publish: Cannot infer topic type for topic /tf as it is not yet advertised
[rosout][ERROR] 2025-09-20 13:34:15,761: [Client 4] [id: /Competition_topic] publish: Cannot infer topic type for topic /Competition_topic as it is not yet advertised
[rosout][ERROR] 2025-09-20 13:34:15,765: [Client 1] [id: /CollisionData] publish: Cannot infer topic type for topic /CollisionData as it is not yet advertised
[rosout][ERROR] 2025-09-20 13:34:15,770: [Client 5] [id: /Object_topic] publish: Cannot infer topic type for topic /Object_topic as it is not yet advertised
[rosout][ERROR] 2025-09-20 13:34:15,775: [Client 6] [id: /Ego_topic] publish: Cannot infer topic type for topic /Ego_topic as it is not yet advertised
[rosout][ERROR] 2025-09-20 13:34:15,787: [Client 4] [id: /Competition_topic] publish: Cannot infer topic type for topic /Competition_topic as it is not yet advertised
[rosout][ERROR] 2025-09-20 13:34:15,799: [Client 2] [id: /tf] publish: Cannot infer topic type for topic /tf as it is not yet advertised
[rosout][ERROR] 2025-09-20 13:34:15,809: [Client 5] [id: /Object_topic] publish: Cannot infer topic type for topic /Object_topic as it is not yet advertised
[rosout][ERROR] 2025-09-20 13:34:15,810: [Client 1] [id: /CollisionData] publish: Cannot infer topic type for topic /CollisionData as it is not yet advertised
[rosout][ERROR] 2025-09-20 13:34:15,814: [Client 6] [id: /Ego_topic] publish: Cannot infer topic type for topic /Ego_topic as it is not yet advertised
[rosout][ERROR] 2025-09-20 13:34:15,820: [Client 4] [id: /Competition_topic] publish: Cannot infer topic type for topic /Competition_topic as it is not yet advertised
[rosout][ERROR] 2025-09-20 13:34:15,833: [Client 2] [id: /tf] publish: Cannot infer topic type for topic /tf as it is not yet advertised
[rosout][ERROR] 2025-09-20 13:34:15,850: [Client 5] [id: /Object_topic] publish: Cannot infer topic type for topic /Object_topic as it is not yet advertised
[rosout][ERROR] 2025-09-20 13:34:15,861: [Client 1] [id: /CollisionData] publish: Cannot infer topic type for topic /CollisionData as it is not yet advertised
[rosout][ERROR] 2025-09-20 13:34:15,868: [Client 6] [id: /Ego_topic] publish: Cannot infer topic type for topic /Ego_topic as it is not yet advertised
[rosout][ERROR] 2025-09-20 13:34:15,873: [Client 4] [id: /Competition_topic] publish: Cannot infer topic type for topic /Competition_topic as it is not yet advertised
[rosout][ERROR] 2025-09-20 13:34:15,877: [Client 5] [id: /Object_topic] publish: Cannot infer topic type for topic /Object_topic as it is not yet advertised
[rosout][ERROR] 2025-09-20 13:34:15,878: [Client 2] [id: /tf] publish: Cannot infer topic type for topic /tf as it is not yet advertised
[rosout][ERROR] 2025-09-20 13:34:15,903: [Client 1] [id: /CollisionData] publish: Cannot infer topic type for topic /CollisionData as it is not yet advertised
[rosout][ERROR] 2025-09-20 13:34:15,905: [Client 6] [id: /Ego_topic] publish: Cannot infer topic type for topic /Ego_topic as it is not yet advertised
[rosout][ERROR] 2025-09-20 13:34:15,914: [Client 4] [id: /Competition_topic] publish: Cannot infer topic type for topic /Competition_topic as it is not yet advertised
[rosout][ERROR] 2025-09-20 13:34:15,914: [Client 5] [id: /Object_topic] publish: Cannot infer topic type for topic /Object_topic as it is not yet advertised
[rosout][ERROR] 2025-09-20 13:34:15,918: [Client 2] [id: /tf] publish: Cannot infer topic type for topic /tf as it is not yet advertised
[rosout][ERROR] 2025-09-20 13:34:15,920: [Client 1] [id: /CollisionData] publish: Cannot infer topic type for topic /CollisionData as it is not yet advertised
[rosout][ERROR] 2025-09-20 13:34:15,925: [Client 6] [id: /Ego_topic] publish: Cannot infer topic type for topic /Ego_topic as it is not yet advertised
[rosout][ERROR] 2025-09-20 13:34:15,928: [Client 4] [id: /Competition_topic] publish: Cannot infer topic type for topic /Competition_topic as it is not yet advertised
[rosout][ERROR] 2025-09-20 13:34:15,952: [Client 5] [id: /Object_topic] publish: Cannot infer topic type for topic /Object_topic as it is not yet advertised
[rosout][ERROR] 2025-09-20 13:34:15,953: [Client 2] [id: /tf] publish: Cannot infer topic type for topic /tf as it is not yet advertised
[rosout][ERROR] 2025-09-20 13:34:15,976: [Client 1] [id: /CollisionData] publish: Cannot infer topic type for topic /CollisionData as it is not yet advertised
[rosout][ERROR] 2025-09-20 13:34:15,981: [Client 6] [id: /Ego_topic] publish: Cannot infer topic type for topic /Ego_topic as it is not yet advertised
[rosout][ERROR] 2025-09-20 13:34:15,996: [Client 4] [id: /Competition_topic] publish: Cannot infer topic type for topic /Competition_topic as it is not yet advertised
[rosout][ERROR] 2025-09-20 13:34:16,002: [Client 5] [id: /Object_topic] publish: Cannot infer topic type for topic /Object_topic as it is not yet advertised
[rosout][ERROR] 2025-09-20 13:34:16,014: [Client 1] [id: /CollisionData] publish: Cannot infer topic type for topic /CollisionData as it is not yet advertised
[rosout][ERROR] 2025-09-20 13:34:16,021: [Client 2] [id: /tf] publish: Cannot infer topic type for topic /tf as it is not yet advertised
[rosout][ERROR] 2025-09-20 13:34:16,031: [Client 6] [id: /Ego_topic] publish: Cannot infer topic type for topic /Ego_topic as it is not yet advertised
[rosout][ERROR] 2025-09-20 13:34:16,033: [Client 4] [id: /Competition_topic] publish: Cannot infer topic type for topic /Competition_topic as it is not yet advertised
[rosout][ERROR] 2025-09-20 13:34:16,036: [Client 5] [id: /Object_topic] publish: Cannot infer topic type for topic /Object_topic as it is not yet advertised
[rosout][ERROR] 2025-09-20 13:34:16,041: [Client 1] [id: /CollisionData] publish: Cannot infer topic type for topic /CollisionData as it is not yet advertised
[rosout][ERROR] 2025-09-20 13:34:16,044: [Client 2] [id: /tf] publish: Cannot infer topic type for topic /tf as it is not yet advertised
[rosout][ERROR] 2025-09-20 13:34:16,048: [Client 6] [id: /Ego_topic] publish: Cannot infer topic type for topic /Ego_topic as it is not yet advertised
[rosout][ERROR] 2025-09-20 13:34:16,069: [Client 4] [id: /Competition_topic] publish: Cannot infer topic type for topic /Competition_topic as it is not yet advertised
[rosout][ERROR] 2025-09-20 13:34:16,087: [Client 5] [id: /Object_topic] publish: Cannot infer topic type for topic /Object_topic as it is not yet advertised
[rosout][ERROR] 2025-09-20 13:34:16,089: [Client 1] [id: /CollisionData] publish: Cannot infer topic type for topic /CollisionData as it is not yet advertised
[rosout][ERROR] 2025-09-20 13:34:16,091: [Client 2] [id: /tf] publish: Cannot infer topic type for topic /tf as it is not yet advertised
[rosout][ERROR] 2025-09-20 13:34:16,094: [Client 6] [id: /Ego_topic] publish: Cannot infer topic type for topic /Ego_topic as it is not yet advertised
[rosout][ERROR] 2025-09-20 13:34:16,097: [Client 4] [id: /Competition_topic] publish: Cannot infer topic type for topic /Competition_topic as it is not yet advertised
[rosout][ERROR] 2025-09-20 13:34:16,100: [Client 5] [id: /Object_topic] publish: Cannot infer topic type for topic /Object_topic as it is not yet advertised
[rosout][ERROR] 2025-09-20 13:34:16,105: [Client 1] [id: /CollisionData] publish: Cannot infer topic type for topic /CollisionData as it is not yet advertised
[rosout][ERROR] 2025-09-20 13:34:16,126: [Client 2] [id: /tf] publish: Cannot infer topic type for topic /tf as it is not yet advertised
[rosout][ERROR] 2025-09-20 13:34:16,129: [Client 6] [id: /Ego_topic] publish: Cannot infer topic type for topic /Ego_topic as it is not yet advertised
[rosout][ERROR] 2025-09-20 13:34:16,134: [Client 4] [id: /Competition_topic] publish: Cannot infer topic type for topic /Competition_topic as it is not yet advertised
[rosout][ERROR] 2025-09-20 13:34:16,135: [Client 5] [id: /Object_topic] publish: Cannot infer topic type for topic /Object_topic as it is not yet advertised
[rosout][ERROR] 2025-09-20 13:34:16,140: [Client 2] [id: /tf] publish: Cannot infer topic type for topic /tf as it is not yet advertised
[rosout][ERROR] 2025-09-20 13:34:16,143: [Client 1] [id: /CollisionData] publish: Cannot infer topic type for topic /CollisionData as it is not yet advertised
[rosout][ERROR] 2025-09-20 13:34:16,146: [Client 6] [id: /Ego_topic] publish: Cannot infer topic type for topic /Ego_topic as it is not yet advertised
[rosout][ERROR] 2025-09-20 13:34:16,151: [Client 4] [id: /Competition_topic] publish: Cannot infer topic type for topic /Competition_topic as it is not yet advertised
[rosout][ERROR] 2025-09-20 13:34:16,166: [Client 5] [id: /Object_topic] publish: Cannot infer topic type for topic /Object_topic as it is not yet advertised
[rosout][ERROR] 2025-09-20 13:34:16,170: [Client 2] [id: /tf] publish: Cannot infer topic type for topic /tf as it is not yet advertised
[rosout][ERROR] 2025-09-20 13:34:16,172: [Client 1] [id: /CollisionData] publish: Cannot infer topic type for topic /CollisionData as it is not yet advertised
[rosout][ERROR] 2025-09-20 13:34:16,176: [Client 6] [id: /Ego_topic] publish: Cannot infer topic type for topic /Ego_topic as it is not yet advertised
[rosout][ERROR] 2025-09-20 13:34:16,177: [Client 4] [id: /Competition_topic] publish: Cannot infer topic type for topic /Competition_topic as it is not yet advertised
[rosout][ERROR] 2025-09-20 13:34:16,183: [Client 5] [id: /Object_topic] publish: Cannot infer topic type for topic /Object_topic as it is not yet advertised
[rosout][ERROR] 2025-09-20 13:34:16,186: [Client 2] [id: /tf] publish: Cannot infer topic type for topic /tf as it is not yet advertised
[rosout][ERROR] 2025-09-20 13:34:16,188: [Client 1] [id: /CollisionData] publish: Cannot infer topic type for topic /CollisionData as it is not yet advertised
[rosout][ERROR] 2025-09-20 13:34:16,189: [Client 6] [id: /Ego_topic] publish: Cannot infer topic type for topic /Ego_topic as it is not yet advertised
[rosout][ERROR] 2025-09-20 13:34:16,194: [Client 4] [id: /Competition_topic] publish: Cannot infer topic type for topic /Competition_topic as it is not yet advertised
[rosout][ERROR] 2025-09-20 13:34:16,197: [Client 5] [id: /Object_topic] publish: Cannot infer topic type for topic /Object_topic as it is not yet advertised
[rosout][ERROR] 2025-09-20 13:34:16,217: [Client 2] [id: /tf] publish: Cannot infer topic type for topic /tf as it is not yet advertised
[rosout][ERROR] 2025-09-20 13:34:16,225: [Client 1] [id: /CollisionData] publish: Cannot infer topic type for topic /CollisionData as it is not yet advertised
[rosout][ERROR] 2025-09-20 13:34:16,232: [Client 6] [id: /Ego_topic] publish: Cannot infer topic type for topic /Ego_topic as it is not yet advertised
[rosout][ERROR] 2025-09-20 13:34:16,243: [Client 4] [id: /Competition_topic] publish: Cannot infer topic type for topic /Competition_topic as it is not yet advertised
[rosout][ERROR] 2025-09-20 13:34:16,246: [Client 5] [id: /Object_topic] publish: Cannot infer topic type for topic /Object_topic as it is not yet advertised
[rosout][ERROR] 2025-09-20 13:34:16,249: [Client 2] [id: /tf] publish: Cannot infer topic type for topic /tf as it is not yet advertised
[rosout][ERROR] 2025-09-20 13:34:16,251: [Client 1] [id: /CollisionData] publish: Cannot infer topic type for topic /CollisionData as it is not yet advertised
[rosout][ERROR] 2025-09-20 13:34:16,261: [Client 6] [id: /Ego_topic] publish: Cannot infer topic type for topic /Ego_topic as it is not yet advertised
[rosout][ERROR] 2025-09-20 13:34:16,275: [Client 4] [id: /Competition_topic] publish: Cannot infer topic type for topic /Competition_topic as it is not yet advertised
[rosout][ERROR] 2025-09-20 13:34:16,291: [Client 5] [id: /Object_topic] publish: Cannot infer topic type for topic /Object_topic as it is not yet advertised
[rosout][ERROR] 2025-09-20 13:34:16,297: [Client 2] [id: /tf] publish: Cannot infer topic type for topic /tf as it is not yet advertised
[rosout][ERROR] 2025-09-20 13:34:16,300: [Client 1] [id: /CollisionData] publish: Cannot infer topic type for topic /CollisionData as it is not yet advertised
[rosout][ERROR] 2025-09-20 13:34:16,303: [Client 6] [id: /Ego_topic] publish: Cannot infer topic type for topic /Ego_topic as it is not yet advertised
[rosout][ERROR] 2025-09-20 13:34:16,306: [Client 4] [id: /Competition_topic] publish: Cannot infer topic type for topic /Competition_topic as it is not yet advertised
[rosout][ERROR] 2025-09-20 13:34:16,309: [Client 5] [id: /Object_topic] publish: Cannot infer topic type for topic /Object_topic as it is not yet advertised
[rosout][ERROR] 2025-09-20 13:34:16,313: [Client 2] [id: /tf] publish: Cannot infer topic type for topic /tf as it is not yet advertised
[rosout][ERROR] 2025-09-20 13:34:16,319: [Client 1] [id: /CollisionData] publish: Cannot infer topic type for topic /CollisionData as it is not yet advertised
[rosout][ERROR] 2025-09-20 13:34:16,328: [Client 6] [id: /Ego_topic] publish: Cannot infer topic type for topic /Ego_topic as it is not yet advertised
[rosout][ERROR] 2025-09-20 13:34:16,334: [Client 4] [id: /Competition_topic] publish: Cannot infer topic type for topic /Competition_topic as it is not yet advertised
[rosout][ERROR] 2025-09-20 13:34:16,348: [Client 5] [id: /Object_topic] publish: Cannot infer topic type for topic /Object_topic as it is not yet advertised
[rosout][ERROR] 2025-09-20 13:34:16,362: [Client 1] [id: /CollisionData] publish: Cannot infer topic type for topic /CollisionData as it is not yet advertised
[rosout][ERROR] 2025-09-20 13:34:16,365: [Client 6] [id: /Ego_topic] publish: Cannot infer topic type for topic /Ego_topic as it is not yet advertised
[rosout][ERROR] 2025-09-20 13:34:16,366: [Client 2] [id: /tf] publish: Cannot infer topic type for topic /tf as it is not yet advertised
[rosout][ERROR] 2025-09-20 13:34:16,367: [Client 4] [id: /Competition_topic] publish: Cannot infer topic type for topic /Competition_topic as it is not yet advertised
[rosout][ERROR] 2025-09-20 13:34:16,373: [Client 5] [id: /Object_topic] publish: Cannot infer topic type for topic /Object_topic as it is not yet advertised
[rosout][ERROR] 2025-09-20 13:34:16,376: [Client 1] [id: /CollisionData] publish: Cannot infer topic type for topic /CollisionData as it is not yet advertised
[rosout][ERROR] 2025-09-20 13:34:16,390: [Client 6] [id: /Ego_topic] publish: Cannot infer topic type for topic /Ego_topic as it is not yet advertised
[rosout][ERROR] 2025-09-20 13:34:16,399: [Client 2] [id: /tf] publish: Cannot infer topic type for topic /tf as it is not yet advertised
[rosout][ERROR] 2025-09-20 13:34:16,403: [Client 4] [id: /Competition_topic] publish: Cannot infer topic type for topic /Competition_topic as it is not yet advertised
[rosout][ERROR] 2025-09-20 13:34:16,405: [Client 5] [id: /Object_topic] publish: Cannot infer topic type for topic /Object_topic as it is not yet advertised
[rosout][ERROR] 2025-09-20 13:34:16,409: [Client 1] [id: /CollisionData] publish: Cannot infer topic type for topic /CollisionData as it is not yet advertised
[rosout][ERROR] 2025-09-20 13:34:16,412: [Client 6] [id: /Ego_topic] publish: Cannot infer topic type for topic /Ego_topic as it is not yet advertised
[rosout][ERROR] 2025-09-20 13:34:16,416: [Client 2] [id: /tf] publish: Cannot infer topic type for topic /tf as it is not yet advertised
[rosout][ERROR] 2025-09-20 13:34:16,431: [Client 4] [id: /Competition_topic] publish: Cannot infer topic type for topic /Competition_topic as it is not yet advertised
[rosout][ERROR] 2025-09-20 13:34:16,437: [Client 5] [id: /Object_topic] publish: Cannot infer topic type for topic /Object_topic as it is not yet advertised
[rosout][ERROR] 2025-09-20 13:34:16,456: [Client 1] [id: /CollisionData] publish: Cannot infer topic type for topic /CollisionData as it is not yet advertised
[rosout][ERROR] 2025-09-20 13:34:16,458: [Client 6] [id: /Ego_topic] publish: Cannot infer topic type for topic /Ego_topic as it is not yet advertised
[rosout][ERROR] 2025-09-20 13:34:16,463: [Client 4] [id: /Competition_topic] publish: Cannot infer topic type for topic /Competition_topic as it is not yet advertised
[rosout][ERROR] 2025-09-20 13:34:16,464: [Client 2] [id: /tf] publish: Cannot infer topic type for topic /tf as it is not yet advertised
[rosout][ERROR] 2025-09-20 13:34:16,469: [Client 5] [id: /Object_topic] publish: Cannot infer topic type for topic /Object_topic as it is not yet advertised
[rosout][ERROR] 2025-09-20 13:34:16,470: [Client 1] [id: /CollisionData] publish: Cannot infer topic type for topic /CollisionData as it is not yet advertised
[rosout][ERROR] 2025-09-20 13:34:16,476: [Client 6] [id: /Ego_topic] publish: Cannot infer topic type for topic /Ego_topic as it is not yet advertised
[rosout][ERROR] 2025-09-20 13:34:16,499: [Client 5] [id: /Object_topic] publish: Cannot infer topic type for topic /Object_topic as it is not yet advertised
[rosout][ERROR] 2025-09-20 13:34:16,495: [Client 2] [id: /tf] publish: Cannot infer topic type for topic /tf as it is not yet advertised
[rosout][ERROR] 2025-09-20 13:34:16,480: [Client 4] [id: /Competition_topic] publish: Cannot infer topic type for topic /Competition_topic as it is not yet advertised
[rosout][ERROR] 2025-09-20 13:34:16,503: [Client 1] [id: /CollisionData] publish: Cannot infer topic type for topic /CollisionData as it is not yet advertised
[rosout][ERROR] 2025-09-20 13:34:16,505: [Client 6] [id: /Ego_topic] publish: Cannot infer topic type for topic /Ego_topic as it is not yet advertised
[rosout][ERROR] 2025-09-20 13:34:16,509: [Client 5] [id: /Object_topic] publish: Cannot infer topic type for topic /Object_topic as it is not yet advertised
[rosout][ERROR] 2025-09-20 13:34:16,511: [Client 2] [id: /tf] publish: Cannot infer topic type for topic /tf as it is not yet advertised
[rosout][ERROR] 2025-09-20 13:34:16,514: [Client 4] [id: /Competition_topic] publish: Cannot infer topic type for topic /Competition_topic as it is not yet advertised
[rosout][ERROR] 2025-09-20 13:34:16,518: [Client 1] [id: /CollisionData] publish: Cannot infer topic type for topic /CollisionData as it is not yet advertised
[rosout][ERROR] 2025-09-20 13:34:16,535: [Client 6] [id: /Ego_topic] publish: Cannot infer topic type for topic /Ego_topic as it is not yet advertised
[rosout][ERROR] 2025-09-20 13:34:16,559: [Client 5] [id: /Object_topic] publish: Cannot infer topic type for topic /Object_topic as it is not yet advertised
[rosout][ERROR] 2025-09-20 13:34:16,561: [Client 2] [id: /tf] publish: Cannot infer topic type for topic /tf as it is not yet advertised
[rosout][ERROR] 2025-09-20 13:34:16,564: [Client 4] [id: /Competition_topic] publish: Cannot infer topic type for topic /Competition_topic as it is not yet advertised
[rosout][ERROR] 2025-09-20 13:34:16,565: [Client 1] [id: /CollisionData] publish: Cannot infer topic type for topic /CollisionData as it is not yet advertised
[rosout][ERROR] 2025-09-20 13:34:16,568: [Client 6] [id: /Ego_topic] publish: Cannot infer topic type for topic /Ego_topic as it is not yet advertised
[rosout][ERROR] 2025-09-20 13:34:16,572: [Client 5] [id: /Object_topic] publish: Cannot infer topic type for topic /Object_topic as it is not yet advertised
[rosout][ERROR] 2025-09-20 13:34:16,577: [Client 2] [id: /tf] publish: Cannot infer topic type for topic /tf as it is not yet advertised
[rosout][ERROR] 2025-09-20 13:34:16,583: [Client 4] [id: /Competition_topic] publish: Cannot infer topic type for topic /Competition_topic as it is not yet advertised
[rosout][ERROR] 2025-09-20 13:34:16,596: [Client 1] [id: /CollisionData] publish: Cannot infer topic type for topic /CollisionData as it is not yet advertised
[rosout][ERROR] 2025-09-20 13:34:16,601: [Client 6] [id: /Ego_topic] publish: Cannot infer topic type for topic /Ego_topic as it is not yet advertised
[rosout][ERROR] 2025-09-20 13:34:16,607: [Client 5] [id: /Object_topic] publish: Cannot infer topic type for topic /Object_topic as it is not yet advertised
[rosout][ERROR] 2025-09-20 13:34:16,609: [Client 2] [id: /tf] publish: Cannot infer topic type for topic /tf as it is not yet advertised
[rosout][ERROR] 2025-09-20 13:34:16,612: [Client 4] [id: /Competition_topic] publish: Cannot infer topic type for topic /Competition_topic as it is not yet advertised
[rosout][ERROR] 2025-09-20 13:34:16,617: [Client 1] [id: /CollisionData] publish: Cannot infer topic type for topic /CollisionData as it is not yet advertised
[rosout][ERROR] 2025-09-20 13:34:16,633: [Client 6] [id: /Ego_topic] publish: Cannot infer topic type for topic /Ego_topic as it is not yet advertised
[rosout][ERROR] 2025-09-20 13:34:16,644: [Client 5] [id: /Object_topic] publish: Cannot infer topic type for topic /Object_topic as it is not yet advertised
[rosout][ERROR] 2025-09-20 13:34:16,647: [Client 2] [id: /tf] publish: Cannot infer topic type for topic /tf as it is not yet advertised
[rosout][ERROR] 2025-09-20 13:34:16,649: [Client 4] [id: /Competition_topic] publish: Cannot infer topic type for topic /Competition_topic as it is not yet advertised
[rosout][ERROR] 2025-09-20 13:34:16,650: [Client 1] [id: /CollisionData] publish: Cannot infer topic type for topic /CollisionData as it is not yet advertised
[rosout][ERROR] 2025-09-20 13:34:16,671: [Client 6] [id: /Ego_topic] publish: Cannot infer topic type for topic /Ego_topic as it is not yet advertised
[rosout][ERROR] 2025-09-20 13:34:16,672: [Client 5] [id: /Object_topic] publish: Cannot infer topic type for topic /Object_topic as it is not yet advertised
[rosout][ERROR] 2025-09-20 13:34:16,676: [Client 2] [id: /tf] publish: Cannot infer topic type for topic /tf as it is not yet advertised
[rosout][ERROR] 2025-09-20 13:34:16,680: [Client 4] [id: /Competition_topic] publish: Cannot infer topic type for topic /Competition_topic as it is not yet advertised
[rosout][ERROR] 2025-09-20 13:34:16,699: [Client 1] [id: /CollisionData] publish: Cannot infer topic type for topic /CollisionData as it is not yet advertised
[rosout][ERROR] 2025-09-20 13:34:16,723: [Client 6] [id: /Ego_topic] publish: Cannot infer topic type for topic /Ego_topic as it is not yet advertised
[rosout][ERROR] 2025-09-20 13:34:16,725: [Client 5] [id: /Object_topic] publish: Cannot infer topic type for topic /Object_topic as it is not yet advertised
[rosout][ERROR] 2025-09-20 13:34:16,727: [Client 4] [id: /Competition_topic] publish: Cannot infer topic type for topic /Competition_topic as it is not yet advertised
[rosout][ERROR] 2025-09-20 13:34:16,728: [Client 2] [id: /tf] publish: Cannot infer topic type for topic /tf as it is not yet advertised
[rosout][ERROR] 2025-09-20 13:34:16,731: [Client 1] [id: /CollisionData] publish: Cannot infer topic type for topic /CollisionData as it is not yet advertised
[rosout][ERROR] 2025-09-20 13:34:16,735: [Client 6] [id: /Ego_topic] publish: Cannot infer topic type for topic /Ego_topic as it is not yet advertised
[rosout][ERROR] 2025-09-20 13:34:16,740: [Client 5] [id: /Object_topic] publish: Cannot infer topic type for topic /Object_topic as it is not yet advertised
[rosout][ERROR] 2025-09-20 13:34:16,745: [Client 2] [id: /tf] publish: Cannot infer topic type for topic /tf as it is not yet advertised
[rosout][ERROR] 2025-09-20 13:34:16,758: [Client 4] [id: /Competition_topic] publish: Cannot infer topic type for topic /Competition_topic as it is not yet advertised
[rosout][ERROR] 2025-09-20 13:34:16,764: [Client 1] [id: /CollisionData] publish: Cannot infer topic type for topic /CollisionData as it is not yet advertised
[rosout][ERROR] 2025-09-20 13:34:16,767: [Client 6] [id: /Ego_topic] publish: Cannot infer topic type for topic /Ego_topic as it is not yet advertised
[rosout][ERROR] 2025-09-20 13:34:16,771: [Client 5] [id: /Object_topic] publish: Cannot infer topic type for topic /Object_topic as it is not yet advertised
[rosout][ERROR] 2025-09-20 13:34:16,774: [Client 2] [id: /tf] publish: Cannot infer topic type for topic /tf as it is not yet advertised
[rosout][ERROR] 2025-09-20 13:34:16,775: [Client 4] [id: /Competition_topic] publish: Cannot infer topic type for topic /Competition_topic as it is not yet advertised
[rosout][ERROR] 2025-09-20 13:34:16,779: [Client 1] [id: /CollisionData] publish: Cannot infer topic type for topic /CollisionData as it is not yet advertised
[rosout][ERROR] 2025-09-20 13:34:16,787: [Client 6] [id: /Ego_topic] publish: Cannot infer topic type for topic /Ego_topic as it is not yet advertised
[rosout][ERROR] 2025-09-20 13:34:16,788: [Client 5] [id: /Object_topic] publish: Cannot infer topic type for topic /Object_topic as it is not yet advertised
[rosout][ERROR] 2025-09-20 13:34:16,808: [Client 2] [id: /tf] publish: Cannot infer topic type for topic /tf as it is not yet advertised
[rosout][ERROR] 2025-09-20 13:34:16,819: [Client 4] [id: /Competition_topic] publish: Cannot infer topic type for topic /Competition_topic as it is not yet advertised
[rosout][ERROR] 2025-09-20 13:34:16,829: [Client 1] [id: /CollisionData] publish: Cannot infer topic type for topic /CollisionData as it is not yet advertised
[rosout][ERROR] 2025-09-20 13:34:16,830: [Client 6] [id: /Ego_topic] publish: Cannot infer topic type for topic /Ego_topic as it is not yet advertised
[rosout][ERROR] 2025-09-20 13:34:16,837: [Client 5] [id: /Object_topic] publish: Cannot infer topic type for topic /Object_topic as it is not yet advertised
[rosout][ERROR] 2025-09-20 13:34:16,839: [Client 2] [id: /tf] publish: Cannot infer topic type for topic /tf as it is not yet advertised
[rosout][ERROR] 2025-09-20 13:34:16,851: [Client 4] [id: /Competition_topic] publish: Cannot infer topic type for topic /Competition_topic as it is not yet advertised
[rosout][ERROR] 2025-09-20 13:34:16,859: [Client 1] [id: /CollisionData] publish: Cannot infer topic type for topic /CollisionData as it is not yet advertised
[rosout][ERROR] 2025-09-20 13:34:16,862: [Client 6] [id: /Ego_topic] publish: Cannot infer topic type for topic /Ego_topic as it is not yet advertised
[rosout][ERROR] 2025-09-20 13:34:16,867: [Client 5] [id: /Object_topic] publish: Cannot infer topic type for topic /Object_topic as it is not yet advertised
[rosout][ERROR] 2025-09-20 13:34:16,867: [Client 2] [id: /tf] publish: Cannot infer topic type for topic /tf as it is not yet advertised
[rosout][ERROR] 2025-09-20 13:34:16,872: [Client 4] [id: /Competition_topic] publish: Cannot infer topic type for topic /Competition_topic as it is not yet advertised
[rosout][ERROR] 2025-09-20 13:34:16,874: [Client 1] [id: /CollisionData] publish: Cannot infer topic type for topic /CollisionData as it is not yet advertised
[rosout][ERROR] 2025-09-20 13:34:16,881: [Client 6] [id: /Ego_topic] publish: Cannot infer topic type for topic /Ego_topic as it is not yet advertised
[rosout][ERROR] 2025-09-20 13:34:16,890: [Client 2] [id: /tf] publish: Cannot infer topic type for topic /tf as it is not yet advertised
[rosout][ERROR] 2025-09-20 13:34:16,899: [Client 5] [id: /Object_topic] publish: Cannot infer topic type for topic /Object_topic as it is not yet advertised
[rosout][ERROR] 2025-09-20 13:34:16,922: [Client 4] [id: /Competition_topic] publish: Cannot infer topic type for topic /Competition_topic as it is not yet advertised
[rosout][ERROR] 2025-09-20 13:34:16,925: [Client 1] [id: /CollisionData] publish: Cannot infer topic type for topic /CollisionData as it is not yet advertised
[rosout][ERROR] 2025-09-20 13:34:16,927: [Client 6] [id: /Ego_topic] publish: Cannot infer topic type for topic /Ego_topic as it is not yet advertised
[rosout][ERROR] 2025-09-20 13:34:16,931: [Client 2] [id: /tf] publish: Cannot infer topic type for topic /tf as it is not yet advertised
[rosout][ERROR] 2025-09-20 13:34:16,933: [Client 5] [id: /Object_topic] publish: Cannot infer topic type for topic /Object_topic as it is not yet advertised
[rosout][ERROR] 2025-09-20 13:34:16,939: [Client 1] [id: /CollisionData] publish: Cannot infer topic type for topic /CollisionData as it is not yet advertised
[rosout][ERROR] 2025-09-20 13:34:16,940: [Client 4] [id: /Competition_topic] publish: Cannot infer topic type for topic /Competition_topic as it is not yet advertised
[rosout][ERROR] 2025-09-20 13:34:16,956: [Client 6] [id: /Ego_topic] publish: Cannot infer topic type for topic /Ego_topic as it is not yet advertised
[rosout][ERROR] 2025-09-20 13:34:16,966: [Client 2] [id: /tf] publish: Cannot infer topic type for topic /tf as it is not yet advertised
[rosout][ERROR] 2025-09-20 13:34:16,967: [Client 5] [id: /Object_topic] publish: Cannot infer topic type for topic /Object_topic as it is not yet advertised
[rosout][ERROR] 2025-09-20 13:34:16,969: [Client 1] [id: /CollisionData] publish: Cannot infer topic type for topic /CollisionData as it is not yet advertised
[rosout][ERROR] 2025-09-20 13:34:16,973: [Client 4] [id: /Competition_topic] publish: Cannot infer topic type for topic /Competition_topic as it is not yet advertised
[rosout][ERROR] 2025-09-20 13:34:16,976: [Client 2] [id: /tf] publish: Cannot infer topic type for topic /tf as it is not yet advertised
[rosout][ERROR] 2025-09-20 13:34:16,977: [Client 6] [id: /Ego_topic] publish: Cannot infer topic type for topic /Ego_topic as it is not yet advertised
[rosout][ERROR] 2025-09-20 13:34:16,983: [Client 5] [id: /Object_topic] publish: Cannot infer topic type for topic /Object_topic as it is not yet advertised
[rosout][ERROR] 2025-09-20 13:34:16,987: [Client 4] [id: /Competition_topic] publish: Cannot infer topic type for topic /Competition_topic as it is not yet advertised
[rosout][ERROR] 2025-09-20 13:34:16,988: [Client 1] [id: /CollisionData] publish: Cannot infer topic type for topic /CollisionData as it is not yet advertised
[rosout][ERROR] 2025-09-20 13:34:16,994: [Client 2] [id: /tf] publish: Cannot infer topic type for topic /tf as it is not yet advertised
[rosout][ERROR] 2025-09-20 13:34:16,997: [Client 6] [id: /Ego_topic] publish: Cannot infer topic type for topic /Ego_topic as it is not yet advertised
[rosout][ERROR] 2025-09-20 13:34:16,999: [Client 5] [id: /Object_topic] publish: Cannot infer topic type for topic /Object_topic as it is not yet advertised
[rosout][ERROR] 2025-09-20 13:34:17,024: [Client 4] [id: /Competition_topic] publish: Cannot infer topic type for topic /Competition_topic as it is not yet advertised
[rosout][ERROR] 2025-09-20 13:34:17,033: [Client 1] [id: /CollisionData] publish: Cannot infer topic type for topic /CollisionData as it is not yet advertised
[rosout][ERROR] 2025-09-20 13:34:17,041: [Client 2] [id: /tf] publish: Cannot infer topic type for topic /tf as it is not yet advertised
[rosout][ERROR] 2025-09-20 13:34:17,047: [Client 6] [id: /Ego_topic] publish: Cannot infer topic type for topic /Ego_topic as it is not yet advertised
[rosout][ERROR] 2025-09-20 13:34:17,054: [Client 5] [id: /Object_topic] publish: Cannot infer topic type for topic /Object_topic as it is not yet advertised
[rosout][ERROR] 2025-09-20 13:34:17,071: [Client 4] [id: /Competition_topic] publish: Cannot infer topic type for topic /Competition_topic as it is not yet advertised
[rosout][ERROR] 2025-09-20 13:34:17,075: [Client 1] [id: /CollisionData] publish: Cannot infer topic type for topic /CollisionData as it is not yet advertised
[rosout][ERROR] 2025-09-20 13:34:17,078: [Client 2] [id: /tf] publish: Cannot infer topic type for topic /tf as it is not yet advertised
[rosout][ERROR] 2025-09-20 13:34:17,080: [Client 6] [id: /Ego_topic] publish: Cannot infer topic type for topic /Ego_topic as it is not yet advertised
[rosout][ERROR] 2025-09-20 13:34:17,083: [Client 5] [id: /Object_topic] publish: Cannot infer topic type for topic /Object_topic as it is not yet advertised
[rosout][ERROR] 2025-09-20 13:34:17,088: [Client 4] [id: /Competition_topic] publish: Cannot infer topic type for topic /Competition_topic as it is not yet advertised
[rosout][ERROR] 2025-09-20 13:34:17,092: [Client 1] [id: /CollisionData] publish: Cannot infer topic type for topic /CollisionData as it is not yet advertised
[rosout][ERROR] 2025-09-20 13:34:17,096: [Client 6] [id: /Ego_topic] publish: Cannot infer topic type for topic /Ego_topic as it is not yet advertised
[rosout][ERROR] 2025-09-20 13:34:17,099: [Client 2] [id: /tf] publish: Cannot infer topic type for topic /tf as it is not yet advertised
[rosout][ERROR] 2025-09-20 13:34:17,102: [Client 5] [id: /Object_topic] publish: Cannot infer topic type for topic /Object_topic as it is not yet advertised
[rosout][ERROR] 2025-09-20 13:34:17,103: [Client 4] [id: /Competition_topic] publish: Cannot infer topic type for topic /Competition_topic as it is not yet advertised
[rosout][ERROR] 2025-09-20 13:34:17,143: [Client 1] [id: /CollisionData] publish: Cannot infer topic type for topic /CollisionData as it is not yet advertised
[rosout][ERROR] 2025-09-20 13:34:17,147: [Client 6] [id: /Ego_topic] publish: Cannot infer topic type for topic /Ego_topic as it is not yet advertised
[rosout][ERROR] 2025-09-20 13:34:17,169: [Client 2] [id: /tf] publish: Cannot infer topic type for topic /tf as it is not yet advertised
[rosout][ERROR] 2025-09-20 13:34:17,188: [Client 5] [id: /Object_topic] publish: Cannot infer topic type for topic /Object_topic as it is not yet advertised
[rosout][ERROR] 2025-09-20 13:34:17,193: [Client 4] [id: /Competition_topic] publish: Cannot infer topic type for topic /Competition_topic as it is not yet advertised
[rosout][ERROR] 2025-09-20 13:34:17,198: [Client 6] [id: /Ego_topic] publish: Cannot infer topic type for topic /Ego_topic as it is not yet advertised
[rosout][ERROR] 2025-09-20 13:34:17,200: [Client 1] [id: /CollisionData] publish: Cannot infer topic type for topic /CollisionData as it is not yet advertised
[rospy.core][INFO] 2025-09-20 13:34:17,228: signal_shutdown [signal-2]
[rosout][ERROR] 2025-09-20 13:34:17,206: [Client 4] [id: /Competition_topic] publish: Cannot infer topic type for topic /Competition_topic as it is not yet advertised
[rosout][ERROR] 2025-09-20 13:34:17,208: [Client 2] [id: /tf] publish: Cannot infer topic type for topic /tf as it is not yet advertised
[rospy.internal][INFO] 2025-09-20 13:34:17,244: topic[/rosout] removing connection to /rosout
[rospy.impl.masterslave][INFO] 2025-09-20 13:34:17,245: signal-2
[rosout][ERROR] 2025-09-20 13:34:17,209: [Client 5] [id: /Object_topic] publish: Cannot infer topic type for topic /Object_topic as it is not yet advertised
[rosout][ERROR] 2025-09-20 13:34:17,212: [Client 6] [id: /Ego_topic] publish: Cannot infer topic type for topic /Ego_topic as it is not yet advertised
[rosout][ERROR] 2025-09-20 13:34:17,229: [Client 1] [id: /CollisionData] publish: Cannot infer topic type for topic /CollisionData as it is not yet advertised
[rosout][ERROR] 2025-09-20 13:34:17,237: [Client 4] [id: /Competition_topic] publish: Cannot infer topic type for topic /Competition_topic as it is not yet advertised
[rosout][ERROR] 2025-09-20 13:34:17,240: [Client 2] [id: /tf] publish: Cannot infer topic type for topic /tf as it is not yet advertised
[rosout][ERROR] 2025-09-20 13:34:17,252: [Client 5] [id: /Object_topic] publish: Cannot infer topic type for topic /Object_topic as it is not yet advertised
[rosout][ERROR] 2025-09-20 13:34:17,256: [Client 1] [id: /CollisionData] publish: Cannot infer topic type for topic /CollisionData as it is not yet advertised
[rosout][ERROR] 2025-09-20 13:34:17,258: [Client 6] [id: /Ego_topic] publish: Cannot infer topic type for topic /Ego_topic as it is not yet advertised
[rosout][ERROR] 2025-09-20 13:34:17,260: [Client 4] [id: /Competition_topic] publish: Cannot infer topic type for topic /Competition_topic as it is not yet advertised
[rosout][ERROR] 2025-09-20 13:34:17,263: [Client 2] [id: /tf] publish: Cannot infer topic type for topic /tf as it is not yet advertised
[rosout][ERROR] 2025-09-20 13:34:17,268: [Client 5] [id: /Object_topic] publish: Cannot infer topic type for topic /Object_topic as it is not yet advertised
[rosout][ERROR] 2025-09-20 13:34:17,270: [Client 1] [id: /CollisionData] publish: Cannot infer topic type for topic /CollisionData as it is not yet advertised
[rosout][ERROR] 2025-09-20 13:34:17,276: [Client 6] [id: /Ego_topic] publish: Cannot infer topic type for topic /Ego_topic as it is not yet advertised
[rosout][ERROR] 2025-09-20 13:34:17,279: [Client 4] [id: /Competition_topic] publish: Cannot infer topic type for topic /Competition_topic as it is not yet advertised
[rosout][ERROR] 2025-09-20 13:34:17,282: [Client 2] [id: /tf] publish: Cannot infer topic type for topic /tf as it is not yet advertised
[rosout][ERROR] 2025-09-20 13:34:17,285: [Client 5] [id: /Object_topic] publish: Cannot infer topic type for topic /Object_topic as it is not yet advertised
[rosout][ERROR] 2025-09-20 13:34:17,290: [Client 6] [id: /Ego_topic] publish: Cannot infer topic type for topic /Ego_topic as it is not yet advertised
[rosout][ERROR] 2025-09-20 13:34:17,291: [Client 4] [id: /Competition_topic] publish: Cannot infer topic type for topic /Competition_topic as it is not yet advertised
[rosout][ERROR] 2025-09-20 13:34:17,292: [Client 1] [id: /CollisionData] publish: Cannot infer topic type for topic /CollisionData as it is not yet advertised
[rosout][ERROR] 2025-09-20 13:34:17,295: [Client 2] [id: /tf] publish: Cannot infer topic type for topic /tf as it is not yet advertised
[rosout][ERROR] 2025-09-20 13:34:17,300: [Client 5] [id: /Object_topic] publish: Cannot infer topic type for topic /Object_topic as it is not yet advertised
[rosout][ERROR] 2025-09-20 13:34:17,303: [Client 6] [id: /Ego_topic] publish: Cannot infer topic type for topic /Ego_topic as it is not yet advertised
[rosout][ERROR] 2025-09-20 13:34:17,306: [Client 4] [id: /Competition_topic] publish: Cannot infer topic type for topic /Competition_topic as it is not yet advertised
[rosout][ERROR] 2025-09-20 13:34:17,310: [Client 1] [id: /CollisionData] publish: Cannot infer topic type for topic /CollisionData as it is not yet advertised
[rosout][ERROR] 2025-09-20 13:34:17,314: [Client 2] [id: /tf] publish: Cannot infer topic type for topic /tf as it is not yet advertised
[rosout][ERROR] 2025-09-20 13:34:17,316: [Client 5] [id: /Object_topic] publish: Cannot infer topic type for topic /Object_topic as it is not yet advertised
[rosout][ERROR] 2025-09-20 13:34:17,319: [Client 6] [id: /Ego_topic] publish: Cannot infer topic type for topic /Ego_topic as it is not yet advertised
[rosout][ERROR] 2025-09-20 13:34:17,320: [Client 4] [id: /Competition_topic] publish: Cannot infer topic type for topic /Competition_topic as it is not yet advertised
[rosout][ERROR] 2025-09-20 13:34:17,324: [Client 1] [id: /CollisionData] publish: Cannot infer topic type for topic /CollisionData as it is not yet advertised
[rosout][ERROR] 2025-09-20 13:34:17,328: [Client 2] [id: /tf] publish: Cannot infer topic type for topic /tf as it is not yet advertised
[rosout][ERROR] 2025-09-20 13:34:17,334: [Client 5] [id: /Object_topic] publish: Cannot infer topic type for topic /Object_topic as it is not yet advertised
[rosout][ERROR] 2025-09-20 13:34:17,340: [Client 4] [id: /Competition_topic] publish: Cannot infer topic type for topic /Competition_topic as it is not yet advertised
[rosout][ERROR] 2025-09-20 13:34:17,341: [Client 6] [id: /Ego_topic] publish: Cannot infer topic type for topic /Ego_topic as it is not yet advertised
[rosout][ERROR] 2025-09-20 13:34:17,345: [Client 1] [id: /CollisionData] publish: Cannot infer topic type for topic /CollisionData as it is not yet advertised
[rosout][ERROR] 2025-09-20 13:34:17,351: [Client 5] [id: /Object_topic] publish: Cannot infer topic type for topic /Object_topic as it is not yet advertised
[rosout][ERROR] 2025-09-20 13:34:17,352: [Client 2] [id: /tf] publish: Cannot infer topic type for topic /tf as it is not yet advertised
[rosout][ERROR] 2025-09-20 13:34:17,354: [Client 4] [id: /Competition_topic] publish: Cannot infer topic type for topic /Competition_topic as it is not yet advertised
[rosout][ERROR] 2025-09-20 13:34:17,358: [Client 6] [id: /Ego_topic] publish: Cannot infer topic type for topic /Ego_topic as it is not yet advertised
[rosout][ERROR] 2025-09-20 13:34:17,360: [Client 1] [id: /CollisionData] publish: Cannot infer topic type for topic /CollisionData as it is not yet advertised
[rosout][ERROR] 2025-09-20 13:34:17,362: [Client 5] [id: /Object_topic] publish: Cannot infer topic type for topic /Object_topic as it is not yet advertised
[rosout][ERROR] 2025-09-20 13:34:17,366: [Client 2] [id: /tf] publish: Cannot infer topic type for topic /tf as it is not yet advertised
[rosout][ERROR] 2025-09-20 13:34:17,371: [Client 4] [id: /Competition_topic] publish: Cannot infer topic type for topic /Competition_topic as it is not yet advertised
[rosout][ERROR] 2025-09-20 13:34:17,374: [Client 6] [id: /Ego_topic] publish: Cannot infer topic type for topic /Ego_topic as it is not yet advertised
[rosout][ERROR] 2025-09-20 13:34:17,376: [Client 1] [id: /CollisionData] publish: Cannot infer topic type for topic /CollisionData as it is not yet advertised
[rosout][ERROR] 2025-09-20 13:34:17,377: [Client 5] [id: /Object_topic] publish: Cannot infer topic type for topic /Object_topic as it is not yet advertised
[rosout][ERROR] 2025-09-20 13:34:17,381: [Client 2] [id: /tf] publish: Cannot infer topic type for topic /tf as it is not yet advertised
[rosout][ERROR] 2025-09-20 13:34:17,384: [Client 4] [id: /Competition_topic] publish: Cannot infer topic type for topic /Competition_topic as it is not yet advertised
[rosout][ERROR] 2025-09-20 13:34:17,387: [Client 6] [id: /Ego_topic] publish: Cannot infer topic type for topic /Ego_topic as it is not yet advertised
[rosout][ERROR] 2025-09-20 13:34:17,389: [Client 1] [id: /CollisionData] publish: Cannot infer topic type for topic /CollisionData as it is not yet advertised
[rosout][ERROR] 2025-09-20 13:34:17,393: [Client 5] [id: /Object_topic] publish: Cannot infer topic type for topic /Object_topic as it is not yet advertised
[rosout][ERROR] 2025-09-20 13:34:17,395: [Client 2] [id: /tf] publish: Cannot infer topic type for topic /tf as it is not yet advertised
[rosout][ERROR] 2025-09-20 13:34:17,400: [Client 6] [id: /Ego_topic] publish: Cannot infer topic type for topic /Ego_topic as it is not yet advertised
[rosout][ERROR] 2025-09-20 13:34:17,403: [Client 4] [id: /Competition_topic] publish: Cannot infer topic type for topic /Competition_topic as it is not yet advertised
[rosout][ERROR] 2025-09-20 13:34:17,407: [Client 1] [id: /CollisionData] publish: Cannot infer topic type for topic /CollisionData as it is not yet advertised
[rosout][ERROR] 2025-09-20 13:34:17,408: [Client 5] [id: /Object_topic] publish: Cannot infer topic type for topic /Object_topic as it is not yet advertised
[rosout][ERROR] 2025-09-20 13:34:17,411: [Client 2] [id: /tf] publish: Cannot infer topic type for topic /tf as it is not yet advertised
[rosout][ERROR] 2025-09-20 13:34:17,414: [Client 6] [id: /Ego_topic] publish: Cannot infer topic type for topic /Ego_topic as it is not yet advertised
[rosout][ERROR] 2025-09-20 13:34:17,416: [Client 4] [id: /Competition_topic] publish: Cannot infer topic type for topic /Competition_topic as it is not yet advertised
[rosout][ERROR] 2025-09-20 13:34:17,419: [Client 1] [id: /CollisionData] publish: Cannot infer topic type for topic /CollisionData as it is not yet advertised
[rosout][ERROR] 2025-09-20 13:34:17,421: [Client 5] [id: /Object_topic] publish: Cannot infer topic type for topic /Object_topic as it is not yet advertised
[rosout][ERROR] 2025-09-20 13:34:17,426: [Client 2] [id: /tf] publish: Cannot infer topic type for topic /tf as it is not yet advertised
[rosout][ERROR] 2025-09-20 13:34:17,428: [Client 4] [id: /Competition_topic] publish: Cannot infer topic type for topic /Competition_topic as it is not yet advertised
[rosout][ERROR] 2025-09-20 13:34:17,428: [Client 6] [id: /Ego_topic] publish: Cannot infer topic type for topic /Ego_topic as it is not yet advertised
[rosout][ERROR] 2025-09-20 13:34:17,432: [Client 1] [id: /CollisionData] publish: Cannot infer topic type for topic /CollisionData as it is not yet advertised
[rosout][ERROR] 2025-09-20 13:34:17,437: [Client 5] [id: /Object_topic] publish: Cannot infer topic type for topic /Object_topic as it is not yet advertised
[rosout][ERROR] 2025-09-20 13:34:17,442: [Client 4] [id: /Competition_topic] publish: Cannot infer topic type for topic /Competition_topic as it is not yet advertised
[rosout][ERROR] 2025-09-20 13:34:17,443: [Client 2] [id: /tf] publish: Cannot infer topic type for topic /tf as it is not yet advertised
[rosout][ERROR] 2025-09-20 13:34:17,445: [Client 6] [id: /Ego_topic] publish: Cannot infer topic type for topic /Ego_topic as it is not yet advertised
[rosout][ERROR] 2025-09-20 13:34:17,447: [Client 1] [id: /CollisionData] publish: Cannot infer topic type for topic /CollisionData as it is not yet advertised
[rosout][ERROR] 2025-09-20 13:34:17,448: [Client 5] [id: /Object_topic] publish: Cannot infer topic type for topic /Object_topic as it is not yet advertised
[rosout][ERROR] 2025-09-20 13:34:17,456: [Client 2] [id: /tf] publish: Cannot infer topic type for topic /tf as it is not yet advertised
[rosout][ERROR] 2025-09-20 13:34:17,457: [Client 4] [id: /Competition_topic] publish: Cannot infer topic type for topic /Competition_topic as it is not yet advertised
[rosout][ERROR] 2025-09-20 13:34:17,461: [Client 6] [id: /Ego_topic] publish: Cannot infer topic type for topic /Ego_topic as it is not yet advertised
[rosout][ERROR] 2025-09-20 13:34:17,464: [Client 5] [id: /Object_topic] publish: Cannot infer topic type for topic /Object_topic as it is not yet advertised
[rosout][ERROR] 2025-09-20 13:34:17,464: [Client 1] [id: /CollisionData] publish: Cannot infer topic type for topic /CollisionData as it is not yet advertised
[rosout][ERROR] 2025-09-20 13:34:17,467: [Client 2] [id: /tf] publish: Cannot infer topic type for topic /tf as it is not yet advertised
[rosout][ERROR] 2025-09-20 13:34:17,468: [Client 4] [id: /Competition_topic] publish: Cannot infer topic type for topic /Competition_topic as it is not yet advertised
[rosout][ERROR] 2025-09-20 13:34:17,473: [Client 6] [id: /Ego_topic] publish: Cannot infer topic type for topic /Ego_topic as it is not yet advertised
[rosout][ERROR] 2025-09-20 13:34:17,474: [Client 5] [id: /Object_topic] publish: Cannot infer topic type for topic /Object_topic as it is not yet advertised
[rosout][ERROR] 2025-09-20 13:34:17,477: [Client 1] [id: /CollisionData] publish: Cannot infer topic type for topic /CollisionData as it is not yet advertised
[rosout][ERROR] 2025-09-20 13:34:17,481: [Client 2] [id: /tf] publish: Cannot infer topic type for topic /tf as it is not yet advertised
[rosout][ERROR] 2025-09-20 13:34:17,483: [Client 4] [id: /Competition_topic] publish: Cannot infer topic type for topic /Competition_topic as it is not yet advertised
[rosout][ERROR] 2025-09-20 13:34:17,485: [Client 6] [id: /Ego_topic] publish: Cannot infer topic type for topic /Ego_topic as it is not yet advertised
[rosout][ERROR] 2025-09-20 13:34:17,489: [Client 5] [id: /Object_topic] publish: Cannot infer topic type for topic /Object_topic as it is not yet advertised
[rosout][ERROR] 2025-09-20 13:34:17,492: [Client 1] [id: /CollisionData] publish: Cannot infer topic type for topic /CollisionData as it is not yet advertised
[rosout][ERROR] 2025-09-20 13:34:17,495: [Client 2] [id: /tf] publish: Cannot infer topic type for topic /tf as it is not yet advertised
[rosout][ERROR] 2025-09-20 13:34:17,498: [Client 4] [id: /Competition_topic] publish: Cannot infer topic type for topic /Competition_topic as it is not yet advertised
[rosout][ERROR] 2025-09-20 13:34:17,501: [Client 6] [id: /Ego_topic] publish: Cannot infer topic type for topic /Ego_topic as it is not yet advertised
[rosout][ERROR] 2025-09-20 13:34:17,503: [Client 5] [id: /Object_topic] publish: Cannot infer topic type for topic /Object_topic as it is not yet advertised
[rosout][ERROR] 2025-09-20 13:34:17,505: [Client 1] [id: /CollisionData] publish: Cannot infer topic type for topic /CollisionData as it is not yet advertised
[rosout][ERROR] 2025-09-20 13:34:17,509: [Client 2] [id: /tf] publish: Cannot infer topic type for topic /tf as it is not yet advertised
[rosout][ERROR] 2025-09-20 13:34:17,513: [Client 4] [id: /Competition_topic] publish: Cannot infer topic type for topic /Competition_topic as it is not yet advertised
[rosout][ERROR] 2025-09-20 13:34:17,516: [Client 6] [id: /Ego_topic] publish: Cannot infer topic type for topic /Ego_topic as it is not yet advertised
[rosout][ERROR] 2025-09-20 13:34:17,518: [Client 5] [id: /Object_topic] publish: Cannot infer topic type for topic /Object_topic as it is not yet advertised
[rosout][ERROR] 2025-09-20 13:34:17,521: [Client 1] [id: /CollisionData] publish: Cannot infer topic type for topic /CollisionData as it is not yet advertised
[rosout][ERROR] 2025-09-20 13:34:17,522: [Client 2] [id: /tf] publish: Cannot infer topic type for topic /tf as it is not yet advertised
[rosout][ERROR] 2025-09-20 13:34:17,528: [Client 4] [id: /Competition_topic] publish: Cannot infer topic type for topic /Competition_topic as it is not yet advertised
[rosout][ERROR] 2025-09-20 13:34:17,529: [Client 6] [id: /Ego_topic] publish: Cannot infer topic type for topic /Ego_topic as it is not yet advertised
[rosout][ERROR] 2025-09-20 13:34:17,531: [Client 5] [id: /Object_topic] publish: Cannot infer topic type for topic /Object_topic as it is not yet advertised
[rosout][ERROR] 2025-09-20 13:34:17,537: [Client 1] [id: /CollisionData] publish: Cannot infer topic type for topic /CollisionData as it is not yet advertised
[rosout][ERROR] 2025-09-20 13:34:17,538: [Client 2] [id: /tf] publish: Cannot infer topic type for topic /tf as it is not yet advertised
[rosout][ERROR] 2025-09-20 13:34:17,541: [Client 4] [id: /Competition_topic] publish: Cannot infer topic type for topic /Competition_topic as it is not yet advertised
[rosout][ERROR] 2025-09-20 13:34:17,546: [Client 5] [id: /Object_topic] publish: Cannot infer topic type for topic /Object_topic as it is not yet advertised
[rosout][ERROR] 2025-09-20 13:34:17,547: [Client 6] [id: /Ego_topic] publish: Cannot infer topic type for topic /Ego_topic as it is not yet advertised
[rosout][ERROR] 2025-09-20 13:34:17,550: [Client 1] [id: /CollisionData] publish: Cannot infer topic type for topic /CollisionData as it is not yet advertised
[rosout][ERROR] 2025-09-20 13:34:17,552: [Client 2] [id: /tf] publish: Cannot infer topic type for topic /tf as it is not yet advertised
[rosout][ERROR] 2025-09-20 13:34:17,556: [Client 4] [id: /Competition_topic] publish: Cannot infer topic type for topic /Competition_topic as it is not yet advertised
[rosout][ERROR] 2025-09-20 13:34:17,558: [Client 5] [id: /Object_topic] publish: Cannot infer topic type for topic /Object_topic as it is not yet advertised
[rosout][ERROR] 2025-09-20 13:34:17,559: [Client 6] [id: /Ego_topic] publish: Cannot infer topic type for topic /Ego_topic as it is not yet advertised
[rosout][ERROR] 2025-09-20 13:34:17,566: [Client 2] [id: /tf] publish: Cannot infer topic type for topic /tf as it is not yet advertised
[rosout][ERROR] 2025-09-20 13:34:17,567: [Client 1] [id: /CollisionData] publish: Cannot infer topic type for topic /CollisionData as it is not yet advertised
[rosout][ERROR] 2025-09-20 13:34:17,570: [Client 5] [id: /Object_topic] publish: Cannot infer topic type for topic /Object_topic as it is not yet advertised
[rosout][ERROR] 2025-09-20 13:34:17,572: [Client 4] [id: /Competition_topic] publish: Cannot infer topic type for topic /Competition_topic as it is not yet advertised
[rosout][ERROR] 2025-09-20 13:34:17,575: [Client 6] [id: /Ego_topic] publish: Cannot infer topic type for topic /Ego_topic as it is not yet advertised
[rosout][ERROR] 2025-09-20 13:34:17,578: [Client 2] [id: /tf] publish: Cannot infer topic type for topic /tf as it is not yet advertised
[rosout][ERROR] 2025-09-20 13:34:17,581: [Client 1] [id: /CollisionData] publish: Cannot infer topic type for topic /CollisionData as it is not yet advertised
[rosout][ERROR] 2025-09-20 13:34:17,582: [Client 5] [id: /Object_topic] publish: Cannot infer topic type for topic /Object_topic as it is not yet advertised
[rosout][ERROR] 2025-09-20 13:34:17,587: [Client 4] [id: /Competition_topic] publish: Cannot infer topic type for topic /Competition_topic as it is not yet advertised
[rosout][ERROR] 2025-09-20 13:34:17,589: [Client 6] [id: /Ego_topic] publish: Cannot infer topic type for topic /Ego_topic as it is not yet advertised
[rosout][ERROR] 2025-09-20 13:34:17,592: [Client 2] [id: /tf] publish: Cannot infer topic type for topic /tf as it is not yet advertised
[rosout][ERROR] 2025-09-20 13:34:17,595: [Client 1] [id: /CollisionData] publish: Cannot infer topic type for topic /CollisionData as it is not yet advertised
[rosout][ERROR] 2025-09-20 13:34:17,599: [Client 5] [id: /Object_topic] publish: Cannot infer topic type for topic /Object_topic as it is not yet advertised
[rosout][ERROR] 2025-09-20 13:34:17,603: [Client 4] [id: /Competition_topic] publish: Cannot infer topic type for topic /Competition_topic as it is not yet advertised
[rosout][ERROR] 2025-09-20 13:34:17,606: [Client 6] [id: /Ego_topic] publish: Cannot infer topic type for topic /Ego_topic as it is not yet advertised
[rosout][ERROR] 2025-09-20 13:34:17,612: [Client 1] [id: /CollisionData] publish: Cannot infer topic type for topic /CollisionData as it is not yet advertised
[rosout][ERROR] 2025-09-20 13:34:17,614: [Client 2] [id: /tf] publish: Cannot infer topic type for topic /tf as it is not yet advertised
[rosout][ERROR] 2025-09-20 13:34:17,616: [Client 5] [id: /Object_topic] publish: Cannot infer topic type for topic /Object_topic as it is not yet advertised
[rosout][ERROR] 2025-09-20 13:34:17,617: [Client 4] [id: /Competition_topic] publish: Cannot infer topic type for topic /Competition_topic as it is not yet advertised
[rosout][ERROR] 2025-09-20 13:34:17,622: [Client 6] [id: /Ego_topic] publish: Cannot infer topic type for topic /Ego_topic as it is not yet advertised
[rosout][ERROR] 2025-09-20 13:34:17,626: [Client 1] [id: /CollisionData] publish: Cannot infer topic type for topic /CollisionData as it is not yet advertised
[rosout][ERROR] 2025-09-20 13:34:17,629: [Client 2] [id: /tf] publish: Cannot infer topic type for topic /tf as it is not yet advertised
[rosout][ERROR] 2025-09-20 13:34:17,630: [Client 5] [id: /Object_topic] publish: Cannot infer topic type for topic /Object_topic as it is not yet advertised
[rosout][ERROR] 2025-09-20 13:34:17,634: [Client 4] [id: /Competition_topic] publish: Cannot infer topic type for topic /Competition_topic as it is not yet advertised
[rosout][ERROR] 2025-09-20 13:34:17,637: [Client 6] [id: /Ego_topic] publish: Cannot infer topic type for topic /Ego_topic as it is not yet advertised
[rosout][ERROR] 2025-09-20 13:34:17,641: [Client 1] [id: /CollisionData] publish: Cannot infer topic type for topic /CollisionData as it is not yet advertised
[rosout][ERROR] 2025-09-20 13:34:17,643: [Client 2] [id: /tf] publish: Cannot infer topic type for topic /tf as it is not yet advertised
[rosout][ERROR] 2025-09-20 13:34:17,644: [Client 5] [id: /Object_topic] publish: Cannot infer topic type for topic /Object_topic as it is not yet advertised
[rosout][ERROR] 2025-09-20 13:34:17,648: [Client 4] [id: /Competition_topic] publish: Cannot infer topic type for topic /Competition_topic as it is not yet advertised
[rosout][ERROR] 2025-09-20 13:34:17,651: [Client 6] [id: /Ego_topic] publish: Cannot infer topic type for topic /Ego_topic as it is not yet advertised
[rosout][ERROR] 2025-09-20 13:34:17,653: [Client 1] [id: /CollisionData] publish: Cannot infer topic type for topic /CollisionData as it is not yet advertised
[rosout][ERROR] 2025-09-20 13:34:17,658: [Client 2] [id: /tf] publish: Cannot infer topic type for topic /tf as it is not yet advertised
[rosout][ERROR] 2025-09-20 13:34:17,659: [Client 5] [id: /Object_topic] publish: Cannot infer topic type for topic /Object_topic as it is not yet advertised
[rosout][ERROR] 2025-09-20 13:34:17,663: [Client 4] [id: /Competition_topic] publish: Cannot infer topic type for topic /Competition_topic as it is not yet advertised
[rosout][ERROR] 2025-09-20 13:34:17,665: [Client 6] [id: /Ego_topic] publish: Cannot infer topic type for topic /Ego_topic as it is not yet advertised
[rosout][ERROR] 2025-09-20 13:34:17,668: [Client 1] [id: /CollisionData] publish: Cannot infer topic type for topic /CollisionData as it is not yet advertised
[rosout][ERROR] 2025-09-20 13:34:17,674: [Client 2] [id: /tf] publish: Cannot infer topic type for topic /tf as it is not yet advertised
[rosout][ERROR] 2025-09-20 13:34:17,675: [Client 5] [id: /Object_topic] publish: Cannot infer topic type for topic /Object_topic as it is not yet advertised
[rosout][ERROR] 2025-09-20 13:34:17,678: [Client 4] [id: /Competition_topic] publish: Cannot infer topic type for topic /Competition_topic as it is not yet advertised
[rosout][ERROR] 2025-09-20 13:34:17,679: [Client 6] [id: /Ego_topic] publish: Cannot infer topic type for topic /Ego_topic as it is not yet advertised
[rosout][ERROR] 2025-09-20 13:34:17,684: [Client 1] [id: /CollisionData] publish: Cannot infer topic type for topic /CollisionData as it is not yet advertised
[rosout][ERROR] 2025-09-20 13:34:17,687: [Client 2] [id: /tf] publish: Cannot infer topic type for topic /tf as it is not yet advertised
[rosout][ERROR] 2025-09-20 13:34:17,689: [Client 5] [id: /Object_topic] publish: Cannot infer topic type for topic /Object_topic as it is not yet advertised
[rosout][ERROR] 2025-09-20 13:34:17,693: [Client 4] [id: /Competition_topic] publish: Cannot infer topic type for topic /Competition_topic as it is not yet advertised
[rosout][ERROR] 2025-09-20 13:34:17,695: [Client 6] [id: /Ego_topic] publish: Cannot infer topic type for topic /Ego_topic as it is not yet advertised
[rosout][ERROR] 2025-09-20 13:34:17,701: [Client 1] [id: /CollisionData] publish: Cannot infer topic type for topic /CollisionData as it is not yet advertised
[rosout][ERROR] 2025-09-20 13:34:17,702: [Client 2] [id: /tf] publish: Cannot infer topic type for topic /tf as it is not yet advertised
[rosout][ERROR] 2025-09-20 13:34:17,703: [Client 5] [id: /Object_topic] publish: Cannot infer topic type for topic /Object_topic as it is not yet advertised
[rosout][ERROR] 2025-09-20 13:34:17,709: [Client 4] [id: /Competition_topic] publish: Cannot infer topic type for topic /Competition_topic as it is not yet advertised
[rosout][ERROR] 2025-09-20 13:34:17,710: [Client 6] [id: /Ego_topic] publish: Cannot infer topic type for topic /Ego_topic as it is not yet advertised
[rosout][ERROR] 2025-09-20 13:34:17,713: [Client 1] [id: /CollisionData] publish: Cannot infer topic type for topic /CollisionData as it is not yet advertised
[rosout][ERROR] 2025-09-20 13:34:17,714: [Client 2] [id: /tf] publish: Cannot infer topic type for topic /tf as it is not yet advertised
[rosout][ERROR] 2025-09-20 13:34:17,719: [Client 5] [id: /Object_topic] publish: Cannot infer topic type for topic /Object_topic as it is not yet advertised
[rosout][ERROR] 2025-09-20 13:34:17,722: [Client 4] [id: /Competition_topic] publish: Cannot infer topic type for topic /Competition_topic as it is not yet advertised
[rosout][ERROR] 2025-09-20 13:34:17,727: [Client 6] [id: /Ego_topic] publish: Cannot infer topic type for topic /Ego_topic as it is not yet advertised
[rosout][ERROR] 2025-09-20 13:34:17,730: [Client 1] [id: /CollisionData] publish: Cannot infer topic type for topic /CollisionData as it is not yet advertised
[rosout][ERROR] 2025-09-20 13:34:17,732: [Client 2] [id: /tf] publish: Cannot infer topic type for topic /tf as it is not yet advertised
[rosout][ERROR] 2025-09-20 13:34:17,738: [Client 4] [id: /Competition_topic] publish: Cannot infer topic type for topic /Competition_topic as it is not yet advertised
[rosout][ERROR] 2025-09-20 13:34:17,738: [Client 5] [id: /Object_topic] publish: Cannot infer topic type for topic /Object_topic as it is not yet advertised
[rosout][ERROR] 2025-09-20 13:34:17,743: [Client 6] [id: /Ego_topic] publish: Cannot infer topic type for topic /Ego_topic as it is not yet advertised
[rosout][ERROR] 2025-09-20 13:34:17,744: [Client 1] [id: /CollisionData] publish: Cannot infer topic type for topic /CollisionData as it is not yet advertised
[rosout][ERROR] 2025-09-20 13:34:17,748: [Client 2] [id: /tf] publish: Cannot infer topic type for topic /tf as it is not yet advertised
[rosout][ERROR] 2025-09-20 13:34:17,751: [Client 4] [id: /Competition_topic] publish: Cannot infer topic type for topic /Competition_topic as it is not yet advertised
[rosout][ERROR] 2025-09-20 13:34:17,752: [Client 5] [id: /Object_topic] publish: Cannot infer topic type for topic /Object_topic as it is not yet advertised
[rosout][ERROR] 2025-09-20 13:34:17,757: [Client 6] [id: /Ego_topic] publish: Cannot infer topic type for topic /Ego_topic as it is not yet advertised
[rosout][ERROR] 2025-09-20 13:34:17,759: [Client 1] [id: /CollisionData] publish: Cannot infer topic type for topic /CollisionData as it is not yet advertised
[rosout][ERROR] 2025-09-20 13:34:17,761: [Client 2] [id: /tf] publish: Cannot infer topic type for topic /tf as it is not yet advertised
[rosout][ERROR] 2025-09-20 13:34:17,765: [Client 4] [id: /Competition_topic] publish: Cannot infer topic type for topic /Competition_topic as it is not yet advertised
[rosout][ERROR] 2025-09-20 13:34:17,769: [Client 5] [id: /Object_topic] publish: Cannot infer topic type for topic /Object_topic as it is not yet advertised
[rosout][ERROR] 2025-09-20 13:34:17,772: [Client 6] [id: /Ego_topic] publish: Cannot infer topic type for topic /Ego_topic as it is not yet advertised
[rosout][ERROR] 2025-09-20 13:34:17,773: [Client 1] [id: /CollisionData] publish: Cannot infer topic type for topic /CollisionData as it is not yet advertised
[rosout][ERROR] 2025-09-20 13:34:17,777: [Client 2] [id: /tf] publish: Cannot infer topic type for topic /tf as it is not yet advertised
[rosout][ERROR] 2025-09-20 13:34:17,782: [Client 5] [id: /Object_topic] publish: Cannot infer topic type for topic /Object_topic as it is not yet advertised
[rosout][ERROR] 2025-09-20 13:34:17,783: [Client 4] [id: /Competition_topic] publish: Cannot infer topic type for topic /Competition_topic as it is not yet advertised
[rosout][ERROR] 2025-09-20 13:34:17,784: [Client 6] [id: /Ego_topic] publish: Cannot infer topic type for topic /Ego_topic as it is not yet advertised
[rosout][ERROR] 2025-09-20 13:34:17,788: [Client 1] [id: /CollisionData] publish: Cannot infer topic type for topic /CollisionData as it is not yet advertised
[rosout][ERROR] 2025-09-20 13:34:17,789: [Client 2] [id: /tf] publish: Cannot infer topic type for topic /tf as it is not yet advertised
[rosout][ERROR] 2025-09-20 13:34:17,794: [Client 5] [id: /Object_topic] publish: Cannot infer topic type for topic /Object_topic as it is not yet advertised
[rosout][ERROR] 2025-09-20 13:34:17,795: [Client 4] [id: /Competition_topic] publish: Cannot infer topic type for topic /Competition_topic as it is not yet advertised
[rosout][ERROR] 2025-09-20 13:34:17,800: [Client 6] [id: /Ego_topic] publish: Cannot infer topic type for topic /Ego_topic as it is not yet advertised
[rosout][ERROR] 2025-09-20 13:34:17,803: [Client 1] [id: /CollisionData] publish: Cannot infer topic type for topic /CollisionData as it is not yet advertised
[rosout][ERROR] 2025-09-20 13:34:17,806: [Client 2] [id: /tf] publish: Cannot infer topic type for topic /tf as it is not yet advertised
[rosout][ERROR] 2025-09-20 13:34:17,807: [Client 5] [id: /Object_topic] publish: Cannot infer topic type for topic /Object_topic as it is not yet advertised
[rosout][ERROR] 2025-09-20 13:34:17,811: [Client 4] [id: /Competition_topic] publish: Cannot infer topic type for topic /Competition_topic as it is not yet advertised
[rosout][ERROR] 2025-09-20 13:34:17,814: [Client 6] [id: /Ego_topic] publish: Cannot infer topic type for topic /Ego_topic as it is not yet advertised
[rosout][ERROR] 2025-09-20 13:34:17,816: [Client 1] [id: /CollisionData] publish: Cannot infer topic type for topic /CollisionData as it is not yet advertised
[rosout][ERROR] 2025-09-20 13:34:17,819: [Client 2] [id: /tf] publish: Cannot infer topic type for topic /tf as it is not yet advertised
[rosout][ERROR] 2025-09-20 13:34:17,824: [Client 5] [id: /Object_topic] publish: Cannot infer topic type for topic /Object_topic as it is not yet advertised
[rosout][ERROR] 2025-09-20 13:34:17,827: [Client 6] [id: /Ego_topic] publish: Cannot infer topic type for topic /Ego_topic as it is not yet advertised
[rosout][ERROR] 2025-09-20 13:34:17,829: [Client 4] [id: /Competition_topic] publish: Cannot infer topic type for topic /Competition_topic as it is not yet advertised
[rosout][ERROR] 2025-09-20 13:34:17,831: [Client 1] [id: /CollisionData] publish: Cannot infer topic type for topic /CollisionData as it is not yet advertised
[rosout][ERROR] 2025-09-20 13:34:17,837: [Client 5] [id: /Object_topic] publish: Cannot infer topic type for topic /Object_topic as it is not yet advertised
[rosout][ERROR] 2025-09-20 13:34:17,840: [Client 2] [id: /tf] publish: Cannot infer topic type for topic /tf as it is not yet advertised
[rosout][ERROR] 2025-09-20 13:34:17,842: [Client 6] [id: /Ego_topic] publish: Cannot infer topic type for topic /Ego_topic as it is not yet advertised
[rosout][INFO] 2025-09-20 13:34:17,843: Client disconnected. 9 clients total.
[rosout][ERROR] 2025-09-20 13:34:17,847: [Client 4] [id: /Competition_topic] publish: Cannot infer topic type for topic /Competition_topic as it is not yet advertised
[rosout][ERROR] 2025-09-20 13:34:17,849: [Client 1] [id: /CollisionData] publish: Cannot infer topic type for topic /CollisionData as it is not yet advertised
[rosout][ERROR] 2025-09-20 13:34:17,854: [Client 5] [id: /Object_topic] publish: Cannot infer topic type for topic /Object_topic as it is not yet advertised
[rosout][ERROR] 2025-09-20 13:34:17,857: [Client 2] [id: /tf] publish: Cannot infer topic type for topic /tf as it is not yet advertised
[rosout][ERROR] 2025-09-20 13:34:17,858: [Client 6] [id: /Ego_topic] publish: Cannot infer topic type for topic /Ego_topic as it is not yet advertised
[rosout][INFO] 2025-09-20 13:34:17,860: Client disconnected. 8 clients total.
[rosout][ERROR] 2025-09-20 13:34:17,867: [Client 4] [id: /Competition_topic] publish: Cannot infer topic type for topic /Competition_topic as it is not yet advertised
[rosout][ERROR] 2025-09-20 13:34:17,869: [Client 1] [id: /CollisionData] publish: Cannot infer topic type for topic /CollisionData as it is not yet advertised
[rosout][ERROR] 2025-09-20 13:34:17,873: [Client 2] [id: /tf] publish: Cannot infer topic type for topic /tf as it is not yet advertised
[rosout][ERROR] 2025-09-20 13:34:17,875: [Client 5] [id: /Object_topic] publish: Cannot infer topic type for topic /Object_topic as it is not yet advertised
[rosout][INFO] 2025-09-20 13:34:17,877: Client disconnected. 7 clients total.
[rosout][ERROR] 2025-09-20 13:34:17,880: [Client 6] [id: /Ego_topic] publish: Cannot infer topic type for topic /Ego_topic as it is not yet advertised
[rosout][ERROR] 2025-09-20 13:34:17,883: [Client 4] [id: /Competition_topic] publish: Cannot infer topic type for topic /Competition_topic as it is not yet advertised
[rosout][ERROR] 2025-09-20 13:34:17,885: [Client 1] [id: /CollisionData] publish: Cannot infer topic type for topic /CollisionData as it is not yet advertised
[rosout][ERROR] 2025-09-20 13:34:17,890: [Client 2] [id: /tf] publish: Cannot infer topic type for topic /tf as it is not yet advertised
[rosout][INFO] 2025-09-20 13:34:17,892: Client disconnected. 6 clients total.
[rosout][ERROR] 2025-09-20 13:34:17,892: [Client 5] [id: /Object_topic] publish: Cannot infer topic type for topic /Object_topic as it is not yet advertised
[rosout][ERROR] 2025-09-20 13:34:17,900: [Client 4] [id: /Competition_topic] publish: Cannot infer topic type for topic /Competition_topic as it is not yet advertised
[rosout][ERROR] 2025-09-20 13:34:17,902: [Client 1] [id: /CollisionData] publish: Cannot infer topic type for topic /CollisionData as it is not yet advertised
[rosout][INFO] 2025-09-20 13:34:17,905: Client disconnected. 5 clients total.
[rosout][ERROR] 2025-09-20 13:34:17,908: [Client 2] [id: /tf] publish: Cannot infer topic type for topic /tf as it is not yet advertised
[rosout][ERROR] 2025-09-20 13:34:17,910: [Client 5] [id: /Object_topic] publish: Cannot infer topic type for topic /Object_topic as it is not yet advertised
[rosout][ERROR] 2025-09-20 13:34:17,916: [Client 1] [id: /CollisionData] publish: Cannot infer topic type for topic /CollisionData as it is not yet advertised
[rosout][INFO] 2025-09-20 13:34:17,916: Client disconnected. 4 clients total.
[rosout][ERROR] 2025-09-20 13:34:17,919: [Client 2] [id: /tf] publish: Cannot infer topic type for topic /tf as it is not yet advertised
[rosout][ERROR] 2025-09-20 13:34:17,923: [Client 1] [id: /CollisionData] publish: Cannot infer topic type for topic /CollisionData as it is not yet advertised
[rosout][INFO] 2025-09-20 13:34:17,924: Client disconnected. 3 clients total.
[rosout][ERROR] 2025-09-20 13:34:17,926: [Client 2] [id: /tf] publish: Cannot infer topic type for topic /tf as it is not yet advertised
[rosout][INFO] 2025-09-20 13:34:17,929: Client disconnected. 2 clients total.
[rosout][INFO] 2025-09-20 13:34:17,933: Client disconnected. 1 clients total.
[rosout][ERROR] 2025-09-20 13:34:17,934: [Client 2] [id: /tf] publish: Cannot infer topic type for topic /tf as it is not yet advertised
[rosout][INFO] 2025-09-20 13:34:17,936: Client disconnected. 0 clients total.
[rospy.core][INFO] 2025-09-20 13:34:17,940: signal_shutdown [atexit]
[rospy.client][INFO] 2025-09-20 13:34:26,673: init_node, name[/rosbridge_websocket], pid[8895]
[xmlrpc][INFO] 2025-09-20 13:34:26,674: XML-RPC server binding to 0.0.0.0:0
[xmlrpc][INFO] 2025-09-20 13:34:26,675: Started XML-RPC server [http://172.22.52.56:36243/]
[rospy.init][INFO] 2025-09-20 13:34:26,675: ROS Slave URI: [http://172.22.52.56:36243/]
[rospy.impl.masterslave][INFO] 2025-09-20 13:34:26,675: _ready: http://172.22.52.56:36243/
[rospy.registration][INFO] 2025-09-20 13:34:26,676: Registering with master node http://172.22.52.56:11311
[xmlrpc][INFO] 2025-09-20 13:34:26,677: xml rpc node: starting XML-RPC server
[rospy.init][INFO] 2025-09-20 13:34:26,776: registered with master
[rospy.rosout][INFO] 2025-09-20 13:34:26,776: initializing /rosout core topic
[rospy.rosout][INFO] 2025-09-20 13:34:26,779: connected to core topic /rosout
[rospy.simtime][INFO] 2025-09-20 13:34:26,780: /use_sim_time is not set, will not subscribe to simulated time [/clock] topic
[rosout][INFO] 2025-09-20 13:34:26,801: Rosbridge WebSocket server started at ws://0.0.0.0:9090
[rospy.internal][INFO] 2025-09-20 13:34:27,063: topic[/rosout] adding connection to [/rosout], count 0
[rosout][INFO] 2025-09-20 13:35:34,942: Client connected.  1 clients total.
[rosout][INFO] 2025-09-20 13:36:27,713: Client connected.  2 clients total.
[rosout][INFO] 2025-09-20 13:36:27,719: Client connected.  3 clients total.
[rosout][INFO] 2025-09-20 13:36:27,724: Client connected.  4 clients total.
[rosout][INFO] 2025-09-20 13:36:27,727: Client connected.  5 clients total.
[rosout][INFO] 2025-09-20 13:36:27,730: Client connected.  6 clients total.
[rosout][INFO] 2025-09-20 13:36:27,733: Client connected.  7 clients total.
[rosout][INFO] 2025-09-20 13:36:27,736: Client connected.  8 clients total.
[rosout][INFO] 2025-09-20 13:36:28,723: Client connected.  9 clients total.
[rosout][INFO] 2025-09-20 13:36:29,730: [Client 6] Subscribed to /ctrl_cmd
[rosout][INFO] 2025-09-20 13:36:29,752: [Client 8] Advertised service /Service_MoraiEventCmd.
[rosout][INFO] 2025-09-20 13:36:45,272: Client disconnected. 8 clients total.
[rosout][INFO] 2025-09-20 13:36:46,065: Client connected.  9 clients total.
[rospy.internal][INFO] 2025-09-20 13:37:01,596: topic[/image_jpeg/compressed] adding connection to [/rostopic_9084_1758343021351], count 0
[rospy.internal][INFO] 2025-09-20 13:37:04,882: topic[/image_jpeg/compressed] removing connection to /rostopic_9084_1758343021351
[rospy.internal][INFO] 2025-09-20 13:37:08,987: topic[/image_jpeg/compressed] adding connection to [/image_republisher_1758343028301761945], count 0
[rospy.internal][INFO] 2025-09-20 13:40:15,926: topic[/image_jpeg/compressed] removing connection to /image_republisher_1758343028301761945
[rospy.internal][INFO] 2025-09-20 13:40:17,658: topic[/rosout] removing connection to /rosout
[rospy.core][INFO] 2025-09-20 13:40:18,623: signal_shutdown [signal-2]
[rospy.registration][WARNING] 2025-09-20 13:40:18,670: cannot unregister with master due to network issues
[rospy.impl.masterslave][INFO] 2025-09-20 13:40:18,672: signal-2
[rospy.rosout][ERROR] 2025-09-20 13:40:19,448: Unable to report rosout: [Errno 111] Connection refused
Traceback (most recent call last):
  File "/opt/ros/noetic/lib/python3/dist-packages/rospy/msproxy.py", line 165, in get_param_cached
    return rospy.impl.paramserver.get_param_server_cache().get(resolved_key)
  File "/opt/ros/noetic/lib/python3/dist-packages/rospy/impl/paramserver.py", line 177, in get
    raise KeyError(key)
KeyError: '/rosout_disable_topics_generation'

During handling of the above exception, another exception occurred:

Traceback (most recent call last):
  File "/opt/ros/noetic/lib/python3/dist-packages/rospy/impl/rosout.py", line 91, in _rosout
    disable_topics_ = rospy.get_param_cached("/rosout_disable_topics_generation", False)
  File "/opt/ros/noetic/lib/python3/dist-packages/rospy/client.py", line 491, in get_param_cached
    return _param_server.get_param_cached(param_name)
  File "/opt/ros/noetic/lib/python3/dist-packages/rospy/msproxy.py", line 168, in get_param_cached
    code, msg, value = self.target.subscribeParam(rospy.names.get_caller_id(), rospy.core.get_node_uri(), resolved_key)
  File "/usr/lib/python3.8/xmlrpc/client.py", line 1109, in __call__
    return self.__send(self.__name, args)
  File "/opt/ros/noetic/lib/python3/dist-packages/rospy/core.py", line 696, in _ServerProxy__request
    return xmlrpcclient.ServerProxy._ServerProxy__request(
  File "/usr/lib/python3.8/xmlrpc/client.py", line 1450, in __request
    response = self.__transport.request(
  File "/usr/lib/python3.8/xmlrpc/client.py", line 1153, in request
    return self.single_request(host, handler, request_body, verbose)
  File "/usr/lib/python3.8/xmlrpc/client.py", line 1165, in single_request
    http_conn = self.send_request(host, handler, request_body, verbose)
  File "/usr/lib/python3.8/xmlrpc/client.py", line 1278, in send_request
    self.send_content(connection, request_body)
  File "/usr/lib/python3.8/xmlrpc/client.py", line 1308, in send_content
    connection.endheaders(request_body)
  File "/usr/lib/python3.8/http/client.py", line 1251, in endheaders
    self._send_output(message_body, encode_chunked=encode_chunked)
  File "/usr/lib/python3.8/http/client.py", line 1011, in _send_output
    self.send(msg)
  File "/usr/lib/python3.8/http/client.py", line 951, in send
    self.connect()
  File "/usr/lib/python3.8/http/client.py", line 922, in connect
    self.sock = self._create_connection(
  File "/usr/lib/python3.8/socket.py", line 808, in create_connection
    raise err
  File "/usr/lib/python3.8/socket.py", line 796, in create_connection
    sock.connect(sa)
ConnectionRefusedError: [Errno 111] Connection refused

[rosout][INFO] 2025-09-20 13:40:19,307: Client disconnected. 8 clients total.
[rospy.rosout][ERROR] 2025-09-20 13:40:19,519: Unable to report rosout: [Errno 111] Connection refused
Traceback (most recent call last):
  File "/opt/ros/noetic/lib/python3/dist-packages/rospy/msproxy.py", line 165, in get_param_cached
    return rospy.impl.paramserver.get_param_server_cache().get(resolved_key)
  File "/opt/ros/noetic/lib/python3/dist-packages/rospy/impl/paramserver.py", line 177, in get
    raise KeyError(key)
KeyError: '/rosout_disable_topics_generation'

During handling of the above exception, another exception occurred:

Traceback (most recent call last):
  File "/opt/ros/noetic/lib/python3/dist-packages/rospy/impl/rosout.py", line 91, in _rosout
    disable_topics_ = rospy.get_param_cached("/rosout_disable_topics_generation", False)
  File "/opt/ros/noetic/lib/python3/dist-packages/rospy/client.py", line 491, in get_param_cached
    return _param_server.get_param_cached(param_name)
  File "/opt/ros/noetic/lib/python3/dist-packages/rospy/msproxy.py", line 168, in get_param_cached
    code, msg, value = self.target.subscribeParam(rospy.names.get_caller_id(), rospy.core.get_node_uri(), resolved_key)
  File "/usr/lib/python3.8/xmlrpc/client.py", line 1109, in __call__
    return self.__send(self.__name, args)
  File "/opt/ros/noetic/lib/python3/dist-packages/rospy/core.py", line 696, in _ServerProxy__request
    return xmlrpcclient.ServerProxy._ServerProxy__request(
  File "/usr/lib/python3.8/xmlrpc/client.py", line 1450, in __request
    response = self.__transport.request(
  File "/usr/lib/python3.8/xmlrpc/client.py", line 1153, in request
    return self.single_request(host, handler, request_body, verbose)
  File "/usr/lib/python3.8/xmlrpc/client.py", line 1165, in single_request
    http_conn = self.send_request(host, handler, request_body, verbose)
  File "/usr/lib/python3.8/xmlrpc/client.py", line 1278, in send_request
    self.send_content(connection, request_body)
  File "/usr/lib/python3.8/xmlrpc/client.py", line 1308, in send_content
    connection.endheaders(request_body)
  File "/usr/lib/python3.8/http/client.py", line 1251, in endheaders
    self._send_output(message_body, encode_chunked=encode_chunked)
  File "/usr/lib/python3.8/http/client.py", line 1011, in _send_output
    self.send(msg)
  File "/usr/lib/python3.8/http/client.py", line 951, in send
    self.connect()
  File "/usr/lib/python3.8/http/client.py", line 922, in connect
    self.sock = self._create_connection(
  File "/usr/lib/python3.8/socket.py", line 808, in create_connection
    raise err
  File "/usr/lib/python3.8/socket.py", line 796, in create_connection
    sock.connect(sa)
ConnectionRefusedError: [Errno 111] Connection refused

[rosout][INFO] 2025-09-20 13:40:19,484: Client disconnected. 7 clients total.
[rospy.rosout][ERROR] 2025-09-20 13:40:19,562: Unable to report rosout: [Errno 111] Connection refused
Traceback (most recent call last):
  File "/opt/ros/noetic/lib/python3/dist-packages/rospy/msproxy.py", line 165, in get_param_cached
    return rospy.impl.paramserver.get_param_server_cache().get(resolved_key)
  File "/opt/ros/noetic/lib/python3/dist-packages/rospy/impl/paramserver.py", line 177, in get
    raise KeyError(key)
KeyError: '/rosout_disable_topics_generation'

During handling of the above exception, another exception occurred:

Traceback (most recent call last):
  File "/opt/ros/noetic/lib/python3/dist-packages/rospy/impl/rosout.py", line 91, in _rosout
    disable_topics_ = rospy.get_param_cached("/rosout_disable_topics_generation", False)
  File "/opt/ros/noetic/lib/python3/dist-packages/rospy/client.py", line 491, in get_param_cached
    return _param_server.get_param_cached(param_name)
  File "/opt/ros/noetic/lib/python3/dist-packages/rospy/msproxy.py", line 168, in get_param_cached
    code, msg, value = self.target.subscribeParam(rospy.names.get_caller_id(), rospy.core.get_node_uri(), resolved_key)
  File "/usr/lib/python3.8/xmlrpc/client.py", line 1109, in __call__
    return self.__send(self.__name, args)
  File "/opt/ros/noetic/lib/python3/dist-packages/rospy/core.py", line 696, in _ServerProxy__request
    return xmlrpcclient.ServerProxy._ServerProxy__request(
  File "/usr/lib/python3.8/xmlrpc/client.py", line 1450, in __request
    response = self.__transport.request(
  File "/usr/lib/python3.8/xmlrpc/client.py", line 1153, in request
    return self.single_request(host, handler, request_body, verbose)
  File "/usr/lib/python3.8/xmlrpc/client.py", line 1165, in single_request
    http_conn = self.send_request(host, handler, request_body, verbose)
  File "/usr/lib/python3.8/xmlrpc/client.py", line 1278, in send_request
    self.send_content(connection, request_body)
  File "/usr/lib/python3.8/xmlrpc/client.py", line 1308, in send_content
    connection.endheaders(request_body)
  File "/usr/lib/python3.8/http/client.py", line 1251, in endheaders
    self._send_output(message_body, encode_chunked=encode_chunked)
  File "/usr/lib/python3.8/http/client.py", line 1011, in _send_output
    self.send(msg)
  File "/usr/lib/python3.8/http/client.py", line 951, in send
    self.connect()
  File "/usr/lib/python3.8/http/client.py", line 922, in connect
    self.sock = self._create_connection(
  File "/usr/lib/python3.8/socket.py", line 808, in create_connection
    raise err
  File "/usr/lib/python3.8/socket.py", line 796, in create_connection
    sock.connect(sa)
ConnectionRefusedError: [Errno 111] Connection refused

[rosout][INFO] 2025-09-20 13:40:19,546: Client disconnected. 6 clients total.
[rospy.rosout][ERROR] 2025-09-20 13:40:19,595: Unable to report rosout: [Errno 111] Connection refused
Traceback (most recent call last):
  File "/opt/ros/noetic/lib/python3/dist-packages/rospy/msproxy.py", line 165, in get_param_cached
    return rospy.impl.paramserver.get_param_server_cache().get(resolved_key)
  File "/opt/ros/noetic/lib/python3/dist-packages/rospy/impl/paramserver.py", line 177, in get
    raise KeyError(key)
KeyError: '/rosout_disable_topics_generation'

During handling of the above exception, another exception occurred:

Traceback (most recent call last):
  File "/opt/ros/noetic/lib/python3/dist-packages/rospy/impl/rosout.py", line 91, in _rosout
    disable_topics_ = rospy.get_param_cached("/rosout_disable_topics_generation", False)
  File "/opt/ros/noetic/lib/python3/dist-packages/rospy/client.py", line 491, in get_param_cached
    return _param_server.get_param_cached(param_name)
  File "/opt/ros/noetic/lib/python3/dist-packages/rospy/msproxy.py", line 168, in get_param_cached
    code, msg, value = self.target.subscribeParam(rospy.names.get_caller_id(), rospy.core.get_node_uri(), resolved_key)
  File "/usr/lib/python3.8/xmlrpc/client.py", line 1109, in __call__
    return self.__send(self.__name, args)
  File "/opt/ros/noetic/lib/python3/dist-packages/rospy/core.py", line 696, in _ServerProxy__request
    return xmlrpcclient.ServerProxy._ServerProxy__request(
  File "/usr/lib/python3.8/xmlrpc/client.py", line 1450, in __request
    response = self.__transport.request(
  File "/usr/lib/python3.8/xmlrpc/client.py", line 1153, in request
    return self.single_request(host, handler, request_body, verbose)
  File "/usr/lib/python3.8/xmlrpc/client.py", line 1165, in single_request
    http_conn = self.send_request(host, handler, request_body, verbose)
  File "/usr/lib/python3.8/xmlrpc/client.py", line 1278, in send_request
    self.send_content(connection, request_body)
  File "/usr/lib/python3.8/xmlrpc/client.py", line 1308, in send_content
    connection.endheaders(request_body)
  File "/usr/lib/python3.8/http/client.py", line 1251, in endheaders
    self._send_output(message_body, encode_chunked=encode_chunked)
  File "/usr/lib/python3.8/http/client.py", line 1011, in _send_output
    self.send(msg)
  File "/usr/lib/python3.8/http/client.py", line 951, in send
    self.connect()
  File "/usr/lib/python3.8/http/client.py", line 922, in connect
    self.sock = self._create_connection(
  File "/usr/lib/python3.8/socket.py", line 808, in create_connection
    raise err
  File "/usr/lib/python3.8/socket.py", line 796, in create_connection
    sock.connect(sa)
ConnectionRefusedError: [Errno 111] Connection refused

[rosout][INFO] 2025-09-20 13:40:19,585: Client disconnected. 5 clients total.
[rospy.rosout][ERROR] 2025-09-20 13:40:19,624: Unable to report rosout: [Errno 111] Connection refused
Traceback (most recent call last):
  File "/opt/ros/noetic/lib/python3/dist-packages/rospy/msproxy.py", line 165, in get_param_cached
    return rospy.impl.paramserver.get_param_server_cache().get(resolved_key)
  File "/opt/ros/noetic/lib/python3/dist-packages/rospy/impl/paramserver.py", line 177, in get
    raise KeyError(key)
KeyError: '/rosout_disable_topics_generation'

During handling of the above exception, another exception occurred:

Traceback (most recent call last):
  File "/opt/ros/noetic/lib/python3/dist-packages/rospy/impl/rosout.py", line 91, in _rosout
    disable_topics_ = rospy.get_param_cached("/rosout_disable_topics_generation", False)
  File "/opt/ros/noetic/lib/python3/dist-packages/rospy/client.py", line 491, in get_param_cached
    return _param_server.get_param_cached(param_name)
  File "/opt/ros/noetic/lib/python3/dist-packages/rospy/msproxy.py", line 168, in get_param_cached
    code, msg, value = self.target.subscribeParam(rospy.names.get_caller_id(), rospy.core.get_node_uri(), resolved_key)
  File "/usr/lib/python3.8/xmlrpc/client.py", line 1109, in __call__
    return self.__send(self.__name, args)
  File "/opt/ros/noetic/lib/python3/dist-packages/rospy/core.py", line 696, in _ServerProxy__request
    return xmlrpcclient.ServerProxy._ServerProxy__request(
  File "/usr/lib/python3.8/xmlrpc/client.py", line 1450, in __request
    response = self.__transport.request(
  File "/usr/lib/python3.8/xmlrpc/client.py", line 1153, in request
    return self.single_request(host, handler, request_body, verbose)
  File "/usr/lib/python3.8/xmlrpc/client.py", line 1165, in single_request
    http_conn = self.send_request(host, handler, request_body, verbose)
  File "/usr/lib/python3.8/xmlrpc/client.py", line 1278, in send_request
    self.send_content(connection, request_body)
  File "/usr/lib/python3.8/xmlrpc/client.py", line 1308, in send_content
    connection.endheaders(request_body)
  File "/usr/lib/python3.8/http/client.py", line 1251, in endheaders
    self._send_output(message_body, encode_chunked=encode_chunked)
  File "/usr/lib/python3.8/http/client.py", line 1011, in _send_output
    self.send(msg)
  File "/usr/lib/python3.8/http/client.py", line 951, in send
    self.connect()
  File "/usr/lib/python3.8/http/client.py", line 922, in connect
    self.sock = self._create_connection(
  File "/usr/lib/python3.8/socket.py", line 808, in create_connection
    raise err
  File "/usr/lib/python3.8/socket.py", line 796, in create_connection
    sock.connect(sa)
ConnectionRefusedError: [Errno 111] Connection refused

[rosout][INFO] 2025-09-20 13:40:19,610: Client disconnected. 4 clients total.
[rospy.rosout][ERROR] 2025-09-20 13:40:19,648: Unable to report rosout: [Errno 111] Connection refused
Traceback (most recent call last):
  File "/opt/ros/noetic/lib/python3/dist-packages/rospy/msproxy.py", line 165, in get_param_cached
    return rospy.impl.paramserver.get_param_server_cache().get(resolved_key)
  File "/opt/ros/noetic/lib/python3/dist-packages/rospy/impl/paramserver.py", line 177, in get
    raise KeyError(key)
KeyError: '/rosout_disable_topics_generation'

During handling of the above exception, another exception occurred:

Traceback (most recent call last):
  File "/opt/ros/noetic/lib/python3/dist-packages/rospy/impl/rosout.py", line 91, in _rosout
    disable_topics_ = rospy.get_param_cached("/rosout_disable_topics_generation", False)
  File "/opt/ros/noetic/lib/python3/dist-packages/rospy/client.py", line 491, in get_param_cached
    return _param_server.get_param_cached(param_name)
  File "/opt/ros/noetic/lib/python3/dist-packages/rospy/msproxy.py", line 168, in get_param_cached
    code, msg, value = self.target.subscribeParam(rospy.names.get_caller_id(), rospy.core.get_node_uri(), resolved_key)
  File "/usr/lib/python3.8/xmlrpc/client.py", line 1109, in __call__
    return self.__send(self.__name, args)
  File "/opt/ros/noetic/lib/python3/dist-packages/rospy/core.py", line 696, in _ServerProxy__request
    return xmlrpcclient.ServerProxy._ServerProxy__request(
  File "/usr/lib/python3.8/xmlrpc/client.py", line 1450, in __request
    response = self.__transport.request(
  File "/usr/lib/python3.8/xmlrpc/client.py", line 1153, in request
    return self.single_request(host, handler, request_body, verbose)
  File "/usr/lib/python3.8/xmlrpc/client.py", line 1165, in single_request
    http_conn = self.send_request(host, handler, request_body, verbose)
  File "/usr/lib/python3.8/xmlrpc/client.py", line 1278, in send_request
    self.send_content(connection, request_body)
  File "/usr/lib/python3.8/xmlrpc/client.py", line 1308, in send_content
    connection.endheaders(request_body)
  File "/usr/lib/python3.8/http/client.py", line 1251, in endheaders
    self._send_output(message_body, encode_chunked=encode_chunked)
  File "/usr/lib/python3.8/http/client.py", line 1011, in _send_output
    self.send(msg)
  File "/usr/lib/python3.8/http/client.py", line 951, in send
    self.connect()
  File "/usr/lib/python3.8/http/client.py", line 922, in connect
    self.sock = self._create_connection(
  File "/usr/lib/python3.8/socket.py", line 808, in create_connection
    raise err
  File "/usr/lib/python3.8/socket.py", line 796, in create_connection
    sock.connect(sa)
ConnectionRefusedError: [Errno 111] Connection refused

[rosout][INFO] 2025-09-20 13:40:19,632: Client disconnected. 3 clients total.
[rospy.rosout][ERROR] 2025-09-20 13:40:19,673: Unable to report rosout: [Errno 111] Connection refused
Traceback (most recent call last):
  File "/opt/ros/noetic/lib/python3/dist-packages/rospy/msproxy.py", line 165, in get_param_cached
    return rospy.impl.paramserver.get_param_server_cache().get(resolved_key)
  File "/opt/ros/noetic/lib/python3/dist-packages/rospy/impl/paramserver.py", line 177, in get
    raise KeyError(key)
KeyError: '/rosout_disable_topics_generation'

During handling of the above exception, another exception occurred:

Traceback (most recent call last):
  File "/opt/ros/noetic/lib/python3/dist-packages/rospy/impl/rosout.py", line 91, in _rosout
    disable_topics_ = rospy.get_param_cached("/rosout_disable_topics_generation", False)
  File "/opt/ros/noetic/lib/python3/dist-packages/rospy/client.py", line 491, in get_param_cached
    return _param_server.get_param_cached(param_name)
  File "/opt/ros/noetic/lib/python3/dist-packages/rospy/msproxy.py", line 168, in get_param_cached
    code, msg, value = self.target.subscribeParam(rospy.names.get_caller_id(), rospy.core.get_node_uri(), resolved_key)
  File "/usr/lib/python3.8/xmlrpc/client.py", line 1109, in __call__
    return self.__send(self.__name, args)
  File "/opt/ros/noetic/lib/python3/dist-packages/rospy/core.py", line 696, in _ServerProxy__request
    return xmlrpcclient.ServerProxy._ServerProxy__request(
  File "/usr/lib/python3.8/xmlrpc/client.py", line 1450, in __request
    response = self.__transport.request(
  File "/usr/lib/python3.8/xmlrpc/client.py", line 1153, in request
    return self.single_request(host, handler, request_body, verbose)
  File "/usr/lib/python3.8/xmlrpc/client.py", line 1165, in single_request
    http_conn = self.send_request(host, handler, request_body, verbose)
  File "/usr/lib/python3.8/xmlrpc/client.py", line 1278, in send_request
    self.send_content(connection, request_body)
  File "/usr/lib/python3.8/xmlrpc/client.py", line 1308, in send_content
    connection.endheaders(request_body)
  File "/usr/lib/python3.8/http/client.py", line 1251, in endheaders
    self._send_output(message_body, encode_chunked=encode_chunked)
  File "/usr/lib/python3.8/http/client.py", line 1011, in _send_output
    self.send(msg)
  File "/usr/lib/python3.8/http/client.py", line 951, in send
    self.connect()
  File "/usr/lib/python3.8/http/client.py", line 922, in connect
    self.sock = self._create_connection(
  File "/usr/lib/python3.8/socket.py", line 808, in create_connection
    raise err
  File "/usr/lib/python3.8/socket.py", line 796, in create_connection
    sock.connect(sa)
ConnectionRefusedError: [Errno 111] Connection refused

[rosout][INFO] 2025-09-20 13:40:19,665: Client disconnected. 2 clients total.
[rospy.rosout][ERROR] 2025-09-20 13:40:19,693: Unable to report rosout: [Errno 111] Connection refused
Traceback (most recent call last):
  File "/opt/ros/noetic/lib/python3/dist-packages/rospy/msproxy.py", line 165, in get_param_cached
    return rospy.impl.paramserver.get_param_server_cache().get(resolved_key)
  File "/opt/ros/noetic/lib/python3/dist-packages/rospy/impl/paramserver.py", line 177, in get
    raise KeyError(key)
KeyError: '/rosout_disable_topics_generation'

During handling of the above exception, another exception occurred:

Traceback (most recent call last):
  File "/opt/ros/noetic/lib/python3/dist-packages/rospy/impl/rosout.py", line 91, in _rosout
    disable_topics_ = rospy.get_param_cached("/rosout_disable_topics_generation", False)
  File "/opt/ros/noetic/lib/python3/dist-packages/rospy/client.py", line 491, in get_param_cached
    return _param_server.get_param_cached(param_name)
  File "/opt/ros/noetic/lib/python3/dist-packages/rospy/msproxy.py", line 168, in get_param_cached
    code, msg, value = self.target.subscribeParam(rospy.names.get_caller_id(), rospy.core.get_node_uri(), resolved_key)
  File "/usr/lib/python3.8/xmlrpc/client.py", line 1109, in __call__
    return self.__send(self.__name, args)
  File "/opt/ros/noetic/lib/python3/dist-packages/rospy/core.py", line 696, in _ServerProxy__request
    return xmlrpcclient.ServerProxy._ServerProxy__request(
  File "/usr/lib/python3.8/xmlrpc/client.py", line 1450, in __request
    response = self.__transport.request(
  File "/usr/lib/python3.8/xmlrpc/client.py", line 1153, in request
    return self.single_request(host, handler, request_body, verbose)
  File "/usr/lib/python3.8/xmlrpc/client.py", line 1165, in single_request
    http_conn = self.send_request(host, handler, request_body, verbose)
  File "/usr/lib/python3.8/xmlrpc/client.py", line 1278, in send_request
    self.send_content(connection, request_body)
  File "/usr/lib/python3.8/xmlrpc/client.py", line 1308, in send_content
    connection.endheaders(request_body)
  File "/usr/lib/python3.8/http/client.py", line 1251, in endheaders
    self._send_output(message_body, encode_chunked=encode_chunked)
  File "/usr/lib/python3.8/http/client.py", line 1011, in _send_output
    self.send(msg)
  File "/usr/lib/python3.8/http/client.py", line 951, in send
    self.connect()
  File "/usr/lib/python3.8/http/client.py", line 922, in connect
    self.sock = self._create_connection(
  File "/usr/lib/python3.8/socket.py", line 808, in create_connection
    raise err
  File "/usr/lib/python3.8/socket.py", line 796, in create_connection
    sock.connect(sa)
ConnectionRefusedError: [Errno 111] Connection refused

[rosout][INFO] 2025-09-20 13:40:19,684: Client disconnected. 1 clients total.
[rospy.rosout][ERROR] 2025-09-20 13:40:19,762: Unable to report rosout: [Errno 111] Connection refused
Traceback (most recent call last):
  File "/opt/ros/noetic/lib/python3/dist-packages/rospy/msproxy.py", line 165, in get_param_cached
    return rospy.impl.paramserver.get_param_server_cache().get(resolved_key)
  File "/opt/ros/noetic/lib/python3/dist-packages/rospy/impl/paramserver.py", line 177, in get
    raise KeyError(key)
KeyError: '/rosout_disable_topics_generation'

During handling of the above exception, another exception occurred:

Traceback (most recent call last):
  File "/opt/ros/noetic/lib/python3/dist-packages/rospy/impl/rosout.py", line 91, in _rosout
    disable_topics_ = rospy.get_param_cached("/rosout_disable_topics_generation", False)
  File "/opt/ros/noetic/lib/python3/dist-packages/rospy/client.py", line 491, in get_param_cached
    return _param_server.get_param_cached(param_name)
  File "/opt/ros/noetic/lib/python3/dist-packages/rospy/msproxy.py", line 168, in get_param_cached
    code, msg, value = self.target.subscribeParam(rospy.names.get_caller_id(), rospy.core.get_node_uri(), resolved_key)
  File "/usr/lib/python3.8/xmlrpc/client.py", line 1109, in __call__
    return self.__send(self.__name, args)
  File "/opt/ros/noetic/lib/python3/dist-packages/rospy/core.py", line 696, in _ServerProxy__request
    return xmlrpcclient.ServerProxy._ServerProxy__request(
  File "/usr/lib/python3.8/xmlrpc/client.py", line 1450, in __request
    response = self.__transport.request(
  File "/usr/lib/python3.8/xmlrpc/client.py", line 1153, in request
    return self.single_request(host, handler, request_body, verbose)
  File "/usr/lib/python3.8/xmlrpc/client.py", line 1165, in single_request
    http_conn = self.send_request(host, handler, request_body, verbose)
  File "/usr/lib/python3.8/xmlrpc/client.py", line 1278, in send_request
    self.send_content(connection, request_body)
  File "/usr/lib/python3.8/xmlrpc/client.py", line 1308, in send_content
    connection.endheaders(request_body)
  File "/usr/lib/python3.8/http/client.py", line 1251, in endheaders
    self._send_output(message_body, encode_chunked=encode_chunked)
  File "/usr/lib/python3.8/http/client.py", line 1011, in _send_output
    self.send(msg)
  File "/usr/lib/python3.8/http/client.py", line 951, in send
    self.connect()
  File "/usr/lib/python3.8/http/client.py", line 922, in connect
    self.sock = self._create_connection(
  File "/usr/lib/python3.8/socket.py", line 808, in create_connection
    raise err
  File "/usr/lib/python3.8/socket.py", line 796, in create_connection
    sock.connect(sa)
ConnectionRefusedError: [Errno 111] Connection refused

[rosout][INFO] 2025-09-20 13:40:19,707: Client disconnected. 0 clients total.
[rospy.core][INFO] 2025-09-20 13:40:19,778: signal_shutdown [atexit]
