

1758342829.737423820  Node Startup
1758342848.624145746 INFO /rosapi [rosapi_node:202(<module>)] [topics: /rosout] Rosapi started
1758342849.381763935 ERROR /rosbridge_websocket [protocol.py:399(RosbridgeProtocol.log)] [topics: /client_count, /rosout, /connected_clients] [Client 2] [id: /tf] publish: Cannot infer topic type for topic /tf as it is not yet advertised
1758342849.419208049 ERROR /rosbridge_websocket [protocol.py:399(RosbridgeProtocol.log)] [topics: /client_count, /rosout, /connected_clients] [Client 5] [id: /Object_topic] publish: Cannot infer topic type for topic /Object_topic as it is not yet advertised
1758342849.421888589 ERROR /rosbridge_websocket [protocol.py:399(RosbridgeProtocol.log)] [topics: /client_count, /rosout, /connected_clients] [Client 6] [id: /Ego_topic] publish: Cannot infer topic type for topic /Ego_topic as it is not yet advertised
1758342849.429752826 ERROR /rosbridge_websocket [protocol.py:399(RosbridgeProtocol.log)] [topics: /client_count, /rosout, /connected_clients] [Client 5] [id: /Object_topic] publish: Cannot infer topic type for topic /Object_topic as it is not yet advertised
1758342849.432285785 ERROR /rosbridge_websocket [protocol.py:399(RosbridgeProtocol.log)] [topics: /client_count, /rosout, /connected_clients] [Client 6] [id: /Ego_topic] publish: Cannot infer topic type for topic /Ego_topic as it is not yet advertised
1758342849.436898469 ERROR /rosbridge_websocket [protocol.py:399(RosbridgeProtocol.log)] [topics: /client_count, /rosout, /connected_clients] [Client 1] [id: /CollisionData] publish: Cannot infer topic type for topic /CollisionData as it is not yet advertised
1758342849.440327167 ERROR /rosbridge_websocket [protocol.py:399(RosbridgeProtocol.log)] [topics: /client_count, /rosout, /connected_clients] [Client 2] [id: /tf] publish: Cannot infer topic type for topic /tf as it is not yet advertised
1758342849.442769050 ERROR /rosbridge_websocket [protocol.py:399(RosbridgeProtocol.log)] [topics: /client_count, /rosout, /connected_clients] [Client 4] [id: /Competition_topic] publish: Cannot infer topic type for topic /Competition_topic as it is not yet advertised
1758342849.447509288 ERROR /rosbridge_websocket [protocol.py:399(RosbridgeProtocol.log)] [topics: /client_count, /rosout, /connected_clients] [Client 5] [id: /Object_topic] publish: Cannot infer topic type for topic /Object_topic as it is not yet advertised
1758342849.449249029 ERROR /rosbridge_websocket [protocol.py:399(RosbridgeProtocol.log)] [topics: /client_count, /rosout, /connected_clients] [Client 6] [id: /Ego_topic] publish: Cannot infer topic type for topic /Ego_topic as it is not yet advertised
1758342849.451727867 ERROR /rosbridge_websocket [protocol.py:399(RosbridgeProtocol.log)] [topics: /client_count, /rosout, /connected_clients] [Client 1] [id: /CollisionData] publish: Cannot infer topic type for topic /CollisionData as it is not yet advertised
1758342849.454476118 ERROR /rosbridge_websocket [protocol.py:399(RosbridgeProtocol.log)] [topics: /client_count, /rosout, /connected_clients] [Client 2] [id: /tf] publish: Cannot infer topic type for topic /tf as it is not yet advertised
1758342849.457507371 ERROR /rosbridge_websocket [protocol.py:399(RosbridgeProtocol.log)] [topics: /client_count, /rosout, /connected_clients] [Client 4] [id: /Competition_topic] publish: Cannot infer topic type for topic /Competition_topic as it is not yet advertised
1758342849.460773468 ERROR /rosbridge_websocket [protocol.py:399(RosbridgeProtocol.log)] [topics: /client_count, /rosout, /connected_clients] [Client 6] [id: /Ego_topic] publish: Cannot infer topic type for topic /Ego_topic as it is not yet advertised
1758342849.465160369 ERROR /rosbridge_websocket [protocol.py:399(RosbridgeProtocol.log)] [topics: /client_count, /rosout, /connected_clients] [Client 5] [id: /Object_topic] publish: Cannot infer topic type for topic /Object_topic as it is not yet advertised
1758342849.467179298 ERROR /rosbridge_websocket [protocol.py:399(RosbridgeProtocol.log)] [topics: /client_count, /rosout, /connected_clients] [Client 1] [id: /CollisionData] publish: Cannot infer topic type for topic /CollisionData as it is not yet advertised
1758342849.469852685 ERROR /rosbridge_websocket [protocol.py:399(RosbridgeProtocol.log)] [topics: /client_count, /rosout, /connected_clients] [Client 2] [id: /tf] publish: Cannot infer topic type for topic /tf as it is not yet advertised
1758342849.472539901 ERROR /rosbridge_websocket [protocol.py:399(RosbridgeProtocol.log)] [topics: /client_count, /rosout, /connected_clients] [Client 4] [id: /Competition_topic] publish: Cannot infer topic type for topic /Competition_topic as it is not yet advertised
1758342849.473804712 ERROR /rosbridge_websocket [protocol.py:399(RosbridgeProtocol.log)] [topics: /client_count, /rosout, /connected_clients] [Client 6] [id: /Ego_topic] publish: Cannot infer topic type for topic /Ego_topic as it is not yet advertised
1758342849.477701902 ERROR /rosbridge_websocket [protocol.py:399(RosbridgeProtocol.log)] [topics: /client_count, /rosout, /connected_clients] [Client 5] [id: /Object_topic] publish: Cannot infer topic type for topic /Object_topic as it is not yet advertised
1758342849.481619358 ERROR /rosbridge_websocket [protocol.py:399(RosbridgeProtocol.log)] [topics: /client_count, /rosout, /connected_clients] [Client 1] [id: /CollisionData] publish: Cannot infer topic type for topic /CollisionData as it is not yet advertised
1758342849.485392093 ERROR /rosbridge_websocket [protocol.py:399(RosbridgeProtocol.log)] [topics: /client_count, /rosout, /connected_clients] [Client 2] [id: /tf] publish: Cannot infer topic type for topic /tf as it is not yet advertised
1758342849.487581253 ERROR /rosbridge_websocket [protocol.py:399(RosbridgeProtocol.log)] [topics: /client_count, /rosout, /connected_clients] [Client 6] [id: /Ego_topic] publish: Cannot infer topic type for topic /Ego_topic as it is not yet advertised
1758342849.489675045 ERROR /rosbridge_websocket [protocol.py:399(RosbridgeProtocol.log)] [topics: /client_count, /rosout, /connected_clients] [Client 4] [id: /Competition_topic] publish: Cannot infer topic type for topic /Competition_topic as it is not yet advertised
1758342849.492053747 ERROR /rosbridge_websocket [protocol.py:399(RosbridgeProtocol.log)] [topics: /client_count, /rosout, /connected_clients] [Client 5] [id: /Object_topic] publish: Cannot infer topic type for topic /Object_topic as it is not yet advertised
1758342849.495699167 ERROR /rosbridge_websocket [protocol.py:399(RosbridgeProtocol.log)] [topics: /client_count, /rosout, /connected_clients] [Client 1] [id: /CollisionData] publish: Cannot infer topic type for topic /CollisionData as it is not yet advertised
1758342849.499817609 ERROR /rosbridge_websocket [protocol.py:399(RosbridgeProtocol.log)] [topics: /client_count, /rosout, /connected_clients] [Client 2] [id: /tf] publish: Cannot infer topic type for topic /tf as it is not yet advertised
1758342849.502973556 ERROR /rosbridge_websocket [protocol.py:399(RosbridgeProtocol.log)] [topics: /client_count, /rosout, /connected_clients] [Client 4] [id: /Competition_topic] publish: Cannot infer topic type for topic /Competition_topic as it is not yet advertised
1758342849.505545616 ERROR /rosbridge_websocket [protocol.py:399(RosbridgeProtocol.log)] [topics: /client_count, /rosout, /connected_clients] [Client 6] [id: /Ego_topic] publish: Cannot infer topic type for topic /Ego_topic as it is not yet advertised
1758342849.507848978 ERROR /rosbridge_websocket [protocol.py:399(RosbridgeProtocol.log)] [topics: /client_count, /rosout, /connected_clients] [Client 5] [id: /Object_topic] publish: Cannot infer topic type for topic /Object_topic as it is not yet advertised
1758342849.509189367 ERROR /rosbridge_websocket [protocol.py:399(RosbridgeProtocol.log)] [topics: /client_count, /rosout, /connected_clients] [Client 1] [id: /CollisionData] publish: Cannot infer topic type for topic /CollisionData as it is not yet advertised
1758342849.514324903 ERROR /rosbridge_websocket [protocol.py:399(RosbridgeProtocol.log)] [topics: /client_count, /rosout, /connected_clients] [Client 4] [id: /Competition_topic] publish: Cannot infer topic type for topic /Competition_topic as it is not yet advertised
1758342849.520287513 ERROR /rosbridge_websocket [protocol.py:399(RosbridgeProtocol.log)] [topics: /client_count, /rosout, /connected_clients] [Client 1] [id: /CollisionData] publish: Cannot infer topic type for topic /CollisionData as it is not yet advertised
1758342849.522628307 ERROR /rosbridge_websocket [protocol.py:399(RosbridgeProtocol.log)] [topics: /client_count, /rosout, /connected_clients] [Client 2] [id: /tf] publish: Cannot infer topic type for topic /tf as it is not yet advertised
1758342849.523910284 ERROR /rosbridge_websocket [protocol.py:399(RosbridgeProtocol.log)] [topics: /client_count, /rosout, /connected_clients] [Client 5] [id: /Object_topic] publish: Cannot infer topic type for topic /Object_topic as it is not yet advertised
1758342849.525218486 ERROR /rosbridge_websocket [protocol.py:399(RosbridgeProtocol.log)] [topics: /client_count, /rosout, /connected_clients] [Client 6] [id: /Ego_topic] publish: Cannot infer topic type for topic /Ego_topic as it is not yet advertised
1758342849.526703596 ERROR /rosbridge_websocket [protocol.py:399(RosbridgeProtocol.log)] [topics: /client_count, /rosout, /connected_clients] [Client 4] [id: /Competition_topic] publish: Cannot infer topic type for topic /Competition_topic as it is not yet advertised
1758342849.532046794 ERROR /rosbridge_websocket [protocol.py:399(RosbridgeProtocol.log)] [topics: /client_count, /rosout, /connected_clients] [Client 2] [id: /tf] publish: Cannot infer topic type for topic /tf as it is not yet advertised
1758342849.533536434 ERROR /rosbridge_websocket [protocol.py:399(RosbridgeProtocol.log)] [topics: /client_count, /rosout, /connected_clients] [Client 4] [id: /Competition_topic] publish: Cannot infer topic type for topic /Competition_topic as it is not yet advertised
1758342849.536947488 ERROR /rosbridge_websocket [protocol.py:399(RosbridgeProtocol.log)] [topics: /client_count, /rosout, /connected_clients] [Client 4] [id: /Competition_topic] publish: Cannot infer topic type for topic /Competition_topic as it is not yet advertised
1758342849.552565574 ERROR /rosbridge_websocket [protocol.py:399(RosbridgeProtocol.log)] [topics: /client_count, /rosout, /connected_clients] [Client 4] [id: /Competition_topic] publish: Cannot infer topic type for topic /Competition_topic as it is not yet advertised
1758342849.554395914 ERROR /rosbridge_websocket [protocol.py:399(RosbridgeProtocol.log)] [topics: /client_count, /rosout, /connected_clients] [Client 2] [id: /tf] publish: Cannot infer topic type for topic /tf as it is not yet advertised
1758342849.555731058 ERROR /rosbridge_websocket [protocol.py:399(RosbridgeProtocol.log)] [topics: /client_count, /rosout, /connected_clients] [Client 1] [id: /CollisionData] publish: Cannot infer topic type for topic /CollisionData as it is not yet advertised
1758342849.557101726 ERROR /rosbridge_websocket [protocol.py:399(RosbridgeProtocol.log)] [topics: /client_count, /rosout, /connected_clients] [Client 6] [id: /Ego_topic] publish: Cannot infer topic type for topic /Ego_topic as it is not yet advertised
1758342849.558337450 ERROR /rosbridge_websocket [protocol.py:399(RosbridgeProtocol.log)] [topics: /client_count, /rosout, /connected_clients] [Client 5] [id: /Object_topic] publish: Cannot infer topic type for topic /Object_topic as it is not yet advertised
1758342849.567915201 ERROR /rosbridge_websocket [protocol.py:399(RosbridgeProtocol.log)] [topics: /client_count, /rosout, /connected_clients] [Client 1] [id: /CollisionData] publish: Cannot infer topic type for topic /CollisionData as it is not yet advertised
1758342849.569943189 ERROR /rosbridge_websocket [protocol.py:399(RosbridgeProtocol.log)] [topics: /client_count, /rosout, /connected_clients] [Client 6] [id: /Ego_topic] publish: Cannot infer topic type for topic /Ego_topic as it is not yet advertised
1758342849.571420192 ERROR /rosbridge_websocket [protocol.py:399(RosbridgeProtocol.log)] [topics: /client_count, /rosout, /connected_clients] [Client 2] [id: /tf] publish: Cannot infer topic type for topic /tf as it is not yet advertised
1758342849.572836637 ERROR /rosbridge_websocket [protocol.py:399(RosbridgeProtocol.log)] [topics: /client_count, /rosout, /connected_clients] [Client 5] [id: /Object_topic] publish: Cannot infer topic type for topic /Object_topic as it is not yet advertised
1758342849.586383581 ERROR /rosbridge_websocket [protocol.py:399(RosbridgeProtocol.log)] [topics: /client_count, /rosout, /connected_clients] [Client 6] [id: /Ego_topic] publish: Cannot infer topic type for topic /Ego_topic as it is not yet advertised
1758342849.587958812 ERROR /rosbridge_websocket [protocol.py:399(RosbridgeProtocol.log)] [topics: /client_count, /rosout, /connected_clients] [Client 1] [id: /CollisionData] publish: Cannot infer topic type for topic /CollisionData as it is not yet advertised
1758342849.589482545 ERROR /rosbridge_websocket [protocol.py:399(RosbridgeProtocol.log)] [topics: /client_count, /rosout, /connected_clients] [Client 5] [id: /Object_topic] publish: Cannot infer topic type for topic /Object_topic as it is not yet advertised
1758342849.590651988 ERROR /rosbridge_websocket [protocol.py:399(RosbridgeProtocol.log)] [topics: /client_count, /rosout, /connected_clients] [Client 4] [id: /Competition_topic] publish: Cannot infer topic type for topic /Competition_topic as it is not yet advertised
1758342849.591788530 ERROR /rosbridge_websocket [protocol.py:399(RosbridgeProtocol.log)] [topics: /client_count, /rosout, /connected_clients] [Client 2] [id: /tf] publish: Cannot infer topic type for topic /tf as it is not yet advertised
1758342849.600776195 ERROR /rosbridge_websocket [protocol.py:399(RosbridgeProtocol.log)] [topics: /client_count, /rosout, /connected_clients] [Client 6] [id: /Ego_topic] publish: Cannot infer topic type for topic /Ego_topic as it is not yet advertised
1758342849.603043556 ERROR /rosbridge_websocket [protocol.py:399(RosbridgeProtocol.log)] [topics: /client_count, /rosout, /connected_clients] [Client 5] [id: /Object_topic] publish: Cannot infer topic type for topic /Object_topic as it is not yet advertised
1758342849.604418516 ERROR /rosbridge_websocket [protocol.py:399(RosbridgeProtocol.log)] [topics: /client_count, /rosout, /connected_clients] [Client 4] [id: /Competition_topic] publish: Cannot infer topic type for topic /Competition_topic as it is not yet advertised
1758342849.605627536 ERROR /rosbridge_websocket [protocol.py:399(RosbridgeProtocol.log)] [topics: /client_count, /rosout, /connected_clients] [Client 1] [id: /CollisionData] publish: Cannot infer topic type for topic /CollisionData as it is not yet advertised
1758342849.620492458 ERROR /rosbridge_websocket [protocol.py:399(RosbridgeProtocol.log)] [topics: /client_count, /rosout, /connected_clients] [Client 1] [id: /CollisionData] publish: Cannot infer topic type for topic /CollisionData as it is not yet advertised
1758342849.622195720 ERROR /rosbridge_websocket [protocol.py:399(RosbridgeProtocol.log)] [topics: /client_count, /rosout, /connected_clients] [Client 4] [id: /Competition_topic] publish: Cannot infer topic type for topic /Competition_topic as it is not yet advertised
1758342849.623826265 ERROR /rosbridge_websocket [protocol.py:399(RosbridgeProtocol.log)] [topics: /client_count, /rosout, /connected_clients] [Client 5] [id: /Object_topic] publish: Cannot infer topic type for topic /Object_topic as it is not yet advertised
1758342849.625188589 ERROR /rosbridge_websocket [protocol.py:399(RosbridgeProtocol.log)] [topics: /client_count, /rosout, /connected_clients] [Client 2] [id: /tf] publish: Cannot infer topic type for topic /tf as it is not yet advertised
1758342849.627688407 ERROR /rosbridge_websocket [protocol.py:399(RosbridgeProtocol.log)] [topics: /client_count, /rosout, /connected_clients] [Client 6] [id: /Ego_topic] publish: Cannot infer topic type for topic /Ego_topic as it is not yet advertised
1758342849.631666660 ERROR /rosbridge_websocket [protocol.py:399(RosbridgeProtocol.log)] [topics: /client_count, /rosout, /connected_clients] [Client 2] [id: /tf] publish: Cannot infer topic type for topic /tf as it is not yet advertised
1758342849.633516788 ERROR /rosbridge_websocket [protocol.py:399(RosbridgeProtocol.log)] [topics: /client_count, /rosout, /connected_clients] [Client 4] [id: /Competition_topic] publish: Cannot infer topic type for topic /Competition_topic as it is not yet advertised
1758342849.653329372 ERROR /rosbridge_websocket [protocol.py:399(RosbridgeProtocol.log)] [topics: /client_count, /rosout, /connected_clients] [Client 1] [id: /CollisionData] publish: Cannot infer topic type for topic /CollisionData as it is not yet advertised
1758342849.655242443 ERROR /rosbridge_websocket [protocol.py:399(RosbridgeProtocol.log)] [topics: /client_count, /rosout, /connected_clients] [Client 5] [id: /Object_topic] publish: Cannot infer topic type for topic /Object_topic as it is not yet advertised
1758342849.656991481 ERROR /rosbridge_websocket [protocol.py:399(RosbridgeProtocol.log)] [topics: /client_count, /rosout, /connected_clients] [Client 4] [id: /Competition_topic] publish: Cannot infer topic type for topic /Competition_topic as it is not yet advertised
1758342849.658292293 ERROR /rosbridge_websocket [protocol.py:399(RosbridgeProtocol.log)] [topics: /client_count, /rosout, /connected_clients] [Client 6] [id: /Ego_topic] publish: Cannot infer topic type for topic /Ego_topic as it is not yet advertised
1758342849.659510612 ERROR /rosbridge_websocket [protocol.py:399(RosbridgeProtocol.log)] [topics: /client_count, /rosout, /connected_clients] [Client 2] [id: /tf] publish: Cannot infer topic type for topic /tf as it is not yet advertised
1758342849.668089389 ERROR /rosbridge_websocket [protocol.py:399(RosbridgeProtocol.log)] [topics: /client_count, /rosout, /connected_clients] [Client 5] [id: /Object_topic] publish: Cannot infer topic type for topic /Object_topic as it is not yet advertised
1758342849.670087099 ERROR /rosbridge_websocket [protocol.py:399(RosbridgeProtocol.log)] [topics: /client_count, /rosout, /connected_clients] [Client 1] [id: /CollisionData] publish: Cannot infer topic type for topic /CollisionData as it is not yet advertised
1758342849.671315670 ERROR /rosbridge_websocket [protocol.py:399(RosbridgeProtocol.log)] [topics: /client_count, /rosout, /connected_clients] [Client 6] [id: /Ego_topic] publish: Cannot infer topic type for topic /Ego_topic as it is not yet advertised
1758342849.672526836 ERROR /rosbridge_websocket [protocol.py:399(RosbridgeProtocol.log)] [topics: /client_count, /rosout, /connected_clients] [Client 2] [id: /tf] publish: Cannot infer topic type for topic /tf as it is not yet advertised
1758342849.685694932 ERROR /rosbridge_websocket [protocol.py:399(RosbridgeProtocol.log)] [topics: /client_count, /rosout, /connected_clients] [Client 2] [id: /tf] publish: Cannot infer topic type for topic /tf as it is not yet advertised
1758342849.688806772 ERROR /rosbridge_websocket [protocol.py:399(RosbridgeProtocol.log)] [topics: /client_count, /rosout, /connected_clients] [Client 4] [id: /Competition_topic] publish: Cannot infer topic type for topic /Competition_topic as it is not yet advertised
1758342849.690312623 ERROR /rosbridge_websocket [protocol.py:399(RosbridgeProtocol.log)] [topics: /client_count, /rosout, /connected_clients] [Client 5] [id: /Object_topic] publish: Cannot infer topic type for topic /Object_topic as it is not yet advertised
1758342849.691710710 ERROR /rosbridge_websocket [protocol.py:399(RosbridgeProtocol.log)] [topics: /client_count, /rosout, /connected_clients] [Client 1] [id: /CollisionData] publish: Cannot infer topic type for topic /CollisionData as it is not yet advertised
1758342849.693101406 ERROR /rosbridge_websocket [protocol.py:399(RosbridgeProtocol.log)] [topics: /client_count, /rosout, /connected_clients] [Client 6] [id: /Ego_topic] publish: Cannot infer topic type for topic /Ego_topic as it is not yet advertised
1758342849.702965974 ERROR /rosbridge_websocket [protocol.py:399(RosbridgeProtocol.log)] [topics: /client_count, /rosout, /connected_clients] [Client 4] [id: /Competition_topic] publish: Cannot infer topic type for topic /Competition_topic as it is not yet advertised
1758342849.704993486 ERROR /rosbridge_websocket [protocol.py:399(RosbridgeProtocol.log)] [topics: /client_count, /rosout, /connected_clients] [Client 1] [id: /CollisionData] publish: Cannot infer topic type for topic /CollisionData as it is not yet advertised
1758342849.706161499 ERROR /rosbridge_websocket [protocol.py:399(RosbridgeProtocol.log)] [topics: /client_count, /rosout, /connected_clients] [Client 5] [id: /Object_topic] publish: Cannot infer topic type for topic /Object_topic as it is not yet advertised
1758342849.707545280 ERROR /rosbridge_websocket [protocol.py:399(RosbridgeProtocol.log)] [topics: /client_count, /rosout, /connected_clients] [Client 6] [id: /Ego_topic] publish: Cannot infer topic type for topic /Ego_topic as it is not yet advertised
1758342849.718981027 ERROR /rosbridge_websocket [protocol.py:399(RosbridgeProtocol.log)] [topics: /client_count, /rosout, /connected_clients] [Client 1] [id: /CollisionData] publish: Cannot infer topic type for topic /CollisionData as it is not yet advertised
1758342849.720883131 ERROR /rosbridge_websocket [protocol.py:399(RosbridgeProtocol.log)] [topics: /client_count, /rosout, /connected_clients] [Client 4] [id: /Competition_topic] publish: Cannot infer topic type for topic /Competition_topic as it is not yet advertised
1758342849.722278118 ERROR /rosbridge_websocket [protocol.py:399(RosbridgeProtocol.log)] [topics: /client_count, /rosout, /connected_clients] [Client 2] [id: /tf] publish: Cannot infer topic type for topic /tf as it is not yet advertised
1758342849.723554611 ERROR /rosbridge_websocket [protocol.py:399(RosbridgeProtocol.log)] [topics: /client_count, /rosout, /connected_clients] [Client 5] [id: /Object_topic] publish: Cannot infer topic type for topic /Object_topic as it is not yet advertised
1758342849.733975410 ERROR /rosbridge_websocket [protocol.py:399(RosbridgeProtocol.log)] [topics: /client_count, /rosout, /connected_clients] [Client 6] [id: /Ego_topic] publish: Cannot infer topic type for topic /Ego_topic as it is not yet advertised
1758342849.735855817 ERROR /rosbridge_websocket [protocol.py:399(RosbridgeProtocol.log)] [topics: /client_count, /rosout, /connected_clients] [Client 2] [id: /tf] publish: Cannot infer topic type for topic /tf as it is not yet advertised
1758342849.738202333 ERROR /rosbridge_websocket [protocol.py:399(RosbridgeProtocol.log)] [topics: /client_count, /rosout, /connected_clients] [Client 4] [id: /Competition_topic] publish: Cannot infer topic type for topic /Competition_topic as it is not yet advertised
1758342849.739678621 ERROR /rosbridge_websocket [protocol.py:399(RosbridgeProtocol.log)] [topics: /client_count, /rosout, /connected_clients] [Client 6] [id: /Ego_topic] publish: Cannot infer topic type for topic /Ego_topic as it is not yet advertised
1758342849.752092599 ERROR /rosbridge_websocket [protocol.py:399(RosbridgeProtocol.log)] [topics: /client_count, /rosout, /connected_clients] [Client 5] [id: /Object_topic] publish: Cannot infer topic type for topic /Object_topic as it is not yet advertised
1758342849.754126787 ERROR /rosbridge_websocket [protocol.py:399(RosbridgeProtocol.log)] [topics: /client_count, /rosout, /connected_clients] [Client 2] [id: /tf] publish: Cannot infer topic type for topic /tf as it is not yet advertised
1758342849.755567073 ERROR /rosbridge_websocket [protocol.py:399(RosbridgeProtocol.log)] [topics: /client_count, /rosout, /connected_clients] [Client 4] [id: /Competition_topic] publish: Cannot infer topic type for topic /Competition_topic as it is not yet advertised
1758342849.757220268 ERROR /rosbridge_websocket [protocol.py:399(RosbridgeProtocol.log)] [topics: /client_count, /rosout, /connected_clients] [Client 1] [id: /CollisionData] publish: Cannot infer topic type for topic /CollisionData as it is not yet advertised
1758342849.769289731 ERROR /rosbridge_websocket [protocol.py:399(RosbridgeProtocol.log)] [topics: /client_count, /rosout, /connected_clients] [Client 2] [id: /tf] publish: Cannot infer topic type for topic /tf as it is not yet advertised
1758342849.771192550 ERROR /rosbridge_websocket [protocol.py:399(RosbridgeProtocol.log)] [topics: /client_count, /rosout, /connected_clients] [Client 1] [id: /CollisionData] publish: Cannot infer topic type for topic /CollisionData as it is not yet advertised
1758342849.772541999 ERROR /rosbridge_websocket [protocol.py:399(RosbridgeProtocol.log)] [topics: /client_count, /rosout, /connected_clients] [Client 6] [id: /Ego_topic] publish: Cannot infer topic type for topic /Ego_topic as it is not yet advertised
1758342849.773800849 ERROR /rosbridge_websocket [protocol.py:399(RosbridgeProtocol.log)] [topics: /client_count, /rosout, /connected_clients] [Client 5] [id: /Object_topic] publish: Cannot infer topic type for topic /Object_topic as it is not yet advertised
1758342849.786865711 ERROR /rosbridge_websocket [protocol.py:399(RosbridgeProtocol.log)] [topics: /client_count, /rosout, /connected_clients] [Client 2] [id: /tf] publish: Cannot infer topic type for topic /tf as it is not yet advertised
1758342849.788783311 ERROR /rosbridge_websocket [protocol.py:399(RosbridgeProtocol.log)] [topics: /client_count, /rosout, /connected_clients] [Client 1] [id: /CollisionData] publish: Cannot infer topic type for topic /CollisionData as it is not yet advertised
1758342849.790306329 ERROR /rosbridge_websocket [protocol.py:399(RosbridgeProtocol.log)] [topics: /client_count, /rosout, /connected_clients] [Client 4] [id: /Competition_topic] publish: Cannot infer topic type for topic /Competition_topic as it is not yet advertised
1758342849.791540145 ERROR /rosbridge_websocket [protocol.py:399(RosbridgeProtocol.log)] [topics: /client_count, /rosout, /connected_clients] [Client 6] [id: /Ego_topic] publish: Cannot infer topic type for topic /Ego_topic as it is not yet advertised
1758342849.792876482 ERROR /rosbridge_websocket [protocol.py:399(RosbridgeProtocol.log)] [topics: /client_count, /rosout, /connected_clients] [Client 5] [id: /Object_topic] publish: Cannot infer topic type for topic /Object_topic as it is not yet advertised
1758342849.800678253 ERROR /rosbridge_websocket [protocol.py:399(RosbridgeProtocol.log)] [topics: /client_count, /rosout, /connected_clients] [Client 5] [id: /Object_topic] publish: Cannot infer topic type for topic /Object_topic as it is not yet advertised
1758342849.802311658 ERROR /rosbridge_websocket [protocol.py:399(RosbridgeProtocol.log)] [topics: /client_count, /rosout, /connected_clients] [Client 1] [id: /CollisionData] publish: Cannot infer topic type for topic /CollisionData as it is not yet advertised
1758342849.803483247 ERROR /rosbridge_websocket [protocol.py:399(RosbridgeProtocol.log)] [topics: /client_count, /rosout, /connected_clients] [Client 4] [id: /Competition_topic] publish: Cannot infer topic type for topic /Competition_topic as it is not yet advertised
1758342849.819544553 ERROR /rosbridge_websocket [protocol.py:399(RosbridgeProtocol.log)] [topics: /client_count, /rosout, /connected_clients] [Client 2] [id: /tf] publish: Cannot infer topic type for topic /tf as it is not yet advertised
1758342849.821925878 ERROR /rosbridge_websocket [protocol.py:399(RosbridgeProtocol.log)] [topics: /client_count, /rosout, /connected_clients] [Client 6] [id: /Ego_topic] publish: Cannot infer topic type for topic /Ego_topic as it is not yet advertised
1758342849.824846744 ERROR /rosbridge_websocket [protocol.py:399(RosbridgeProtocol.log)] [topics: /client_count, /rosout, /connected_clients] [Client 1] [id: /CollisionData] publish: Cannot infer topic type for topic /CollisionData as it is not yet advertised
1758342849.826984643 ERROR /rosbridge_websocket [protocol.py:399(RosbridgeProtocol.log)] [topics: /client_count, /rosout, /connected_clients] [Client 4] [id: /Competition_topic] publish: Cannot infer topic type for topic /Competition_topic as it is not yet advertised
1758342849.832535266 ERROR /rosbridge_websocket [protocol.py:399(RosbridgeProtocol.log)] [topics: /client_count, /rosout, /connected_clients] [Client 5] [id: /Object_topic] publish: Cannot infer topic type for topic /Object_topic as it is not yet advertised
1758342849.834271669 ERROR /rosbridge_websocket [protocol.py:399(RosbridgeProtocol.log)] [topics: /client_count, /rosout, /connected_clients] [Client 6] [id: /Ego_topic] publish: Cannot infer topic type for topic /Ego_topic as it is not yet advertised
1758342849.837954282 ERROR /rosbridge_websocket [protocol.py:399(RosbridgeProtocol.log)] [topics: /client_count, /rosout, /connected_clients] [Client 2] [id: /tf] publish: Cannot infer topic type for topic /tf as it is not yet advertised
1758342849.839638710 ERROR /rosbridge_websocket [protocol.py:399(RosbridgeProtocol.log)] [topics: /client_count, /rosout, /connected_clients] [Client 4] [id: /Competition_topic] publish: Cannot infer topic type for topic /Competition_topic as it is not yet advertised
1758342849.840886831 ERROR /rosbridge_websocket [protocol.py:399(RosbridgeProtocol.log)] [topics: /client_count, /rosout, /connected_clients] [Client 6] [id: /Ego_topic] publish: Cannot infer topic type for topic /Ego_topic as it is not yet advertised
1758342849.851658344 ERROR /rosbridge_websocket [protocol.py:399(RosbridgeProtocol.log)] [topics: /client_count, /rosout, /connected_clients] [Client 1] [id: /CollisionData] publish: Cannot infer topic type for topic /CollisionData as it is not yet advertised
1758342849.853719711 ERROR /rosbridge_websocket [protocol.py:399(RosbridgeProtocol.log)] [topics: /client_count, /rosout, /connected_clients] [Client 4] [id: /Competition_topic] publish: Cannot infer topic type for topic /Competition_topic as it is not yet advertised
1758342849.855289936 ERROR /rosbridge_websocket [protocol.py:399(RosbridgeProtocol.log)] [topics: /client_count, /rosout, /connected_clients] [Client 2] [id: /tf] publish: Cannot infer topic type for topic /tf as it is not yet advertised
1758342849.856844902 ERROR /rosbridge_websocket [protocol.py:399(RosbridgeProtocol.log)] [topics: /client_count, /rosout, /connected_clients] [Client 5] [id: /Object_topic] publish: Cannot infer topic type for topic /Object_topic as it is not yet advertised
1758342849.869532346 ERROR /rosbridge_websocket [protocol.py:399(RosbridgeProtocol.log)] [topics: /client_count, /rosout, /connected_clients] [Client 1] [id: /CollisionData] publish: Cannot infer topic type for topic /CollisionData as it is not yet advertised
1758342849.870926856 ERROR /rosbridge_websocket [protocol.py:399(RosbridgeProtocol.log)] [topics: /client_count, /rosout, /connected_clients] [Client 5] [id: /Object_topic] publish: Cannot infer topic type for topic /Object_topic as it is not yet advertised
1758342849.872179269 ERROR /rosbridge_websocket [protocol.py:399(RosbridgeProtocol.log)] [topics: /client_count, /rosout, /connected_clients] [Client 2] [id: /tf] publish: Cannot infer topic type for topic /tf as it is not yet advertised
1758342849.873410701 ERROR /rosbridge_websocket [protocol.py:399(RosbridgeProtocol.log)] [topics: /client_count, /rosout, /connected_clients] [Client 6] [id: /Ego_topic] publish: Cannot infer topic type for topic /Ego_topic as it is not yet advertised
1758342849.887996673 ERROR /rosbridge_websocket [protocol.py:399(RosbridgeProtocol.log)] [topics: /client_count, /rosout, /connected_clients] [Client 4] [id: /Competition_topic] publish: Cannot infer topic type for topic /Competition_topic as it is not yet advertised
1758342849.889722108 ERROR /rosbridge_websocket [protocol.py:399(RosbridgeProtocol.log)] [topics: /client_count, /rosout, /connected_clients] [Client 2] [id: /tf] publish: Cannot infer topic type for topic /tf as it is not yet advertised
1758342849.891081333 ERROR /rosbridge_websocket [protocol.py:399(RosbridgeProtocol.log)] [topics: /client_count, /rosout, /connected_clients] [Client 5] [id: /Object_topic] publish: Cannot infer topic type for topic /Object_topic as it is not yet advertised
1758342849.892494916 ERROR /rosbridge_websocket [protocol.py:399(RosbridgeProtocol.log)] [topics: /client_count, /rosout, /connected_clients] [Client 1] [id: /CollisionData] publish: Cannot infer topic type for topic /CollisionData as it is not yet advertised
1758342849.893719196 ERROR /rosbridge_websocket [protocol.py:399(RosbridgeProtocol.log)] [topics: /client_count, /rosout, /connected_clients] [Client 6] [id: /Ego_topic] publish: Cannot infer topic type for topic /Ego_topic as it is not yet advertised
1758342849.904263734 ERROR /rosbridge_websocket [protocol.py:399(RosbridgeProtocol.log)] [topics: /client_count, /rosout, /connected_clients] [Client 4] [id: /Competition_topic] publish: Cannot infer topic type for topic /Competition_topic as it is not yet advertised
1758342849.906301259 ERROR /rosbridge_websocket [protocol.py:399(RosbridgeProtocol.log)] [topics: /client_count, /rosout, /connected_clients] [Client 6] [id: /Ego_topic] publish: Cannot infer topic type for topic /Ego_topic as it is not yet advertised
1758342849.907570838 ERROR /rosbridge_websocket [protocol.py:399(RosbridgeProtocol.log)] [topics: /client_count, /rosout, /connected_clients] [Client 5] [id: /Object_topic] publish: Cannot infer topic type for topic /Object_topic as it is not yet advertised
1758342849.908970832 ERROR /rosbridge_websocket [protocol.py:399(RosbridgeProtocol.log)] [topics: /client_count, /rosout, /connected_clients] [Client 2] [id: /tf] publish: Cannot infer topic type for topic /tf as it is not yet advertised
1758342849.910183429 ERROR /rosbridge_websocket [protocol.py:399(RosbridgeProtocol.log)] [topics: /client_count, /rosout, /connected_clients] [Client 1] [id: /CollisionData] publish: Cannot infer topic type for topic /CollisionData as it is not yet advertised
1758342849.919081211 ERROR /rosbridge_websocket [protocol.py:399(RosbridgeProtocol.log)] [topics: /client_count, /rosout, /connected_clients] [Client 4] [id: /Competition_topic] publish: Cannot infer topic type for topic /Competition_topic as it is not yet advertised
1758342849.920913934 ERROR /rosbridge_websocket [protocol.py:399(RosbridgeProtocol.log)] [topics: /client_count, /rosout, /connected_clients] [Client 1] [id: /CollisionData] publish: Cannot infer topic type for topic /CollisionData as it is not yet advertised
1758342849.922551393 ERROR /rosbridge_websocket [protocol.py:399(RosbridgeProtocol.log)] [topics: /client_count, /rosout, /connected_clients] [Client 5] [id: /Object_topic] publish: Cannot infer topic type for topic /Object_topic as it is not yet advertised
1758342849.923781394 ERROR /rosbridge_websocket [protocol.py:399(RosbridgeProtocol.log)] [topics: /client_count, /rosout, /connected_clients] [Client 6] [id: /Ego_topic] publish: Cannot infer topic type for topic /Ego_topic as it is not yet advertised
1758342849.937358856 ERROR /rosbridge_websocket [protocol.py:399(RosbridgeProtocol.log)] [topics: /client_count, /rosout, /connected_clients] [Client 1] [id: /CollisionData] publish: Cannot infer topic type for topic /CollisionData as it is not yet advertised
1758342849.939476013 ERROR /rosbridge_websocket [protocol.py:399(RosbridgeProtocol.log)] [topics: /client_count, /rosout, /connected_clients] [Client 2] [id: /tf] publish: Cannot infer topic type for topic /tf as it is not yet advertised
1758342849.940838813 ERROR /rosbridge_websocket [protocol.py:399(RosbridgeProtocol.log)] [topics: /client_count, /rosout, /connected_clients] [Client 4] [id: /Competition_topic] publish: Cannot infer topic type for topic /Competition_topic as it is not yet advertised
1758342849.942272424 ERROR /rosbridge_websocket [protocol.py:399(RosbridgeProtocol.log)] [topics: /client_count, /rosout, /connected_clients] [Client 5] [id: /Object_topic] publish: Cannot infer topic type for topic /Object_topic as it is not yet advertised
1758342849.949479103 ERROR /rosbridge_websocket [protocol.py:399(RosbridgeProtocol.log)] [topics: /client_count, /rosout, /connected_clients] [Client 4] [id: /Competition_topic] publish: Cannot infer topic type for topic /Competition_topic as it is not yet advertised
1758342849.951053619 ERROR /rosbridge_websocket [protocol.py:399(RosbridgeProtocol.log)] [topics: /client_count, /rosout, /connected_clients] [Client 2] [id: /tf] publish: Cannot infer topic type for topic /tf as it is not yet advertised
1758342849.956042766 ERROR /rosbridge_websocket [protocol.py:399(RosbridgeProtocol.log)] [topics: /client_count, /rosout, /connected_clients] [Client 6] [id: /Ego_topic] publish: Cannot infer topic type for topic /Ego_topic as it is not yet advertised
1758342849.971716642 ERROR /rosbridge_websocket [protocol.py:399(RosbridgeProtocol.log)] [topics: /client_count, /rosout, /connected_clients] [Client 1] [id: /CollisionData] publish: Cannot infer topic type for topic /CollisionData as it is not yet advertised
1758342849.974154949 ERROR /rosbridge_websocket [protocol.py:399(RosbridgeProtocol.log)] [topics: /client_count, /rosout, /connected_clients] [Client 5] [id: /Object_topic] publish: Cannot infer topic type for topic /Object_topic as it is not yet advertised
1758342849.975485086 ERROR /rosbridge_websocket [protocol.py:399(RosbridgeProtocol.log)] [topics: /client_count, /rosout, /connected_clients] [Client 2] [id: /tf] publish: Cannot infer topic type for topic /tf as it is not yet advertised
1758342849.976664543 ERROR /rosbridge_websocket [protocol.py:399(RosbridgeProtocol.log)] [topics: /client_count, /rosout, /connected_clients] [Client 4] [id: /Competition_topic] publish: Cannot infer topic type for topic /Competition_topic as it is not yet advertised
1758342849.977801561 ERROR /rosbridge_websocket [protocol.py:399(RosbridgeProtocol.log)] [topics: /client_count, /rosout, /connected_clients] [Client 6] [id: /Ego_topic] publish: Cannot infer topic type for topic /Ego_topic as it is not yet advertised
1758342849.987905740 ERROR /rosbridge_websocket [protocol.py:399(RosbridgeProtocol.log)] [topics: /client_count, /rosout, /connected_clients] [Client 1] [id: /CollisionData] publish: Cannot infer topic type for topic /CollisionData as it is not yet advertised
1758342849.989754438 ERROR /rosbridge_websocket [protocol.py:399(RosbridgeProtocol.log)] [topics: /client_count, /rosout, /connected_clients] [Client 5] [id: /Object_topic] publish: Cannot infer topic type for topic /Object_topic as it is not yet advertised
1758342849.991001129 ERROR /rosbridge_websocket [protocol.py:399(RosbridgeProtocol.log)] [topics: /client_count, /rosout, /connected_clients] [Client 6] [id: /Ego_topic] publish: Cannot infer topic type for topic /Ego_topic as it is not yet advertised
1758342849.992382049 ERROR /rosbridge_websocket [protocol.py:399(RosbridgeProtocol.log)] [topics: /client_count, /rosout, /connected_clients] [Client 2] [id: /tf] publish: Cannot infer topic type for topic /tf as it is not yet advertised
1758342850.004732370 ERROR /rosbridge_websocket [protocol.py:399(RosbridgeProtocol.log)] [topics: /client_count, /rosout, /connected_clients] [Client 4] [id: /Competition_topic] publish: Cannot infer topic type for topic /Competition_topic as it is not yet advertised
1758342850.007098197 ERROR /rosbridge_websocket [protocol.py:399(RosbridgeProtocol.log)] [topics: /client_count, /rosout, /connected_clients] [Client 5] [id: /Object_topic] publish: Cannot infer topic type for topic /Object_topic as it is not yet advertised
1758342850.008563041 ERROR /rosbridge_websocket [protocol.py:399(RosbridgeProtocol.log)] [topics: /client_count, /rosout, /connected_clients] [Client 1] [id: /CollisionData] publish: Cannot infer topic type for topic /CollisionData as it is not yet advertised
1758342850.009903430 ERROR /rosbridge_websocket [protocol.py:399(RosbridgeProtocol.log)] [topics: /client_count, /rosout, /connected_clients] [Client 6] [id: /Ego_topic] publish: Cannot infer topic type for topic /Ego_topic as it is not yet advertised
1758342850.011336565 ERROR /rosbridge_websocket [protocol.py:399(RosbridgeProtocol.log)] [topics: /client_count, /rosout, /connected_clients] [Client 2] [id: /tf] publish: Cannot infer topic type for topic /tf as it is not yet advertised
1758342850.020801544 ERROR /rosbridge_websocket [protocol.py:399(RosbridgeProtocol.log)] [topics: /client_count, /rosout, /connected_clients] [Client 4] [id: /Competition_topic] publish: Cannot infer topic type for topic /Competition_topic as it is not yet advertised
1758342850.022422790 ERROR /rosbridge_websocket [protocol.py:399(RosbridgeProtocol.log)] [topics: /client_count, /rosout, /connected_clients] [Client 6] [id: /Ego_topic] publish: Cannot infer topic type for topic /Ego_topic as it is not yet advertised
1758342850.023658752 ERROR /rosbridge_websocket [protocol.py:399(RosbridgeProtocol.log)] [topics: /client_count, /rosout, /connected_clients] [Client 1] [id: /CollisionData] publish: Cannot infer topic type for topic /CollisionData as it is not yet advertised
1758342850.024954319 ERROR /rosbridge_websocket [protocol.py:399(RosbridgeProtocol.log)] [topics: /client_count, /rosout, /connected_clients] [Client 5] [id: /Object_topic] publish: Cannot infer topic type for topic /Object_topic as it is not yet advertised
1758342850.038672924 ERROR /rosbridge_websocket [protocol.py:399(RosbridgeProtocol.log)] [topics: /client_count, /rosout, /connected_clients] [Client 6] [id: /Ego_topic] publish: Cannot infer topic type for topic /Ego_topic as it is not yet advertised
1758342850.041066169 ERROR /rosbridge_websocket [protocol.py:399(RosbridgeProtocol.log)] [topics: /client_count, /rosout, /connected_clients] [Client 2] [id: /tf] publish: Cannot infer topic type for topic /tf as it is not yet advertised
1758342850.042769193 ERROR /rosbridge_websocket [protocol.py:399(RosbridgeProtocol.log)] [topics: /client_count, /rosout, /connected_clients] [Client 5] [id: /Object_topic] publish: Cannot infer topic type for topic /Object_topic as it is not yet advertised
1758342850.044008731 ERROR /rosbridge_websocket [protocol.py:399(RosbridgeProtocol.log)] [topics: /client_count, /rosout, /connected_clients] [Client 1] [id: /CollisionData] publish: Cannot infer topic type for topic /CollisionData as it is not yet advertised
1758342850.045292377 ERROR /rosbridge_websocket [protocol.py:399(RosbridgeProtocol.log)] [topics: /client_count, /rosout, /connected_clients] [Client 4] [id: /Competition_topic] publish: Cannot infer topic type for topic /Competition_topic as it is not yet advertised
1758342850.051223516 ERROR /rosbridge_websocket [protocol.py:399(RosbridgeProtocol.log)] [topics: /client_count, /rosout, /connected_clients] [Client 4] [id: /Competition_topic] publish: Cannot infer topic type for topic /Competition_topic as it is not yet advertised
1758342850.052635669 ERROR /rosbridge_websocket [protocol.py:399(RosbridgeProtocol.log)] [topics: /client_count, /rosout, /connected_clients] [Client 2] [id: /tf] publish: Cannot infer topic type for topic /tf as it is not yet advertised
1758342850.074344635 ERROR /rosbridge_websocket [protocol.py:399(RosbridgeProtocol.log)] [topics: /client_count, /rosout, /connected_clients] [Client 1] [id: /CollisionData] publish: Cannot infer topic type for topic /CollisionData as it is not yet advertised
1758342850.076007604 ERROR /rosbridge_websocket [protocol.py:399(RosbridgeProtocol.log)] [topics: /client_count, /rosout, /connected_clients] [Client 2] [id: /tf] publish: Cannot infer topic type for topic /tf as it is not yet advertised
1758342850.077288866 ERROR /rosbridge_websocket [protocol.py:399(RosbridgeProtocol.log)] [topics: /client_count, /rosout, /connected_clients] [Client 4] [id: /Competition_topic] publish: Cannot infer topic type for topic /Competition_topic as it is not yet advertised
1758342850.078519821 ERROR /rosbridge_websocket [protocol.py:399(RosbridgeProtocol.log)] [topics: /client_count, /rosout, /connected_clients] [Client 6] [id: /Ego_topic] publish: Cannot infer topic type for topic /Ego_topic as it is not yet advertised
1758342850.079915761 ERROR /rosbridge_websocket [protocol.py:399(RosbridgeProtocol.log)] [topics: /client_count, /rosout, /connected_clients] [Client 5] [id: /Object_topic] publish: Cannot infer topic type for topic /Object_topic as it is not yet advertised
1758342850.088340044 ERROR /rosbridge_websocket [protocol.py:399(RosbridgeProtocol.log)] [topics: /client_count, /rosout, /connected_clients] [Client 6] [id: /Ego_topic] publish: Cannot infer topic type for topic /Ego_topic as it is not yet advertised
1758342850.090011835 ERROR /rosbridge_websocket [protocol.py:399(RosbridgeProtocol.log)] [topics: /client_count, /rosout, /connected_clients] [Client 5] [id: /Object_topic] publish: Cannot infer topic type for topic /Object_topic as it is not yet advertised
1758342850.091244220 ERROR /rosbridge_websocket [protocol.py:399(RosbridgeProtocol.log)] [topics: /client_count, /rosout, /connected_clients] [Client 1] [id: /CollisionData] publish: Cannot infer topic type for topic /CollisionData as it is not yet advertised
1758342850.092632055 ERROR /rosbridge_websocket [protocol.py:399(RosbridgeProtocol.log)] [topics: /client_count, /rosout, /connected_clients] [Client 2] [id: /tf] publish: Cannot infer topic type for topic /tf as it is not yet advertised
1758342850.106122016 ERROR /rosbridge_websocket [protocol.py:399(RosbridgeProtocol.log)] [topics: /client_count, /rosout, /connected_clients] [Client 1] [id: /CollisionData] publish: Cannot infer topic type for topic /CollisionData as it is not yet advertised
1758342850.108086109 ERROR /rosbridge_websocket [protocol.py:399(RosbridgeProtocol.log)] [topics: /client_count, /rosout, /connected_clients] [Client 6] [id: /Ego_topic] publish: Cannot infer topic type for topic /Ego_topic as it is not yet advertised
1758342850.110294818 ERROR /rosbridge_websocket [protocol.py:399(RosbridgeProtocol.log)] [topics: /client_count, /rosout, /connected_clients] [Client 5] [id: /Object_topic] publish: Cannot infer topic type for topic /Object_topic as it is not yet advertised
1758342850.111516237 ERROR /rosbridge_websocket [protocol.py:399(RosbridgeProtocol.log)] [topics: /client_count, /rosout, /connected_clients] [Client 4] [id: /Competition_topic] publish: Cannot infer topic type for topic /Competition_topic as it is not yet advertised
1758342850.113281488 ERROR /rosbridge_websocket [protocol.py:399(RosbridgeProtocol.log)] [topics: /client_count, /rosout, /connected_clients] [Client 2] [id: /tf] publish: Cannot infer topic type for topic /tf as it is not yet advertised
1758342850.121886253 ERROR /rosbridge_websocket [protocol.py:399(RosbridgeProtocol.log)] [topics: /client_count, /rosout, /connected_clients] [Client 6] [id: /Ego_topic] publish: Cannot infer topic type for topic /Ego_topic as it is not yet advertised
1758342850.123728036 ERROR /rosbridge_websocket [protocol.py:399(RosbridgeProtocol.log)] [topics: /client_count, /rosout, /connected_clients] [Client 1] [id: /CollisionData] publish: Cannot infer topic type for topic /CollisionData as it is not yet advertised
1758342850.124980688 ERROR /rosbridge_websocket [protocol.py:399(RosbridgeProtocol.log)] [topics: /client_count, /rosout, /connected_clients] [Client 4] [id: /Competition_topic] publish: Cannot infer topic type for topic /Competition_topic as it is not yet advertised
1758342850.126299619 ERROR /rosbridge_websocket [protocol.py:399(RosbridgeProtocol.log)] [topics: /client_count, /rosout, /connected_clients] [Client 5] [id: /Object_topic] publish: Cannot infer topic type for topic /Object_topic as it is not yet advertised
1758342850.141169071 ERROR /rosbridge_websocket [protocol.py:399(RosbridgeProtocol.log)] [topics: /client_count, /rosout, /connected_clients] [Client 6] [id: /Ego_topic] publish: Cannot infer topic type for topic /Ego_topic as it is not yet advertised
1758342850.143347024 ERROR /rosbridge_websocket [protocol.py:399(RosbridgeProtocol.log)] [topics: /client_count, /rosout, /connected_clients] [Client 5] [id: /Object_topic] publish: Cannot infer topic type for topic /Object_topic as it is not yet advertised
1758342850.144868612 ERROR /rosbridge_websocket [protocol.py:399(RosbridgeProtocol.log)] [topics: /client_count, /rosout, /connected_clients] [Client 2] [id: /tf] publish: Cannot infer topic type for topic /tf as it is not yet advertised
1758342850.146033525 ERROR /rosbridge_websocket [protocol.py:399(RosbridgeProtocol.log)] [topics: /client_count, /rosout, /connected_clients] [Client 4] [id: /Competition_topic] publish: Cannot infer topic type for topic /Competition_topic as it is not yet advertised
1758342850.149841308 ERROR /rosbridge_websocket [protocol.py:399(RosbridgeProtocol.log)] [topics: /client_count, /rosout, /connected_clients] [Client 1] [id: /CollisionData] publish: Cannot infer topic type for topic /CollisionData as it is not yet advertised
1758342850.154175758 ERROR /rosbridge_websocket [protocol.py:399(RosbridgeProtocol.log)] [topics: /client_count, /rosout, /connected_clients] [Client 4] [id: /Competition_topic] publish: Cannot infer topic type for topic /Competition_topic as it is not yet advertised
1758342850.155409097 ERROR /rosbridge_websocket [protocol.py:399(RosbridgeProtocol.log)] [topics: /client_count, /rosout, /connected_clients] [Client 2] [id: /tf] publish: Cannot infer topic type for topic /tf as it is not yet advertised
1758342850.156667947 ERROR /rosbridge_websocket [protocol.py:399(RosbridgeProtocol.log)] [topics: /client_count, /rosout, /connected_clients] [Client 6] [id: /Ego_topic] publish: Cannot infer topic type for topic /Ego_topic as it is not yet advertised
1758342850.172777414 ERROR /rosbridge_websocket [protocol.py:399(RosbridgeProtocol.log)] [topics: /client_count, /rosout, /connected_clients] [Client 5] [id: /Object_topic] publish: Cannot infer topic type for topic /Object_topic as it is not yet advertised
1758342850.174935817 ERROR /rosbridge_websocket [protocol.py:399(RosbridgeProtocol.log)] [topics: /client_count, /rosout, /connected_clients] [Client 4] [id: /Competition_topic] publish: Cannot infer topic type for topic /Competition_topic as it is not yet advertised
1758342850.176273584 ERROR /rosbridge_websocket [protocol.py:399(RosbridgeProtocol.log)] [topics: /client_count, /rosout, /connected_clients] [Client 2] [id: /tf] publish: Cannot infer topic type for topic /tf as it is not yet advertised
1758342850.177401065 ERROR /rosbridge_websocket [protocol.py:399(RosbridgeProtocol.log)] [topics: /client_count, /rosout, /connected_clients] [Client 1] [id: /CollisionData] publish: Cannot infer topic type for topic /CollisionData as it is not yet advertised
1758342850.191120862 ERROR /rosbridge_websocket [protocol.py:399(RosbridgeProtocol.log)] [topics: /client_count, /rosout, /connected_clients] [Client 4] [id: /Competition_topic] publish: Cannot infer topic type for topic /Competition_topic as it is not yet advertised
1758342850.193260431 ERROR /rosbridge_websocket [protocol.py:399(RosbridgeProtocol.log)] [topics: /client_count, /rosout, /connected_clients] [Client 1] [id: /CollisionData] publish: Cannot infer topic type for topic /CollisionData as it is not yet advertised
1758342850.194816112 ERROR /rosbridge_websocket [protocol.py:399(RosbridgeProtocol.log)] [topics: /client_count, /rosout, /connected_clients] [Client 5] [id: /Object_topic] publish: Cannot infer topic type for topic /Object_topic as it is not yet advertised
1758342850.196317434 ERROR /rosbridge_websocket [protocol.py:399(RosbridgeProtocol.log)] [topics: /client_count, /rosout, /connected_clients] [Client 6] [id: /Ego_topic] publish: Cannot infer topic type for topic /Ego_topic as it is not yet advertised
1758342850.197554588 ERROR /rosbridge_websocket [protocol.py:399(RosbridgeProtocol.log)] [topics: /client_count, /rosout, /connected_clients] [Client 2] [id: /tf] publish: Cannot infer topic type for topic /tf as it is not yet advertised
1758342850.246912240 ERROR /rosbridge_websocket [protocol.py:399(RosbridgeProtocol.log)] [topics: /client_count, /rosout, /connected_clients] [Client 2] [id: /tf] publish: Cannot infer topic type for topic /tf as it is not yet advertised
1758342850.249922990 ERROR /rosbridge_websocket [protocol.py:399(RosbridgeProtocol.log)] [topics: /client_count, /rosout, /connected_clients] [Client 6] [id: /Ego_topic] publish: Cannot infer topic type for topic /Ego_topic as it is not yet advertised
1758342850.253899812 ERROR /rosbridge_websocket [protocol.py:399(RosbridgeProtocol.log)] [topics: /client_count, /rosout, /connected_clients] [Client 4] [id: /Competition_topic] publish: Cannot infer topic type for topic /Competition_topic as it is not yet advertised
1758342850.257310628 ERROR /rosbridge_websocket [protocol.py:399(RosbridgeProtocol.log)] [topics: /client_count, /rosout, /connected_clients] [Client 5] [id: /Object_topic] publish: Cannot infer topic type for topic /Object_topic as it is not yet advertised
1758342850.258852958 ERROR /rosbridge_websocket [protocol.py:399(RosbridgeProtocol.log)] [topics: /client_count, /rosout, /connected_clients] [Client 1] [id: /CollisionData] publish: Cannot infer topic type for topic /CollisionData as it is not yet advertised
1758342850.262609720 ERROR /rosbridge_websocket [protocol.py:399(RosbridgeProtocol.log)] [topics: /client_count, /rosout, /connected_clients] [Client 2] [id: /tf] publish: Cannot infer topic type for topic /tf as it is not yet advertised
1758342850.263886451 ERROR /rosbridge_websocket [protocol.py:399(RosbridgeProtocol.log)] [topics: /client_count, /rosout, /connected_clients] [Client 6] [id: /Ego_topic] publish: Cannot infer topic type for topic /Ego_topic as it is not yet advertised
1758342850.265153646 ERROR /rosbridge_websocket [protocol.py:399(RosbridgeProtocol.log)] [topics: /client_count, /rosout, /connected_clients] [Client 4] [id: /Competition_topic] publish: Cannot infer topic type for topic /Competition_topic as it is not yet advertised
1758342850.266510009 ERROR /rosbridge_websocket [protocol.py:399(RosbridgeProtocol.log)] [topics: /client_count, /rosout, /connected_clients] [Client 1] [id: /CollisionData] publish: Cannot infer topic type for topic /CollisionData as it is not yet advertised
1758342850.267673015 ERROR /rosbridge_websocket [protocol.py:399(RosbridgeProtocol.log)] [topics: /client_count, /rosout, /connected_clients] [Client 5] [id: /Object_topic] publish: Cannot infer topic type for topic /Object_topic as it is not yet advertised
1758342850.276333093 ERROR /rosbridge_websocket [protocol.py:399(RosbridgeProtocol.log)] [topics: /client_count, /rosout, /connected_clients] [Client 4] [id: /Competition_topic] publish: Cannot infer topic type for topic /Competition_topic as it is not yet advertised
1758342850.278027296 ERROR /rosbridge_websocket [protocol.py:399(RosbridgeProtocol.log)] [topics: /client_count, /rosout, /connected_clients] [Client 1] [id: /CollisionData] publish: Cannot infer topic type for topic /CollisionData as it is not yet advertised
1758342850.279219388 ERROR /rosbridge_websocket [protocol.py:399(RosbridgeProtocol.log)] [topics: /client_count, /rosout, /connected_clients] [Client 5] [id: /Object_topic] publish: Cannot infer topic type for topic /Object_topic as it is not yet advertised
1758342850.280573606 ERROR /rosbridge_websocket [protocol.py:399(RosbridgeProtocol.log)] [topics: /client_count, /rosout, /connected_clients] [Client 2] [id: /tf] publish: Cannot infer topic type for topic /tf as it is not yet advertised
1758342850.286345720 ERROR /rosbridge_websocket [protocol.py:399(RosbridgeProtocol.log)] [topics: /client_count, /rosout, /connected_clients] [Client 6] [id: /Ego_topic] publish: Cannot infer topic type for topic /Ego_topic as it is not yet advertised
1758342850.295210123 ERROR /rosbridge_websocket [protocol.py:399(RosbridgeProtocol.log)] [topics: /client_count, /rosout, /connected_clients] [Client 1] [id: /CollisionData] publish: Cannot infer topic type for topic /CollisionData as it is not yet advertised
1758342850.297408819 ERROR /rosbridge_websocket [protocol.py:399(RosbridgeProtocol.log)] [topics: /client_count, /rosout, /connected_clients] [Client 4] [id: /Competition_topic] publish: Cannot infer topic type for topic /Competition_topic as it is not yet advertised
1758342850.298695087 ERROR /rosbridge_websocket [protocol.py:399(RosbridgeProtocol.log)] [topics: /client_count, /rosout, /connected_clients] [Client 2] [id: /tf] publish: Cannot infer topic type for topic /tf as it is not yet advertised
1758342850.300036191 ERROR /rosbridge_websocket [protocol.py:399(RosbridgeProtocol.log)] [topics: /client_count, /rosout, /connected_clients] [Client 6] [id: /Ego_topic] publish: Cannot infer topic type for topic /Ego_topic as it is not yet advertised
1758342850.301168203 ERROR /rosbridge_websocket [protocol.py:399(RosbridgeProtocol.log)] [topics: /client_count, /rosout, /connected_clients] [Client 5] [id: /Object_topic] publish: Cannot infer topic type for topic /Object_topic as it is not yet advertised
1758342850.312360525 ERROR /rosbridge_websocket [protocol.py:399(RosbridgeProtocol.log)] [topics: /client_count, /rosout, /connected_clients] [Client 5] [id: /Object_topic] publish: Cannot infer topic type for topic /Object_topic as it is not yet advertised
1758342850.314239025 ERROR /rosbridge_websocket [protocol.py:399(RosbridgeProtocol.log)] [topics: /client_count, /rosout, /connected_clients] [Client 4] [id: /Competition_topic] publish: Cannot infer topic type for topic /Competition_topic as it is not yet advertised
1758342850.315527677 ERROR /rosbridge_websocket [protocol.py:399(RosbridgeProtocol.log)] [topics: /client_count, /rosout, /connected_clients] [Client 2] [id: /tf] publish: Cannot infer topic type for topic /tf as it is not yet advertised
1758342850.316962480 ERROR /rosbridge_websocket [protocol.py:399(RosbridgeProtocol.log)] [topics: /client_count, /rosout, /connected_clients] [Client 6] [id: /Ego_topic] publish: Cannot infer topic type for topic /Ego_topic as it is not yet advertised
1758342850.318235635 ERROR /rosbridge_websocket [protocol.py:399(RosbridgeProtocol.log)] [topics: /client_count, /rosout, /connected_clients] [Client 1] [id: /CollisionData] publish: Cannot infer topic type for topic /CollisionData as it is not yet advertised
1758342850.331260442 ERROR /rosbridge_websocket [protocol.py:399(RosbridgeProtocol.log)] [topics: /client_count, /rosout, /connected_clients] [Client 1] [id: /CollisionData] publish: Cannot infer topic type for topic /CollisionData as it is not yet advertised
1758342850.333774805 ERROR /rosbridge_websocket [protocol.py:399(RosbridgeProtocol.log)] [topics: /client_count, /rosout, /connected_clients] [Client 4] [id: /Competition_topic] publish: Cannot infer topic type for topic /Competition_topic as it is not yet advertised
1758342850.335479021 ERROR /rosbridge_websocket [protocol.py:399(RosbridgeProtocol.log)] [topics: /client_count, /rosout, /connected_clients] [Client 6] [id: /Ego_topic] publish: Cannot infer topic type for topic /Ego_topic as it is not yet advertised
1758342850.336985349 ERROR /rosbridge_websocket [protocol.py:399(RosbridgeProtocol.log)] [topics: /client_count, /rosout, /connected_clients] [Client 2] [id: /tf] publish: Cannot infer topic type for topic /tf as it is not yet advertised
1758342850.338727235 ERROR /rosbridge_websocket [protocol.py:399(RosbridgeProtocol.log)] [topics: /client_count, /rosout, /connected_clients] [Client 5] [id: /Object_topic] publish: Cannot infer topic type for topic /Object_topic as it is not yet advertised
1758342850.359581470 INFO /rosbridge_websocket [autobahn_websocket.py:195(RosbridgeWebSocket.onOpen)] [topics: /client_count, /rosout, /connected_clients] Client connected.  8 clients total.
1758342850.362576246 INFO /rosbridge_websocket [autobahn_websocket.py:195(RosbridgeWebSocket.onOpen)] [topics: /client_count, /rosout, /connected_clients] Client connected.  9 clients total.
1758342850.403846502 ERROR /rosbridge_websocket [protocol.py:399(RosbridgeProtocol.log)] [topics: /client_count, /rosout, /connected_clients] [Client 2] [id: /tf] publish: Cannot infer topic type for topic /tf as it is not yet advertised
1758342850.407298088 ERROR /rosbridge_websocket [protocol.py:399(RosbridgeProtocol.log)] [topics: /client_count, /rosout, /connected_clients] [Client 4] [id: /Competition_topic] publish: Cannot infer topic type for topic /Competition_topic as it is not yet advertised
1758342850.410436868 ERROR /rosbridge_websocket [protocol.py:399(RosbridgeProtocol.log)] [topics: /client_count, /rosout, /connected_clients] [Client 1] [id: /CollisionData] publish: Cannot infer topic type for topic /CollisionData as it is not yet advertised
1758342850.412118196 ERROR /rosbridge_websocket [protocol.py:399(RosbridgeProtocol.log)] [topics: /client_count, /rosout, /connected_clients] [Client 6] [id: /Ego_topic] publish: Cannot infer topic type for topic /Ego_topic as it is not yet advertised
1758342850.414392232 ERROR /rosbridge_websocket [protocol.py:399(RosbridgeProtocol.log)] [topics: /client_count, /rosout, /connected_clients] [Client 5] [id: /Object_topic] publish: Cannot infer topic type for topic /Object_topic as it is not yet advertised
1758342850.418660640 ERROR /rosbridge_websocket [protocol.py:399(RosbridgeProtocol.log)] [topics: /client_count, /rosout, /connected_clients] [Client 2] [id: /tf] publish: Cannot infer topic type for topic /tf as it is not yet advertised
1758342850.422807455 ERROR /rosbridge_websocket [protocol.py:399(RosbridgeProtocol.log)] [topics: /client_count, /rosout, /connected_clients] [Client 4] [id: /Competition_topic] publish: Cannot infer topic type for topic /Competition_topic as it is not yet advertised
1758342850.426161050 ERROR /rosbridge_websocket [protocol.py:399(RosbridgeProtocol.log)] [topics: /client_count, /rosout, /connected_clients] [Client 1] [id: /CollisionData] publish: Cannot infer topic type for topic /CollisionData as it is not yet advertised
1758342850.429103612 ERROR /rosbridge_websocket [protocol.py:399(RosbridgeProtocol.log)] [topics: /client_count, /rosout, /connected_clients] [Client 6] [id: /Ego_topic] publish: Cannot infer topic type for topic /Ego_topic as it is not yet advertised
1758342850.430534839 ERROR /rosbridge_websocket [protocol.py:399(RosbridgeProtocol.log)] [topics: /client_count, /rosout, /connected_clients] [Client 5] [id: /Object_topic] publish: Cannot infer topic type for topic /Object_topic as it is not yet advertised
1758342850.433368921 ERROR /rosbridge_websocket [protocol.py:399(RosbridgeProtocol.log)] [topics: /client_count, /rosout, /connected_clients] [Client 2] [id: /tf] publish: Cannot infer topic type for topic /tf as it is not yet advertised
1758342850.436886787 ERROR /rosbridge_websocket [protocol.py:399(RosbridgeProtocol.log)] [topics: /client_count, /rosout, /connected_clients] [Client 4] [id: /Competition_topic] publish: Cannot infer topic type for topic /Competition_topic as it is not yet advertised
1758342850.440511465 ERROR /rosbridge_websocket [protocol.py:399(RosbridgeProtocol.log)] [topics: /client_count, /rosout, /connected_clients] [Client 1] [id: /CollisionData] publish: Cannot infer topic type for topic /CollisionData as it is not yet advertised
1758342850.443323612 ERROR /rosbridge_websocket [protocol.py:399(RosbridgeProtocol.log)] [topics: /client_count, /rosout, /connected_clients] [Client 5] [id: /Object_topic] publish: Cannot infer topic type for topic /Object_topic as it is not yet advertised
1758342850.446872472 ERROR /rosbridge_websocket [protocol.py:399(RosbridgeProtocol.log)] [topics: /client_count, /rosout, /connected_clients] [Client 6] [id: /Ego_topic] publish: Cannot infer topic type for topic /Ego_topic as it is not yet advertised
1758342850.449195146 ERROR /rosbridge_websocket [protocol.py:399(RosbridgeProtocol.log)] [topics: /client_count, /rosout, /connected_clients] [Client 2] [id: /tf] publish: Cannot infer topic type for topic /tf as it is not yet advertised
1758342850.451717853 ERROR /rosbridge_websocket [protocol.py:399(RosbridgeProtocol.log)] [topics: /client_count, /rosout, /connected_clients] [Client 4] [id: /Competition_topic] publish: Cannot infer topic type for topic /Competition_topic as it is not yet advertised
1758342850.453496694 ERROR /rosbridge_websocket [protocol.py:399(RosbridgeProtocol.log)] [topics: /client_count, /rosout, /connected_clients] [Client 1] [id: /CollisionData] publish: Cannot infer topic type for topic /CollisionData as it is not yet advertised
1758342850.454667568 ERROR /rosbridge_websocket [protocol.py:399(RosbridgeProtocol.log)] [topics: /client_count, /rosout, /connected_clients] [Client 5] [id: /Object_topic] publish: Cannot infer topic type for topic /Object_topic as it is not yet advertised
1758342850.455842018 ERROR /rosbridge_websocket [protocol.py:399(RosbridgeProtocol.log)] [topics: /client_count, /rosout, /connected_clients] [Client 6] [id: /Ego_topic] publish: Cannot infer topic type for topic /Ego_topic as it is not yet advertised
1758342850.476261138 ERROR /rosbridge_websocket [protocol.py:399(RosbridgeProtocol.log)] [topics: /client_count, /rosout, /connected_clients] [Client 2] [id: /tf] publish: Cannot infer topic type for topic /tf as it is not yet advertised
1758342850.478219032 ERROR /rosbridge_websocket [protocol.py:399(RosbridgeProtocol.log)] [topics: /client_count, /rosout, /connected_clients] [Client 5] [id: /Object_topic] publish: Cannot infer topic type for topic /Object_topic as it is not yet advertised
1758342850.479435682 ERROR /rosbridge_websocket [protocol.py:399(RosbridgeProtocol.log)] [topics: /client_count, /rosout, /connected_clients] [Client 6] [id: /Ego_topic] publish: Cannot infer topic type for topic /Ego_topic as it is not yet advertised
1758342850.480679750 ERROR /rosbridge_websocket [protocol.py:399(RosbridgeProtocol.log)] [topics: /client_count, /rosout, /connected_clients] [Client 1] [id: /CollisionData] publish: Cannot infer topic type for topic /CollisionData as it is not yet advertised
1758342850.482087612 ERROR /rosbridge_websocket [protocol.py:399(RosbridgeProtocol.log)] [topics: /client_count, /rosout, /connected_clients] [Client 4] [id: /Competition_topic] publish: Cannot infer topic type for topic /Competition_topic as it is not yet advertised
1758342850.493569850 ERROR /rosbridge_websocket [protocol.py:399(RosbridgeProtocol.log)] [topics: /client_count, /rosout, /connected_clients] [Client 5] [id: /Object_topic] publish: Cannot infer topic type for topic /Object_topic as it is not yet advertised
1758342850.495904684 ERROR /rosbridge_websocket [protocol.py:399(RosbridgeProtocol.log)] [topics: /client_count, /rosout, /connected_clients] [Client 2] [id: /tf] publish: Cannot infer topic type for topic /tf as it is not yet advertised
1758342850.497635126 ERROR /rosbridge_websocket [protocol.py:399(RosbridgeProtocol.log)] [topics: /client_count, /rosout, /connected_clients] [Client 1] [id: /CollisionData] publish: Cannot infer topic type for topic /CollisionData as it is not yet advertised
1758342850.502825021 ERROR /rosbridge_websocket [protocol.py:399(RosbridgeProtocol.log)] [topics: /client_count, /rosout, /connected_clients] [Client 4] [id: /Competition_topic] publish: Cannot infer topic type for topic /Competition_topic as it is not yet advertised
1758342850.507993698 ERROR /rosbridge_websocket [protocol.py:399(RosbridgeProtocol.log)] [topics: /client_count, /rosout, /connected_clients] [Client 6] [id: /Ego_topic] publish: Cannot infer topic type for topic /Ego_topic as it is not yet advertised
1758342850.515945672 ERROR /rosbridge_websocket [protocol.py:399(RosbridgeProtocol.log)] [topics: /client_count, /rosout, /connected_clients] [Client 2] [id: /tf] publish: Cannot infer topic type for topic /tf as it is not yet advertised
1758342850.518062591 ERROR /rosbridge_websocket [protocol.py:399(RosbridgeProtocol.log)] [topics: /client_count, /rosout, /connected_clients] [Client 5] [id: /Object_topic] publish: Cannot infer topic type for topic /Object_topic as it is not yet advertised
1758342850.521593332 ERROR /rosbridge_websocket [protocol.py:399(RosbridgeProtocol.log)] [topics: /client_count, /rosout, /connected_clients] [Client 6] [id: /Ego_topic] publish: Cannot infer topic type for topic /Ego_topic as it is not yet advertised
1758342850.524837493 ERROR /rosbridge_websocket [protocol.py:399(RosbridgeProtocol.log)] [topics: /client_count, /rosout, /connected_clients] [Client 1] [id: /CollisionData] publish: Cannot infer topic type for topic /CollisionData as it is not yet advertised
1758342850.528414011 ERROR /rosbridge_websocket [protocol.py:399(RosbridgeProtocol.log)] [topics: /client_count, /rosout, /connected_clients] [Client 4] [id: /Competition_topic] publish: Cannot infer topic type for topic /Competition_topic as it is not yet advertised
1758342850.533076286 ERROR /rosbridge_websocket [protocol.py:399(RosbridgeProtocol.log)] [topics: /client_count, /rosout, /connected_clients] [Client 2] [id: /tf] publish: Cannot infer topic type for topic /tf as it is not yet advertised
1758342850.535164117 ERROR /rosbridge_websocket [protocol.py:399(RosbridgeProtocol.log)] [topics: /client_count, /rosout, /connected_clients] [Client 5] [id: /Object_topic] publish: Cannot infer topic type for topic /Object_topic as it is not yet advertised
1758342850.539793014 ERROR /rosbridge_websocket [protocol.py:399(RosbridgeProtocol.log)] [topics: /client_count, /rosout, /connected_clients] [Client 6] [id: /Ego_topic] publish: Cannot infer topic type for topic /Ego_topic as it is not yet advertised
1758342850.545280933 ERROR /rosbridge_websocket [protocol.py:399(RosbridgeProtocol.log)] [topics: /client_count, /rosout, /connected_clients] [Client 1] [id: /CollisionData] publish: Cannot infer topic type for topic /CollisionData as it is not yet advertised
1758342850.548267602 ERROR /rosbridge_websocket [protocol.py:399(RosbridgeProtocol.log)] [topics: /client_count, /rosout, /connected_clients] [Client 4] [id: /Competition_topic] publish: Cannot infer topic type for topic /Competition_topic as it is not yet advertised
1758342850.550969839 ERROR /rosbridge_websocket [protocol.py:399(RosbridgeProtocol.log)] [topics: /client_count, /rosout, /connected_clients] [Client 2] [id: /tf] publish: Cannot infer topic type for topic /tf as it is not yet advertised
1758342850.553169012 ERROR /rosbridge_websocket [protocol.py:399(RosbridgeProtocol.log)] [topics: /client_count, /rosout, /connected_clients] [Client 5] [id: /Object_topic] publish: Cannot infer topic type for topic /Object_topic as it is not yet advertised
1758342850.556005716 ERROR /rosbridge_websocket [protocol.py:399(RosbridgeProtocol.log)] [topics: /client_count, /rosout, /connected_clients] [Client 6] [id: /Ego_topic] publish: Cannot infer topic type for topic /Ego_topic as it is not yet advertised
1758342850.557986736 ERROR /rosbridge_websocket [protocol.py:399(RosbridgeProtocol.log)] [topics: /client_count, /rosout, /connected_clients] [Client 1] [id: /CollisionData] publish: Cannot infer topic type for topic /CollisionData as it is not yet advertised
1758342850.559617042 ERROR /rosbridge_websocket [protocol.py:399(RosbridgeProtocol.log)] [topics: /client_count, /rosout, /connected_clients] [Client 4] [id: /Competition_topic] publish: Cannot infer topic type for topic /Competition_topic as it is not yet advertised
1758342850.580217599 ERROR /rosbridge_websocket [protocol.py:399(RosbridgeProtocol.log)] [topics: /client_count, /rosout, /connected_clients] [Client 5] [id: /Object_topic] publish: Cannot infer topic type for topic /Object_topic as it is not yet advertised
1758342850.582840919 ERROR /rosbridge_websocket [protocol.py:399(RosbridgeProtocol.log)] [topics: /client_count, /rosout, /connected_clients] [Client 2] [id: /tf] publish: Cannot infer topic type for topic /tf as it is not yet advertised
1758342850.585960149 ERROR /rosbridge_websocket [protocol.py:399(RosbridgeProtocol.log)] [topics: /client_count, /rosout, /connected_clients] [Client 6] [id: /Ego_topic] publish: Cannot infer topic type for topic /Ego_topic as it is not yet advertised
1758342850.591090202 ERROR /rosbridge_websocket [protocol.py:399(RosbridgeProtocol.log)] [topics: /client_count, /rosout, /connected_clients] [Client 4] [id: /Competition_topic] publish: Cannot infer topic type for topic /Competition_topic as it is not yet advertised
1758342850.595144987 ERROR /rosbridge_websocket [protocol.py:399(RosbridgeProtocol.log)] [topics: /client_count, /rosout, /connected_clients] [Client 1] [id: /CollisionData] publish: Cannot infer topic type for topic /CollisionData as it is not yet advertised
1758342850.598831892 ERROR /rosbridge_websocket [protocol.py:399(RosbridgeProtocol.log)] [topics: /client_count, /rosout, /connected_clients] [Client 2] [id: /tf] publish: Cannot infer topic type for topic /tf as it is not yet advertised
1758342850.602059125 ERROR /rosbridge_websocket [protocol.py:399(RosbridgeProtocol.log)] [topics: /client_count, /rosout, /connected_clients] [Client 6] [id: /Ego_topic] publish: Cannot infer topic type for topic /Ego_topic as it is not yet advertised
1758342850.605099916 ERROR /rosbridge_websocket [protocol.py:399(RosbridgeProtocol.log)] [topics: /client_count, /rosout, /connected_clients] [Client 5] [id: /Object_topic] publish: Cannot infer topic type for topic /Object_topic as it is not yet advertised
1758342850.610198974 ERROR /rosbridge_websocket [protocol.py:399(RosbridgeProtocol.log)] [topics: /client_count, /rosout, /connected_clients] [Client 4] [id: /Competition_topic] publish: Cannot infer topic type for topic /Competition_topic as it is not yet advertised
1758342850.613626956 ERROR /rosbridge_websocket [protocol.py:399(RosbridgeProtocol.log)] [topics: /client_count, /rosout, /connected_clients] [Client 1] [id: /CollisionData] publish: Cannot infer topic type for topic /CollisionData as it is not yet advertised
1758342850.618310689 ERROR /rosbridge_websocket [protocol.py:399(RosbridgeProtocol.log)] [topics: /client_count, /rosout, /connected_clients] [Client 2] [id: /tf] publish: Cannot infer topic type for topic /tf as it is not yet advertised
1758342850.620257377 ERROR /rosbridge_websocket [protocol.py:399(RosbridgeProtocol.log)] [topics: /client_count, /rosout, /connected_clients] [Client 5] [id: /Object_topic] publish: Cannot infer topic type for topic /Object_topic as it is not yet advertised
1758342850.625688314 ERROR /rosbridge_websocket [protocol.py:399(RosbridgeProtocol.log)] [topics: /client_count, /rosout, /connected_clients] [Client 4] [id: /Competition_topic] publish: Cannot infer topic type for topic /Competition_topic as it is not yet advertised
1758342850.631869077 ERROR /rosbridge_websocket [protocol.py:399(RosbridgeProtocol.log)] [topics: /client_count, /rosout, /connected_clients] [Client 1] [id: /CollisionData] publish: Cannot infer topic type for topic /CollisionData as it is not yet advertised
1758342850.634899139 ERROR /rosbridge_websocket [protocol.py:399(RosbridgeProtocol.log)] [topics: /client_count, /rosout, /connected_clients] [Client 2] [id: /tf] publish: Cannot infer topic type for topic /tf as it is not yet advertised
1758342850.637714624 ERROR /rosbridge_websocket [protocol.py:399(RosbridgeProtocol.log)] [topics: /client_count, /rosout, /connected_clients] [Client 6] [id: /Ego_topic] publish: Cannot infer topic type for topic /Ego_topic as it is not yet advertised
1758342850.645699501 ERROR /rosbridge_websocket [protocol.py:399(RosbridgeProtocol.log)] [topics: /client_count, /rosout, /connected_clients] [Client 5] [id: /Object_topic] publish: Cannot infer topic type for topic /Object_topic as it is not yet advertised
1758342850.649137258 ERROR /rosbridge_websocket [protocol.py:399(RosbridgeProtocol.log)] [topics: /client_count, /rosout, /connected_clients] [Client 4] [id: /Competition_topic] publish: Cannot infer topic type for topic /Competition_topic as it is not yet advertised
1758342850.653137683 ERROR /rosbridge_websocket [protocol.py:399(RosbridgeProtocol.log)] [topics: /client_count, /rosout, /connected_clients] [Client 1] [id: /CollisionData] publish: Cannot infer topic type for topic /CollisionData as it is not yet advertised
1758342850.657255411 ERROR /rosbridge_websocket [protocol.py:399(RosbridgeProtocol.log)] [topics: /client_count, /rosout, /connected_clients] [Client 2] [id: /tf] publish: Cannot infer topic type for topic /tf as it is not yet advertised
1758342850.660263776 ERROR /rosbridge_websocket [protocol.py:399(RosbridgeProtocol.log)] [topics: /client_count, /rosout, /connected_clients] [Client 6] [id: /Ego_topic] publish: Cannot infer topic type for topic /Ego_topic as it is not yet advertised
1758342850.662583351 ERROR /rosbridge_websocket [protocol.py:399(RosbridgeProtocol.log)] [topics: /client_count, /rosout, /connected_clients] [Client 5] [id: /Object_topic] publish: Cannot infer topic type for topic /Object_topic as it is not yet advertised
1758342850.665369510 ERROR /rosbridge_websocket [protocol.py:399(RosbridgeProtocol.log)] [topics: /client_count, /rosout, /connected_clients] [Client 4] [id: /Competition_topic] publish: Cannot infer topic type for topic /Competition_topic as it is not yet advertised
1758342850.666792631 ERROR /rosbridge_websocket [protocol.py:399(RosbridgeProtocol.log)] [topics: /client_count, /rosout, /connected_clients] [Client 1] [id: /CollisionData] publish: Cannot infer topic type for topic /CollisionData as it is not yet advertised
1758342850.668836116 ERROR /rosbridge_websocket [protocol.py:399(RosbridgeProtocol.log)] [topics: /client_count, /rosout, /connected_clients] [Client 6] [id: /Ego_topic] publish: Cannot infer topic type for topic /Ego_topic as it is not yet advertised
1758342850.680713415 ERROR /rosbridge_websocket [protocol.py:399(RosbridgeProtocol.log)] [topics: /client_count, /rosout, /connected_clients] [Client 2] [id: /tf] publish: Cannot infer topic type for topic /tf as it is not yet advertised
1758342850.683726310 ERROR /rosbridge_websocket [protocol.py:399(RosbridgeProtocol.log)] [topics: /client_count, /rosout, /connected_clients] [Client 1] [id: /CollisionData] publish: Cannot infer topic type for topic /CollisionData as it is not yet advertised
1758342850.686193704 ERROR /rosbridge_websocket [protocol.py:399(RosbridgeProtocol.log)] [topics: /client_count, /rosout, /connected_clients] [Client 4] [id: /Competition_topic] publish: Cannot infer topic type for topic /Competition_topic as it is not yet advertised
1758342850.692572116 ERROR /rosbridge_websocket [protocol.py:399(RosbridgeProtocol.log)] [topics: /client_count, /rosout, /connected_clients] [Client 6] [id: /Ego_topic] publish: Cannot infer topic type for topic /Ego_topic as it is not yet advertised
1758342850.697983741 ERROR /rosbridge_websocket [protocol.py:399(RosbridgeProtocol.log)] [topics: /client_count, /rosout, /connected_clients] [Client 5] [id: /Object_topic] publish: Cannot infer topic type for topic /Object_topic as it is not yet advertised
1758342850.700132131 ERROR /rosbridge_websocket [protocol.py:399(RosbridgeProtocol.log)] [topics: /client_count, /rosout, /connected_clients] [Client 4] [id: /Competition_topic] publish: Cannot infer topic type for topic /Competition_topic as it is not yet advertised
1758342850.702865839 ERROR /rosbridge_websocket [protocol.py:399(RosbridgeProtocol.log)] [topics: /client_count, /rosout, /connected_clients] [Client 2] [id: /tf] publish: Cannot infer topic type for topic /tf as it is not yet advertised
1758342850.708458423 ERROR /rosbridge_websocket [protocol.py:399(RosbridgeProtocol.log)] [topics: /client_count, /rosout, /connected_clients] [Client 1] [id: /CollisionData] publish: Cannot infer topic type for topic /CollisionData as it is not yet advertised
1758342850.712362527 ERROR /rosbridge_websocket [protocol.py:399(RosbridgeProtocol.log)] [topics: /client_count, /rosout, /connected_clients] [Client 6] [id: /Ego_topic] publish: Cannot infer topic type for topic /Ego_topic as it is not yet advertised
1758342850.714670419 ERROR /rosbridge_websocket [protocol.py:399(RosbridgeProtocol.log)] [topics: /client_count, /rosout, /connected_clients] [Client 5] [id: /Object_topic] publish: Cannot infer topic type for topic /Object_topic as it is not yet advertised
1758342850.717656373 ERROR /rosbridge_websocket [protocol.py:399(RosbridgeProtocol.log)] [topics: /client_count, /rosout, /connected_clients] [Client 4] [id: /Competition_topic] publish: Cannot infer topic type for topic /Competition_topic as it is not yet advertised
1758342850.721330165 ERROR /rosbridge_websocket [protocol.py:399(RosbridgeProtocol.log)] [topics: /client_count, /rosout, /connected_clients] [Client 2] [id: /tf] publish: Cannot infer topic type for topic /tf as it is not yet advertised
1758342850.726904392 ERROR /rosbridge_websocket [protocol.py:399(RosbridgeProtocol.log)] [topics: /client_count, /rosout, /connected_clients] [Client 1] [id: /CollisionData] publish: Cannot infer topic type for topic /CollisionData as it is not yet advertised
1758342850.730595827 ERROR /rosbridge_websocket [protocol.py:399(RosbridgeProtocol.log)] [topics: /client_count, /rosout, /connected_clients] [Client 5] [id: /Object_topic] publish: Cannot infer topic type for topic /Object_topic as it is not yet advertised
1758342850.734297037 ERROR /rosbridge_websocket [protocol.py:399(RosbridgeProtocol.log)] [topics: /client_count, /rosout, /connected_clients] [Client 6] [id: /Ego_topic] publish: Cannot infer topic type for topic /Ego_topic as it is not yet advertised
1758342850.740025758 ERROR /rosbridge_websocket [protocol.py:399(RosbridgeProtocol.log)] [topics: /client_count, /rosout, /connected_clients] [Client 2] [id: /tf] publish: Cannot infer topic type for topic /tf as it is not yet advertised
1758342850.742300748 ERROR /rosbridge_websocket [protocol.py:399(RosbridgeProtocol.log)] [topics: /client_count, /rosout, /connected_clients] [Client 4] [id: /Competition_topic] publish: Cannot infer topic type for topic /Competition_topic as it is not yet advertised
1758342850.745654344 ERROR /rosbridge_websocket [protocol.py:399(RosbridgeProtocol.log)] [topics: /client_count, /rosout, /connected_clients] [Client 1] [id: /CollisionData] publish: Cannot infer topic type for topic /CollisionData as it is not yet advertised
1758342850.749997377 ERROR /rosbridge_websocket [protocol.py:399(RosbridgeProtocol.log)] [topics: /client_count, /rosout, /connected_clients] [Client 5] [id: /Object_topic] publish: Cannot infer topic type for topic /Object_topic as it is not yet advertised
1758342850.753814220 ERROR /rosbridge_websocket [protocol.py:399(RosbridgeProtocol.log)] [topics: /client_count, /rosout, /connected_clients] [Client 6] [id: /Ego_topic] publish: Cannot infer topic type for topic /Ego_topic as it is not yet advertised
1758342850.757991790 ERROR /rosbridge_websocket [protocol.py:399(RosbridgeProtocol.log)] [topics: /client_count, /rosout, /connected_clients] [Client 2] [id: /tf] publish: Cannot infer topic type for topic /tf as it is not yet advertised
1758342850.760678052 ERROR /rosbridge_websocket [protocol.py:399(RosbridgeProtocol.log)] [topics: /client_count, /rosout, /connected_clients] [Client 4] [id: /Competition_topic] publish: Cannot infer topic type for topic /Competition_topic as it is not yet advertised
1758342850.763988494 ERROR /rosbridge_websocket [protocol.py:399(RosbridgeProtocol.log)] [topics: /client_count, /rosout, /connected_clients] [Client 1] [id: /CollisionData] publish: Cannot infer topic type for topic /CollisionData as it is not yet advertised
1758342850.768137693 ERROR /rosbridge_websocket [protocol.py:399(RosbridgeProtocol.log)] [topics: /client_count, /rosout, /connected_clients] [Client 5] [id: /Object_topic] publish: Cannot infer topic type for topic /Object_topic as it is not yet advertised
1758342850.770658254 ERROR /rosbridge_websocket [protocol.py:399(RosbridgeProtocol.log)] [topics: /client_count, /rosout, /connected_clients] [Client 6] [id: /Ego_topic] publish: Cannot infer topic type for topic /Ego_topic as it is not yet advertised
1758342850.774319887 ERROR /rosbridge_websocket [protocol.py:399(RosbridgeProtocol.log)] [topics: /client_count, /rosout, /connected_clients] [Client 2] [id: /tf] publish: Cannot infer topic type for topic /tf as it is not yet advertised
1758342850.777176141 ERROR /rosbridge_websocket [protocol.py:399(RosbridgeProtocol.log)] [topics: /client_count, /rosout, /connected_clients] [Client 4] [id: /Competition_topic] publish: Cannot infer topic type for topic /Competition_topic as it is not yet advertised
1758342850.784651279 ERROR /rosbridge_websocket [protocol.py:399(RosbridgeProtocol.log)] [topics: /client_count, /rosout, /connected_clients] [Client 1] [id: /CollisionData] publish: Cannot infer topic type for topic /CollisionData as it is not yet advertised
1758342850.787770271 ERROR /rosbridge_websocket [protocol.py:399(RosbridgeProtocol.log)] [topics: /client_count, /rosout, /connected_clients] [Client 5] [id: /Object_topic] publish: Cannot infer topic type for topic /Object_topic as it is not yet advertised
1758342850.804613351 ERROR /rosbridge_websocket [protocol.py:399(RosbridgeProtocol.log)] [topics: /client_count, /rosout, /connected_clients] [Client 6] [id: /Ego_topic] publish: Cannot infer topic type for topic /Ego_topic as it is not yet advertised
1758342850.809276819 ERROR /rosbridge_websocket [protocol.py:399(RosbridgeProtocol.log)] [topics: /client_count, /rosout, /connected_clients] [Client 1] [id: /CollisionData] publish: Cannot infer topic type for topic /CollisionData as it is not yet advertised
1758342850.813829421 ERROR /rosbridge_websocket [protocol.py:399(RosbridgeProtocol.log)] [topics: /client_count, /rosout, /connected_clients] [Client 2] [id: /tf] publish: Cannot infer topic type for topic /tf as it is not yet advertised
1758342850.870642423 ERROR /rosbridge_websocket [protocol.py:399(RosbridgeProtocol.log)] [topics: /client_count, /rosout, /connected_clients] [Client 4] [id: /Competition_topic] publish: Cannot infer topic type for topic /Competition_topic as it is not yet advertised
1758342850.874904155 ERROR /rosbridge_websocket [protocol.py:399(RosbridgeProtocol.log)] [topics: /client_count, /rosout, /connected_clients] [Client 5] [id: /Object_topic] publish: Cannot infer topic type for topic /Object_topic as it is not yet advertised
1758342850.895336389 ERROR /rosbridge_websocket [protocol.py:399(RosbridgeProtocol.log)] [topics: /client_count, /rosout, /connected_clients] [Client 6] [id: /Ego_topic] publish: Cannot infer topic type for topic /Ego_topic as it is not yet advertised
1758342850.912364482 ERROR /rosbridge_websocket [protocol.py:399(RosbridgeProtocol.log)] [topics: /client_count, /rosout, /connected_clients] [Client 1] [id: /CollisionData] publish: Cannot infer topic type for topic /CollisionData as it is not yet advertised
1758342850.916079044 ERROR /rosbridge_websocket [protocol.py:399(RosbridgeProtocol.log)] [topics: /client_count, /rosout, /connected_clients] [Client 2] [id: /tf] publish: Cannot infer topic type for topic /tf as it is not yet advertised
1758342850.932513236 ERROR /rosbridge_websocket [protocol.py:399(RosbridgeProtocol.log)] [topics: /client_count, /rosout, /connected_clients] [Client 4] [id: /Competition_topic] publish: Cannot infer topic type for topic /Competition_topic as it is not yet advertised
1758342850.944108724 ERROR /rosbridge_websocket [protocol.py:399(RosbridgeProtocol.log)] [topics: /client_count, /rosout, /connected_clients] [Client 5] [id: /Object_topic] publish: Cannot infer topic type for topic /Object_topic as it is not yet advertised
1758342850.946660518 ERROR /rosbridge_websocket [protocol.py:399(RosbridgeProtocol.log)] [topics: /client_count, /rosout, /connected_clients] [Client 6] [id: /Ego_topic] publish: Cannot infer topic type for topic /Ego_topic as it is not yet advertised
1758342850.950646638 ERROR /rosbridge_websocket [protocol.py:399(RosbridgeProtocol.log)] [topics: /client_count, /rosout, /connected_clients] [Client 1] [id: /CollisionData] publish: Cannot infer topic type for topic /CollisionData as it is not yet advertised
1758342850.955516099 ERROR /rosbridge_websocket [protocol.py:399(RosbridgeProtocol.log)] [topics: /client_count, /rosout, /connected_clients] [Client 2] [id: /tf] publish: Cannot infer topic type for topic /tf as it is not yet advertised
1758342850.959073781 ERROR /rosbridge_websocket [protocol.py:399(RosbridgeProtocol.log)] [topics: /client_count, /rosout, /connected_clients] [Client 4] [id: /Competition_topic] publish: Cannot infer topic type for topic /Competition_topic as it is not yet advertised
1758342850.961789369 ERROR /rosbridge_websocket [protocol.py:399(RosbridgeProtocol.log)] [topics: /client_count, /rosout, /connected_clients] [Client 5] [id: /Object_topic] publish: Cannot infer topic type for topic /Object_topic as it is not yet advertised
1758342850.966207027 ERROR /rosbridge_websocket [protocol.py:399(RosbridgeProtocol.log)] [topics: /client_count, /rosout, /connected_clients] [Client 6] [id: /Ego_topic] publish: Cannot infer topic type for topic /Ego_topic as it is not yet advertised
1758342850.969789743 ERROR /rosbridge_websocket [protocol.py:399(RosbridgeProtocol.log)] [topics: /client_count, /rosout, /connected_clients] [Client 1] [id: /CollisionData] publish: Cannot infer topic type for topic /CollisionData as it is not yet advertised
1758342850.972407579 ERROR /rosbridge_websocket [protocol.py:399(RosbridgeProtocol.log)] [topics: /client_count, /rosout, /connected_clients] [Client 2] [id: /tf] publish: Cannot infer topic type for topic /tf as it is not yet advertised
1758342850.975858926 ERROR /rosbridge_websocket [protocol.py:399(RosbridgeProtocol.log)] [topics: /client_count, /rosout, /connected_clients] [Client 5] [id: /Object_topic] publish: Cannot infer topic type for topic /Object_topic as it is not yet advertised
1758342850.978029489 ERROR /rosbridge_websocket [protocol.py:399(RosbridgeProtocol.log)] [topics: /client_count, /rosout, /connected_clients] [Client 4] [id: /Competition_topic] publish: Cannot infer topic type for topic /Competition_topic as it is not yet advertised
1758342850.982119321 ERROR /rosbridge_websocket [protocol.py:399(RosbridgeProtocol.log)] [topics: /client_count, /rosout, /connected_clients] [Client 6] [id: /Ego_topic] publish: Cannot infer topic type for topic /Ego_topic as it is not yet advertised
1758342850.986196517 ERROR /rosbridge_websocket [protocol.py:399(RosbridgeProtocol.log)] [topics: /client_count, /rosout, /connected_clients] [Client 1] [id: /CollisionData] publish: Cannot infer topic type for topic /CollisionData as it is not yet advertised
1758342850.990230798 ERROR /rosbridge_websocket [protocol.py:399(RosbridgeProtocol.log)] [topics: /client_count, /rosout, /connected_clients] [Client 2] [id: /tf] publish: Cannot infer topic type for topic /tf as it is not yet advertised
1758342850.993743896 ERROR /rosbridge_websocket [protocol.py:399(RosbridgeProtocol.log)] [topics: /client_count, /rosout, /connected_clients] [Client 5] [id: /Object_topic] publish: Cannot infer topic type for topic /Object_topic as it is not yet advertised
1758342850.996470212 ERROR /rosbridge_websocket [protocol.py:399(RosbridgeProtocol.log)] [topics: /client_count, /rosout, /connected_clients] [Client 4] [id: /Competition_topic] publish: Cannot infer topic type for topic /Competition_topic as it is not yet advertised
1758342851.001005172 ERROR /rosbridge_websocket [protocol.py:399(RosbridgeProtocol.log)] [topics: /client_count, /rosout, /connected_clients] [Client 6] [id: /Ego_topic] publish: Cannot infer topic type for topic /Ego_topic as it is not yet advertised
1758342851.004523515 ERROR /rosbridge_websocket [protocol.py:399(RosbridgeProtocol.log)] [topics: /client_count, /rosout, /connected_clients] [Client 1] [id: /CollisionData] publish: Cannot infer topic type for topic /CollisionData as it is not yet advertised
1758342851.009212970 ERROR /rosbridge_websocket [protocol.py:399(RosbridgeProtocol.log)] [topics: /client_count, /rosout, /connected_clients] [Client 2] [id: /tf] publish: Cannot infer topic type for topic /tf as it is not yet advertised
1758342851.012178421 ERROR /rosbridge_websocket [protocol.py:399(RosbridgeProtocol.log)] [topics: /client_count, /rosout, /connected_clients] [Client 5] [id: /Object_topic] publish: Cannot infer topic type for topic /Object_topic as it is not yet advertised
1758342851.016199111 ERROR /rosbridge_websocket [protocol.py:399(RosbridgeProtocol.log)] [topics: /client_count, /rosout, /connected_clients] [Client 4] [id: /Competition_topic] publish: Cannot infer topic type for topic /Competition_topic as it is not yet advertised
1758342851.020081520 ERROR /rosbridge_websocket [protocol.py:399(RosbridgeProtocol.log)] [topics: /client_count, /rosout, /connected_clients] [Client 6] [id: /Ego_topic] publish: Cannot infer topic type for topic /Ego_topic as it is not yet advertised
1758342851.023186683 ERROR /rosbridge_websocket [protocol.py:399(RosbridgeProtocol.log)] [topics: /client_count, /rosout, /connected_clients] [Client 1] [id: /CollisionData] publish: Cannot infer topic type for topic /CollisionData as it is not yet advertised
1758342851.026919841 ERROR /rosbridge_websocket [protocol.py:399(RosbridgeProtocol.log)] [topics: /client_count, /rosout, /connected_clients] [Client 2] [id: /tf] publish: Cannot infer topic type for topic /tf as it is not yet advertised
1758342851.029996395 ERROR /rosbridge_websocket [protocol.py:399(RosbridgeProtocol.log)] [topics: /client_count, /rosout, /connected_clients] [Client 5] [id: /Object_topic] publish: Cannot infer topic type for topic /Object_topic as it is not yet advertised
1758342851.033480644 ERROR /rosbridge_websocket [protocol.py:399(RosbridgeProtocol.log)] [topics: /client_count, /rosout, /connected_clients] [Client 4] [id: /Competition_topic] publish: Cannot infer topic type for topic /Competition_topic as it is not yet advertised
1758342851.035794258 ERROR /rosbridge_websocket [protocol.py:399(RosbridgeProtocol.log)] [topics: /client_count, /rosout, /connected_clients] [Client 1] [id: /CollisionData] publish: Cannot infer topic type for topic /CollisionData as it is not yet advertised
1758342851.038465976 ERROR /rosbridge_websocket [protocol.py:399(RosbridgeProtocol.log)] [topics: /client_count, /rosout, /connected_clients] [Client 6] [id: /Ego_topic] publish: Cannot infer topic type for topic /Ego_topic as it is not yet advertised
1758342851.042006015 ERROR /rosbridge_websocket [protocol.py:399(RosbridgeProtocol.log)] [topics: /client_count, /rosout, /connected_clients] [Client 2] [id: /tf] publish: Cannot infer topic type for topic /tf as it is not yet advertised
1758342851.045234918 ERROR /rosbridge_websocket [protocol.py:399(RosbridgeProtocol.log)] [topics: /client_count, /rosout, /connected_clients] [Client 5] [id: /Object_topic] publish: Cannot infer topic type for topic /Object_topic as it is not yet advertised
1758342851.049059391 ERROR /rosbridge_websocket [protocol.py:399(RosbridgeProtocol.log)] [topics: /client_count, /rosout, /connected_clients] [Client 4] [id: /Competition_topic] publish: Cannot infer topic type for topic /Competition_topic as it is not yet advertised
1758342851.051952838 ERROR /rosbridge_websocket [protocol.py:399(RosbridgeProtocol.log)] [topics: /client_count, /rosout, /connected_clients] [Client 1] [id: /CollisionData] publish: Cannot infer topic type for topic /CollisionData as it is not yet advertised
1758342851.054203987 ERROR /rosbridge_websocket [protocol.py:399(RosbridgeProtocol.log)] [topics: /client_count, /rosout, /connected_clients] [Client 6] [id: /Ego_topic] publish: Cannot infer topic type for topic /Ego_topic as it is not yet advertised
1758342851.058699846 ERROR /rosbridge_websocket [protocol.py:399(RosbridgeProtocol.log)] [topics: /client_count, /rosout, /connected_clients] [Client 2] [id: /tf] publish: Cannot infer topic type for topic /tf as it is not yet advertised
1758342851.060866832 ERROR /rosbridge_websocket [protocol.py:399(RosbridgeProtocol.log)] [topics: /client_count, /rosout, /connected_clients] [Client 5] [id: /Object_topic] publish: Cannot infer topic type for topic /Object_topic as it is not yet advertised
1758342851.065453290 ERROR /rosbridge_websocket [protocol.py:399(RosbridgeProtocol.log)] [topics: /client_count, /rosout, /connected_clients] [Client 4] [id: /Competition_topic] publish: Cannot infer topic type for topic /Competition_topic as it is not yet advertised
1758342851.069995164 ERROR /rosbridge_websocket [protocol.py:399(RosbridgeProtocol.log)] [topics: /client_count, /rosout, /connected_clients] [Client 1] [id: /CollisionData] publish: Cannot infer topic type for topic /CollisionData as it is not yet advertised
1758342851.072860479 ERROR /rosbridge_websocket [protocol.py:399(RosbridgeProtocol.log)] [topics: /client_count, /rosout, /connected_clients] [Client 6] [id: /Ego_topic] publish: Cannot infer topic type for topic /Ego_topic as it is not yet advertised
1758342851.076302051 ERROR /rosbridge_websocket [protocol.py:399(RosbridgeProtocol.log)] [topics: /client_count, /rosout, /connected_clients] [Client 2] [id: /tf] publish: Cannot infer topic type for topic /tf as it is not yet advertised
1758342851.078641414 ERROR /rosbridge_websocket [protocol.py:399(RosbridgeProtocol.log)] [topics: /client_count, /rosout, /connected_clients] [Client 5] [id: /Object_topic] publish: Cannot infer topic type for topic /Object_topic as it is not yet advertised
1758342851.082378149 ERROR /rosbridge_websocket [protocol.py:399(RosbridgeProtocol.log)] [topics: /client_count, /rosout, /connected_clients] [Client 4] [id: /Competition_topic] publish: Cannot infer topic type for topic /Competition_topic as it is not yet advertised
1758342851.086787939 ERROR /rosbridge_websocket [protocol.py:399(RosbridgeProtocol.log)] [topics: /client_count, /rosout, /connected_clients] [Client 1] [id: /CollisionData] publish: Cannot infer topic type for topic /CollisionData as it is not yet advertised
1758342851.088866710 ERROR /rosbridge_websocket [protocol.py:399(RosbridgeProtocol.log)] [topics: /client_count, /rosout, /connected_clients] [Client 6] [id: /Ego_topic] publish: Cannot infer topic type for topic /Ego_topic as it is not yet advertised
1758342851.093134164 ERROR /rosbridge_websocket [protocol.py:399(RosbridgeProtocol.log)] [topics: /client_count, /rosout, /connected_clients] [Client 2] [id: /tf] publish: Cannot infer topic type for topic /tf as it is not yet advertised
1758342851.096529960 ERROR /rosbridge_websocket [protocol.py:399(RosbridgeProtocol.log)] [topics: /client_count, /rosout, /connected_clients] [Client 5] [id: /Object_topic] publish: Cannot infer topic type for topic /Object_topic as it is not yet advertised
1758342851.099546909 ERROR /rosbridge_websocket [protocol.py:399(RosbridgeProtocol.log)] [topics: /client_count, /rosout, /connected_clients] [Client 4] [id: /Competition_topic] publish: Cannot infer topic type for topic /Competition_topic as it is not yet advertised
1758342851.103185892 ERROR /rosbridge_websocket [protocol.py:399(RosbridgeProtocol.log)] [topics: /client_count, /rosout, /connected_clients] [Client 6] [id: /Ego_topic] publish: Cannot infer topic type for topic /Ego_topic as it is not yet advertised
1758342851.105919599 ERROR /rosbridge_websocket [protocol.py:399(RosbridgeProtocol.log)] [topics: /client_count, /rosout, /connected_clients] [Client 1] [id: /CollisionData] publish: Cannot infer topic type for topic /CollisionData as it is not yet advertised
1758342851.109990119 ERROR /rosbridge_websocket [protocol.py:399(RosbridgeProtocol.log)] [topics: /client_count, /rosout, /connected_clients] [Client 2] [id: /tf] publish: Cannot infer topic type for topic /tf as it is not yet advertised
1758342851.113274574 ERROR /rosbridge_websocket [protocol.py:399(RosbridgeProtocol.log)] [topics: /client_count, /rosout, /connected_clients] [Client 5] [id: /Object_topic] publish: Cannot infer topic type for topic /Object_topic as it is not yet advertised
1758342851.116631507 ERROR /rosbridge_websocket [protocol.py:399(RosbridgeProtocol.log)] [topics: /client_count, /rosout, /connected_clients] [Client 4] [id: /Competition_topic] publish: Cannot infer topic type for topic /Competition_topic as it is not yet advertised
1758342851.120242595 ERROR /rosbridge_websocket [protocol.py:399(RosbridgeProtocol.log)] [topics: /client_count, /rosout, /connected_clients] [Client 6] [id: /Ego_topic] publish: Cannot infer topic type for topic /Ego_topic as it is not yet advertised
1758342851.123698711 ERROR /rosbridge_websocket [protocol.py:399(RosbridgeProtocol.log)] [topics: /client_count, /rosout, /connected_clients] [Client 1] [id: /CollisionData] publish: Cannot infer topic type for topic /CollisionData as it is not yet advertised
1758342851.126989364 ERROR /rosbridge_websocket [protocol.py:399(RosbridgeProtocol.log)] [topics: /client_count, /rosout, /connected_clients] [Client 2] [id: /tf] publish: Cannot infer topic type for topic /tf as it is not yet advertised
1758342851.131116867 ERROR /rosbridge_websocket [protocol.py:399(RosbridgeProtocol.log)] [topics: /client_count, /rosout, /connected_clients] [Client 5] [id: /Object_topic] publish: Cannot infer topic type for topic /Object_topic as it is not yet advertised
1758342851.134728908 ERROR /rosbridge_websocket [protocol.py:399(RosbridgeProtocol.log)] [topics: /client_count, /rosout, /connected_clients] [Client 4] [id: /Competition_topic] publish: Cannot infer topic type for topic /Competition_topic as it is not yet advertised
1758342851.138655185 ERROR /rosbridge_websocket [protocol.py:399(RosbridgeProtocol.log)] [topics: /client_count, /rosout, /connected_clients] [Client 6] [id: /Ego_topic] publish: Cannot infer topic type for topic /Ego_topic as it is not yet advertised
1758342851.142307043 ERROR /rosbridge_websocket [protocol.py:399(RosbridgeProtocol.log)] [topics: /client_count, /rosout, /connected_clients] [Client 1] [id: /CollisionData] publish: Cannot infer topic type for topic /CollisionData as it is not yet advertised
1758342851.145690679 ERROR /rosbridge_websocket [protocol.py:399(RosbridgeProtocol.log)] [topics: /client_count, /rosout, /connected_clients] [Client 2] [id: /tf] publish: Cannot infer topic type for topic /tf as it is not yet advertised
1758342851.149866342 ERROR /rosbridge_websocket [protocol.py:399(RosbridgeProtocol.log)] [topics: /client_count, /rosout, /connected_clients] [Client 5] [id: /Object_topic] publish: Cannot infer topic type for topic /Object_topic as it is not yet advertised
1758342851.152976989 ERROR /rosbridge_websocket [protocol.py:399(RosbridgeProtocol.log)] [topics: /client_count, /rosout, /connected_clients] [Client 4] [id: /Competition_topic] publish: Cannot infer topic type for topic /Competition_topic as it is not yet advertised
1758342851.156637191 ERROR /rosbridge_websocket [protocol.py:399(RosbridgeProtocol.log)] [topics: /client_count, /rosout, /connected_clients] [Client 6] [id: /Ego_topic] publish: Cannot infer topic type for topic /Ego_topic as it is not yet advertised
1758342851.159943580 ERROR /rosbridge_websocket [protocol.py:399(RosbridgeProtocol.log)] [topics: /client_count, /rosout, /connected_clients] [Client 1] [id: /CollisionData] publish: Cannot infer topic type for topic /CollisionData as it is not yet advertised
1758342851.162001371 ERROR /rosbridge_websocket [protocol.py:399(RosbridgeProtocol.log)] [topics: /client_count, /rosout, /connected_clients] [Client 2] [id: /tf] publish: Cannot infer topic type for topic /tf as it is not yet advertised
1758342851.167911052 ERROR /rosbridge_websocket [protocol.py:399(RosbridgeProtocol.log)] [topics: /client_count, /rosout, /connected_clients] [Client 5] [id: /Object_topic] publish: Cannot infer topic type for topic /Object_topic as it is not yet advertised
1758342851.171245336 ERROR /rosbridge_websocket [protocol.py:399(RosbridgeProtocol.log)] [topics: /client_count, /rosout, /connected_clients] [Client 4] [id: /Competition_topic] publish: Cannot infer topic type for topic /Competition_topic as it is not yet advertised
1758342851.174509048 ERROR /rosbridge_websocket [protocol.py:399(RosbridgeProtocol.log)] [topics: /client_count, /rosout, /connected_clients] [Client 6] [id: /Ego_topic] publish: Cannot infer topic type for topic /Ego_topic as it is not yet advertised
1758342851.179138422 ERROR /rosbridge_websocket [protocol.py:399(RosbridgeProtocol.log)] [topics: /client_count, /rosout, /connected_clients] [Client 1] [id: /CollisionData] publish: Cannot infer topic type for topic /CollisionData as it is not yet advertised
1758342851.183301687 ERROR /rosbridge_websocket [protocol.py:399(RosbridgeProtocol.log)] [topics: /client_count, /rosout, /connected_clients] [Client 2] [id: /tf] publish: Cannot infer topic type for topic /tf as it is not yet advertised
1758342851.186844348 ERROR /rosbridge_websocket [protocol.py:399(RosbridgeProtocol.log)] [topics: /client_count, /rosout, /connected_clients] [Client 5] [id: /Object_topic] publish: Cannot infer topic type for topic /Object_topic as it is not yet advertised
1758342851.190398454 ERROR /rosbridge_websocket [protocol.py:399(RosbridgeProtocol.log)] [topics: /client_count, /rosout, /connected_clients] [Client 4] [id: /Competition_topic] publish: Cannot infer topic type for topic /Competition_topic as it is not yet advertised
1758342851.193762063 ERROR /rosbridge_websocket [protocol.py:399(RosbridgeProtocol.log)] [topics: /client_count, /rosout, /connected_clients] [Client 6] [id: /Ego_topic] publish: Cannot infer topic type for topic /Ego_topic as it is not yet advertised
1758342851.198615312 ERROR /rosbridge_websocket [protocol.py:399(RosbridgeProtocol.log)] [topics: /client_count, /rosout, /connected_clients] [Client 1] [id: /CollisionData] publish: Cannot infer topic type for topic /CollisionData as it is not yet advertised
1758342851.201662063 ERROR /rosbridge_websocket [protocol.py:399(RosbridgeProtocol.log)] [topics: /client_count, /rosout, /connected_clients] [Client 2] [id: /tf] publish: Cannot infer topic type for topic /tf as it is not yet advertised
1758342851.203941583 ERROR /rosbridge_websocket [protocol.py:399(RosbridgeProtocol.log)] [topics: /client_count, /rosout, /connected_clients] [Client 5] [id: /Object_topic] publish: Cannot infer topic type for topic /Object_topic as it is not yet advertised
1758342851.209217071 ERROR /rosbridge_websocket [protocol.py:399(RosbridgeProtocol.log)] [topics: /client_count, /rosout, /connected_clients] [Client 4] [id: /Competition_topic] publish: Cannot infer topic type for topic /Competition_topic as it is not yet advertised
1758342851.213584423 ERROR /rosbridge_websocket [protocol.py:399(RosbridgeProtocol.log)] [topics: /client_count, /rosout, /connected_clients] [Client 6] [id: /Ego_topic] publish: Cannot infer topic type for topic /Ego_topic as it is not yet advertised
1758342851.216428995 ERROR /rosbridge_websocket [protocol.py:399(RosbridgeProtocol.log)] [topics: /client_count, /rosout, /connected_clients] [Client 1] [id: /CollisionData] publish: Cannot infer topic type for topic /CollisionData as it is not yet advertised
1758342851.220313072 ERROR /rosbridge_websocket [protocol.py:399(RosbridgeProtocol.log)] [topics: /client_count, /rosout, /connected_clients] [Client 5] [id: /Object_topic] publish: Cannot infer topic type for topic /Object_topic as it is not yet advertised
1758342851.223786830 ERROR /rosbridge_websocket [protocol.py:399(RosbridgeProtocol.log)] [topics: /client_count, /rosout, /connected_clients] [Client 2] [id: /tf] publish: Cannot infer topic type for topic /tf as it is not yet advertised
1758342851.226619243 ERROR /rosbridge_websocket [protocol.py:399(RosbridgeProtocol.log)] [topics: /client_count, /rosout, /connected_clients] [Client 4] [id: /Competition_topic] publish: Cannot infer topic type for topic /Competition_topic as it is not yet advertised
1758342851.230123043 ERROR /rosbridge_websocket [protocol.py:399(RosbridgeProtocol.log)] [topics: /client_count, /rosout, /connected_clients] [Client 1] [id: /CollisionData] publish: Cannot infer topic type for topic /CollisionData as it is not yet advertised
1758342851.232820272 ERROR /rosbridge_websocket [protocol.py:399(RosbridgeProtocol.log)] [topics: /client_count, /rosout, /connected_clients] [Client 6] [id: /Ego_topic] publish: Cannot infer topic type for topic /Ego_topic as it is not yet advertised
1758342851.237653017 ERROR /rosbridge_websocket [protocol.py:399(RosbridgeProtocol.log)] [topics: /client_count, /rosout, /connected_clients] [Client 5] [id: /Object_topic] publish: Cannot infer topic type for topic /Object_topic as it is not yet advertised
1758342851.241281032 ERROR /rosbridge_websocket [protocol.py:399(RosbridgeProtocol.log)] [topics: /client_count, /rosout, /connected_clients] [Client 2] [id: /tf] publish: Cannot infer topic type for topic /tf as it is not yet advertised
1758342851.246138572 ERROR /rosbridge_websocket [protocol.py:399(RosbridgeProtocol.log)] [topics: /client_count, /rosout, /connected_clients] [Client 4] [id: /Competition_topic] publish: Cannot infer topic type for topic /Competition_topic as it is not yet advertised
1758342851.250045776 ERROR /rosbridge_websocket [protocol.py:399(RosbridgeProtocol.log)] [topics: /client_count, /rosout, /connected_clients] [Client 1] [id: /CollisionData] publish: Cannot infer topic type for topic /CollisionData as it is not yet advertised
1758342851.253189086 ERROR /rosbridge_websocket [protocol.py:399(RosbridgeProtocol.log)] [topics: /client_count, /rosout, /connected_clients] [Client 6] [id: /Ego_topic] publish: Cannot infer topic type for topic /Ego_topic as it is not yet advertised
1758342851.256525278 ERROR /rosbridge_websocket [protocol.py:399(RosbridgeProtocol.log)] [topics: /client_count, /rosout, /connected_clients] [Client 5] [id: /Object_topic] publish: Cannot infer topic type for topic /Object_topic as it is not yet advertised
1758342851.261730194 ERROR /rosbridge_websocket [protocol.py:399(RosbridgeProtocol.log)] [topics: /client_count, /rosout, /connected_clients] [Client 2] [id: /tf] publish: Cannot infer topic type for topic /tf as it is not yet advertised
1758342851.266452312 ERROR /rosbridge_websocket [protocol.py:399(RosbridgeProtocol.log)] [topics: /client_count, /rosout, /connected_clients] [Client 4] [id: /Competition_topic] publish: Cannot infer topic type for topic /Competition_topic as it is not yet advertised
1758342851.268686771 ERROR /rosbridge_websocket [protocol.py:399(RosbridgeProtocol.log)] [topics: /client_count, /rosout, /connected_clients] [Client 1] [id: /CollisionData] publish: Cannot infer topic type for topic /CollisionData as it is not yet advertised
1758342851.272029638 ERROR /rosbridge_websocket [protocol.py:399(RosbridgeProtocol.log)] [topics: /client_count, /rosout, /connected_clients] [Client 6] [id: /Ego_topic] publish: Cannot infer topic type for topic /Ego_topic as it is not yet advertised
1758342851.276264905 ERROR /rosbridge_websocket [protocol.py:399(RosbridgeProtocol.log)] [topics: /client_count, /rosout, /connected_clients] [Client 5] [id: /Object_topic] publish: Cannot infer topic type for topic /Object_topic as it is not yet advertised
1758342851.280154466 ERROR /rosbridge_websocket [protocol.py:399(RosbridgeProtocol.log)] [topics: /client_count, /rosout, /connected_clients] [Client 2] [id: /tf] publish: Cannot infer topic type for topic /tf as it is not yet advertised
1758342851.283828020 ERROR /rosbridge_websocket [protocol.py:399(RosbridgeProtocol.log)] [topics: /client_count, /rosout, /connected_clients] [Client 4] [id: /Competition_topic] publish: Cannot infer topic type for topic /Competition_topic as it is not yet advertised
1758342851.287887573 ERROR /rosbridge_websocket [protocol.py:399(RosbridgeProtocol.log)] [topics: /client_count, /rosout, /connected_clients] [Client 1] [id: /CollisionData] publish: Cannot infer topic type for topic /CollisionData as it is not yet advertised
1758342851.290444135 ERROR /rosbridge_websocket [protocol.py:399(RosbridgeProtocol.log)] [topics: /client_count, /rosout, /connected_clients] [Client 6] [id: /Ego_topic] publish: Cannot infer topic type for topic /Ego_topic as it is not yet advertised
1758342851.294613599 ERROR /rosbridge_websocket [protocol.py:399(RosbridgeProtocol.log)] [topics: /client_count, /rosout, /connected_clients] [Client 5] [id: /Object_topic] publish: Cannot infer topic type for topic /Object_topic as it is not yet advertised
1758342851.298672437 ERROR /rosbridge_websocket [protocol.py:399(RosbridgeProtocol.log)] [topics: /client_count, /rosout, /connected_clients] [Client 2] [id: /tf] publish: Cannot infer topic type for topic /tf as it is not yet advertised
1758342851.302519321 ERROR /rosbridge_websocket [protocol.py:399(RosbridgeProtocol.log)] [topics: /client_count, /rosout, /connected_clients] [Client 4] [id: /Competition_topic] publish: Cannot infer topic type for topic /Competition_topic as it is not yet advertised
1758342851.306178331 ERROR /rosbridge_websocket [protocol.py:399(RosbridgeProtocol.log)] [topics: /client_count, /rosout, /connected_clients] [Client 1] [id: /CollisionData] publish: Cannot infer topic type for topic /CollisionData as it is not yet advertised
1758342851.308283090 ERROR /rosbridge_websocket [protocol.py:399(RosbridgeProtocol.log)] [topics: /client_count, /rosout, /connected_clients] [Client 6] [id: /Ego_topic] publish: Cannot infer topic type for topic /Ego_topic as it is not yet advertised
1758342851.314187049 ERROR /rosbridge_websocket [protocol.py:399(RosbridgeProtocol.log)] [topics: /client_count, /rosout, /connected_clients] [Client 5] [id: /Object_topic] publish: Cannot infer topic type for topic /Object_topic as it is not yet advertised
1758342851.318189859 ERROR /rosbridge_websocket [protocol.py:399(RosbridgeProtocol.log)] [topics: /client_count, /rosout, /connected_clients] [Client 2] [id: /tf] publish: Cannot infer topic type for topic /tf as it is not yet advertised
1758342851.321013927 ERROR /rosbridge_websocket [protocol.py:399(RosbridgeProtocol.log)] [topics: /client_count, /rosout, /connected_clients] [Client 4] [id: /Competition_topic] publish: Cannot infer topic type for topic /Competition_topic as it is not yet advertised
1758342851.324511766 ERROR /rosbridge_websocket [protocol.py:399(RosbridgeProtocol.log)] [topics: /client_count, /rosout, /connected_clients] [Client 6] [id: /Ego_topic] publish: Cannot infer topic type for topic /Ego_topic as it is not yet advertised
1758342851.328091382 ERROR /rosbridge_websocket [protocol.py:399(RosbridgeProtocol.log)] [topics: /client_count, /rosout, /connected_clients] [Client 1] [id: /CollisionData] publish: Cannot infer topic type for topic /CollisionData as it is not yet advertised
1758342851.330717802 ERROR /rosbridge_websocket [protocol.py:399(RosbridgeProtocol.log)] [topics: /client_count, /rosout, /connected_clients] [Client 5] [id: /Object_topic] publish: Cannot infer topic type for topic /Object_topic as it is not yet advertised
1758342851.334064960 ERROR /rosbridge_websocket [protocol.py:399(RosbridgeProtocol.log)] [topics: /client_count, /rosout, /connected_clients] [Client 2] [id: /tf] publish: Cannot infer topic type for topic /tf as it is not yet advertised
1758342851.339614391 ERROR /rosbridge_websocket [protocol.py:399(RosbridgeProtocol.log)] [topics: /client_count, /rosout, /connected_clients] [Client 4] [id: /Competition_topic] publish: Cannot infer topic type for topic /Competition_topic as it is not yet advertised
1758342851.343109846 ERROR /rosbridge_websocket [protocol.py:399(RosbridgeProtocol.log)] [topics: /client_count, /rosout, /connected_clients] [Client 6] [id: /Ego_topic] publish: Cannot infer topic type for topic /Ego_topic as it is not yet advertised
1758342851.345796823 ERROR /rosbridge_websocket [protocol.py:399(RosbridgeProtocol.log)] [topics: /client_count, /rosout, /connected_clients] [Client 1] [id: /CollisionData] publish: Cannot infer topic type for topic /CollisionData as it is not yet advertised
1758342851.349862337 ERROR /rosbridge_websocket [protocol.py:399(RosbridgeProtocol.log)] [topics: /client_count, /rosout, /connected_clients] [Client 5] [id: /Object_topic] publish: Cannot infer topic type for topic /Object_topic as it is not yet advertised
1758342851.352269649 ERROR /rosbridge_websocket [protocol.py:399(RosbridgeProtocol.log)] [topics: /client_count, /rosout, /connected_clients] [Client 2] [id: /tf] publish: Cannot infer topic type for topic /tf as it is not yet advertised
1758342851.354870080 ERROR /rosbridge_websocket [protocol.py:399(RosbridgeProtocol.log)] [topics: /client_count, /rosout, /connected_clients] [Client 4] [id: /Competition_topic] publish: Cannot infer topic type for topic /Competition_topic as it is not yet advertised
1758342851.358331918 ERROR /rosbridge_websocket [protocol.py:399(RosbridgeProtocol.log)] [topics: /client_count, /rosout, /connected_clients] [Client 6] [id: /Ego_topic] publish: Cannot infer topic type for topic /Ego_topic as it is not yet advertised
1758342851.362898111 ERROR /rosbridge_websocket [protocol.py:399(RosbridgeProtocol.log)] [topics: /client_count, /rosout, /connected_clients] [Client 1] [id: /CollisionData] publish: Cannot infer topic type for topic /CollisionData as it is not yet advertised
1758342851.365195512 ERROR /rosbridge_websocket [protocol.py:399(RosbridgeProtocol.log)] [topics: /client_count, /rosout, /connected_clients] [Client 5] [id: /Object_topic] publish: Cannot infer topic type for topic /Object_topic as it is not yet advertised
1758342851.368165016 ERROR /rosbridge_websocket [protocol.py:399(RosbridgeProtocol.log)] [topics: /client_count, /rosout, /connected_clients] [Client 2] [id: /tf] publish: Cannot infer topic type for topic /tf as it is not yet advertised
1758342851.372733116 ERROR /rosbridge_websocket [protocol.py:399(RosbridgeProtocol.log)] [topics: /client_count, /rosout, /connected_clients] [Client 4] [id: /Competition_topic] publish: Cannot infer topic type for topic /Competition_topic as it is not yet advertised
1758342851.377633094 ERROR /rosbridge_websocket [protocol.py:399(RosbridgeProtocol.log)] [topics: /client_count, /rosout, /connected_clients] [Client 6] [id: /Ego_topic] publish: Cannot infer topic type for topic /Ego_topic as it is not yet advertised
1758342851.381086826 ERROR /rosbridge_websocket [protocol.py:399(RosbridgeProtocol.log)] [topics: /client_count, /rosout, /connected_clients] [Client 1] [id: /CollisionData] publish: Cannot infer topic type for topic /CollisionData as it is not yet advertised
1758342851.383924007 ERROR /rosbridge_websocket [protocol.py:399(RosbridgeProtocol.log)] [topics: /client_count, /rosout, /connected_clients] [Client 5] [id: /Object_topic] publish: Cannot infer topic type for topic /Object_topic as it is not yet advertised
1758342851.388339996 ERROR /rosbridge_websocket [protocol.py:399(RosbridgeProtocol.log)] [topics: /client_count, /rosout, /connected_clients] [Client 2] [id: /tf] publish: Cannot infer topic type for topic /tf as it is not yet advertised
1758342851.390521287 ERROR /rosbridge_websocket [protocol.py:399(RosbridgeProtocol.log)] [topics: /client_count, /rosout, /connected_clients] [Client 4] [id: /Competition_topic] publish: Cannot infer topic type for topic /Competition_topic as it is not yet advertised
1758342851.392710447 ERROR /rosbridge_websocket [protocol.py:399(RosbridgeProtocol.log)] [topics: /client_count, /rosout, /connected_clients] [Client 6] [id: /Ego_topic] publish: Cannot infer topic type for topic /Ego_topic as it is not yet advertised
1758342851.397662162 ERROR /rosbridge_websocket [protocol.py:399(RosbridgeProtocol.log)] [topics: /client_count, /rosout, /connected_clients] [Client 1] [id: /CollisionData] publish: Cannot infer topic type for topic /CollisionData as it is not yet advertised
1758342851.402163743 ERROR /rosbridge_websocket [protocol.py:399(RosbridgeProtocol.log)] [topics: /client_count, /rosout, /connected_clients] [Client 5] [id: /Object_topic] publish: Cannot infer topic type for topic /Object_topic as it is not yet advertised
1758342851.404751062 ERROR /rosbridge_websocket [protocol.py:399(RosbridgeProtocol.log)] [topics: /client_count, /rosout, /connected_clients] [Client 4] [id: /Competition_topic] publish: Cannot infer topic type for topic /Competition_topic as it is not yet advertised
1758342851.409153938 ERROR /rosbridge_websocket [protocol.py:399(RosbridgeProtocol.log)] [topics: /client_count, /rosout, /connected_clients] [Client 2] [id: /tf] publish: Cannot infer topic type for topic /tf as it is not yet advertised
1758342851.411452770 ERROR /rosbridge_websocket [protocol.py:399(RosbridgeProtocol.log)] [topics: /client_count, /rosout, /connected_clients] [Client 6] [id: /Ego_topic] publish: Cannot infer topic type for topic /Ego_topic as it is not yet advertised
1758342851.415795803 ERROR /rosbridge_websocket [protocol.py:399(RosbridgeProtocol.log)] [topics: /client_count, /rosout, /connected_clients] [Client 1] [id: /CollisionData] publish: Cannot infer topic type for topic /CollisionData as it is not yet advertised
1758342851.417793273 ERROR /rosbridge_websocket [protocol.py:399(RosbridgeProtocol.log)] [topics: /client_count, /rosout, /connected_clients] [Client 5] [id: /Object_topic] publish: Cannot infer topic type for topic /Object_topic as it is not yet advertised
1758342851.420289993 ERROR /rosbridge_websocket [protocol.py:399(RosbridgeProtocol.log)] [topics: /client_count, /rosout, /connected_clients] [Client 4] [id: /Competition_topic] publish: Cannot infer topic type for topic /Competition_topic as it is not yet advertised
1758342851.422052621 ERROR /rosbridge_websocket [protocol.py:399(RosbridgeProtocol.log)] [topics: /client_count, /rosout, /connected_clients] [Client 2] [id: /tf] publish: Cannot infer topic type for topic /tf as it is not yet advertised
1758342851.424335002 ERROR /rosbridge_websocket [protocol.py:399(RosbridgeProtocol.log)] [topics: /client_count, /rosout, /connected_clients] [Client 6] [id: /Ego_topic] publish: Cannot infer topic type for topic /Ego_topic as it is not yet advertised
1758342851.551738977 INFO /rosbridge_websocket [protocol.py:403(RosbridgeProtocol.log)] [topics: /client_count, /rosout, /connected_clients] [Client 0] Advertised service /Service_MoraiEventCmd.
1758342852.405701637 INFO /rosbridge_websocket [autobahn_websocket.py:195(RosbridgeWebSocket.onOpen)] [topics: /client_count, /rosout, /connected_clients] Client connected.  10 clients total.
1758342852.497555255 ERROR /rosbridge_websocket [protocol.py:399(RosbridgeProtocol.log)] [topics: /client_count, /rosout, /connected_clients] [Client 5] [id: /Object_topic] publish: Cannot infer topic type for topic /Object_topic as it is not yet advertised
1758342852.501342058 ERROR /rosbridge_websocket [protocol.py:399(RosbridgeProtocol.log)] [topics: /client_count, /rosout, /connected_clients] [Client 4] [id: /Competition_topic] publish: Cannot infer topic type for topic /Competition_topic as it is not yet advertised
1758342852.505964756 ERROR /rosbridge_websocket [protocol.py:399(RosbridgeProtocol.log)] [topics: /client_count, /rosout, /connected_clients] [Client 2] [id: /tf] publish: Cannot infer topic type for topic /tf as it is not yet advertised
1758342852.510202407 ERROR /rosbridge_websocket [protocol.py:399(RosbridgeProtocol.log)] [topics: /client_count, /rosout, /connected_clients] [Client 6] [id: /Ego_topic] publish: Cannot infer topic type for topic /Ego_topic as it is not yet advertised
1758342852.512364864 ERROR /rosbridge_websocket [protocol.py:399(RosbridgeProtocol.log)] [topics: /client_count, /rosout, /connected_clients] [Client 1] [id: /CollisionData] publish: Cannot infer topic type for topic /CollisionData as it is not yet advertised
1758342852.515258789 ERROR /rosbridge_websocket [protocol.py:399(RosbridgeProtocol.log)] [topics: /client_count, /rosout, /connected_clients] [Client 5] [id: /Object_topic] publish: Cannot infer topic type for topic /Object_topic as it is not yet advertised
1758342852.519065618 ERROR /rosbridge_websocket [protocol.py:399(RosbridgeProtocol.log)] [topics: /client_count, /rosout, /connected_clients] [Client 4] [id: /Competition_topic] publish: Cannot infer topic type for topic /Competition_topic as it is not yet advertised
1758342852.522092819 ERROR /rosbridge_websocket [protocol.py:399(RosbridgeProtocol.log)] [topics: /client_count, /rosout, /connected_clients] [Client 2] [id: /tf] publish: Cannot infer topic type for topic /tf as it is not yet advertised
1758342852.523810386 ERROR /rosbridge_websocket [protocol.py:399(RosbridgeProtocol.log)] [topics: /client_count, /rosout, /connected_clients] [Client 6] [id: /Ego_topic] publish: Cannot infer topic type for topic /Ego_topic as it is not yet advertised
1758342852.526059865 ERROR /rosbridge_websocket [protocol.py:399(RosbridgeProtocol.log)] [topics: /client_count, /rosout, /connected_clients] [Client 1] [id: /CollisionData] publish: Cannot infer topic type for topic /CollisionData as it is not yet advertised
1758342852.529811620 ERROR /rosbridge_websocket [protocol.py:399(RosbridgeProtocol.log)] [topics: /client_count, /rosout, /connected_clients] [Client 5] [id: /Object_topic] publish: Cannot infer topic type for topic /Object_topic as it is not yet advertised
1758342852.532038927 ERROR /rosbridge_websocket [protocol.py:399(RosbridgeProtocol.log)] [topics: /client_count, /rosout, /connected_clients] [Client 4] [id: /Competition_topic] publish: Cannot infer topic type for topic /Competition_topic as it is not yet advertised
1758342852.536159515 ERROR /rosbridge_websocket [protocol.py:399(RosbridgeProtocol.log)] [topics: /client_count, /rosout, /connected_clients] [Client 2] [id: /tf] publish: Cannot infer topic type for topic /tf as it is not yet advertised
1758342852.539604425 ERROR /rosbridge_websocket [protocol.py:399(RosbridgeProtocol.log)] [topics: /client_count, /rosout, /connected_clients] [Client 6] [id: /Ego_topic] publish: Cannot infer topic type for topic /Ego_topic as it is not yet advertised
1758342852.541468858 ERROR /rosbridge_websocket [protocol.py:399(RosbridgeProtocol.log)] [topics: /client_count, /rosout, /connected_clients] [Client 1] [id: /CollisionData] publish: Cannot infer topic type for topic /CollisionData as it is not yet advertised
1758342852.544164180 ERROR /rosbridge_websocket [protocol.py:399(RosbridgeProtocol.log)] [topics: /client_count, /rosout, /connected_clients] [Client 5] [id: /Object_topic] publish: Cannot infer topic type for topic /Object_topic as it is not yet advertised
1758342852.546555280 ERROR /rosbridge_websocket [protocol.py:399(RosbridgeProtocol.log)] [topics: /client_count, /rosout, /connected_clients] [Client 4] [id: /Competition_topic] publish: Cannot infer topic type for topic /Competition_topic as it is not yet advertised
1758342852.548873901 ERROR /rosbridge_websocket [protocol.py:399(RosbridgeProtocol.log)] [topics: /client_count, /rosout, /connected_clients] [Client 2] [id: /tf] publish: Cannot infer topic type for topic /tf as it is not yet advertised
1758342852.550413131 ERROR /rosbridge_websocket [protocol.py:399(RosbridgeProtocol.log)] [topics: /client_count, /rosout, /connected_clients] [Client 6] [id: /Ego_topic] publish: Cannot infer topic type for topic /Ego_topic as it is not yet advertised
1758342852.553100109 ERROR /rosbridge_websocket [protocol.py:399(RosbridgeProtocol.log)] [topics: /client_count, /rosout, /connected_clients] [Client 1] [id: /CollisionData] publish: Cannot infer topic type for topic /CollisionData as it is not yet advertised
1758342852.561886787 ERROR /rosbridge_websocket [protocol.py:399(RosbridgeProtocol.log)] [topics: /client_count, /rosout, /connected_clients] [Client 4] [id: /Competition_topic] publish: Cannot infer topic type for topic /Competition_topic as it is not yet advertised
1758342852.563675880 ERROR /rosbridge_websocket [protocol.py:399(RosbridgeProtocol.log)] [topics: /client_count, /rosout, /connected_clients] [Client 2] [id: /tf] publish: Cannot infer topic type for topic /tf as it is not yet advertised
1758342852.565366268 ERROR /rosbridge_websocket [protocol.py:399(RosbridgeProtocol.log)] [topics: /client_count, /rosout, /connected_clients] [Client 5] [id: /Object_topic] publish: Cannot infer topic type for topic /Object_topic as it is not yet advertised
1758342852.566593885 ERROR /rosbridge_websocket [protocol.py:399(RosbridgeProtocol.log)] [topics: /client_count, /rosout, /connected_clients] [Client 1] [id: /CollisionData] publish: Cannot infer topic type for topic /CollisionData as it is not yet advertised
1758342852.567811012 ERROR /rosbridge_websocket [protocol.py:399(RosbridgeProtocol.log)] [topics: /client_count, /rosout, /connected_clients] [Client 6] [id: /Ego_topic] publish: Cannot infer topic type for topic /Ego_topic as it is not yet advertised
1758342852.594907045 ERROR /rosbridge_websocket [protocol.py:399(RosbridgeProtocol.log)] [topics: /client_count, /rosout, /connected_clients] [Client 2] [id: /tf] publish: Cannot infer topic type for topic /tf as it is not yet advertised
1758342852.596876382 ERROR /rosbridge_websocket [protocol.py:399(RosbridgeProtocol.log)] [topics: /client_count, /rosout, /connected_clients] [Client 4] [id: /Competition_topic] publish: Cannot infer topic type for topic /Competition_topic as it is not yet advertised
1758342852.598167657 ERROR /rosbridge_websocket [protocol.py:399(RosbridgeProtocol.log)] [topics: /client_count, /rosout, /connected_clients] [Client 5] [id: /Object_topic] publish: Cannot infer topic type for topic /Object_topic as it is not yet advertised
1758342852.599482297 ERROR /rosbridge_websocket [protocol.py:399(RosbridgeProtocol.log)] [topics: /client_count, /rosout, /connected_clients] [Client 1] [id: /CollisionData] publish: Cannot infer topic type for topic /CollisionData as it is not yet advertised
1758342852.600680351 ERROR /rosbridge_websocket [protocol.py:399(RosbridgeProtocol.log)] [topics: /client_count, /rosout, /connected_clients] [Client 6] [id: /Ego_topic] publish: Cannot infer topic type for topic /Ego_topic as it is not yet advertised
1758342852.644442796 ERROR /rosbridge_websocket [protocol.py:399(RosbridgeProtocol.log)] [topics: /client_count, /rosout, /connected_clients] [Client 1] [id: /CollisionData] publish: Cannot infer topic type for topic /CollisionData as it is not yet advertised
1758342852.648461103 ERROR /rosbridge_websocket [protocol.py:399(RosbridgeProtocol.log)] [topics: /client_count, /rosout, /connected_clients] [Client 4] [id: /Competition_topic] publish: Cannot infer topic type for topic /Competition_topic as it is not yet advertised
1758342852.651830434 ERROR /rosbridge_websocket [protocol.py:399(RosbridgeProtocol.log)] [topics: /client_count, /rosout, /connected_clients] [Client 2] [id: /tf] publish: Cannot infer topic type for topic /tf as it is not yet advertised
1758342852.655338287 ERROR /rosbridge_websocket [protocol.py:399(RosbridgeProtocol.log)] [topics: /client_count, /rosout, /connected_clients] [Client 5] [id: /Object_topic] publish: Cannot infer topic type for topic /Object_topic as it is not yet advertised
1758342852.658239603 ERROR /rosbridge_websocket [protocol.py:399(RosbridgeProtocol.log)] [topics: /client_count, /rosout, /connected_clients] [Client 6] [id: /Ego_topic] publish: Cannot infer topic type for topic /Ego_topic as it is not yet advertised
1758342852.660939693 ERROR /rosbridge_websocket [protocol.py:399(RosbridgeProtocol.log)] [topics: /client_count, /rosout, /connected_clients] [Client 1] [id: /CollisionData] publish: Cannot infer topic type for topic /CollisionData as it is not yet advertised
1758342852.662708282 ERROR /rosbridge_websocket [protocol.py:399(RosbridgeProtocol.log)] [topics: /client_count, /rosout, /connected_clients] [Client 4] [id: /Competition_topic] publish: Cannot infer topic type for topic /Competition_topic as it is not yet advertised
1758342852.664520025 ERROR /rosbridge_websocket [protocol.py:399(RosbridgeProtocol.log)] [topics: /client_count, /rosout, /connected_clients] [Client 2] [id: /tf] publish: Cannot infer topic type for topic /tf as it is not yet advertised
1758342852.665780067 ERROR /rosbridge_websocket [protocol.py:399(RosbridgeProtocol.log)] [topics: /client_count, /rosout, /connected_clients] [Client 5] [id: /Object_topic] publish: Cannot infer topic type for topic /Object_topic as it is not yet advertised
1758342852.667451858 ERROR /rosbridge_websocket [protocol.py:399(RosbridgeProtocol.log)] [topics: /client_count, /rosout, /connected_clients] [Client 6] [id: /Ego_topic] publish: Cannot infer topic type for topic /Ego_topic as it is not yet advertised
1758342852.677375316 ERROR /rosbridge_websocket [protocol.py:399(RosbridgeProtocol.log)] [topics: /client_count, /rosout, /connected_clients] [Client 2] [id: /tf] publish: Cannot infer topic type for topic /tf as it is not yet advertised
1758342852.679430961 ERROR /rosbridge_websocket [protocol.py:399(RosbridgeProtocol.log)] [topics: /client_count, /rosout, /connected_clients] [Client 1] [id: /CollisionData] publish: Cannot infer topic type for topic /CollisionData as it is not yet advertised
1758342852.681108951 ERROR /rosbridge_websocket [protocol.py:399(RosbridgeProtocol.log)] [topics: /client_count, /rosout, /connected_clients] [Client 6] [id: /Ego_topic] publish: Cannot infer topic type for topic /Ego_topic as it is not yet advertised
1758342852.682501077 ERROR /rosbridge_websocket [protocol.py:399(RosbridgeProtocol.log)] [topics: /client_count, /rosout, /connected_clients] [Client 5] [id: /Object_topic] publish: Cannot infer topic type for topic /Object_topic as it is not yet advertised
1758342852.683698415 ERROR /rosbridge_websocket [protocol.py:399(RosbridgeProtocol.log)] [topics: /client_count, /rosout, /connected_clients] [Client 4] [id: /Competition_topic] publish: Cannot infer topic type for topic /Competition_topic as it is not yet advertised
1758342852.693974018 ERROR /rosbridge_websocket [protocol.py:399(RosbridgeProtocol.log)] [topics: /client_count, /rosout, /connected_clients] [Client 1] [id: /CollisionData] publish: Cannot infer topic type for topic /CollisionData as it is not yet advertised
1758342852.695931911 ERROR /rosbridge_websocket [protocol.py:399(RosbridgeProtocol.log)] [topics: /client_count, /rosout, /connected_clients] [Client 4] [id: /Competition_topic] publish: Cannot infer topic type for topic /Competition_topic as it is not yet advertised
1758342852.697178840 ERROR /rosbridge_websocket [protocol.py:399(RosbridgeProtocol.log)] [topics: /client_count, /rosout, /connected_clients] [Client 6] [id: /Ego_topic] publish: Cannot infer topic type for topic /Ego_topic as it is not yet advertised
1758342852.698334693 ERROR /rosbridge_websocket [protocol.py:399(RosbridgeProtocol.log)] [topics: /client_count, /rosout, /connected_clients] [Client 2] [id: /tf] publish: Cannot infer topic type for topic /tf as it is not yet advertised
1758342852.699647903 ERROR /rosbridge_websocket [protocol.py:399(RosbridgeProtocol.log)] [topics: /client_count, /rosout, /connected_clients] [Client 5] [id: /Object_topic] publish: Cannot infer topic type for topic /Object_topic as it is not yet advertised
1758342852.727587223 ERROR /rosbridge_websocket [protocol.py:399(RosbridgeProtocol.log)] [topics: /client_count, /rosout, /connected_clients] [Client 4] [id: /Competition_topic] publish: Cannot infer topic type for topic /Competition_topic as it is not yet advertised
1758342852.730974435 ERROR /rosbridge_websocket [protocol.py:399(RosbridgeProtocol.log)] [topics: /client_count, /rosout, /connected_clients] [Client 6] [id: /Ego_topic] publish: Cannot infer topic type for topic /Ego_topic as it is not yet advertised
1758342852.732998371 ERROR /rosbridge_websocket [protocol.py:399(RosbridgeProtocol.log)] [topics: /client_count, /rosout, /connected_clients] [Client 1] [id: /CollisionData] publish: Cannot infer topic type for topic /CollisionData as it is not yet advertised
1758342852.736761569 ERROR /rosbridge_websocket [protocol.py:399(RosbridgeProtocol.log)] [topics: /client_count, /rosout, /connected_clients] [Client 2] [id: /tf] publish: Cannot infer topic type for topic /tf as it is not yet advertised
1758342852.739193677 ERROR /rosbridge_websocket [protocol.py:399(RosbridgeProtocol.log)] [topics: /client_count, /rosout, /connected_clients] [Client 5] [id: /Object_topic] publish: Cannot infer topic type for topic /Object_topic as it is not yet advertised
1758342852.741317749 ERROR /rosbridge_websocket [protocol.py:399(RosbridgeProtocol.log)] [topics: /client_count, /rosout, /connected_clients] [Client 4] [id: /Competition_topic] publish: Cannot infer topic type for topic /Competition_topic as it is not yet advertised
1758342852.744139432 ERROR /rosbridge_websocket [protocol.py:399(RosbridgeProtocol.log)] [topics: /client_count, /rosout, /connected_clients] [Client 1] [id: /CollisionData] publish: Cannot infer topic type for topic /CollisionData as it is not yet advertised
1758342852.745572566 ERROR /rosbridge_websocket [protocol.py:399(RosbridgeProtocol.log)] [topics: /client_count, /rosout, /connected_clients] [Client 6] [id: /Ego_topic] publish: Cannot infer topic type for topic /Ego_topic as it is not yet advertised
1758342852.746745824 ERROR /rosbridge_websocket [protocol.py:399(RosbridgeProtocol.log)] [topics: /client_count, /rosout, /connected_clients] [Client 2] [id: /tf] publish: Cannot infer topic type for topic /tf as it is not yet advertised
1758342852.748188972 ERROR /rosbridge_websocket [protocol.py:399(RosbridgeProtocol.log)] [topics: /client_count, /rosout, /connected_clients] [Client 5] [id: /Object_topic] publish: Cannot infer topic type for topic /Object_topic as it is not yet advertised
1758342852.778406858 ERROR /rosbridge_websocket [protocol.py:399(RosbridgeProtocol.log)] [topics: /client_count, /rosout, /connected_clients] [Client 1] [id: /CollisionData] publish: Cannot infer topic type for topic /CollisionData as it is not yet advertised
1758342852.782242536 ERROR /rosbridge_websocket [protocol.py:399(RosbridgeProtocol.log)] [topics: /client_count, /rosout, /connected_clients] [Client 4] [id: /Competition_topic] publish: Cannot infer topic type for topic /Competition_topic as it is not yet advertised
1758342852.785583257 ERROR /rosbridge_websocket [protocol.py:399(RosbridgeProtocol.log)] [topics: /client_count, /rosout, /connected_clients] [Client 2] [id: /tf] publish: Cannot infer topic type for topic /tf as it is not yet advertised
1758342852.787966251 ERROR /rosbridge_websocket [protocol.py:399(RosbridgeProtocol.log)] [topics: /client_count, /rosout, /connected_clients] [Client 6] [id: /Ego_topic] publish: Cannot infer topic type for topic /Ego_topic as it is not yet advertised
1758342852.792375087 ERROR /rosbridge_websocket [protocol.py:399(RosbridgeProtocol.log)] [topics: /client_count, /rosout, /connected_clients] [Client 5] [id: /Object_topic] publish: Cannot infer topic type for topic /Object_topic as it is not yet advertised
1758342852.795251131 ERROR /rosbridge_websocket [protocol.py:399(RosbridgeProtocol.log)] [topics: /client_count, /rosout, /connected_clients] [Client 1] [id: /CollisionData] publish: Cannot infer topic type for topic /CollisionData as it is not yet advertised
1758342852.797238826 ERROR /rosbridge_websocket [protocol.py:399(RosbridgeProtocol.log)] [topics: /client_count, /rosout, /connected_clients] [Client 4] [id: /Competition_topic] publish: Cannot infer topic type for topic /Competition_topic as it is not yet advertised
1758342852.798500776 ERROR /rosbridge_websocket [protocol.py:399(RosbridgeProtocol.log)] [topics: /client_count, /rosout, /connected_clients] [Client 2] [id: /tf] publish: Cannot infer topic type for topic /tf as it is not yet advertised
1758342852.800505399 ERROR /rosbridge_websocket [protocol.py:399(RosbridgeProtocol.log)] [topics: /client_count, /rosout, /connected_clients] [Client 6] [id: /Ego_topic] publish: Cannot infer topic type for topic /Ego_topic as it is not yet advertised
1758342852.804738044 ERROR /rosbridge_websocket [protocol.py:399(RosbridgeProtocol.log)] [topics: /client_count, /rosout, /connected_clients] [Client 5] [id: /Object_topic] publish: Cannot infer topic type for topic /Object_topic as it is not yet advertised
1758342852.809763431 ERROR /rosbridge_websocket [protocol.py:399(RosbridgeProtocol.log)] [topics: /client_count, /rosout, /connected_clients] [Client 2] [id: /tf] publish: Cannot infer topic type for topic /tf as it is not yet advertised
1758342852.812579154 ERROR /rosbridge_websocket [protocol.py:399(RosbridgeProtocol.log)] [topics: /client_count, /rosout, /connected_clients] [Client 1] [id: /CollisionData] publish: Cannot infer topic type for topic /CollisionData as it is not yet advertised
1758342852.814990758 ERROR /rosbridge_websocket [protocol.py:399(RosbridgeProtocol.log)] [topics: /client_count, /rosout, /connected_clients] [Client 4] [id: /Competition_topic] publish: Cannot infer topic type for topic /Competition_topic as it is not yet advertised
1758342852.816580772 ERROR /rosbridge_websocket [protocol.py:399(RosbridgeProtocol.log)] [topics: /client_count, /rosout, /connected_clients] [Client 6] [id: /Ego_topic] publish: Cannot infer topic type for topic /Ego_topic as it is not yet advertised
1758342852.819323062 ERROR /rosbridge_websocket [protocol.py:399(RosbridgeProtocol.log)] [topics: /client_count, /rosout, /connected_clients] [Client 5] [id: /Object_topic] publish: Cannot infer topic type for topic /Object_topic as it is not yet advertised
1758342852.831777572 ERROR /rosbridge_websocket [protocol.py:399(RosbridgeProtocol.log)] [topics: /client_count, /rosout, /connected_clients] [Client 6] [id: /Ego_topic] publish: Cannot infer topic type for topic /Ego_topic as it is not yet advertised
1758342852.834046602 ERROR /rosbridge_websocket [protocol.py:399(RosbridgeProtocol.log)] [topics: /client_count, /rosout, /connected_clients] [Client 4] [id: /Competition_topic] publish: Cannot infer topic type for topic /Competition_topic as it is not yet advertised
1758342852.837803125 ERROR /rosbridge_websocket [protocol.py:399(RosbridgeProtocol.log)] [topics: /client_count, /rosout, /connected_clients] [Client 1] [id: /CollisionData] publish: Cannot infer topic type for topic /CollisionData as it is not yet advertised
1758342852.841101169 ERROR /rosbridge_websocket [protocol.py:399(RosbridgeProtocol.log)] [topics: /client_count, /rosout, /connected_clients] [Client 2] [id: /tf] publish: Cannot infer topic type for topic /tf as it is not yet advertised
1758342852.846328258 ERROR /rosbridge_websocket [protocol.py:399(RosbridgeProtocol.log)] [topics: /client_count, /rosout, /connected_clients] [Client 5] [id: /Object_topic] publish: Cannot infer topic type for topic /Object_topic as it is not yet advertised
1758342852.849263668 ERROR /rosbridge_websocket [protocol.py:399(RosbridgeProtocol.log)] [topics: /client_count, /rosout, /connected_clients] [Client 4] [id: /Competition_topic] publish: Cannot infer topic type for topic /Competition_topic as it is not yet advertised
1758342852.851464509 ERROR /rosbridge_websocket [protocol.py:399(RosbridgeProtocol.log)] [topics: /client_count, /rosout, /connected_clients] [Client 6] [id: /Ego_topic] publish: Cannot infer topic type for topic /Ego_topic as it is not yet advertised
1758342852.854659080 ERROR /rosbridge_websocket [protocol.py:399(RosbridgeProtocol.log)] [topics: /client_count, /rosout, /connected_clients] [Client 1] [id: /CollisionData] publish: Cannot infer topic type for topic /CollisionData as it is not yet advertised
1758342852.860788106 ERROR /rosbridge_websocket [protocol.py:399(RosbridgeProtocol.log)] [topics: /client_count, /rosout, /connected_clients] [Client 2] [id: /tf] publish: Cannot infer topic type for topic /tf as it is not yet advertised
1758342852.865424871 ERROR /rosbridge_websocket [protocol.py:399(RosbridgeProtocol.log)] [topics: /client_count, /rosout, /connected_clients] [Client 5] [id: /Object_topic] publish: Cannot infer topic type for topic /Object_topic as it is not yet advertised
1758342852.867768764 ERROR /rosbridge_websocket [protocol.py:399(RosbridgeProtocol.log)] [topics: /client_count, /rosout, /connected_clients] [Client 4] [id: /Competition_topic] publish: Cannot infer topic type for topic /Competition_topic as it is not yet advertised
1758342852.870158433 ERROR /rosbridge_websocket [protocol.py:399(RosbridgeProtocol.log)] [topics: /client_count, /rosout, /connected_clients] [Client 1] [id: /CollisionData] publish: Cannot infer topic type for topic /CollisionData as it is not yet advertised
1758342852.876160621 ERROR /rosbridge_websocket [protocol.py:399(RosbridgeProtocol.log)] [topics: /client_count, /rosout, /connected_clients] [Client 6] [id: /Ego_topic] publish: Cannot infer topic type for topic /Ego_topic as it is not yet advertised
1758342852.878738880 ERROR /rosbridge_websocket [protocol.py:399(RosbridgeProtocol.log)] [topics: /client_count, /rosout, /connected_clients] [Client 2] [id: /tf] publish: Cannot infer topic type for topic /tf as it is not yet advertised
1758342852.882678508 ERROR /rosbridge_websocket [protocol.py:399(RosbridgeProtocol.log)] [topics: /client_count, /rosout, /connected_clients] [Client 5] [id: /Object_topic] publish: Cannot infer topic type for topic /Object_topic as it is not yet advertised
1758342852.884635925 ERROR /rosbridge_websocket [protocol.py:399(RosbridgeProtocol.log)] [topics: /client_count, /rosout, /connected_clients] [Client 4] [id: /Competition_topic] publish: Cannot infer topic type for topic /Competition_topic as it is not yet advertised
1758342852.887129545 ERROR /rosbridge_websocket [protocol.py:399(RosbridgeProtocol.log)] [topics: /client_count, /rosout, /connected_clients] [Client 1] [id: /CollisionData] publish: Cannot infer topic type for topic /CollisionData as it is not yet advertised
1758342852.889385223 ERROR /rosbridge_websocket [protocol.py:399(RosbridgeProtocol.log)] [topics: /client_count, /rosout, /connected_clients] [Client 6] [id: /Ego_topic] publish: Cannot infer topic type for topic /Ego_topic as it is not yet advertised
1758342852.890830516 ERROR /rosbridge_websocket [protocol.py:399(RosbridgeProtocol.log)] [topics: /client_count, /rosout, /connected_clients] [Client 2] [id: /tf] publish: Cannot infer topic type for topic /tf as it is not yet advertised
1758342852.892328500 ERROR /rosbridge_websocket [protocol.py:399(RosbridgeProtocol.log)] [topics: /client_count, /rosout, /connected_clients] [Client 5] [id: /Object_topic] publish: Cannot infer topic type for topic /Object_topic as it is not yet advertised
1758342852.911534786 ERROR /rosbridge_websocket [protocol.py:399(RosbridgeProtocol.log)] [topics: /client_count, /rosout, /connected_clients] [Client 1] [id: /CollisionData] publish: Cannot infer topic type for topic /CollisionData as it is not yet advertised
1758342852.913713693 ERROR /rosbridge_websocket [protocol.py:399(RosbridgeProtocol.log)] [topics: /client_count, /rosout, /connected_clients] [Client 6] [id: /Ego_topic] publish: Cannot infer topic type for topic /Ego_topic as it is not yet advertised
1758342852.915299892 ERROR /rosbridge_websocket [protocol.py:399(RosbridgeProtocol.log)] [topics: /client_count, /rosout, /connected_clients] [Client 4] [id: /Competition_topic] publish: Cannot infer topic type for topic /Competition_topic as it is not yet advertised
1758342852.916797161 ERROR /rosbridge_websocket [protocol.py:399(RosbridgeProtocol.log)] [topics: /client_count, /rosout, /connected_clients] [Client 2] [id: /tf] publish: Cannot infer topic type for topic /tf as it is not yet advertised
1758342852.918169021 ERROR /rosbridge_websocket [protocol.py:399(RosbridgeProtocol.log)] [topics: /client_count, /rosout, /connected_clients] [Client 5] [id: /Object_topic] publish: Cannot infer topic type for topic /Object_topic as it is not yet advertised
1758342852.930272340 ERROR /rosbridge_websocket [protocol.py:399(RosbridgeProtocol.log)] [topics: /client_count, /rosout, /connected_clients] [Client 2] [id: /tf] publish: Cannot infer topic type for topic /tf as it is not yet advertised
1758342852.932693719 ERROR /rosbridge_websocket [protocol.py:399(RosbridgeProtocol.log)] [topics: /client_count, /rosout, /connected_clients] [Client 1] [id: /CollisionData] publish: Cannot infer topic type for topic /CollisionData as it is not yet advertised
1758342852.934393405 ERROR /rosbridge_websocket [protocol.py:399(RosbridgeProtocol.log)] [topics: /client_count, /rosout, /connected_clients] [Client 5] [id: /Object_topic] publish: Cannot infer topic type for topic /Object_topic as it is not yet advertised
1758342852.935735225 ERROR /rosbridge_websocket [protocol.py:399(RosbridgeProtocol.log)] [topics: /client_count, /rosout, /connected_clients] [Client 4] [id: /Competition_topic] publish: Cannot infer topic type for topic /Competition_topic as it is not yet advertised
1758342852.944938898 ERROR /rosbridge_websocket [protocol.py:399(RosbridgeProtocol.log)] [topics: /client_count, /rosout, /connected_clients] [Client 6] [id: /Ego_topic] publish: Cannot infer topic type for topic /Ego_topic as it is not yet advertised
1758342852.947162151 ERROR /rosbridge_websocket [protocol.py:399(RosbridgeProtocol.log)] [topics: /client_count, /rosout, /connected_clients] [Client 1] [id: /CollisionData] publish: Cannot infer topic type for topic /CollisionData as it is not yet advertised
1758342852.949295282 ERROR /rosbridge_websocket [protocol.py:399(RosbridgeProtocol.log)] [topics: /client_count, /rosout, /connected_clients] [Client 5] [id: /Object_topic] publish: Cannot infer topic type for topic /Object_topic as it is not yet advertised
1758342852.950815439 ERROR /rosbridge_websocket [protocol.py:399(RosbridgeProtocol.log)] [topics: /client_count, /rosout, /connected_clients] [Client 2] [id: /tf] publish: Cannot infer topic type for topic /tf as it is not yet advertised
1758342852.952010393 ERROR /rosbridge_websocket [protocol.py:399(RosbridgeProtocol.log)] [topics: /client_count, /rosout, /connected_clients] [Client 4] [id: /Competition_topic] publish: Cannot infer topic type for topic /Competition_topic as it is not yet advertised
1758342852.953418016 ERROR /rosbridge_websocket [protocol.py:399(RosbridgeProtocol.log)] [topics: /client_count, /rosout, /connected_clients] [Client 6] [id: /Ego_topic] publish: Cannot infer topic type for topic /Ego_topic as it is not yet advertised
1758342852.963609695 ERROR /rosbridge_websocket [protocol.py:399(RosbridgeProtocol.log)] [topics: /client_count, /rosout, /connected_clients] [Client 1] [id: /CollisionData] publish: Cannot infer topic type for topic /CollisionData as it is not yet advertised
1758342852.965235471 ERROR /rosbridge_websocket [protocol.py:399(RosbridgeProtocol.log)] [topics: /client_count, /rosout, /connected_clients] [Client 4] [id: /Competition_topic] publish: Cannot infer topic type for topic /Competition_topic as it is not yet advertised
1758342852.966629028 ERROR /rosbridge_websocket [protocol.py:399(RosbridgeProtocol.log)] [topics: /client_count, /rosout, /connected_clients] [Client 2] [id: /tf] publish: Cannot infer topic type for topic /tf as it is not yet advertised
1758342852.967935323 ERROR /rosbridge_websocket [protocol.py:399(RosbridgeProtocol.log)] [topics: /client_count, /rosout, /connected_clients] [Client 6] [id: /Ego_topic] publish: Cannot infer topic type for topic /Ego_topic as it is not yet advertised
1758342852.970209360 ERROR /rosbridge_websocket [protocol.py:399(RosbridgeProtocol.log)] [topics: /client_count, /rosout, /connected_clients] [Client 5] [id: /Object_topic] publish: Cannot infer topic type for topic /Object_topic as it is not yet advertised
1758342852.980632781 ERROR /rosbridge_websocket [protocol.py:399(RosbridgeProtocol.log)] [topics: /client_count, /rosout, /connected_clients] [Client 4] [id: /Competition_topic] publish: Cannot infer topic type for topic /Competition_topic as it is not yet advertised
1758342852.982727766 ERROR /rosbridge_websocket [protocol.py:399(RosbridgeProtocol.log)] [topics: /client_count, /rosout, /connected_clients] [Client 2] [id: /tf] publish: Cannot infer topic type for topic /tf as it is not yet advertised
1758342852.984121084 ERROR /rosbridge_websocket [protocol.py:399(RosbridgeProtocol.log)] [topics: /client_count, /rosout, /connected_clients] [Client 1] [id: /CollisionData] publish: Cannot infer topic type for topic /CollisionData as it is not yet advertised
1758342852.985394239 ERROR /rosbridge_websocket [protocol.py:399(RosbridgeProtocol.log)] [topics: /client_count, /rosout, /connected_clients] [Client 6] [id: /Ego_topic] publish: Cannot infer topic type for topic /Ego_topic as it is not yet advertised
1758342852.986755847 ERROR /rosbridge_websocket [protocol.py:399(RosbridgeProtocol.log)] [topics: /client_count, /rosout, /connected_clients] [Client 5] [id: /Object_topic] publish: Cannot infer topic type for topic /Object_topic as it is not yet advertised
1758342853.012588977 ERROR /rosbridge_websocket [protocol.py:399(RosbridgeProtocol.log)] [topics: /client_count, /rosout, /connected_clients] [Client 1] [id: /CollisionData] publish: Cannot infer topic type for topic /CollisionData as it is not yet advertised
1758342853.014855146 ERROR /rosbridge_websocket [protocol.py:399(RosbridgeProtocol.log)] [topics: /client_count, /rosout, /connected_clients] [Client 4] [id: /Competition_topic] publish: Cannot infer topic type for topic /Competition_topic as it is not yet advertised
1758342853.016356945 ERROR /rosbridge_websocket [protocol.py:399(RosbridgeProtocol.log)] [topics: /client_count, /rosout, /connected_clients] [Client 6] [id: /Ego_topic] publish: Cannot infer topic type for topic /Ego_topic as it is not yet advertised
1758342853.017738342 ERROR /rosbridge_websocket [protocol.py:399(RosbridgeProtocol.log)] [topics: /client_count, /rosout, /connected_clients] [Client 5] [id: /Object_topic] publish: Cannot infer topic type for topic /Object_topic as it is not yet advertised
1758342853.018974304 ERROR /rosbridge_websocket [protocol.py:399(RosbridgeProtocol.log)] [topics: /client_count, /rosout, /connected_clients] [Client 2] [id: /tf] publish: Cannot infer topic type for topic /tf as it is not yet advertised
1758342853.029694795 ERROR /rosbridge_websocket [protocol.py:399(RosbridgeProtocol.log)] [topics: /client_count, /rosout, /connected_clients] [Client 6] [id: /Ego_topic] publish: Cannot infer topic type for topic /Ego_topic as it is not yet advertised
1758342853.031519889 ERROR /rosbridge_websocket [protocol.py:399(RosbridgeProtocol.log)] [topics: /client_count, /rosout, /connected_clients] [Client 1] [id: /CollisionData] publish: Cannot infer topic type for topic /CollisionData as it is not yet advertised
1758342853.033103466 ERROR /rosbridge_websocket [protocol.py:399(RosbridgeProtocol.log)] [topics: /client_count, /rosout, /connected_clients] [Client 4] [id: /Competition_topic] publish: Cannot infer topic type for topic /Competition_topic as it is not yet advertised
1758342853.034535408 ERROR /rosbridge_websocket [protocol.py:399(RosbridgeProtocol.log)] [topics: /client_count, /rosout, /connected_clients] [Client 2] [id: /tf] publish: Cannot infer topic type for topic /tf as it is not yet advertised
1758342853.035835981 ERROR /rosbridge_websocket [protocol.py:399(RosbridgeProtocol.log)] [topics: /client_count, /rosout, /connected_clients] [Client 5] [id: /Object_topic] publish: Cannot infer topic type for topic /Object_topic as it is not yet advertised
1758342853.044280052 ERROR /rosbridge_websocket [protocol.py:399(RosbridgeProtocol.log)] [topics: /client_count, /rosout, /connected_clients] [Client 6] [id: /Ego_topic] publish: Cannot infer topic type for topic /Ego_topic as it is not yet advertised
1758342853.046858787 ERROR /rosbridge_websocket [protocol.py:399(RosbridgeProtocol.log)] [topics: /client_count, /rosout, /connected_clients] [Client 5] [id: /Object_topic] publish: Cannot infer topic type for topic /Object_topic as it is not yet advertised
1758342853.048462867 ERROR /rosbridge_websocket [protocol.py:399(RosbridgeProtocol.log)] [topics: /client_count, /rosout, /connected_clients] [Client 1] [id: /CollisionData] publish: Cannot infer topic type for topic /CollisionData as it is not yet advertised
1758342853.050049781 ERROR /rosbridge_websocket [protocol.py:399(RosbridgeProtocol.log)] [topics: /client_count, /rosout, /connected_clients] [Client 4] [id: /Competition_topic] publish: Cannot infer topic type for topic /Competition_topic as it is not yet advertised
1758342853.062233924 ERROR /rosbridge_websocket [protocol.py:399(RosbridgeProtocol.log)] [topics: /client_count, /rosout, /connected_clients] [Client 6] [id: /Ego_topic] publish: Cannot infer topic type for topic /Ego_topic as it is not yet advertised
1758342853.064852714 ERROR /rosbridge_websocket [protocol.py:399(RosbridgeProtocol.log)] [topics: /client_count, /rosout, /connected_clients] [Client 4] [id: /Competition_topic] publish: Cannot infer topic type for topic /Competition_topic as it is not yet advertised
1758342853.066162347 ERROR /rosbridge_websocket [protocol.py:399(RosbridgeProtocol.log)] [topics: /client_count, /rosout, /connected_clients] [Client 2] [id: /tf] publish: Cannot infer topic type for topic /tf as it is not yet advertised
1758342853.068802118 ERROR /rosbridge_websocket [protocol.py:399(RosbridgeProtocol.log)] [topics: /client_count, /rosout, /connected_clients] [Client 1] [id: /CollisionData] publish: Cannot infer topic type for topic /CollisionData as it is not yet advertised
1758342853.073525905 ERROR /rosbridge_websocket [protocol.py:399(RosbridgeProtocol.log)] [topics: /client_count, /rosout, /connected_clients] [Client 5] [id: /Object_topic] publish: Cannot infer topic type for topic /Object_topic as it is not yet advertised
1758342853.078826904 ERROR /rosbridge_websocket [protocol.py:399(RosbridgeProtocol.log)] [topics: /client_count, /rosout, /connected_clients] [Client 2] [id: /tf] publish: Cannot infer topic type for topic /tf as it is not yet advertised
1758342853.081575393 ERROR /rosbridge_websocket [protocol.py:399(RosbridgeProtocol.log)] [topics: /client_count, /rosout, /connected_clients] [Client 4] [id: /Competition_topic] publish: Cannot infer topic type for topic /Competition_topic as it is not yet advertised
1758342853.087301731 ERROR /rosbridge_websocket [protocol.py:399(RosbridgeProtocol.log)] [topics: /client_count, /rosout, /connected_clients] [Client 5] [id: /Object_topic] publish: Cannot infer topic type for topic /Object_topic as it is not yet advertised
1758342853.088903903 ERROR /rosbridge_websocket [protocol.py:399(RosbridgeProtocol.log)] [topics: /client_count, /rosout, /connected_clients] [Client 1] [id: /CollisionData] publish: Cannot infer topic type for topic /CollisionData as it is not yet advertised
1758342853.090449094 ERROR /rosbridge_websocket [protocol.py:399(RosbridgeProtocol.log)] [topics: /client_count, /rosout, /connected_clients] [Client 6] [id: /Ego_topic] publish: Cannot infer topic type for topic /Ego_topic as it is not yet advertised
1758342853.091943979 ERROR /rosbridge_websocket [protocol.py:399(RosbridgeProtocol.log)] [topics: /client_count, /rosout, /connected_clients] [Client 2] [id: /tf] publish: Cannot infer topic type for topic /tf as it is not yet advertised
1758342853.112686872 ERROR /rosbridge_websocket [protocol.py:399(RosbridgeProtocol.log)] [topics: /client_count, /rosout, /connected_clients] [Client 2] [id: /tf] publish: Cannot infer topic type for topic /tf as it is not yet advertised
1758342853.114607334 ERROR /rosbridge_websocket [protocol.py:399(RosbridgeProtocol.log)] [topics: /client_count, /rosout, /connected_clients] [Client 4] [id: /Competition_topic] publish: Cannot infer topic type for topic /Competition_topic as it is not yet advertised
1758342853.115946292 ERROR /rosbridge_websocket [protocol.py:399(RosbridgeProtocol.log)] [topics: /client_count, /rosout, /connected_clients] [Client 6] [id: /Ego_topic] publish: Cannot infer topic type for topic /Ego_topic as it is not yet advertised
1758342853.117241859 ERROR /rosbridge_websocket [protocol.py:399(RosbridgeProtocol.log)] [topics: /client_count, /rosout, /connected_clients] [Client 5] [id: /Object_topic] publish: Cannot infer topic type for topic /Object_topic as it is not yet advertised
1758342853.118442296 ERROR /rosbridge_websocket [protocol.py:399(RosbridgeProtocol.log)] [topics: /client_count, /rosout, /connected_clients] [Client 1] [id: /CollisionData] publish: Cannot infer topic type for topic /CollisionData as it is not yet advertised
1758342853.129736661 ERROR /rosbridge_websocket [protocol.py:399(RosbridgeProtocol.log)] [topics: /client_count, /rosout, /connected_clients] [Client 1] [id: /CollisionData] publish: Cannot infer topic type for topic /CollisionData as it is not yet advertised
1758342853.131734371 ERROR /rosbridge_websocket [protocol.py:399(RosbridgeProtocol.log)] [topics: /client_count, /rosout, /connected_clients] [Client 5] [id: /Object_topic] publish: Cannot infer topic type for topic /Object_topic as it is not yet advertised
1758342853.133154869 ERROR /rosbridge_websocket [protocol.py:399(RosbridgeProtocol.log)] [topics: /client_count, /rosout, /connected_clients] [Client 6] [id: /Ego_topic] publish: Cannot infer topic type for topic /Ego_topic as it is not yet advertised
1758342853.134721517 ERROR /rosbridge_websocket [protocol.py:399(RosbridgeProtocol.log)] [topics: /client_count, /rosout, /connected_clients] [Client 2] [id: /tf] publish: Cannot infer topic type for topic /tf as it is not yet advertised
1758342853.135970115 ERROR /rosbridge_websocket [protocol.py:399(RosbridgeProtocol.log)] [topics: /client_count, /rosout, /connected_clients] [Client 4] [id: /Competition_topic] publish: Cannot infer topic type for topic /Competition_topic as it is not yet advertised
1758342853.146797895 ERROR /rosbridge_websocket [protocol.py:399(RosbridgeProtocol.log)] [topics: /client_count, /rosout, /connected_clients] [Client 1] [id: /CollisionData] publish: Cannot infer topic type for topic /CollisionData as it is not yet advertised
1758342853.148587226 ERROR /rosbridge_websocket [protocol.py:399(RosbridgeProtocol.log)] [topics: /client_count, /rosout, /connected_clients] [Client 2] [id: /tf] publish: Cannot infer topic type for topic /tf as it is not yet advertised
1758342853.150047063 ERROR /rosbridge_websocket [protocol.py:399(RosbridgeProtocol.log)] [topics: /client_count, /rosout, /connected_clients] [Client 4] [id: /Competition_topic] publish: Cannot infer topic type for topic /Competition_topic as it is not yet advertised
1758342853.151443004 ERROR /rosbridge_websocket [protocol.py:399(RosbridgeProtocol.log)] [topics: /client_count, /rosout, /connected_clients] [Client 5] [id: /Object_topic] publish: Cannot infer topic type for topic /Object_topic as it is not yet advertised
1758342853.152770996 ERROR /rosbridge_websocket [protocol.py:399(RosbridgeProtocol.log)] [topics: /client_count, /rosout, /connected_clients] [Client 6] [id: /Ego_topic] publish: Cannot infer topic type for topic /Ego_topic as it is not yet advertised
1758342853.162734746 ERROR /rosbridge_websocket [protocol.py:399(RosbridgeProtocol.log)] [topics: /client_count, /rosout, /connected_clients] [Client 1] [id: /CollisionData] publish: Cannot infer topic type for topic /CollisionData as it is not yet advertised
1758342853.165555477 ERROR /rosbridge_websocket [protocol.py:399(RosbridgeProtocol.log)] [topics: /client_count, /rosout, /connected_clients] [Client 5] [id: /Object_topic] publish: Cannot infer topic type for topic /Object_topic as it is not yet advertised
1758342853.166930913 ERROR /rosbridge_websocket [protocol.py:399(RosbridgeProtocol.log)] [topics: /client_count, /rosout, /connected_clients] [Client 6] [id: /Ego_topic] publish: Cannot infer topic type for topic /Ego_topic as it is not yet advertised
1758342853.168371677 ERROR /rosbridge_websocket [protocol.py:399(RosbridgeProtocol.log)] [topics: /client_count, /rosout, /connected_clients] [Client 4] [id: /Competition_topic] publish: Cannot infer topic type for topic /Competition_topic as it is not yet advertised
1758342853.169627666 ERROR /rosbridge_websocket [protocol.py:399(RosbridgeProtocol.log)] [topics: /client_count, /rosout, /connected_clients] [Client 2] [id: /tf] publish: Cannot infer topic type for topic /tf as it is not yet advertised
1758342853.179415225 ERROR /rosbridge_websocket [protocol.py:399(RosbridgeProtocol.log)] [topics: /client_count, /rosout, /connected_clients] [Client 1] [id: /CollisionData] publish: Cannot infer topic type for topic /CollisionData as it is not yet advertised
1758342853.181548118 ERROR /rosbridge_websocket [protocol.py:399(RosbridgeProtocol.log)] [topics: /client_count, /rosout, /connected_clients] [Client 4] [id: /Competition_topic] publish: Cannot infer topic type for topic /Competition_topic as it is not yet advertised
1758342853.183098554 ERROR /rosbridge_websocket [protocol.py:399(RosbridgeProtocol.log)] [topics: /client_count, /rosout, /connected_clients] [Client 6] [id: /Ego_topic] publish: Cannot infer topic type for topic /Ego_topic as it is not yet advertised
1758342853.184410095 ERROR /rosbridge_websocket [protocol.py:399(RosbridgeProtocol.log)] [topics: /client_count, /rosout, /connected_clients] [Client 5] [id: /Object_topic] publish: Cannot infer topic type for topic /Object_topic as it is not yet advertised
1758342853.212799310 ERROR /rosbridge_websocket [protocol.py:399(RosbridgeProtocol.log)] [topics: /client_count, /rosout, /connected_clients] [Client 6] [id: /Ego_topic] publish: Cannot infer topic type for topic /Ego_topic as it is not yet advertised
1758342853.215466260 ERROR /rosbridge_websocket [protocol.py:399(RosbridgeProtocol.log)] [topics: /client_count, /rosout, /connected_clients] [Client 2] [id: /tf] publish: Cannot infer topic type for topic /tf as it is not yet advertised
1758342853.218920946 ERROR /rosbridge_websocket [protocol.py:399(RosbridgeProtocol.log)] [topics: /client_count, /rosout, /connected_clients] [Client 4] [id: /Competition_topic] publish: Cannot infer topic type for topic /Competition_topic as it is not yet advertised
1758342853.220712184 ERROR /rosbridge_websocket [protocol.py:399(RosbridgeProtocol.log)] [topics: /client_count, /rosout, /connected_clients] [Client 1] [id: /CollisionData] publish: Cannot infer topic type for topic /CollisionData as it is not yet advertised
1758342853.225476503 ERROR /rosbridge_websocket [protocol.py:399(RosbridgeProtocol.log)] [topics: /client_count, /rosout, /connected_clients] [Client 5] [id: /Object_topic] publish: Cannot infer topic type for topic /Object_topic as it is not yet advertised
1758342853.229652166 ERROR /rosbridge_websocket [protocol.py:399(RosbridgeProtocol.log)] [topics: /client_count, /rosout, /connected_clients] [Client 2] [id: /tf] publish: Cannot infer topic type for topic /tf as it is not yet advertised
1758342853.233164072 ERROR /rosbridge_websocket [protocol.py:399(RosbridgeProtocol.log)] [topics: /client_count, /rosout, /connected_clients] [Client 4] [id: /Competition_topic] publish: Cannot infer topic type for topic /Competition_topic as it is not yet advertised
1758342853.235600709 ERROR /rosbridge_websocket [protocol.py:399(RosbridgeProtocol.log)] [topics: /client_count, /rosout, /connected_clients] [Client 6] [id: /Ego_topic] publish: Cannot infer topic type for topic /Ego_topic as it is not yet advertised
1758342853.237278699 ERROR /rosbridge_websocket [protocol.py:399(RosbridgeProtocol.log)] [topics: /client_count, /rosout, /connected_clients] [Client 1] [id: /CollisionData] publish: Cannot infer topic type for topic /CollisionData as it is not yet advertised
1758342853.240575313 ERROR /rosbridge_websocket [protocol.py:399(RosbridgeProtocol.log)] [topics: /client_count, /rosout, /connected_clients] [Client 5] [id: /Object_topic] publish: Cannot infer topic type for topic /Object_topic as it is not yet advertised
1758342853.246687650 ERROR /rosbridge_websocket [protocol.py:399(RosbridgeProtocol.log)] [topics: /client_count, /rosout, /connected_clients] [Client 2] [id: /tf] publish: Cannot infer topic type for topic /tf as it is not yet advertised
1758342853.249976396 ERROR /rosbridge_websocket [protocol.py:399(RosbridgeProtocol.log)] [topics: /client_count, /rosout, /connected_clients] [Client 1] [id: /CollisionData] publish: Cannot infer topic type for topic /CollisionData as it is not yet advertised
1758342853.251946449 ERROR /rosbridge_websocket [protocol.py:399(RosbridgeProtocol.log)] [topics: /client_count, /rosout, /connected_clients] [Client 5] [id: /Object_topic] publish: Cannot infer topic type for topic /Object_topic as it is not yet advertised
1758342853.253462076 ERROR /rosbridge_websocket [protocol.py:399(RosbridgeProtocol.log)] [topics: /client_count, /rosout, /connected_clients] [Client 6] [id: /Ego_topic] publish: Cannot infer topic type for topic /Ego_topic as it is not yet advertised
1758342853.258581876 ERROR /rosbridge_websocket [protocol.py:399(RosbridgeProtocol.log)] [topics: /client_count, /rosout, /connected_clients] [Client 4] [id: /Competition_topic] publish: Cannot infer topic type for topic /Competition_topic as it is not yet advertised
1758342853.263029336 ERROR /rosbridge_websocket [protocol.py:399(RosbridgeProtocol.log)] [topics: /client_count, /rosout, /connected_clients] [Client 2] [id: /tf] publish: Cannot infer topic type for topic /tf as it is not yet advertised
1758342853.268095254 ERROR /rosbridge_websocket [protocol.py:399(RosbridgeProtocol.log)] [topics: /client_count, /rosout, /connected_clients] [Client 5] [id: /Object_topic] publish: Cannot infer topic type for topic /Object_topic as it is not yet advertised
1758342853.270123004 ERROR /rosbridge_websocket [protocol.py:399(RosbridgeProtocol.log)] [topics: /client_count, /rosout, /connected_clients] [Client 1] [id: /CollisionData] publish: Cannot infer topic type for topic /CollisionData as it is not yet advertised
1758342853.271467685 ERROR /rosbridge_websocket [protocol.py:399(RosbridgeProtocol.log)] [topics: /client_count, /rosout, /connected_clients] [Client 6] [id: /Ego_topic] publish: Cannot infer topic type for topic /Ego_topic as it is not yet advertised
1758342853.273307800 ERROR /rosbridge_websocket [protocol.py:399(RosbridgeProtocol.log)] [topics: /client_count, /rosout, /connected_clients] [Client 4] [id: /Competition_topic] publish: Cannot infer topic type for topic /Competition_topic as it is not yet advertised
1758342853.278146505 ERROR /rosbridge_websocket [protocol.py:399(RosbridgeProtocol.log)] [topics: /client_count, /rosout, /connected_clients] [Client 2] [id: /tf] publish: Cannot infer topic type for topic /tf as it is not yet advertised
1758342853.284667968 ERROR /rosbridge_websocket [protocol.py:399(RosbridgeProtocol.log)] [topics: /client_count, /rosout, /connected_clients] [Client 1] [id: /CollisionData] publish: Cannot infer topic type for topic /CollisionData as it is not yet advertised
1758342853.286517620 ERROR /rosbridge_websocket [protocol.py:399(RosbridgeProtocol.log)] [topics: /client_count, /rosout, /connected_clients] [Client 6] [id: /Ego_topic] publish: Cannot infer topic type for topic /Ego_topic as it is not yet advertised
1758342853.287945985 ERROR /rosbridge_websocket [protocol.py:399(RosbridgeProtocol.log)] [topics: /client_count, /rosout, /connected_clients] [Client 4] [id: /Competition_topic] publish: Cannot infer topic type for topic /Competition_topic as it is not yet advertised
1758342853.289109468 ERROR /rosbridge_websocket [protocol.py:399(RosbridgeProtocol.log)] [topics: /client_count, /rosout, /connected_clients] [Client 5] [id: /Object_topic] publish: Cannot infer topic type for topic /Object_topic as it is not yet advertised
1758342853.297313451 ERROR /rosbridge_websocket [protocol.py:399(RosbridgeProtocol.log)] [topics: /client_count, /rosout, /connected_clients] [Client 2] [id: /tf] publish: Cannot infer topic type for topic /tf as it is not yet advertised
1758342853.300942659 ERROR /rosbridge_websocket [protocol.py:399(RosbridgeProtocol.log)] [topics: /client_count, /rosout, /connected_clients] [Client 6] [id: /Ego_topic] publish: Cannot infer topic type for topic /Ego_topic as it is not yet advertised
1758342853.302979469 ERROR /rosbridge_websocket [protocol.py:399(RosbridgeProtocol.log)] [topics: /client_count, /rosout, /connected_clients] [Client 1] [id: /CollisionData] publish: Cannot infer topic type for topic /CollisionData as it is not yet advertised
1758342853.304378509 ERROR /rosbridge_websocket [protocol.py:399(RosbridgeProtocol.log)] [topics: /client_count, /rosout, /connected_clients] [Client 4] [id: /Competition_topic] publish: Cannot infer topic type for topic /Competition_topic as it is not yet advertised
1758342853.305802822 ERROR /rosbridge_websocket [protocol.py:399(RosbridgeProtocol.log)] [topics: /client_count, /rosout, /connected_clients] [Client 5] [id: /Object_topic] publish: Cannot infer topic type for topic /Object_topic as it is not yet advertised
1758342853.307207822 ERROR /rosbridge_websocket [protocol.py:399(RosbridgeProtocol.log)] [topics: /client_count, /rosout, /connected_clients] [Client 2] [id: /tf] publish: Cannot infer topic type for topic /tf as it is not yet advertised
1758342853.331475973 ERROR /rosbridge_websocket [protocol.py:399(RosbridgeProtocol.log)] [topics: /client_count, /rosout, /connected_clients] [Client 2] [id: /tf] publish: Cannot infer topic type for topic /tf as it is not yet advertised
1758342853.334170818 ERROR /rosbridge_websocket [protocol.py:399(RosbridgeProtocol.log)] [topics: /client_count, /rosout, /connected_clients] [Client 4] [id: /Competition_topic] publish: Cannot infer topic type for topic /Competition_topic as it is not yet advertised
1758342853.336322307 ERROR /rosbridge_websocket [protocol.py:399(RosbridgeProtocol.log)] [topics: /client_count, /rosout, /connected_clients] [Client 6] [id: /Ego_topic] publish: Cannot infer topic type for topic /Ego_topic as it is not yet advertised
1758342853.337553739 ERROR /rosbridge_websocket [protocol.py:399(RosbridgeProtocol.log)] [topics: /client_count, /rosout, /connected_clients] [Client 1] [id: /CollisionData] publish: Cannot infer topic type for topic /CollisionData as it is not yet advertised
1758342853.339007377 ERROR /rosbridge_websocket [protocol.py:399(RosbridgeProtocol.log)] [topics: /client_count, /rosout, /connected_clients] [Client 5] [id: /Object_topic] publish: Cannot infer topic type for topic /Object_topic as it is not yet advertised
1758342853.351099729 ERROR /rosbridge_websocket [protocol.py:399(RosbridgeProtocol.log)] [topics: /client_count, /rosout, /connected_clients] [Client 1] [id: /CollisionData] publish: Cannot infer topic type for topic /CollisionData as it is not yet advertised
1758342853.352911949 ERROR /rosbridge_websocket [protocol.py:399(RosbridgeProtocol.log)] [topics: /client_count, /rosout, /connected_clients] [Client 5] [id: /Object_topic] publish: Cannot infer topic type for topic /Object_topic as it is not yet advertised
1758342853.354151964 ERROR /rosbridge_websocket [protocol.py:399(RosbridgeProtocol.log)] [topics: /client_count, /rosout, /connected_clients] [Client 2] [id: /tf] publish: Cannot infer topic type for topic /tf as it is not yet advertised
1758342853.355387449 ERROR /rosbridge_websocket [protocol.py:399(RosbridgeProtocol.log)] [topics: /client_count, /rosout, /connected_clients] [Client 6] [id: /Ego_topic] publish: Cannot infer topic type for topic /Ego_topic as it is not yet advertised
1758342853.356927156 ERROR /rosbridge_websocket [protocol.py:399(RosbridgeProtocol.log)] [topics: /client_count, /rosout, /connected_clients] [Client 4] [id: /Competition_topic] publish: Cannot infer topic type for topic /Competition_topic as it is not yet advertised
1758342853.367868900 ERROR /rosbridge_websocket [protocol.py:399(RosbridgeProtocol.log)] [topics: /client_count, /rosout, /connected_clients] [Client 2] [id: /tf] publish: Cannot infer topic type for topic /tf as it is not yet advertised
1758342853.369600296 ERROR /rosbridge_websocket [protocol.py:399(RosbridgeProtocol.log)] [topics: /client_count, /rosout, /connected_clients] [Client 6] [id: /Ego_topic] publish: Cannot infer topic type for topic /Ego_topic as it is not yet advertised
1758342853.371072769 ERROR /rosbridge_websocket [protocol.py:399(RosbridgeProtocol.log)] [topics: /client_count, /rosout, /connected_clients] [Client 4] [id: /Competition_topic] publish: Cannot infer topic type for topic /Competition_topic as it is not yet advertised
1758342853.372509717 ERROR /rosbridge_websocket [protocol.py:399(RosbridgeProtocol.log)] [topics: /client_count, /rosout, /connected_clients] [Client 1] [id: /CollisionData] publish: Cannot infer topic type for topic /CollisionData as it is not yet advertised
1758342853.373986244 ERROR /rosbridge_websocket [protocol.py:399(RosbridgeProtocol.log)] [topics: /client_count, /rosout, /connected_clients] [Client 5] [id: /Object_topic] publish: Cannot infer topic type for topic /Object_topic as it is not yet advertised
1758342853.385707616 ERROR /rosbridge_websocket [protocol.py:399(RosbridgeProtocol.log)] [topics: /client_count, /rosout, /connected_clients] [Client 4] [id: /Competition_topic] publish: Cannot infer topic type for topic /Competition_topic as it is not yet advertised
1758342853.387382030 ERROR /rosbridge_websocket [protocol.py:399(RosbridgeProtocol.log)] [topics: /client_count, /rosout, /connected_clients] [Client 1] [id: /CollisionData] publish: Cannot infer topic type for topic /CollisionData as it is not yet advertised
1758342853.388971567 ERROR /rosbridge_websocket [protocol.py:399(RosbridgeProtocol.log)] [topics: /client_count, /rosout, /connected_clients] [Client 6] [id: /Ego_topic] publish: Cannot infer topic type for topic /Ego_topic as it is not yet advertised
1758342853.390374898 ERROR /rosbridge_websocket [protocol.py:399(RosbridgeProtocol.log)] [topics: /client_count, /rosout, /connected_clients] [Client 2] [id: /tf] publish: Cannot infer topic type for topic /tf as it is not yet advertised
1758342853.398224353 ERROR /rosbridge_websocket [protocol.py:399(RosbridgeProtocol.log)] [topics: /client_count, /rosout, /connected_clients] [Client 5] [id: /Object_topic] publish: Cannot infer topic type for topic /Object_topic as it is not yet advertised
1758342853.401556015 ERROR /rosbridge_websocket [protocol.py:399(RosbridgeProtocol.log)] [topics: /client_count, /rosout, /connected_clients] [Client 2] [id: /tf] publish: Cannot infer topic type for topic /tf as it is not yet advertised
1758342853.403476715 ERROR /rosbridge_websocket [protocol.py:399(RosbridgeProtocol.log)] [topics: /client_count, /rosout, /connected_clients] [Client 1] [id: /CollisionData] publish: Cannot infer topic type for topic /CollisionData as it is not yet advertised
1758342853.406809091 ERROR /rosbridge_websocket [protocol.py:399(RosbridgeProtocol.log)] [topics: /client_count, /rosout, /connected_clients] [Client 4] [id: /Competition_topic] publish: Cannot infer topic type for topic /Competition_topic as it is not yet advertised
1758342853.410963296 ERROR /rosbridge_websocket [protocol.py:399(RosbridgeProtocol.log)] [topics: /client_count, /rosout, /connected_clients] [Client 6] [id: /Ego_topic] publish: Cannot infer topic type for topic /Ego_topic as it is not yet advertised
1758342853.419163465 ERROR /rosbridge_websocket [protocol.py:399(RosbridgeProtocol.log)] [topics: /client_count, /rosout, /connected_clients] [Client 5] [id: /Object_topic] publish: Cannot infer topic type for topic /Object_topic as it is not yet advertised
1758342853.425100564 ERROR /rosbridge_websocket [protocol.py:399(RosbridgeProtocol.log)] [topics: /client_count, /rosout, /connected_clients] [Client 1] [id: /CollisionData] publish: Cannot infer topic type for topic /CollisionData as it is not yet advertised
1758342853.428318500 ERROR /rosbridge_websocket [protocol.py:399(RosbridgeProtocol.log)] [topics: /client_count, /rosout, /connected_clients] [Client 4] [id: /Competition_topic] publish: Cannot infer topic type for topic /Competition_topic as it is not yet advertised
1758342853.430561542 ERROR /rosbridge_websocket [protocol.py:399(RosbridgeProtocol.log)] [topics: /client_count, /rosout, /connected_clients] [Client 2] [id: /tf] publish: Cannot infer topic type for topic /tf as it is not yet advertised
1758342853.432837486 ERROR /rosbridge_websocket [protocol.py:399(RosbridgeProtocol.log)] [topics: /client_count, /rosout, /connected_clients] [Client 6] [id: /Ego_topic] publish: Cannot infer topic type for topic /Ego_topic as it is not yet advertised
1758342853.434925794 ERROR /rosbridge_websocket [protocol.py:399(RosbridgeProtocol.log)] [topics: /client_count, /rosout, /connected_clients] [Client 5] [id: /Object_topic] publish: Cannot infer topic type for topic /Object_topic as it is not yet advertised
1758342853.452842712 ERROR /rosbridge_websocket [protocol.py:399(RosbridgeProtocol.log)] [topics: /client_count, /rosout, /connected_clients] [Client 1] [id: /CollisionData] publish: Cannot infer topic type for topic /CollisionData as it is not yet advertised
1758342853.456333160 ERROR /rosbridge_websocket [protocol.py:399(RosbridgeProtocol.log)] [topics: /client_count, /rosout, /connected_clients] [Client 4] [id: /Competition_topic] publish: Cannot infer topic type for topic /Competition_topic as it is not yet advertised
1758342853.458872556 ERROR /rosbridge_websocket [protocol.py:399(RosbridgeProtocol.log)] [topics: /client_count, /rosout, /connected_clients] [Client 6] [id: /Ego_topic] publish: Cannot infer topic type for topic /Ego_topic as it is not yet advertised
1758342853.463594913 ERROR /rosbridge_websocket [protocol.py:399(RosbridgeProtocol.log)] [topics: /client_count, /rosout, /connected_clients] [Client 2] [id: /tf] publish: Cannot infer topic type for topic /tf as it is not yet advertised
1758342853.467929840 ERROR /rosbridge_websocket [protocol.py:399(RosbridgeProtocol.log)] [topics: /client_count, /rosout, /connected_clients] [Client 5] [id: /Object_topic] publish: Cannot infer topic type for topic /Object_topic as it is not yet advertised
1758342853.473865270 ERROR /rosbridge_websocket [protocol.py:399(RosbridgeProtocol.log)] [topics: /client_count, /rosout, /connected_clients] [Client 4] [id: /Competition_topic] publish: Cannot infer topic type for topic /Competition_topic as it is not yet advertised
1758342853.477163791 ERROR /rosbridge_websocket [protocol.py:399(RosbridgeProtocol.log)] [topics: /client_count, /rosout, /connected_clients] [Client 6] [id: /Ego_topic] publish: Cannot infer topic type for topic /Ego_topic as it is not yet advertised
1758342853.484249114 ERROR /rosbridge_websocket [protocol.py:399(RosbridgeProtocol.log)] [topics: /client_count, /rosout, /connected_clients] [Client 2] [id: /tf] publish: Cannot infer topic type for topic /tf as it is not yet advertised
1758342853.487415313 ERROR /rosbridge_websocket [protocol.py:399(RosbridgeProtocol.log)] [topics: /client_count, /rosout, /connected_clients] [Client 1] [id: /CollisionData] publish: Cannot infer topic type for topic /CollisionData as it is not yet advertised
1758342853.489810705 ERROR /rosbridge_websocket [protocol.py:399(RosbridgeProtocol.log)] [topics: /client_count, /rosout, /connected_clients] [Client 5] [id: /Object_topic] publish: Cannot infer topic type for topic /Object_topic as it is not yet advertised
1758342853.495399236 ERROR /rosbridge_websocket [protocol.py:399(RosbridgeProtocol.log)] [topics: /client_count, /rosout, /connected_clients] [Client 4] [id: /Competition_topic] publish: Cannot infer topic type for topic /Competition_topic as it is not yet advertised
1758342853.499670028 ERROR /rosbridge_websocket [protocol.py:399(RosbridgeProtocol.log)] [topics: /client_count, /rosout, /connected_clients] [Client 6] [id: /Ego_topic] publish: Cannot infer topic type for topic /Ego_topic as it is not yet advertised
1758342853.504458665 ERROR /rosbridge_websocket [protocol.py:399(RosbridgeProtocol.log)] [topics: /client_count, /rosout, /connected_clients] [Client 2] [id: /tf] publish: Cannot infer topic type for topic /tf as it is not yet advertised
1758342853.508765935 ERROR /rosbridge_websocket [protocol.py:399(RosbridgeProtocol.log)] [topics: /client_count, /rosout, /connected_clients] [Client 1] [id: /CollisionData] publish: Cannot infer topic type for topic /CollisionData as it is not yet advertised
1758342853.511497497 ERROR /rosbridge_websocket [protocol.py:399(RosbridgeProtocol.log)] [topics: /client_count, /rosout, /connected_clients] [Client 5] [id: /Object_topic] publish: Cannot infer topic type for topic /Object_topic as it is not yet advertised
1758342853.516019105 ERROR /rosbridge_websocket [protocol.py:399(RosbridgeProtocol.log)] [topics: /client_count, /rosout, /connected_clients] [Client 4] [id: /Competition_topic] publish: Cannot infer topic type for topic /Competition_topic as it is not yet advertised
1758342853.520203351 ERROR /rosbridge_websocket [protocol.py:399(RosbridgeProtocol.log)] [topics: /client_count, /rosout, /connected_clients] [Client 6] [id: /Ego_topic] publish: Cannot infer topic type for topic /Ego_topic as it is not yet advertised
1758342853.523663759 ERROR /rosbridge_websocket [protocol.py:399(RosbridgeProtocol.log)] [topics: /client_count, /rosout, /connected_clients] [Client 2] [id: /tf] publish: Cannot infer topic type for topic /tf as it is not yet advertised
1758342853.526768922 ERROR /rosbridge_websocket [protocol.py:399(RosbridgeProtocol.log)] [topics: /client_count, /rosout, /connected_clients] [Client 1] [id: /CollisionData] publish: Cannot infer topic type for topic /CollisionData as it is not yet advertised
1758342853.531717538 ERROR /rosbridge_websocket [protocol.py:399(RosbridgeProtocol.log)] [topics: /client_count, /rosout, /connected_clients] [Client 5] [id: /Object_topic] publish: Cannot infer topic type for topic /Object_topic as it is not yet advertised
1758342853.536929368 ERROR /rosbridge_websocket [protocol.py:399(RosbridgeProtocol.log)] [topics: /client_count, /rosout, /connected_clients] [Client 4] [id: /Competition_topic] publish: Cannot infer topic type for topic /Competition_topic as it is not yet advertised
1758342853.539433479 ERROR /rosbridge_websocket [protocol.py:399(RosbridgeProtocol.log)] [topics: /client_count, /rosout, /connected_clients] [Client 6] [id: /Ego_topic] publish: Cannot infer topic type for topic /Ego_topic as it is not yet advertised
1758342853.541182041 ERROR /rosbridge_websocket [protocol.py:399(RosbridgeProtocol.log)] [topics: /client_count, /rosout, /connected_clients] [Client 2] [id: /tf] publish: Cannot infer topic type for topic /tf as it is not yet advertised
1758342853.543380737 ERROR /rosbridge_websocket [protocol.py:399(RosbridgeProtocol.log)] [topics: /client_count, /rosout, /connected_clients] [Client 1] [id: /CollisionData] publish: Cannot infer topic type for topic /CollisionData as it is not yet advertised
1758342853.550485134 ERROR /rosbridge_websocket [protocol.py:399(RosbridgeProtocol.log)] [topics: /client_count, /rosout, /connected_clients] [Client 5] [id: /Object_topic] publish: Cannot infer topic type for topic /Object_topic as it is not yet advertised
1758342853.558202981 ERROR /rosbridge_websocket [protocol.py:399(RosbridgeProtocol.log)] [topics: /client_count, /rosout, /connected_clients] [Client 4] [id: /Competition_topic] publish: Cannot infer topic type for topic /Competition_topic as it is not yet advertised
1758342853.562210083 ERROR /rosbridge_websocket [protocol.py:399(RosbridgeProtocol.log)] [topics: /client_count, /rosout, /connected_clients] [Client 2] [id: /tf] publish: Cannot infer topic type for topic /tf as it is not yet advertised
1758342853.566564321 ERROR /rosbridge_websocket [protocol.py:399(RosbridgeProtocol.log)] [topics: /client_count, /rosout, /connected_clients] [Client 6] [id: /Ego_topic] publish: Cannot infer topic type for topic /Ego_topic as it is not yet advertised
1758342853.570367813 ERROR /rosbridge_websocket [protocol.py:399(RosbridgeProtocol.log)] [topics: /client_count, /rosout, /connected_clients] [Client 1] [id: /CollisionData] publish: Cannot infer topic type for topic /CollisionData as it is not yet advertised
1758342853.574642181 ERROR /rosbridge_websocket [protocol.py:399(RosbridgeProtocol.log)] [topics: /client_count, /rosout, /connected_clients] [Client 5] [id: /Object_topic] publish: Cannot infer topic type for topic /Object_topic as it is not yet advertised
1758342853.578248977 ERROR /rosbridge_websocket [protocol.py:399(RosbridgeProtocol.log)] [topics: /client_count, /rosout, /connected_clients] [Client 4] [id: /Competition_topic] publish: Cannot infer topic type for topic /Competition_topic as it is not yet advertised
1758342853.582272768 ERROR /rosbridge_websocket [protocol.py:399(RosbridgeProtocol.log)] [topics: /client_count, /rosout, /connected_clients] [Client 2] [id: /tf] publish: Cannot infer topic type for topic /tf as it is not yet advertised
1758342853.585571050 ERROR /rosbridge_websocket [protocol.py:399(RosbridgeProtocol.log)] [topics: /client_count, /rosout, /connected_clients] [Client 6] [id: /Ego_topic] publish: Cannot infer topic type for topic /Ego_topic as it is not yet advertised
1758342853.589990854 ERROR /rosbridge_websocket [protocol.py:399(RosbridgeProtocol.log)] [topics: /client_count, /rosout, /connected_clients] [Client 1] [id: /CollisionData] publish: Cannot infer topic type for topic /CollisionData as it is not yet advertised
1758342853.594692945 ERROR /rosbridge_websocket [protocol.py:399(RosbridgeProtocol.log)] [topics: /client_count, /rosout, /connected_clients] [Client 5] [id: /Object_topic] publish: Cannot infer topic type for topic /Object_topic as it is not yet advertised
1758342853.600255250 ERROR /rosbridge_websocket [protocol.py:399(RosbridgeProtocol.log)] [topics: /client_count, /rosout, /connected_clients, /image_jpeg/compressed] [Client 4] [id: /Competition_topic] publish: Cannot infer topic type for topic /Competition_topic as it is not yet advertised
1758342853.605072975 ERROR /rosbridge_websocket [protocol.py:399(RosbridgeProtocol.log)] [topics: /client_count, /rosout, /connected_clients, /image_jpeg/compressed] [Client 6] [id: /Ego_topic] publish: Cannot infer topic type for topic /Ego_topic as it is not yet advertised
1758342853.607687473 ERROR /rosbridge_websocket [protocol.py:399(RosbridgeProtocol.log)] [topics: /client_count, /rosout, /connected_clients, /image_jpeg/compressed] [Client 2] [id: /tf] publish: Cannot infer topic type for topic /tf as it is not yet advertised
1758342853.610639572 ERROR /rosbridge_websocket [protocol.py:399(RosbridgeProtocol.log)] [topics: /client_count, /rosout, /connected_clients, /image_jpeg/compressed] [Client 1] [id: /CollisionData] publish: Cannot infer topic type for topic /CollisionData as it is not yet advertised
1758342853.615428209 ERROR /rosbridge_websocket [protocol.py:399(RosbridgeProtocol.log)] [topics: /client_count, /rosout, /connected_clients, /image_jpeg/compressed] [Client 5] [id: /Object_topic] publish: Cannot infer topic type for topic /Object_topic as it is not yet advertised
1758342853.619179010 ERROR /rosbridge_websocket [protocol.py:399(RosbridgeProtocol.log)] [topics: /client_count, /rosout, /connected_clients, /image_jpeg/compressed] [Client 4] [id: /Competition_topic] publish: Cannot infer topic type for topic /Competition_topic as it is not yet advertised
1758342853.620797634 ERROR /rosbridge_websocket [protocol.py:399(RosbridgeProtocol.log)] [topics: /client_count, /rosout, /connected_clients, /image_jpeg/compressed] [Client 6] [id: /Ego_topic] publish: Cannot infer topic type for topic /Ego_topic as it is not yet advertised
1758342853.623925685 ERROR /rosbridge_websocket [protocol.py:399(RosbridgeProtocol.log)] [topics: /client_count, /rosout, /connected_clients, /image_jpeg/compressed] [Client 2] [id: /tf] publish: Cannot infer topic type for topic /tf as it is not yet advertised
1758342853.626810312 ERROR /rosbridge_websocket [protocol.py:399(RosbridgeProtocol.log)] [topics: /client_count, /rosout, /connected_clients, /image_jpeg/compressed] [Client 1] [id: /CollisionData] publish: Cannot infer topic type for topic /CollisionData as it is not yet advertised
1758342853.630038499 ERROR /rosbridge_websocket [protocol.py:399(RosbridgeProtocol.log)] [topics: /client_count, /rosout, /connected_clients, /image_jpeg/compressed] [Client 5] [id: /Object_topic] publish: Cannot infer topic type for topic /Object_topic as it is not yet advertised
1758342853.634670019 ERROR /rosbridge_websocket [protocol.py:399(RosbridgeProtocol.log)] [topics: /client_count, /rosout, /connected_clients, /image_jpeg/compressed] [Client 4] [id: /Competition_topic] publish: Cannot infer topic type for topic /Competition_topic as it is not yet advertised
1758342853.636845827 ERROR /rosbridge_websocket [protocol.py:399(RosbridgeProtocol.log)] [topics: /client_count, /rosout, /connected_clients, /image_jpeg/compressed] [Client 6] [id: /Ego_topic] publish: Cannot infer topic type for topic /Ego_topic as it is not yet advertised
1758342853.639000654 ERROR /rosbridge_websocket [protocol.py:399(RosbridgeProtocol.log)] [topics: /client_count, /rosout, /connected_clients, /image_jpeg/compressed] [Client 2] [id: /tf] publish: Cannot infer topic type for topic /tf as it is not yet advertised
1758342853.641384601 ERROR /rosbridge_websocket [protocol.py:399(RosbridgeProtocol.log)] [topics: /client_count, /rosout, /connected_clients, /image_jpeg/compressed] [Client 1] [id: /CollisionData] publish: Cannot infer topic type for topic /CollisionData as it is not yet advertised
1758342853.643895864 ERROR /rosbridge_websocket [protocol.py:399(RosbridgeProtocol.log)] [topics: /client_count, /rosout, /connected_clients, /image_jpeg/compressed] [Client 5] [id: /Object_topic] publish: Cannot infer topic type for topic /Object_topic as it is not yet advertised
1758342853.646719932 ERROR /rosbridge_websocket [protocol.py:399(RosbridgeProtocol.log)] [topics: /client_count, /rosout, /connected_clients, /image_jpeg/compressed] [Client 4] [id: /Competition_topic] publish: Cannot infer topic type for topic /Competition_topic as it is not yet advertised
1758342853.649836063 ERROR /rosbridge_websocket [protocol.py:399(RosbridgeProtocol.log)] [topics: /client_count, /rosout, /connected_clients, /image_jpeg/compressed] [Client 2] [id: /tf] publish: Cannot infer topic type for topic /tf as it is not yet advertised
1758342853.652698993 ERROR /rosbridge_websocket [protocol.py:399(RosbridgeProtocol.log)] [topics: /client_count, /rosout, /connected_clients, /image_jpeg/compressed] [Client 1] [id: /CollisionData] publish: Cannot infer topic type for topic /CollisionData as it is not yet advertised
1758342853.654240846 ERROR /rosbridge_websocket [protocol.py:399(RosbridgeProtocol.log)] [topics: /client_count, /rosout, /connected_clients, /image_jpeg/compressed] [Client 5] [id: /Object_topic] publish: Cannot infer topic type for topic /Object_topic as it is not yet advertised
1758342853.655502319 ERROR /rosbridge_websocket [protocol.py:399(RosbridgeProtocol.log)] [topics: /client_count, /rosout, /connected_clients, /image_jpeg/compressed] [Client 6] [id: /Ego_topic] publish: Cannot infer topic type for topic /Ego_topic as it is not yet advertised
1758342853.796949386 ERROR /rosbridge_websocket [protocol.py:399(RosbridgeProtocol.log)] [topics: /client_count, /rosout, /connected_clients, /image_jpeg/compressed] [Client 4] [id: /Competition_topic] publish: Cannot infer topic type for topic /Competition_topic as it is not yet advertised
1758342853.801511764 ERROR /rosbridge_websocket [protocol.py:399(RosbridgeProtocol.log)] [topics: /client_count, /rosout, /connected_clients, /image_jpeg/compressed] [Client 2] [id: /tf] publish: Cannot infer topic type for topic /tf as it is not yet advertised
1758342853.804431915 ERROR /rosbridge_websocket [protocol.py:399(RosbridgeProtocol.log)] [topics: /client_count, /rosout, /connected_clients, /image_jpeg/compressed] [Client 6] [id: /Ego_topic] publish: Cannot infer topic type for topic /Ego_topic as it is not yet advertised
1758342853.809370279 ERROR /rosbridge_websocket [protocol.py:399(RosbridgeProtocol.log)] [topics: /client_count, /rosout, /connected_clients, /image_jpeg/compressed] [Client 1] [id: /CollisionData] publish: Cannot infer topic type for topic /CollisionData as it is not yet advertised
1758342853.811702489 ERROR /rosbridge_websocket [protocol.py:399(RosbridgeProtocol.log)] [topics: /client_count, /rosout, /connected_clients, /image_jpeg/compressed] [Client 5] [id: /Object_topic] publish: Cannot infer topic type for topic /Object_topic as it is not yet advertised
1758342853.813766241 ERROR /rosbridge_websocket [protocol.py:399(RosbridgeProtocol.log)] [topics: /client_count, /rosout, /connected_clients, /image_jpeg/compressed] [Client 4] [id: /Competition_topic] publish: Cannot infer topic type for topic /Competition_topic as it is not yet advertised
1758342853.816702365 ERROR /rosbridge_websocket [protocol.py:399(RosbridgeProtocol.log)] [topics: /client_count, /rosout, /connected_clients, /image_jpeg/compressed] [Client 6] [id: /Ego_topic] publish: Cannot infer topic type for topic /Ego_topic as it is not yet advertised
1758342853.818589210 ERROR /rosbridge_websocket [protocol.py:399(RosbridgeProtocol.log)] [topics: /client_count, /rosout, /connected_clients, /image_jpeg/compressed] [Client 2] [id: /tf] publish: Cannot infer topic type for topic /tf as it is not yet advertised
1758342853.820442199 ERROR /rosbridge_websocket [protocol.py:399(RosbridgeProtocol.log)] [topics: /client_count, /rosout, /connected_clients, /image_jpeg/compressed] [Client 1] [id: /CollisionData] publish: Cannot infer topic type for topic /CollisionData as it is not yet advertised
1758342853.821878194 ERROR /rosbridge_websocket [protocol.py:399(RosbridgeProtocol.log)] [topics: /client_count, /rosout, /connected_clients, /image_jpeg/compressed] [Client 5] [id: /Object_topic] publish: Cannot infer topic type for topic /Object_topic as it is not yet advertised
1758342853.837171554 ERROR /rosbridge_websocket [protocol.py:399(RosbridgeProtocol.log)] [topics: /client_count, /rosout, /connected_clients, /image_jpeg/compressed] [Client 2] [id: /tf] publish: Cannot infer topic type for topic /tf as it is not yet advertised
1758342853.839453935 ERROR /rosbridge_websocket [protocol.py:399(RosbridgeProtocol.log)] [topics: /client_count, /rosout, /connected_clients, /image_jpeg/compressed] [Client 4] [id: /Competition_topic] publish: Cannot infer topic type for topic /Competition_topic as it is not yet advertised
1758342853.841278553 ERROR /rosbridge_websocket [protocol.py:399(RosbridgeProtocol.log)] [topics: /client_count, /rosout, /connected_clients, /image_jpeg/compressed] [Client 5] [id: /Object_topic] publish: Cannot infer topic type for topic /Object_topic as it is not yet advertised
1758342853.843149662 ERROR /rosbridge_websocket [protocol.py:399(RosbridgeProtocol.log)] [topics: /client_count, /rosout, /connected_clients, /image_jpeg/compressed] [Client 6] [id: /Ego_topic] publish: Cannot infer topic type for topic /Ego_topic as it is not yet advertised
1758342853.844851016 ERROR /rosbridge_websocket [protocol.py:399(RosbridgeProtocol.log)] [topics: /client_count, /rosout, /connected_clients, /image_jpeg/compressed] [Client 1] [id: /CollisionData] publish: Cannot infer topic type for topic /CollisionData as it is not yet advertised
1758342853.884934425 ERROR /rosbridge_websocket [protocol.py:399(RosbridgeProtocol.log)] [topics: /client_count, /rosout, /connected_clients, /image_jpeg/compressed] [Client 1] [id: /CollisionData] publish: Cannot infer topic type for topic /CollisionData as it is not yet advertised
1758342853.898949384 ERROR /rosbridge_websocket [protocol.py:399(RosbridgeProtocol.log)] [topics: /client_count, /rosout, /connected_clients, /image_jpeg/compressed] [Client 6] [id: /Ego_topic] publish: Cannot infer topic type for topic /Ego_topic as it is not yet advertised
1758342853.926627159 ERROR /rosbridge_websocket [protocol.py:399(RosbridgeProtocol.log)] [topics: /client_count, /rosout, /connected_clients, /image_jpeg/compressed] [Client 4] [id: /Competition_topic] publish: Cannot infer topic type for topic /Competition_topic as it is not yet advertised
1758342853.941324234 ERROR /rosbridge_websocket [protocol.py:399(RosbridgeProtocol.log)] [topics: /client_count, /rosout, /connected_clients, /image_jpeg/compressed] [Client 2] [id: /tf] publish: Cannot infer topic type for topic /tf as it is not yet advertised
1758342853.950327873 ERROR /rosbridge_websocket [protocol.py:399(RosbridgeProtocol.log)] [topics: /client_count, /rosout, /connected_clients, /image_jpeg/compressed] [Client 5] [id: /Object_topic] publish: Cannot infer topic type for topic /Object_topic as it is not yet advertised
1758342853.969544649 ERROR /rosbridge_websocket [protocol.py:399(RosbridgeProtocol.log)] [topics: /client_count, /rosout, /connected_clients, /image_jpeg/compressed] [Client 1] [id: /CollisionData] publish: Cannot infer topic type for topic /CollisionData as it is not yet advertised
1758342853.992807626 ERROR /rosbridge_websocket [protocol.py:399(RosbridgeProtocol.log)] [topics: /client_count, /rosout, /connected_clients, /image_jpeg/compressed] [Client 6] [id: /Ego_topic] publish: Cannot infer topic type for topic /Ego_topic as it is not yet advertised
1758342854.009768009 ERROR /rosbridge_websocket [protocol.py:399(RosbridgeProtocol.log)] [topics: /client_count, /rosout, /connected_clients, /image_jpeg/compressed] [Client 4] [id: /Competition_topic] publish: Cannot infer topic type for topic /Competition_topic as it is not yet advertised
1758342854.016945362 ERROR /rosbridge_websocket [protocol.py:399(RosbridgeProtocol.log)] [topics: /client_count, /rosout, /connected_clients, /image_jpeg/compressed] [Client 2] [id: /tf] publish: Cannot infer topic type for topic /tf as it is not yet advertised
1758342854.032983064 ERROR /rosbridge_websocket [protocol.py:399(RosbridgeProtocol.log)] [topics: /client_count, /rosout, /connected_clients, /image_jpeg/compressed] [Client 5] [id: /Object_topic] publish: Cannot infer topic type for topic /Object_topic as it is not yet advertised
1758342854.038371562 ERROR /rosbridge_websocket [protocol.py:399(RosbridgeProtocol.log)] [topics: /client_count, /rosout, /connected_clients, /image_jpeg/compressed] [Client 6] [id: /Ego_topic] publish: Cannot infer topic type for topic /Ego_topic as it is not yet advertised
1758342854.041741371 ERROR /rosbridge_websocket [protocol.py:399(RosbridgeProtocol.log)] [topics: /client_count, /rosout, /connected_clients, /image_jpeg/compressed] [Client 1] [id: /CollisionData] publish: Cannot infer topic type for topic /CollisionData as it is not yet advertised
1758342854.045388936 ERROR /rosbridge_websocket [protocol.py:399(RosbridgeProtocol.log)] [topics: /client_count, /rosout, /connected_clients, /image_jpeg/compressed] [Client 2] [id: /tf] publish: Cannot infer topic type for topic /tf as it is not yet advertised
1758342854.047736644 ERROR /rosbridge_websocket [protocol.py:399(RosbridgeProtocol.log)] [topics: /client_count, /rosout, /connected_clients, /image_jpeg/compressed] [Client 4] [id: /Competition_topic] publish: Cannot infer topic type for topic /Competition_topic as it is not yet advertised
1758342854.051649808 ERROR /rosbridge_websocket [protocol.py:399(RosbridgeProtocol.log)] [topics: /client_count, /rosout, /connected_clients, /image_jpeg/compressed] [Client 5] [id: /Object_topic] publish: Cannot infer topic type for topic /Object_topic as it is not yet advertised
1758342854.055506944 ERROR /rosbridge_websocket [protocol.py:399(RosbridgeProtocol.log)] [topics: /client_count, /rosout, /connected_clients, /image_jpeg/compressed] [Client 6] [id: /Ego_topic] publish: Cannot infer topic type for topic /Ego_topic as it is not yet advertised
1758342854.059009552 ERROR /rosbridge_websocket [protocol.py:399(RosbridgeProtocol.log)] [topics: /client_count, /rosout, /connected_clients, /image_jpeg/compressed] [Client 1] [id: /CollisionData] publish: Cannot infer topic type for topic /CollisionData as it is not yet advertised
1758342854.074843168 ERROR /rosbridge_websocket [protocol.py:399(RosbridgeProtocol.log)] [topics: /client_count, /rosout, /connected_clients, /image_jpeg/compressed] [Client 2] [id: /tf] publish: Cannot infer topic type for topic /tf as it is not yet advertised
1758342854.081650495 ERROR /rosbridge_websocket [protocol.py:399(RosbridgeProtocol.log)] [topics: /client_count, /rosout, /connected_clients, /image_jpeg/compressed] [Client 4] [id: /Competition_topic] publish: Cannot infer topic type for topic /Competition_topic as it is not yet advertised
1758342854.086092948 ERROR /rosbridge_websocket [protocol.py:399(RosbridgeProtocol.log)] [topics: /client_count, /rosout, /connected_clients, /image_jpeg/compressed] [Client 5] [id: /Object_topic] publish: Cannot infer topic type for topic /Object_topic as it is not yet advertised
1758342854.088415145 ERROR /rosbridge_websocket [protocol.py:399(RosbridgeProtocol.log)] [topics: /client_count, /rosout, /connected_clients, /image_jpeg/compressed] [Client 1] [id: /CollisionData] publish: Cannot infer topic type for topic /CollisionData as it is not yet advertised
1758342854.090790987 ERROR /rosbridge_websocket [protocol.py:399(RosbridgeProtocol.log)] [topics: /client_count, /rosout, /connected_clients, /image_jpeg/compressed] [Client 6] [id: /Ego_topic] publish: Cannot infer topic type for topic /Ego_topic as it is not yet advertised
1758342854.094940662 ERROR /rosbridge_websocket [protocol.py:399(RosbridgeProtocol.log)] [topics: /client_count, /rosout, /connected_clients, /image_jpeg/compressed] [Client 2] [id: /tf] publish: Cannot infer topic type for topic /tf as it is not yet advertised
1758342854.099115848 ERROR /rosbridge_websocket [protocol.py:399(RosbridgeProtocol.log)] [topics: /client_count, /rosout, /connected_clients, /image_jpeg/compressed] [Client 4] [id: /Competition_topic] publish: Cannot infer topic type for topic /Competition_topic as it is not yet advertised
1758342854.106532335 ERROR /rosbridge_websocket [protocol.py:399(RosbridgeProtocol.log)] [topics: /client_count, /rosout, /connected_clients, /image_jpeg/compressed] [Client 5] [id: /Object_topic] publish: Cannot infer topic type for topic /Object_topic as it is not yet advertised
1758342854.126817703 ERROR /rosbridge_websocket [protocol.py:399(RosbridgeProtocol.log)] [topics: /client_count, /rosout, /connected_clients, /image_jpeg/compressed] [Client 1] [id: /CollisionData] publish: Cannot infer topic type for topic /CollisionData as it is not yet advertised
1758342854.136243343 ERROR /rosbridge_websocket [protocol.py:399(RosbridgeProtocol.log)] [topics: /client_count, /rosout, /connected_clients, /image_jpeg/compressed] [Client 6] [id: /Ego_topic] publish: Cannot infer topic type for topic /Ego_topic as it is not yet advertised
1758342854.149523973 ERROR /rosbridge_websocket [protocol.py:399(RosbridgeProtocol.log)] [topics: /client_count, /rosout, /connected_clients, /image_jpeg/compressed] [Client 2] [id: /tf] publish: Cannot infer topic type for topic /tf as it is not yet advertised
1758342854.176238298 ERROR /rosbridge_websocket [protocol.py:399(RosbridgeProtocol.log)] [topics: /client_count, /rosout, /connected_clients, /image_jpeg/compressed] [Client 4] [id: /Competition_topic] publish: Cannot infer topic type for topic /Competition_topic as it is not yet advertised
1758342854.190190076 ERROR /rosbridge_websocket [protocol.py:399(RosbridgeProtocol.log)] [topics: /client_count, /rosout, /connected_clients, /image_jpeg/compressed] [Client 5] [id: /Object_topic] publish: Cannot infer topic type for topic /Object_topic as it is not yet advertised
1758342854.193061351 ERROR /rosbridge_websocket [protocol.py:399(RosbridgeProtocol.log)] [topics: /client_count, /rosout, /connected_clients, /image_jpeg/compressed] [Client 1] [id: /CollisionData] publish: Cannot infer topic type for topic /CollisionData as it is not yet advertised
1758342854.196743249 ERROR /rosbridge_websocket [protocol.py:399(RosbridgeProtocol.log)] [topics: /client_count, /rosout, /connected_clients, /image_jpeg/compressed] [Client 6] [id: /Ego_topic] publish: Cannot infer topic type for topic /Ego_topic as it is not yet advertised
1758342854.199059486 ERROR /rosbridge_websocket [protocol.py:399(RosbridgeProtocol.log)] [topics: /client_count, /rosout, /connected_clients, /image_jpeg/compressed] [Client 2] [id: /tf] publish: Cannot infer topic type for topic /tf as it is not yet advertised
1758342854.203218221 ERROR /rosbridge_websocket [protocol.py:399(RosbridgeProtocol.log)] [topics: /client_count, /rosout, /connected_clients, /image_jpeg/compressed] [Client 4] [id: /Competition_topic] publish: Cannot infer topic type for topic /Competition_topic as it is not yet advertised
1758342854.205345630 ERROR /rosbridge_websocket [protocol.py:399(RosbridgeProtocol.log)] [topics: /client_count, /rosout, /connected_clients, /image_jpeg/compressed] [Client 5] [id: /Object_topic] publish: Cannot infer topic type for topic /Object_topic as it is not yet advertised
1758342854.208975076 ERROR /rosbridge_websocket [protocol.py:399(RosbridgeProtocol.log)] [topics: /client_count, /rosout, /connected_clients, /image_jpeg/compressed] [Client 1] [id: /CollisionData] publish: Cannot infer topic type for topic /CollisionData as it is not yet advertised
1758342854.210992813 ERROR /rosbridge_websocket [protocol.py:399(RosbridgeProtocol.log)] [topics: /client_count, /rosout, /connected_clients, /image_jpeg/compressed] [Client 6] [id: /Ego_topic] publish: Cannot infer topic type for topic /Ego_topic as it is not yet advertised
1758342854.215878725 ERROR /rosbridge_websocket [protocol.py:399(RosbridgeProtocol.log)] [topics: /client_count, /rosout, /connected_clients, /image_jpeg/compressed] [Client 2] [id: /tf] publish: Cannot infer topic type for topic /tf as it is not yet advertised
1758342854.218428134 ERROR /rosbridge_websocket [protocol.py:399(RosbridgeProtocol.log)] [topics: /client_count, /rosout, /connected_clients, /image_jpeg/compressed] [Client 4] [id: /Competition_topic] publish: Cannot infer topic type for topic /Competition_topic as it is not yet advertised
1758342854.222457647 ERROR /rosbridge_websocket [protocol.py:399(RosbridgeProtocol.log)] [topics: /client_count, /rosout, /connected_clients, /image_jpeg/compressed] [Client 5] [id: /Object_topic] publish: Cannot infer topic type for topic /Object_topic as it is not yet advertised
1758342854.224455118 ERROR /rosbridge_websocket [protocol.py:399(RosbridgeProtocol.log)] [topics: /client_count, /rosout, /connected_clients, /image_jpeg/compressed] [Client 6] [id: /Ego_topic] publish: Cannot infer topic type for topic /Ego_topic as it is not yet advertised
1758342854.229200601 ERROR /rosbridge_websocket [protocol.py:399(RosbridgeProtocol.log)] [topics: /client_count, /rosout, /connected_clients, /image_jpeg/compressed] [Client 1] [id: /CollisionData] publish: Cannot infer topic type for topic /CollisionData as it is not yet advertised
1758342854.248490571 ERROR /rosbridge_websocket [protocol.py:399(RosbridgeProtocol.log)] [topics: /client_count, /rosout, /connected_clients, /image_jpeg/compressed] [Client 2] [id: /tf] publish: Cannot infer topic type for topic /tf as it is not yet advertised
1758342854.266447544 ERROR /rosbridge_websocket [protocol.py:399(RosbridgeProtocol.log)] [topics: /client_count, /rosout, /connected_clients, /image_jpeg/compressed] [Client 4] [id: /Competition_topic] publish: Cannot infer topic type for topic /Competition_topic as it is not yet advertised
1758342854.284489393 ERROR /rosbridge_websocket [protocol.py:399(RosbridgeProtocol.log)] [topics: /client_count, /rosout, /connected_clients, /image_jpeg/compressed] [Client 5] [id: /Object_topic] publish: Cannot infer topic type for topic /Object_topic as it is not yet advertised
1758342854.288611650 ERROR /rosbridge_websocket [protocol.py:399(RosbridgeProtocol.log)] [topics: /client_count, /rosout, /connected_clients, /image_jpeg/compressed] [Client 1] [id: /CollisionData] publish: Cannot infer topic type for topic /CollisionData as it is not yet advertised
1758342854.291218757 ERROR /rosbridge_websocket [protocol.py:399(RosbridgeProtocol.log)] [topics: /client_count, /rosout, /connected_clients, /image_jpeg/compressed] [Client 6] [id: /Ego_topic] publish: Cannot infer topic type for topic /Ego_topic as it is not yet advertised
1758342854.294654130 ERROR /rosbridge_websocket [protocol.py:399(RosbridgeProtocol.log)] [topics: /client_count, /rosout, /connected_clients, /image_jpeg/compressed] [Client 2] [id: /tf] publish: Cannot infer topic type for topic /tf as it is not yet advertised
1758342854.297278642 ERROR /rosbridge_websocket [protocol.py:399(RosbridgeProtocol.log)] [topics: /client_count, /rosout, /connected_clients, /image_jpeg/compressed] [Client 4] [id: /Competition_topic] publish: Cannot infer topic type for topic /Competition_topic as it is not yet advertised
1758342854.300909519 ERROR /rosbridge_websocket [protocol.py:399(RosbridgeProtocol.log)] [topics: /client_count, /rosout, /connected_clients, /image_jpeg/compressed] [Client 5] [id: /Object_topic] publish: Cannot infer topic type for topic /Object_topic as it is not yet advertised
1758342854.303207159 ERROR /rosbridge_websocket [protocol.py:399(RosbridgeProtocol.log)] [topics: /client_count, /rosout, /connected_clients, /image_jpeg/compressed] [Client 1] [id: /CollisionData] publish: Cannot infer topic type for topic /CollisionData as it is not yet advertised
1758342854.306102752 ERROR /rosbridge_websocket [protocol.py:399(RosbridgeProtocol.log)] [topics: /client_count, /rosout, /connected_clients, /image_jpeg/compressed] [Client 6] [id: /Ego_topic] publish: Cannot infer topic type for topic /Ego_topic as it is not yet advertised
1758342854.311070919 ERROR /rosbridge_websocket [protocol.py:399(RosbridgeProtocol.log)] [topics: /client_count, /rosout, /connected_clients, /image_jpeg/compressed] [Client 4] [id: /Competition_topic] publish: Cannot infer topic type for topic /Competition_topic as it is not yet advertised
1758342854.325215339 ERROR /rosbridge_websocket [protocol.py:399(RosbridgeProtocol.log)] [topics: /client_count, /rosout, /connected_clients, /image_jpeg/compressed] [Client 2] [id: /tf] publish: Cannot infer topic type for topic /tf as it is not yet advertised
1758342854.334113597 ERROR /rosbridge_websocket [protocol.py:399(RosbridgeProtocol.log)] [topics: /client_count, /rosout, /connected_clients, /image_jpeg/compressed] [Client 5] [id: /Object_topic] publish: Cannot infer topic type for topic /Object_topic as it is not yet advertised
1758342854.337417125 ERROR /rosbridge_websocket [protocol.py:399(RosbridgeProtocol.log)] [topics: /client_count, /rosout, /connected_clients, /image_jpeg/compressed] [Client 1] [id: /CollisionData] publish: Cannot infer topic type for topic /CollisionData as it is not yet advertised
1758342854.341607093 ERROR /rosbridge_websocket [protocol.py:399(RosbridgeProtocol.log)] [topics: /client_count, /rosout, /connected_clients, /image_jpeg/compressed] [Client 6] [id: /Ego_topic] publish: Cannot infer topic type for topic /Ego_topic as it is not yet advertised
1758342854.344635248 ERROR /rosbridge_websocket [protocol.py:399(RosbridgeProtocol.log)] [topics: /client_count, /rosout, /connected_clients, /image_jpeg/compressed] [Client 2] [id: /tf] publish: Cannot infer topic type for topic /tf as it is not yet advertised
1758342854.347702026 ERROR /rosbridge_websocket [protocol.py:399(RosbridgeProtocol.log)] [topics: /client_count, /rosout, /connected_clients, /image_jpeg/compressed] [Client 4] [id: /Competition_topic] publish: Cannot infer topic type for topic /Competition_topic as it is not yet advertised
1758342854.349821329 ERROR /rosbridge_websocket [protocol.py:399(RosbridgeProtocol.log)] [topics: /client_count, /rosout, /connected_clients, /image_jpeg/compressed] [Client 5] [id: /Object_topic] publish: Cannot infer topic type for topic /Object_topic as it is not yet advertised
1758342854.354304552 ERROR /rosbridge_websocket [protocol.py:399(RosbridgeProtocol.log)] [topics: /client_count, /rosout, /connected_clients, /image_jpeg/compressed] [Client 1] [id: /CollisionData] publish: Cannot infer topic type for topic /CollisionData as it is not yet advertised
1758342854.371918678 ERROR /rosbridge_websocket [protocol.py:399(RosbridgeProtocol.log)] [topics: /client_count, /rosout, /connected_clients, /image_jpeg/compressed] [Client 6] [id: /Ego_topic] publish: Cannot infer topic type for topic /Ego_topic as it is not yet advertised
1758342854.378483533 ERROR /rosbridge_websocket [protocol.py:399(RosbridgeProtocol.log)] [topics: /client_count, /rosout, /connected_clients, /image_jpeg/compressed] [Client 2] [id: /tf] publish: Cannot infer topic type for topic /tf as it is not yet advertised
1758342854.395015239 ERROR /rosbridge_websocket [protocol.py:399(RosbridgeProtocol.log)] [topics: /client_count, /rosout, /connected_clients, /image_jpeg/compressed] [Client 4] [id: /Competition_topic] publish: Cannot infer topic type for topic /Competition_topic as it is not yet advertised
1758342854.398427963 ERROR /rosbridge_websocket [protocol.py:399(RosbridgeProtocol.log)] [topics: /client_count, /rosout, /connected_clients, /image_jpeg/compressed] [Client 5] [id: /Object_topic] publish: Cannot infer topic type for topic /Object_topic as it is not yet advertised
1758342854.401466131 ERROR /rosbridge_websocket [protocol.py:399(RosbridgeProtocol.log)] [topics: /client_count, /rosout, /connected_clients, /image_jpeg/compressed] [Client 1] [id: /CollisionData] publish: Cannot infer topic type for topic /CollisionData as it is not yet advertised
1758342854.403881549 ERROR /rosbridge_websocket [protocol.py:399(RosbridgeProtocol.log)] [topics: /client_count, /rosout, /connected_clients, /image_jpeg/compressed] [Client 6] [id: /Ego_topic] publish: Cannot infer topic type for topic /Ego_topic as it is not yet advertised
1758342854.408055305 ERROR /rosbridge_websocket [protocol.py:399(RosbridgeProtocol.log)] [topics: /client_count, /rosout, /connected_clients, /image_jpeg/compressed] [Client 2] [id: /tf] publish: Cannot infer topic type for topic /tf as it is not yet advertised
1758342854.412739992 ERROR /rosbridge_websocket [protocol.py:399(RosbridgeProtocol.log)] [topics: /client_count, /rosout, /connected_clients, /image_jpeg/compressed] [Client 4] [id: /Competition_topic] publish: Cannot infer topic type for topic /Competition_topic as it is not yet advertised
1758342854.421555280 ERROR /rosbridge_websocket [protocol.py:399(RosbridgeProtocol.log)] [topics: /client_count, /rosout, /connected_clients, /image_jpeg/compressed] [Client 5] [id: /Object_topic] publish: Cannot infer topic type for topic /Object_topic as it is not yet advertised
1758342854.432798385 ERROR /rosbridge_websocket [protocol.py:399(RosbridgeProtocol.log)] [topics: /client_count, /rosout, /connected_clients, /image_jpeg/compressed] [Client 1] [id: /CollisionData] publish: Cannot infer topic type for topic /CollisionData as it is not yet advertised
1758342854.436865329 ERROR /rosbridge_websocket [protocol.py:399(RosbridgeProtocol.log)] [topics: /client_count, /rosout, /connected_clients, /image_jpeg/compressed] [Client 6] [id: /Ego_topic] publish: Cannot infer topic type for topic /Ego_topic as it is not yet advertised
1758342854.440065622 ERROR /rosbridge_websocket [protocol.py:399(RosbridgeProtocol.log)] [topics: /client_count, /rosout, /connected_clients, /image_jpeg/compressed] [Client 2] [id: /tf] publish: Cannot infer topic type for topic /tf as it is not yet advertised
1758342854.443123102 ERROR /rosbridge_websocket [protocol.py:399(RosbridgeProtocol.log)] [topics: /client_count, /rosout, /connected_clients, /image_jpeg/compressed] [Client 4] [id: /Competition_topic] publish: Cannot infer topic type for topic /Competition_topic as it is not yet advertised
1758342854.446622610 ERROR /rosbridge_websocket [protocol.py:399(RosbridgeProtocol.log)] [topics: /client_count, /rosout, /connected_clients, /image_jpeg/compressed] [Client 5] [id: /Object_topic] publish: Cannot infer topic type for topic /Object_topic as it is not yet advertised
1758342854.449126243 ERROR /rosbridge_websocket [protocol.py:399(RosbridgeProtocol.log)] [topics: /client_count, /rosout, /connected_clients, /image_jpeg/compressed] [Client 1] [id: /CollisionData] publish: Cannot infer topic type for topic /CollisionData as it is not yet advertised
1758342854.450741052 ERROR /rosbridge_websocket [protocol.py:399(RosbridgeProtocol.log)] [topics: /client_count, /rosout, /connected_clients, /image_jpeg/compressed] [Client 6] [id: /Ego_topic] publish: Cannot infer topic type for topic /Ego_topic as it is not yet advertised
1758342854.460927963 ERROR /rosbridge_websocket [protocol.py:399(RosbridgeProtocol.log)] [topics: /client_count, /rosout, /connected_clients, /image_jpeg/compressed] [Client 2] [id: /tf] publish: Cannot infer topic type for topic /tf as it is not yet advertised
1758342854.480643272 ERROR /rosbridge_websocket [protocol.py:399(RosbridgeProtocol.log)] [topics: /client_count, /rosout, /connected_clients, /image_jpeg/compressed] [Client 4] [id: /Competition_topic] publish: Cannot infer topic type for topic /Competition_topic as it is not yet advertised
1758342854.493001222 ERROR /rosbridge_websocket [protocol.py:399(RosbridgeProtocol.log)] [topics: /client_count, /rosout, /connected_clients, /image_jpeg/compressed] [Client 5] [id: /Object_topic] publish: Cannot infer topic type for topic /Object_topic as it is not yet advertised
1758342854.494522094 ERROR /rosbridge_websocket [protocol.py:399(RosbridgeProtocol.log)] [topics: /client_count, /rosout, /connected_clients, /image_jpeg/compressed] [Client 1] [id: /CollisionData] publish: Cannot infer topic type for topic /CollisionData as it is not yet advertised
1758342854.497160196 ERROR /rosbridge_websocket [protocol.py:399(RosbridgeProtocol.log)] [topics: /client_count, /rosout, /connected_clients, /image_jpeg/compressed] [Client 6] [id: /Ego_topic] publish: Cannot infer topic type for topic /Ego_topic as it is not yet advertised
1758342854.501929998 ERROR /rosbridge_websocket [protocol.py:399(RosbridgeProtocol.log)] [topics: /client_count, /rosout, /connected_clients, /image_jpeg/compressed] [Client 2] [id: /tf] publish: Cannot infer topic type for topic /tf as it is not yet advertised
1758342854.504602670 ERROR /rosbridge_websocket [protocol.py:399(RosbridgeProtocol.log)] [topics: /client_count, /rosout, /connected_clients, /image_jpeg/compressed] [Client 4] [id: /Competition_topic] publish: Cannot infer topic type for topic /Competition_topic as it is not yet advertised
1758342854.508189201 ERROR /rosbridge_websocket [protocol.py:399(RosbridgeProtocol.log)] [topics: /client_count, /rosout, /connected_clients, /image_jpeg/compressed] [Client 5] [id: /Object_topic] publish: Cannot infer topic type for topic /Object_topic as it is not yet advertised
1758342854.510585784 ERROR /rosbridge_websocket [protocol.py:399(RosbridgeProtocol.log)] [topics: /client_count, /rosout, /connected_clients, /image_jpeg/compressed] [Client 1] [id: /CollisionData] publish: Cannot infer topic type for topic /CollisionData as it is not yet advertised
1758342854.521153211 ERROR /rosbridge_websocket [protocol.py:399(RosbridgeProtocol.log)] [topics: /client_count, /rosout, /connected_clients, /image_jpeg/compressed] [Client 6] [id: /Ego_topic] publish: Cannot infer topic type for topic /Ego_topic as it is not yet advertised
1758342854.529921293 ERROR /rosbridge_websocket [protocol.py:399(RosbridgeProtocol.log)] [topics: /client_count, /rosout, /connected_clients, /image_jpeg/compressed] [Client 2] [id: /tf] publish: Cannot infer topic type for topic /tf as it is not yet advertised
1758342854.539741039 ERROR /rosbridge_websocket [protocol.py:399(RosbridgeProtocol.log)] [topics: /client_count, /rosout, /connected_clients, /image_jpeg/compressed] [Client 4] [id: /Competition_topic] publish: Cannot infer topic type for topic /Competition_topic as it is not yet advertised
1758342854.542196035 ERROR /rosbridge_websocket [protocol.py:399(RosbridgeProtocol.log)] [topics: /client_count, /rosout, /connected_clients, /image_jpeg/compressed] [Client 5] [id: /Object_topic] publish: Cannot infer topic type for topic /Object_topic as it is not yet advertised
1758342854.544460296 ERROR /rosbridge_websocket [protocol.py:399(RosbridgeProtocol.log)] [topics: /client_count, /rosout, /connected_clients, /image_jpeg/compressed] [Client 1] [id: /CollisionData] publish: Cannot infer topic type for topic /CollisionData as it is not yet advertised
1758342854.547605991 ERROR /rosbridge_websocket [protocol.py:399(RosbridgeProtocol.log)] [topics: /client_count, /rosout, /connected_clients, /image_jpeg/compressed] [Client 6] [id: /Ego_topic] publish: Cannot infer topic type for topic /Ego_topic as it is not yet advertised
1758342854.553897619 ERROR /rosbridge_websocket [protocol.py:399(RosbridgeProtocol.log)] [topics: /client_count, /rosout, /connected_clients, /image_jpeg/compressed] [Client 2] [id: /tf] publish: Cannot infer topic type for topic /tf as it is not yet advertised
1758342854.556943655 ERROR /rosbridge_websocket [protocol.py:399(RosbridgeProtocol.log)] [topics: /client_count, /rosout, /connected_clients, /image_jpeg/compressed] [Client 4] [id: /Competition_topic] publish: Cannot infer topic type for topic /Competition_topic as it is not yet advertised
1758342854.560646057 ERROR /rosbridge_websocket [protocol.py:399(RosbridgeProtocol.log)] [topics: /client_count, /rosout, /connected_clients, /image_jpeg/compressed] [Client 1] [id: /CollisionData] publish: Cannot infer topic type for topic /CollisionData as it is not yet advertised
1758342854.568161725 ERROR /rosbridge_websocket [protocol.py:399(RosbridgeProtocol.log)] [topics: /client_count, /rosout, /connected_clients, /image_jpeg/compressed] [Client 5] [id: /Object_topic] publish: Cannot infer topic type for topic /Object_topic as it is not yet advertised
1758342854.580985307 ERROR /rosbridge_websocket [protocol.py:399(RosbridgeProtocol.log)] [topics: /client_count, /rosout, /connected_clients, /image_jpeg/compressed] [Client 6] [id: /Ego_topic] publish: Cannot infer topic type for topic /Ego_topic as it is not yet advertised
1758342854.596688032 ERROR /rosbridge_websocket [protocol.py:399(RosbridgeProtocol.log)] [topics: /client_count, /rosout, /connected_clients, /image_jpeg/compressed] [Client 2] [id: /tf] publish: Cannot infer topic type for topic /tf as it is not yet advertised
1758342854.599354505 ERROR /rosbridge_websocket [protocol.py:399(RosbridgeProtocol.log)] [topics: /client_count, /rosout, /connected_clients, /image_jpeg/compressed] [Client 4] [id: /Competition_topic] publish: Cannot infer topic type for topic /Competition_topic as it is not yet advertised
1758342854.603785753 ERROR /rosbridge_websocket [protocol.py:399(RosbridgeProtocol.log)] [topics: /client_count, /rosout, /connected_clients, /image_jpeg/compressed] [Client 1] [id: /CollisionData] publish: Cannot infer topic type for topic /CollisionData as it is not yet advertised
1758342854.608557224 ERROR /rosbridge_websocket [protocol.py:399(RosbridgeProtocol.log)] [topics: /client_count, /rosout, /connected_clients, /image_jpeg/compressed] [Client 6] [id: /Ego_topic] publish: Cannot infer topic type for topic /Ego_topic as it is not yet advertised
1758342854.613442420 ERROR /rosbridge_websocket [protocol.py:399(RosbridgeProtocol.log)] [topics: /client_count, /rosout, /connected_clients, /image_jpeg/compressed] [Client 5] [id: /Object_topic] publish: Cannot infer topic type for topic /Object_topic as it is not yet advertised
1758342854.616940975 ERROR /rosbridge_websocket [protocol.py:399(RosbridgeProtocol.log)] [topics: /client_count, /rosout, /connected_clients, /image_jpeg/compressed] [Client 2] [id: /tf] publish: Cannot infer topic type for topic /tf as it is not yet advertised
1758342854.633912086 ERROR /rosbridge_websocket [protocol.py:399(RosbridgeProtocol.log)] [topics: /client_count, /rosout, /connected_clients, /image_jpeg/compressed] [Client 1] [id: /CollisionData] publish: Cannot infer topic type for topic /CollisionData as it is not yet advertised
1758342854.638186693 ERROR /rosbridge_websocket [protocol.py:399(RosbridgeProtocol.log)] [topics: /client_count, /rosout, /connected_clients, /image_jpeg/compressed] [Client 4] [id: /Competition_topic] publish: Cannot infer topic type for topic /Competition_topic as it is not yet advertised
1758342854.645648717 ERROR /rosbridge_websocket [protocol.py:399(RosbridgeProtocol.log)] [topics: /client_count, /rosout, /connected_clients, /image_jpeg/compressed] [Client 5] [id: /Object_topic] publish: Cannot infer topic type for topic /Object_topic as it is not yet advertised
1758342854.655085802 ERROR /rosbridge_websocket [protocol.py:399(RosbridgeProtocol.log)] [topics: /client_count, /rosout, /connected_clients, /image_jpeg/compressed] [Client 6] [id: /Ego_topic] publish: Cannot infer topic type for topic /Ego_topic as it is not yet advertised
1758342854.657648324 ERROR /rosbridge_websocket [protocol.py:399(RosbridgeProtocol.log)] [topics: /client_count, /rosout, /connected_clients, /image_jpeg/compressed] [Client 2] [id: /tf] publish: Cannot infer topic type for topic /tf as it is not yet advertised
1758342854.662422180 ERROR /rosbridge_websocket [protocol.py:399(RosbridgeProtocol.log)] [topics: /client_count, /rosout, /connected_clients, /image_jpeg/compressed] [Client 1] [id: /CollisionData] publish: Cannot infer topic type for topic /CollisionData as it is not yet advertised
1758342854.667435169 ERROR /rosbridge_websocket [protocol.py:399(RosbridgeProtocol.log)] [topics: /client_count, /rosout, /connected_clients, /image_jpeg/compressed] [Client 4] [id: /Competition_topic] publish: Cannot infer topic type for topic /Competition_topic as it is not yet advertised
1758342854.669618844 ERROR /rosbridge_websocket [protocol.py:399(RosbridgeProtocol.log)] [topics: /client_count, /rosout, /connected_clients, /image_jpeg/compressed] [Client 5] [id: /Object_topic] publish: Cannot infer topic type for topic /Object_topic as it is not yet advertised
1758342854.671711206 ERROR /rosbridge_websocket [protocol.py:399(RosbridgeProtocol.log)] [topics: /client_count, /rosout, /connected_clients, /image_jpeg/compressed] [Client 6] [id: /Ego_topic] publish: Cannot infer topic type for topic /Ego_topic as it is not yet advertised
1758342854.690929651 ERROR /rosbridge_websocket [protocol.py:399(RosbridgeProtocol.log)] [topics: /client_count, /rosout, /connected_clients, /image_jpeg/compressed] [Client 2] [id: /tf] publish: Cannot infer topic type for topic /tf as it is not yet advertised
1758342854.693391799 ERROR /rosbridge_websocket [protocol.py:399(RosbridgeProtocol.log)] [topics: /client_count, /rosout, /connected_clients, /image_jpeg/compressed] [Client 1] [id: /CollisionData] publish: Cannot infer topic type for topic /CollisionData as it is not yet advertised
1758342854.695999383 ERROR /rosbridge_websocket [protocol.py:399(RosbridgeProtocol.log)] [topics: /client_count, /rosout, /connected_clients, /image_jpeg/compressed] [Client 4] [id: /Competition_topic] publish: Cannot infer topic type for topic /Competition_topic as it is not yet advertised
1758342854.700921058 ERROR /rosbridge_websocket [protocol.py:399(RosbridgeProtocol.log)] [topics: /client_count, /rosout, /connected_clients, /image_jpeg/compressed] [Client 5] [id: /Object_topic] publish: Cannot infer topic type for topic /Object_topic as it is not yet advertised
1758342854.704351663 ERROR /rosbridge_websocket [protocol.py:399(RosbridgeProtocol.log)] [topics: /client_count, /rosout, /connected_clients, /image_jpeg/compressed] [Client 6] [id: /Ego_topic] publish: Cannot infer topic type for topic /Ego_topic as it is not yet advertised
1758342854.706955432 ERROR /rosbridge_websocket [protocol.py:399(RosbridgeProtocol.log)] [topics: /client_count, /rosout, /connected_clients, /image_jpeg/compressed] [Client 2] [id: /tf] publish: Cannot infer topic type for topic /tf as it is not yet advertised
1758342854.710656881 ERROR /rosbridge_websocket [protocol.py:399(RosbridgeProtocol.log)] [topics: /client_count, /rosout, /connected_clients, /image_jpeg/compressed] [Client 1] [id: /CollisionData] publish: Cannot infer topic type for topic /CollisionData as it is not yet advertised
1758342854.715121269 ERROR /rosbridge_websocket [protocol.py:399(RosbridgeProtocol.log)] [topics: /client_count, /rosout, /connected_clients, /image_jpeg/compressed] [Client 4] [id: /Competition_topic] publish: Cannot infer topic type for topic /Competition_topic as it is not yet advertised
1758342854.728950023 ERROR /rosbridge_websocket [protocol.py:399(RosbridgeProtocol.log)] [topics: /client_count, /rosout, /connected_clients, /image_jpeg/compressed] [Client 5] [id: /Object_topic] publish: Cannot infer topic type for topic /Object_topic as it is not yet advertised
1758342854.733787059 ERROR /rosbridge_websocket [protocol.py:399(RosbridgeProtocol.log)] [topics: /client_count, /rosout, /connected_clients, /image_jpeg/compressed] [Client 2] [id: /tf] publish: Cannot infer topic type for topic /tf as it is not yet advertised
1758342854.745599269 ERROR /rosbridge_websocket [protocol.py:399(RosbridgeProtocol.log)] [topics: /client_count, /rosout, /connected_clients, /image_jpeg/compressed] [Client 6] [id: /Ego_topic] publish: Cannot infer topic type for topic /Ego_topic as it is not yet advertised
1758342854.756461858 ERROR /rosbridge_websocket [protocol.py:399(RosbridgeProtocol.log)] [topics: /client_count, /rosout, /connected_clients, /image_jpeg/compressed] [Client 1] [id: /CollisionData] publish: Cannot infer topic type for topic /CollisionData as it is not yet advertised
1758342854.758538007 ERROR /rosbridge_websocket [protocol.py:399(RosbridgeProtocol.log)] [topics: /client_count, /rosout, /connected_clients, /image_jpeg/compressed] [Client 4] [id: /Competition_topic] publish: Cannot infer topic type for topic /Competition_topic as it is not yet advertised
1758342854.760731697 ERROR /rosbridge_websocket [protocol.py:399(RosbridgeProtocol.log)] [topics: /client_count, /rosout, /connected_clients, /image_jpeg/compressed] [Client 5] [id: /Object_topic] publish: Cannot infer topic type for topic /Object_topic as it is not yet advertised
1758342854.765169382 ERROR /rosbridge_websocket [protocol.py:399(RosbridgeProtocol.log)] [topics: /client_count, /rosout, /connected_clients, /image_jpeg/compressed] [Client 2] [id: /tf] publish: Cannot infer topic type for topic /tf as it is not yet advertised
1758342854.768028974 ERROR /rosbridge_websocket [protocol.py:399(RosbridgeProtocol.log)] [topics: /client_count, /rosout, /connected_clients, /image_jpeg/compressed] [Client 6] [id: /Ego_topic] publish: Cannot infer topic type for topic /Ego_topic as it is not yet advertised
1758342854.771246194 ERROR /rosbridge_websocket [protocol.py:399(RosbridgeProtocol.log)] [topics: /client_count, /rosout, /connected_clients, /image_jpeg/compressed] [Client 1] [id: /CollisionData] publish: Cannot infer topic type for topic /CollisionData as it is not yet advertised
1758342854.788712024 ERROR /rosbridge_websocket [protocol.py:399(RosbridgeProtocol.log)] [topics: /client_count, /rosout, /connected_clients, /image_jpeg/compressed] [Client 4] [id: /Competition_topic] publish: Cannot infer topic type for topic /Competition_topic as it is not yet advertised
1758342854.791173934 ERROR /rosbridge_websocket [protocol.py:399(RosbridgeProtocol.log)] [topics: /client_count, /rosout, /connected_clients, /image_jpeg/compressed] [Client 5] [id: /Object_topic] publish: Cannot infer topic type for topic /Object_topic as it is not yet advertised
1758342854.794813632 ERROR /rosbridge_websocket [protocol.py:399(RosbridgeProtocol.log)] [topics: /client_count, /rosout, /connected_clients, /image_jpeg/compressed] [Client 2] [id: /tf] publish: Cannot infer topic type for topic /tf as it is not yet advertised
1758342854.798012018 ERROR /rosbridge_websocket [protocol.py:399(RosbridgeProtocol.log)] [topics: /client_count, /rosout, /connected_clients, /image_jpeg/compressed] [Client 6] [id: /Ego_topic] publish: Cannot infer topic type for topic /Ego_topic as it is not yet advertised
1758342854.802358388 ERROR /rosbridge_websocket [protocol.py:399(RosbridgeProtocol.log)] [topics: /client_count, /rosout, /connected_clients, /image_jpeg/compressed] [Client 1] [id: /CollisionData] publish: Cannot infer topic type for topic /CollisionData as it is not yet advertised
1758342854.805553436 ERROR /rosbridge_websocket [protocol.py:399(RosbridgeProtocol.log)] [topics: /client_count, /rosout, /connected_clients, /image_jpeg/compressed] [Client 4] [id: /Competition_topic] publish: Cannot infer topic type for topic /Competition_topic as it is not yet advertised
1758342854.808791399 ERROR /rosbridge_websocket [protocol.py:399(RosbridgeProtocol.log)] [topics: /client_count, /rosout, /connected_clients, /image_jpeg/compressed] [Client 5] [id: /Object_topic] publish: Cannot infer topic type for topic /Object_topic as it is not yet advertised
1758342854.810606002 ERROR /rosbridge_websocket [protocol.py:399(RosbridgeProtocol.log)] [topics: /client_count, /rosout, /connected_clients, /image_jpeg/compressed] [Client 2] [id: /tf] publish: Cannot infer topic type for topic /tf as it is not yet advertised
1758342854.813734292 ERROR /rosbridge_websocket [protocol.py:399(RosbridgeProtocol.log)] [topics: /client_count, /rosout, /connected_clients, /image_jpeg/compressed] [Client 6] [id: /Ego_topic] publish: Cannot infer topic type for topic /Ego_topic as it is not yet advertised
1758342854.818991661 ERROR /rosbridge_websocket [protocol.py:399(RosbridgeProtocol.log)] [topics: /client_count, /rosout, /connected_clients, /image_jpeg/compressed] [Client 1] [id: /CollisionData] publish: Cannot infer topic type for topic /CollisionData as it is not yet advertised
1758342854.820861339 ERROR /rosbridge_websocket [protocol.py:399(RosbridgeProtocol.log)] [topics: /client_count, /rosout, /connected_clients, /image_jpeg/compressed] [Client 4] [id: /Competition_topic] publish: Cannot infer topic type for topic /Competition_topic as it is not yet advertised
1758342854.824090957 ERROR /rosbridge_websocket [protocol.py:399(RosbridgeProtocol.log)] [topics: /client_count, /rosout, /connected_clients, /image_jpeg/compressed] [Client 5] [id: /Object_topic] publish: Cannot infer topic type for topic /Object_topic as it is not yet advertised
1758342854.841011524 ERROR /rosbridge_websocket [protocol.py:399(RosbridgeProtocol.log)] [topics: /client_count, /rosout, /connected_clients, /image_jpeg/compressed] [Client 2] [id: /tf] publish: Cannot infer topic type for topic /tf as it is not yet advertised
1758342854.859371423 ERROR /rosbridge_websocket [protocol.py:399(RosbridgeProtocol.log)] [topics: /client_count, /rosout, /connected_clients, /image_jpeg/compressed] [Client 6] [id: /Ego_topic] publish: Cannot infer topic type for topic /Ego_topic as it is not yet advertised
1758342854.862519502 ERROR /rosbridge_websocket [protocol.py:399(RosbridgeProtocol.log)] [topics: /client_count, /rosout, /connected_clients, /image_jpeg/compressed] [Client 1] [id: /CollisionData] publish: Cannot infer topic type for topic /CollisionData as it is not yet advertised
1758342854.866611719 ERROR /rosbridge_websocket [protocol.py:399(RosbridgeProtocol.log)] [topics: /client_count, /rosout, /connected_clients, /image_jpeg/compressed] [Client 4] [id: /Competition_topic] publish: Cannot infer topic type for topic /Competition_topic as it is not yet advertised
1758342854.870131731 ERROR /rosbridge_websocket [protocol.py:399(RosbridgeProtocol.log)] [topics: /client_count, /rosout, /connected_clients, /image_jpeg/compressed] [Client 5] [id: /Object_topic] publish: Cannot infer topic type for topic /Object_topic as it is not yet advertised
1758342854.872440814 ERROR /rosbridge_websocket [protocol.py:399(RosbridgeProtocol.log)] [topics: /client_count, /rosout, /connected_clients, /image_jpeg/compressed] [Client 6] [id: /Ego_topic] publish: Cannot infer topic type for topic /Ego_topic as it is not yet advertised
1758342854.883111476 ERROR /rosbridge_websocket [protocol.py:399(RosbridgeProtocol.log)] [topics: /client_count, /rosout, /connected_clients, /image_jpeg/compressed] [Client 2] [id: /tf] publish: Cannot infer topic type for topic /tf as it is not yet advertised
1758342854.893589735 ERROR /rosbridge_websocket [protocol.py:399(RosbridgeProtocol.log)] [topics: /client_count, /rosout, /connected_clients, /image_jpeg/compressed] [Client 1] [id: /CollisionData] publish: Cannot infer topic type for topic /CollisionData as it is not yet advertised
1758342854.896129131 ERROR /rosbridge_websocket [protocol.py:399(RosbridgeProtocol.log)] [topics: /client_count, /rosout, /connected_clients, /image_jpeg/compressed] [Client 4] [id: /Competition_topic] publish: Cannot infer topic type for topic /Competition_topic as it is not yet advertised
1758342854.900282621 ERROR /rosbridge_websocket [protocol.py:399(RosbridgeProtocol.log)] [topics: /client_count, /rosout, /connected_clients, /image_jpeg/compressed] [Client 5] [id: /Object_topic] publish: Cannot infer topic type for topic /Object_topic as it is not yet advertised
1758342854.903193235 ERROR /rosbridge_websocket [protocol.py:399(RosbridgeProtocol.log)] [topics: /client_count, /rosout, /connected_clients, /image_jpeg/compressed] [Client 6] [id: /Ego_topic] publish: Cannot infer topic type for topic /Ego_topic as it is not yet advertised
1758342854.906804800 ERROR /rosbridge_websocket [protocol.py:399(RosbridgeProtocol.log)] [topics: /client_count, /rosout, /connected_clients, /image_jpeg/compressed] [Client 2] [id: /tf] publish: Cannot infer topic type for topic /tf as it is not yet advertised
1758342854.909187078 ERROR /rosbridge_websocket [protocol.py:399(RosbridgeProtocol.log)] [topics: /client_count, /rosout, /connected_clients, /image_jpeg/compressed] [Client 1] [id: /CollisionData] publish: Cannot infer topic type for topic /CollisionData as it is not yet advertised
1758342854.912652254 ERROR /rosbridge_websocket [protocol.py:399(RosbridgeProtocol.log)] [topics: /client_count, /rosout, /connected_clients, /image_jpeg/compressed] [Client 4] [id: /Competition_topic] publish: Cannot infer topic type for topic /Competition_topic as it is not yet advertised
1758342854.928707122 ERROR /rosbridge_websocket [protocol.py:399(RosbridgeProtocol.log)] [topics: /client_count, /rosout, /connected_clients, /image_jpeg/compressed] [Client 5] [id: /Object_topic] publish: Cannot infer topic type for topic /Object_topic as it is not yet advertised
1758342854.933556795 ERROR /rosbridge_websocket [protocol.py:399(RosbridgeProtocol.log)] [topics: /client_count, /rosout, /connected_clients, /image_jpeg/compressed] [Client 6] [id: /Ego_topic] publish: Cannot infer topic type for topic /Ego_topic as it is not yet advertised
1758342854.943313837 ERROR /rosbridge_websocket [protocol.py:399(RosbridgeProtocol.log)] [topics: /client_count, /rosout, /connected_clients, /image_jpeg/compressed] [Client 2] [id: /tf] publish: Cannot infer topic type for topic /tf as it is not yet advertised
1758342854.953271150 ERROR /rosbridge_websocket [protocol.py:399(RosbridgeProtocol.log)] [topics: /client_count, /rosout, /connected_clients, /image_jpeg/compressed] [Client 1] [id: /CollisionData] publish: Cannot infer topic type for topic /CollisionData as it is not yet advertised
1758342854.955938100 ERROR /rosbridge_websocket [protocol.py:399(RosbridgeProtocol.log)] [topics: /client_count, /rosout, /connected_clients, /image_jpeg/compressed] [Client 4] [id: /Competition_topic] publish: Cannot infer topic type for topic /Competition_topic as it is not yet advertised
1758342854.960069894 ERROR /rosbridge_websocket [protocol.py:399(RosbridgeProtocol.log)] [topics: /client_count, /rosout, /connected_clients, /image_jpeg/compressed] [Client 5] [id: /Object_topic] publish: Cannot infer topic type for topic /Object_topic as it is not yet advertised
1758342854.963639497 ERROR /rosbridge_websocket [protocol.py:399(RosbridgeProtocol.log)] [topics: /client_count, /rosout, /connected_clients, /image_jpeg/compressed] [Client 6] [id: /Ego_topic] publish: Cannot infer topic type for topic /Ego_topic as it is not yet advertised
1758342854.965900182 ERROR /rosbridge_websocket [protocol.py:399(RosbridgeProtocol.log)] [topics: /client_count, /rosout, /connected_clients, /image_jpeg/compressed] [Client 2] [id: /tf] publish: Cannot infer topic type for topic /tf as it is not yet advertised
1758342854.967882633 ERROR /rosbridge_websocket [protocol.py:399(RosbridgeProtocol.log)] [topics: /client_count, /rosout, /connected_clients, /image_jpeg/compressed] [Client 1] [id: /CollisionData] publish: Cannot infer topic type for topic /CollisionData as it is not yet advertised
1758342854.971309661 ERROR /rosbridge_websocket [protocol.py:399(RosbridgeProtocol.log)] [topics: /client_count, /rosout, /connected_clients, /image_jpeg/compressed] [Client 4] [id: /Competition_topic] publish: Cannot infer topic type for topic /Competition_topic as it is not yet advertised
1758342854.974411487 ERROR /rosbridge_websocket [protocol.py:399(RosbridgeProtocol.log)] [topics: /client_count, /rosout, /connected_clients, /image_jpeg/compressed] [Client 5] [id: /Object_topic] publish: Cannot infer topic type for topic /Object_topic as it is not yet advertised
1758342854.979611396 ERROR /rosbridge_websocket [protocol.py:399(RosbridgeProtocol.log)] [topics: /client_count, /rosout, /connected_clients, /image_jpeg/compressed] [Client 6] [id: /Ego_topic] publish: Cannot infer topic type for topic /Ego_topic as it is not yet advertised
1758342854.982743740 ERROR /rosbridge_websocket [protocol.py:399(RosbridgeProtocol.log)] [topics: /client_count, /rosout, /connected_clients, /image_jpeg/compressed] [Client 1] [id: /CollisionData] publish: Cannot infer topic type for topic /CollisionData as it is not yet advertised
1758342854.991502285 ERROR /rosbridge_websocket [protocol.py:399(RosbridgeProtocol.log)] [topics: /client_count, /rosout, /connected_clients, /image_jpeg/compressed] [Client 2] [id: /tf] publish: Cannot infer topic type for topic /tf as it is not yet advertised
1758342855.001237154 ERROR /rosbridge_websocket [protocol.py:399(RosbridgeProtocol.log)] [topics: /client_count, /rosout, /connected_clients, /image_jpeg/compressed] [Client 4] [id: /Competition_topic] publish: Cannot infer topic type for topic /Competition_topic as it is not yet advertised
1758342855.004918336 ERROR /rosbridge_websocket [protocol.py:399(RosbridgeProtocol.log)] [topics: /client_count, /rosout, /connected_clients, /image_jpeg/compressed] [Client 5] [id: /Object_topic] publish: Cannot infer topic type for topic /Object_topic as it is not yet advertised
1758342855.007581710 ERROR /rosbridge_websocket [protocol.py:399(RosbridgeProtocol.log)] [topics: /client_count, /rosout, /connected_clients, /image_jpeg/compressed] [Client 6] [id: /Ego_topic] publish: Cannot infer topic type for topic /Ego_topic as it is not yet advertised
1758342855.010201930 ERROR /rosbridge_websocket [protocol.py:399(RosbridgeProtocol.log)] [topics: /client_count, /rosout, /connected_clients, /image_jpeg/compressed] [Client 1] [id: /CollisionData] publish: Cannot infer topic type for topic /CollisionData as it is not yet advertised
1758342855.015645742 ERROR /rosbridge_websocket [protocol.py:399(RosbridgeProtocol.log)] [topics: /client_count, /rosout, /connected_clients, /image_jpeg/compressed] [Client 4] [id: /Competition_topic] publish: Cannot infer topic type for topic /Competition_topic as it is not yet advertised
1758342855.019258022 ERROR /rosbridge_websocket [protocol.py:399(RosbridgeProtocol.log)] [topics: /client_count, /rosout, /connected_clients, /image_jpeg/compressed] [Client 2] [id: /tf] publish: Cannot infer topic type for topic /tf as it is not yet advertised
1758342855.022698640 ERROR /rosbridge_websocket [protocol.py:399(RosbridgeProtocol.log)] [topics: /client_count, /rosout, /connected_clients, /image_jpeg/compressed] [Client 5] [id: /Object_topic] publish: Cannot infer topic type for topic /Object_topic as it is not yet advertised
1758342855.026393890 ERROR /rosbridge_websocket [protocol.py:399(RosbridgeProtocol.log)] [topics: /client_count, /rosout, /connected_clients, /image_jpeg/compressed] [Client 6] [id: /Ego_topic] publish: Cannot infer topic type for topic /Ego_topic as it is not yet advertised
1758342855.028351545 ERROR /rosbridge_websocket [protocol.py:399(RosbridgeProtocol.log)] [topics: /client_count, /rosout, /connected_clients, /image_jpeg/compressed] [Client 1] [id: /CollisionData] publish: Cannot infer topic type for topic /CollisionData as it is not yet advertised
1758342855.030450582 ERROR /rosbridge_websocket [protocol.py:399(RosbridgeProtocol.log)] [topics: /client_count, /rosout, /connected_clients, /image_jpeg/compressed] [Client 2] [id: /tf] publish: Cannot infer topic type for topic /tf as it is not yet advertised
1758342855.038538932 ERROR /rosbridge_websocket [protocol.py:399(RosbridgeProtocol.log)] [topics: /client_count, /rosout, /connected_clients, /image_jpeg/compressed] [Client 4] [id: /Competition_topic] publish: Cannot infer topic type for topic /Competition_topic as it is not yet advertised
1758342855.051402568 ERROR /rosbridge_websocket [protocol.py:399(RosbridgeProtocol.log)] [topics: /client_count, /rosout, /connected_clients, /image_jpeg/compressed] [Client 5] [id: /Object_topic] publish: Cannot infer topic type for topic /Object_topic as it is not yet advertised
1758342855.062832593 ERROR /rosbridge_websocket [protocol.py:399(RosbridgeProtocol.log)] [topics: /client_count, /rosout, /connected_clients, /image_jpeg/compressed] [Client 6] [id: /Ego_topic] publish: Cannot infer topic type for topic /Ego_topic as it is not yet advertised
1758342855.076451063 ERROR /rosbridge_websocket [protocol.py:399(RosbridgeProtocol.log)] [topics: /client_count, /rosout, /connected_clients, /image_jpeg/compressed] [Client 2] [id: /tf] publish: Cannot infer topic type for topic /tf as it is not yet advertised
1758342855.091107368 ERROR /rosbridge_websocket [protocol.py:399(RosbridgeProtocol.log)] [topics: /client_count, /rosout, /connected_clients, /image_jpeg/compressed] [Client 1] [id: /CollisionData] publish: Cannot infer topic type for topic /CollisionData as it is not yet advertised
1758342855.094913005 ERROR /rosbridge_websocket [protocol.py:399(RosbridgeProtocol.log)] [topics: /client_count, /rosout, /connected_clients, /image_jpeg/compressed] [Client 4] [id: /Competition_topic] publish: Cannot infer topic type for topic /Competition_topic as it is not yet advertised
1758342855.099796533 ERROR /rosbridge_websocket [protocol.py:399(RosbridgeProtocol.log)] [topics: /client_count, /rosout, /connected_clients, /image_jpeg/compressed] [Client 5] [id: /Object_topic] publish: Cannot infer topic type for topic /Object_topic as it is not yet advertised
1758342855.102115869 ERROR /rosbridge_websocket [protocol.py:399(RosbridgeProtocol.log)] [topics: /client_count, /rosout, /connected_clients, /image_jpeg/compressed] [Client 6] [id: /Ego_topic] publish: Cannot infer topic type for topic /Ego_topic as it is not yet advertised
1758342855.106175899 ERROR /rosbridge_websocket [protocol.py:399(RosbridgeProtocol.log)] [topics: /client_count, /rosout, /connected_clients, /image_jpeg/compressed] [Client 2] [id: /tf] publish: Cannot infer topic type for topic /tf as it is not yet advertised
1758342855.109834194 ERROR /rosbridge_websocket [protocol.py:399(RosbridgeProtocol.log)] [topics: /client_count, /rosout, /connected_clients, /image_jpeg/compressed] [Client 1] [id: /CollisionData] publish: Cannot infer topic type for topic /CollisionData as it is not yet advertised
1758342855.113327503 ERROR /rosbridge_websocket [protocol.py:399(RosbridgeProtocol.log)] [topics: /client_count, /rosout, /connected_clients, /image_jpeg/compressed] [Client 4] [id: /Competition_topic] publish: Cannot infer topic type for topic /Competition_topic as it is not yet advertised
1758342855.117319107 ERROR /rosbridge_websocket [protocol.py:399(RosbridgeProtocol.log)] [topics: /client_count, /rosout, /connected_clients, /image_jpeg/compressed] [Client 5] [id: /Object_topic] publish: Cannot infer topic type for topic /Object_topic as it is not yet advertised
1758342855.120537757 ERROR /rosbridge_websocket [protocol.py:399(RosbridgeProtocol.log)] [topics: /client_count, /rosout, /connected_clients, /image_jpeg/compressed] [Client 6] [id: /Ego_topic] publish: Cannot infer topic type for topic /Ego_topic as it is not yet advertised
1758342855.123625278 ERROR /rosbridge_websocket [protocol.py:399(RosbridgeProtocol.log)] [topics: /client_count, /rosout, /connected_clients, /image_jpeg/compressed] [Client 2] [id: /tf] publish: Cannot infer topic type for topic /tf as it is not yet advertised
1758342855.128075122 ERROR /rosbridge_websocket [protocol.py:399(RosbridgeProtocol.log)] [topics: /client_count, /rosout, /connected_clients, /image_jpeg/compressed] [Client 1] [id: /CollisionData] publish: Cannot infer topic type for topic /CollisionData as it is not yet advertised
1758342855.131270170 ERROR /rosbridge_websocket [protocol.py:399(RosbridgeProtocol.log)] [topics: /client_count, /rosout, /connected_clients, /image_jpeg/compressed] [Client 4] [id: /Competition_topic] publish: Cannot infer topic type for topic /Competition_topic as it is not yet advertised
1758342855.134514331 ERROR /rosbridge_websocket [protocol.py:399(RosbridgeProtocol.log)] [topics: /client_count, /rosout, /connected_clients, /image_jpeg/compressed] [Client 5] [id: /Object_topic] publish: Cannot infer topic type for topic /Object_topic as it is not yet advertised
1758342855.149387598 ERROR /rosbridge_websocket [protocol.py:399(RosbridgeProtocol.log)] [topics: /client_count, /rosout, /connected_clients, /image_jpeg/compressed] [Client 6] [id: /Ego_topic] publish: Cannot infer topic type for topic /Ego_topic as it is not yet advertised
1758342855.159816741 ERROR /rosbridge_websocket [protocol.py:399(RosbridgeProtocol.log)] [topics: /client_count, /rosout, /connected_clients, /image_jpeg/compressed] [Client 2] [id: /tf] publish: Cannot infer topic type for topic /tf as it is not yet advertised
1758342855.171801567 ERROR /rosbridge_websocket [protocol.py:399(RosbridgeProtocol.log)] [topics: /client_count, /rosout, /connected_clients, /image_jpeg/compressed] [Client 1] [id: /CollisionData] publish: Cannot infer topic type for topic /CollisionData as it is not yet advertised
1758342855.174422264 ERROR /rosbridge_websocket [protocol.py:399(RosbridgeProtocol.log)] [topics: /client_count, /rosout, /connected_clients, /image_jpeg/compressed] [Client 4] [id: /Competition_topic] publish: Cannot infer topic type for topic /Competition_topic as it is not yet advertised
1758342855.185177326 ERROR /rosbridge_websocket [protocol.py:399(RosbridgeProtocol.log)] [topics: /client_count, /rosout, /connected_clients, /image_jpeg/compressed] [Client 5] [id: /Object_topic] publish: Cannot infer topic type for topic /Object_topic as it is not yet advertised
1758342855.197627305 ERROR /rosbridge_websocket [protocol.py:399(RosbridgeProtocol.log)] [topics: /client_count, /rosout, /connected_clients, /image_jpeg/compressed] [Client 6] [id: /Ego_topic] publish: Cannot infer topic type for topic /Ego_topic as it is not yet advertised
1758342855.203077077 ERROR /rosbridge_websocket [protocol.py:399(RosbridgeProtocol.log)] [topics: /client_count, /rosout, /connected_clients, /image_jpeg/compressed] [Client 2] [id: /tf] publish: Cannot infer topic type for topic /tf as it is not yet advertised
1758342855.205658912 ERROR /rosbridge_websocket [protocol.py:399(RosbridgeProtocol.log)] [topics: /client_count, /rosout, /connected_clients, /image_jpeg/compressed] [Client 4] [id: /Competition_topic] publish: Cannot infer topic type for topic /Competition_topic as it is not yet advertised
1758342855.207507371 ERROR /rosbridge_websocket [protocol.py:399(RosbridgeProtocol.log)] [topics: /client_count, /rosout, /connected_clients, /image_jpeg/compressed] [Client 1] [id: /CollisionData] publish: Cannot infer topic type for topic /CollisionData as it is not yet advertised
1758342855.210017204 ERROR /rosbridge_websocket [protocol.py:399(RosbridgeProtocol.log)] [topics: /client_count, /rosout, /connected_clients, /image_jpeg/compressed] [Client 5] [id: /Object_topic] publish: Cannot infer topic type for topic /Object_topic as it is not yet advertised
1758342855.215165853 ERROR /rosbridge_websocket [protocol.py:399(RosbridgeProtocol.log)] [topics: /client_count, /rosout, /connected_clients, /image_jpeg/compressed] [Client 6] [id: /Ego_topic] publish: Cannot infer topic type for topic /Ego_topic as it is not yet advertised
1758342855.220257520 ERROR /rosbridge_websocket [protocol.py:399(RosbridgeProtocol.log)] [topics: /client_count, /rosout, /connected_clients, /image_jpeg/compressed] [Client 2] [id: /tf] publish: Cannot infer topic type for topic /tf as it is not yet advertised
1758342855.238481760 ERROR /rosbridge_websocket [protocol.py:399(RosbridgeProtocol.log)] [topics: /client_count, /rosout, /connected_clients, /image_jpeg/compressed] [Client 4] [id: /Competition_topic] publish: Cannot infer topic type for topic /Competition_topic as it is not yet advertised
1758342855.258541584 ERROR /rosbridge_websocket [protocol.py:399(RosbridgeProtocol.log)] [topics: /client_count, /rosout, /connected_clients, /image_jpeg/compressed] [Client 1] [id: /CollisionData] publish: Cannot infer topic type for topic /CollisionData as it is not yet advertised
1758342855.262707948 ERROR /rosbridge_websocket [protocol.py:399(RosbridgeProtocol.log)] [topics: /client_count, /rosout, /connected_clients, /image_jpeg/compressed] [Client 5] [id: /Object_topic] publish: Cannot infer topic type for topic /Object_topic as it is not yet advertised
1758342855.264607429 ERROR /rosbridge_websocket [protocol.py:399(RosbridgeProtocol.log)] [topics: /client_count, /rosout, /connected_clients, /image_jpeg/compressed] [Client 6] [id: /Ego_topic] publish: Cannot infer topic type for topic /Ego_topic as it is not yet advertised
1758342855.267484426 ERROR /rosbridge_websocket [protocol.py:399(RosbridgeProtocol.log)] [topics: /client_count, /rosout, /connected_clients, /image_jpeg/compressed] [Client 2] [id: /tf] publish: Cannot infer topic type for topic /tf as it is not yet advertised
1758342855.271618604 ERROR /rosbridge_websocket [protocol.py:399(RosbridgeProtocol.log)] [topics: /client_count, /rosout, /connected_clients, /image_jpeg/compressed] [Client 4] [id: /Competition_topic] publish: Cannot infer topic type for topic /Competition_topic as it is not yet advertised
1758342855.276333570 ERROR /rosbridge_websocket [protocol.py:399(RosbridgeProtocol.log)] [topics: /client_count, /rosout, /connected_clients, /image_jpeg/compressed] [Client 1] [id: /CollisionData] publish: Cannot infer topic type for topic /CollisionData as it is not yet advertised
1758342855.280909299 ERROR /rosbridge_websocket [protocol.py:399(RosbridgeProtocol.log)] [topics: /client_count, /rosout, /connected_clients, /image_jpeg/compressed] [Client 5] [id: /Object_topic] publish: Cannot infer topic type for topic /Object_topic as it is not yet advertised
1758342855.284561872 ERROR /rosbridge_websocket [protocol.py:399(RosbridgeProtocol.log)] [topics: /client_count, /rosout, /connected_clients, /image_jpeg/compressed] [Client 6] [id: /Ego_topic] publish: Cannot infer topic type for topic /Ego_topic as it is not yet advertised
1758342855.287516355 ERROR /rosbridge_websocket [protocol.py:399(RosbridgeProtocol.log)] [topics: /client_count, /rosout, /connected_clients, /image_jpeg/compressed] [Client 2] [id: /tf] publish: Cannot infer topic type for topic /tf as it is not yet advertised
1758342855.289373874 ERROR /rosbridge_websocket [protocol.py:399(RosbridgeProtocol.log)] [topics: /client_count, /rosout, /connected_clients, /image_jpeg/compressed] [Client 4] [id: /Competition_topic] publish: Cannot infer topic type for topic /Competition_topic as it is not yet advertised
1758342855.292919874 ERROR /rosbridge_websocket [protocol.py:399(RosbridgeProtocol.log)] [topics: /client_count, /rosout, /connected_clients, /image_jpeg/compressed] [Client 1] [id: /CollisionData] publish: Cannot infer topic type for topic /CollisionData as it is not yet advertised
1758342855.298236131 ERROR /rosbridge_websocket [protocol.py:399(RosbridgeProtocol.log)] [topics: /client_count, /rosout, /connected_clients, /image_jpeg/compressed] [Client 5] [id: /Object_topic] publish: Cannot infer topic type for topic /Object_topic as it is not yet advertised
1758342855.306704044 ERROR /rosbridge_websocket [protocol.py:399(RosbridgeProtocol.log)] [topics: /client_count, /rosout, /connected_clients, /image_jpeg/compressed] [Client 6] [id: /Ego_topic] publish: Cannot infer topic type for topic /Ego_topic as it is not yet advertised
1758342855.320747375 ERROR /rosbridge_websocket [protocol.py:399(RosbridgeProtocol.log)] [topics: /client_count, /rosout, /connected_clients, /image_jpeg/compressed] [Client 2] [id: /tf] publish: Cannot infer topic type for topic /tf as it is not yet advertised
1758342855.340130090 ERROR /rosbridge_websocket [protocol.py:399(RosbridgeProtocol.log)] [topics: /client_count, /rosout, /connected_clients, /image_jpeg/compressed] [Client 4] [id: /Competition_topic] publish: Cannot infer topic type for topic /Competition_topic as it is not yet advertised
1758342855.359744787 ERROR /rosbridge_websocket [protocol.py:399(RosbridgeProtocol.log)] [topics: /client_count, /rosout, /connected_clients, /image_jpeg/compressed] [Client 1] [id: /CollisionData] publish: Cannot infer topic type for topic /CollisionData as it is not yet advertised
1758342855.363692045 ERROR /rosbridge_websocket [protocol.py:399(RosbridgeProtocol.log)] [topics: /client_count, /rosout, /connected_clients, /image_jpeg/compressed] [Client 5] [id: /Object_topic] publish: Cannot infer topic type for topic /Object_topic as it is not yet advertised
1758342855.367039918 ERROR /rosbridge_websocket [protocol.py:399(RosbridgeProtocol.log)] [topics: /client_count, /rosout, /connected_clients, /image_jpeg/compressed] [Client 6] [id: /Ego_topic] publish: Cannot infer topic type for topic /Ego_topic as it is not yet advertised
1758342855.369812488 ERROR /rosbridge_websocket [protocol.py:399(RosbridgeProtocol.log)] [topics: /client_count, /rosout, /connected_clients, /image_jpeg/compressed] [Client 2] [id: /tf] publish: Cannot infer topic type for topic /tf as it is not yet advertised
1758342855.374749183 ERROR /rosbridge_websocket [protocol.py:399(RosbridgeProtocol.log)] [topics: /client_count, /rosout, /connected_clients, /image_jpeg/compressed] [Client 4] [id: /Competition_topic] publish: Cannot infer topic type for topic /Competition_topic as it is not yet advertised
1758342855.377220153 ERROR /rosbridge_websocket [protocol.py:399(RosbridgeProtocol.log)] [topics: /client_count, /rosout, /connected_clients, /image_jpeg/compressed] [Client 1] [id: /CollisionData] publish: Cannot infer topic type for topic /CollisionData as it is not yet advertised
1758342855.379398584 ERROR /rosbridge_websocket [protocol.py:399(RosbridgeProtocol.log)] [topics: /client_count, /rosout, /connected_clients, /image_jpeg/compressed] [Client 5] [id: /Object_topic] publish: Cannot infer topic type for topic /Object_topic as it is not yet advertised
1758342855.390283584 ERROR /rosbridge_websocket [protocol.py:399(RosbridgeProtocol.log)] [topics: /client_count, /rosout, /connected_clients, /image_jpeg/compressed] [Client 6] [id: /Ego_topic] publish: Cannot infer topic type for topic /Ego_topic as it is not yet advertised
1758342855.403237581 ERROR /rosbridge_websocket [protocol.py:399(RosbridgeProtocol.log)] [topics: /client_count, /rosout, /connected_clients, /image_jpeg/compressed] [Client 2] [id: /tf] publish: Cannot infer topic type for topic /tf as it is not yet advertised
1758342855.409189462 ERROR /rosbridge_websocket [protocol.py:399(RosbridgeProtocol.log)] [topics: /client_count, /rosout, /connected_clients, /image_jpeg/compressed] [Client 4] [id: /Competition_topic] publish: Cannot infer topic type for topic /Competition_topic as it is not yet advertised
1758342855.424146175 ERROR /rosbridge_websocket [protocol.py:399(RosbridgeProtocol.log)] [topics: /client_count, /rosout, /connected_clients, /image_jpeg/compressed] [Client 5] [id: /Object_topic] publish: Cannot infer topic type for topic /Object_topic as it is not yet advertised
1758342855.430888891 ERROR /rosbridge_websocket [protocol.py:399(RosbridgeProtocol.log)] [topics: /client_count, /rosout, /connected_clients, /image_jpeg/compressed] [Client 1] [id: /CollisionData] publish: Cannot infer topic type for topic /CollisionData as it is not yet advertised
1758342855.434695720 ERROR /rosbridge_websocket [protocol.py:399(RosbridgeProtocol.log)] [topics: /client_count, /rosout, /connected_clients, /image_jpeg/compressed] [Client 6] [id: /Ego_topic] publish: Cannot infer topic type for topic /Ego_topic as it is not yet advertised
1758342855.439741849 ERROR /rosbridge_websocket [protocol.py:399(RosbridgeProtocol.log)] [topics: /client_count, /rosout, /connected_clients, /image_jpeg/compressed] [Client 2] [id: /tf] publish: Cannot infer topic type for topic /tf as it is not yet advertised
1758342855.442375421 ERROR /rosbridge_websocket [protocol.py:399(RosbridgeProtocol.log)] [topics: /client_count, /rosout, /connected_clients, /image_jpeg/compressed] [Client 4] [id: /Competition_topic] publish: Cannot infer topic type for topic /Competition_topic as it is not yet advertised
1758342855.445769548 ERROR /rosbridge_websocket [protocol.py:399(RosbridgeProtocol.log)] [topics: /client_count, /rosout, /connected_clients, /image_jpeg/compressed] [Client 5] [id: /Object_topic] publish: Cannot infer topic type for topic /Object_topic as it is not yet advertised
1758342855.466680526 ERROR /rosbridge_websocket [protocol.py:399(RosbridgeProtocol.log)] [topics: /client_count, /rosout, /connected_clients, /image_jpeg/compressed] [Client 1] [id: /CollisionData] publish: Cannot infer topic type for topic /CollisionData as it is not yet advertised
1758342855.471108675 ERROR /rosbridge_websocket [protocol.py:399(RosbridgeProtocol.log)] [topics: /client_count, /rosout, /connected_clients, /image_jpeg/compressed] [Client 6] [id: /Ego_topic] publish: Cannot infer topic type for topic /Ego_topic as it is not yet advertised
1758342855.476556062 ERROR /rosbridge_websocket [protocol.py:399(RosbridgeProtocol.log)] [topics: /client_count, /rosout, /connected_clients, /image_jpeg/compressed] [Client 2] [id: /tf] publish: Cannot infer topic type for topic /tf as it is not yet advertised
1758342855.479318857 ERROR /rosbridge_websocket [protocol.py:399(RosbridgeProtocol.log)] [topics: /client_count, /rosout, /connected_clients, /image_jpeg/compressed] [Client 4] [id: /Competition_topic] publish: Cannot infer topic type for topic /Competition_topic as it is not yet advertised
1758342855.483891487 ERROR /rosbridge_websocket [protocol.py:399(RosbridgeProtocol.log)] [topics: /client_count, /rosout, /connected_clients, /image_jpeg/compressed] [Client 5] [id: /Object_topic] publish: Cannot infer topic type for topic /Object_topic as it is not yet advertised
1758342855.487476825 ERROR /rosbridge_websocket [protocol.py:399(RosbridgeProtocol.log)] [topics: /client_count, /rosout, /connected_clients, /image_jpeg/compressed] [Client 1] [id: /CollisionData] publish: Cannot infer topic type for topic /CollisionData as it is not yet advertised
1758342855.505489587 ERROR /rosbridge_websocket [protocol.py:399(RosbridgeProtocol.log)] [topics: /client_count, /rosout, /connected_clients, /image_jpeg/compressed] [Client 6] [id: /Ego_topic] publish: Cannot infer topic type for topic /Ego_topic as it is not yet advertised
1758342855.516337156 ERROR /rosbridge_websocket [protocol.py:399(RosbridgeProtocol.log)] [topics: /client_count, /rosout, /connected_clients, /image_jpeg/compressed] [Client 2] [id: /tf] publish: Cannot infer topic type for topic /tf as it is not yet advertised
1758342855.529412508 ERROR /rosbridge_websocket [protocol.py:399(RosbridgeProtocol.log)] [topics: /client_count, /rosout, /connected_clients, /image_jpeg/compressed] [Client 4] [id: /Competition_topic] publish: Cannot infer topic type for topic /Competition_topic as it is not yet advertised
1758342855.534138917 ERROR /rosbridge_websocket [protocol.py:399(RosbridgeProtocol.log)] [topics: /client_count, /rosout, /connected_clients, /image_jpeg/compressed] [Client 5] [id: /Object_topic] publish: Cannot infer topic type for topic /Object_topic as it is not yet advertised
1758342855.538252830 ERROR /rosbridge_websocket [protocol.py:399(RosbridgeProtocol.log)] [topics: /client_count, /rosout, /connected_clients, /image_jpeg/compressed] [Client 1] [id: /CollisionData] publish: Cannot infer topic type for topic /CollisionData as it is not yet advertised
1758342855.541040658 ERROR /rosbridge_websocket [protocol.py:399(RosbridgeProtocol.log)] [topics: /client_count, /rosout, /connected_clients, /image_jpeg/compressed] [Client 6] [id: /Ego_topic] publish: Cannot infer topic type for topic /Ego_topic as it is not yet advertised
1758342855.543371200 ERROR /rosbridge_websocket [protocol.py:399(RosbridgeProtocol.log)] [topics: /client_count, /rosout, /connected_clients, /image_jpeg/compressed] [Client 2] [id: /tf] publish: Cannot infer topic type for topic /tf as it is not yet advertised
1758342855.546553373 ERROR /rosbridge_websocket [protocol.py:399(RosbridgeProtocol.log)] [topics: /client_count, /rosout, /connected_clients, /image_jpeg/compressed] [Client 4] [id: /Competition_topic] publish: Cannot infer topic type for topic /Competition_topic as it is not yet advertised
1758342855.567268610 ERROR /rosbridge_websocket [protocol.py:399(RosbridgeProtocol.log)] [topics: /client_count, /rosout, /connected_clients, /image_jpeg/compressed] [Client 5] [id: /Object_topic] publish: Cannot infer topic type for topic /Object_topic as it is not yet advertised
1758342855.579432964 ERROR /rosbridge_websocket [protocol.py:399(RosbridgeProtocol.log)] [topics: /client_count, /rosout, /connected_clients, /image_jpeg/compressed] [Client 1] [id: /CollisionData] publish: Cannot infer topic type for topic /CollisionData as it is not yet advertised
1758342855.590264797 ERROR /rosbridge_websocket [protocol.py:399(RosbridgeProtocol.log)] [topics: /client_count, /rosout, /connected_clients, /image_jpeg/compressed] [Client 6] [id: /Ego_topic] publish: Cannot infer topic type for topic /Ego_topic as it is not yet advertised
1758342855.594429731 ERROR /rosbridge_websocket [protocol.py:399(RosbridgeProtocol.log)] [topics: /client_count, /rosout, /connected_clients, /image_jpeg/compressed] [Client 2] [id: /tf] publish: Cannot infer topic type for topic /tf as it is not yet advertised
1758342855.598994255 ERROR /rosbridge_websocket [protocol.py:399(RosbridgeProtocol.log)] [topics: /client_count, /rosout, /connected_clients, /image_jpeg/compressed] [Client 4] [id: /Competition_topic] publish: Cannot infer topic type for topic /Competition_topic as it is not yet advertised
1758342855.601821422 ERROR /rosbridge_websocket [protocol.py:399(RosbridgeProtocol.log)] [topics: /client_count, /rosout, /connected_clients, /image_jpeg/compressed] [Client 5] [id: /Object_topic] publish: Cannot infer topic type for topic /Object_topic as it is not yet advertised
1758342855.604918241 ERROR /rosbridge_websocket [protocol.py:399(RosbridgeProtocol.log)] [topics: /client_count, /rosout, /connected_clients, /image_jpeg/compressed] [Client 1] [id: /CollisionData] publish: Cannot infer topic type for topic /CollisionData as it is not yet advertised
1758342855.609046936 ERROR /rosbridge_websocket [protocol.py:399(RosbridgeProtocol.log)] [topics: /client_count, /rosout, /connected_clients, /image_jpeg/compressed] [Client 6] [id: /Ego_topic] publish: Cannot infer topic type for topic /Ego_topic as it is not yet advertised
1758342855.627928972 ERROR /rosbridge_websocket [protocol.py:399(RosbridgeProtocol.log)] [topics: /client_count, /rosout, /connected_clients, /image_jpeg/compressed] [Client 2] [id: /tf] publish: Cannot infer topic type for topic /tf as it is not yet advertised
1758342855.632106065 ERROR /rosbridge_websocket [protocol.py:399(RosbridgeProtocol.log)] [topics: /client_count, /rosout, /connected_clients, /image_jpeg/compressed] [Client 4] [id: /Competition_topic] publish: Cannot infer topic type for topic /Competition_topic as it is not yet advertised
1758342855.634493589 ERROR /rosbridge_websocket [protocol.py:399(RosbridgeProtocol.log)] [topics: /client_count, /rosout, /connected_clients, /image_jpeg/compressed] [Client 5] [id: /Object_topic] publish: Cannot infer topic type for topic /Object_topic as it is not yet advertised
1758342855.639705419 ERROR /rosbridge_websocket [protocol.py:399(RosbridgeProtocol.log)] [topics: /client_count, /rosout, /connected_clients, /image_jpeg/compressed] [Client 1] [id: /CollisionData] publish: Cannot infer topic type for topic /CollisionData as it is not yet advertised
1758342855.641367435 ERROR /rosbridge_websocket [protocol.py:399(RosbridgeProtocol.log)] [topics: /client_count, /rosout, /connected_clients, /image_jpeg/compressed] [Client 6] [id: /Ego_topic] publish: Cannot infer topic type for topic /Ego_topic as it is not yet advertised
1758342855.645298004 ERROR /rosbridge_websocket [protocol.py:399(RosbridgeProtocol.log)] [topics: /client_count, /rosout, /connected_clients, /image_jpeg/compressed] [Client 2] [id: /tf] publish: Cannot infer topic type for topic /tf as it is not yet advertised
1758342855.648003101 ERROR /rosbridge_websocket [protocol.py:399(RosbridgeProtocol.log)] [topics: /client_count, /rosout, /connected_clients, /image_jpeg/compressed] [Client 4] [id: /Competition_topic] publish: Cannot infer topic type for topic /Competition_topic as it is not yet advertised
1758342855.653477430 ERROR /rosbridge_websocket [protocol.py:399(RosbridgeProtocol.log)] [topics: /client_count, /rosout, /connected_clients, /image_jpeg/compressed] [Client 5] [id: /Object_topic] publish: Cannot infer topic type for topic /Object_topic as it is not yet advertised
1758342855.656205415 ERROR /rosbridge_websocket [protocol.py:399(RosbridgeProtocol.log)] [topics: /client_count, /rosout, /connected_clients, /image_jpeg/compressed] [Client 1] [id: /CollisionData] publish: Cannot infer topic type for topic /CollisionData as it is not yet advertised
1758342855.658880472 ERROR /rosbridge_websocket [protocol.py:399(RosbridgeProtocol.log)] [topics: /client_count, /rosout, /connected_clients, /image_jpeg/compressed] [Client 6] [id: /Ego_topic] publish: Cannot infer topic type for topic /Ego_topic as it is not yet advertised
1758342855.673433542 ERROR /rosbridge_websocket [protocol.py:399(RosbridgeProtocol.log)] [topics: /client_count, /rosout, /connected_clients, /image_jpeg/compressed] [Client 2] [id: /tf] publish: Cannot infer topic type for topic /tf as it is not yet advertised
1758342855.695513963 ERROR /rosbridge_websocket [protocol.py:399(RosbridgeProtocol.log)] [topics: /client_count, /rosout, /connected_clients, /image_jpeg/compressed] [Client 4] [id: /Competition_topic] publish: Cannot infer topic type for topic /Competition_topic as it is not yet advertised
1758342855.703860282 ERROR /rosbridge_websocket [protocol.py:399(RosbridgeProtocol.log)] [topics: /client_count, /rosout, /connected_clients, /image_jpeg/compressed] [Client 1] [id: /CollisionData] publish: Cannot infer topic type for topic /CollisionData as it is not yet advertised
1758342855.707323789 ERROR /rosbridge_websocket [protocol.py:399(RosbridgeProtocol.log)] [topics: /client_count, /rosout, /connected_clients, /image_jpeg/compressed] [Client 5] [id: /Object_topic] publish: Cannot infer topic type for topic /Object_topic as it is not yet advertised
1758342855.710025310 ERROR /rosbridge_websocket [protocol.py:399(RosbridgeProtocol.log)] [topics: /client_count, /rosout, /connected_clients, /image_jpeg/compressed] [Client 6] [id: /Ego_topic] publish: Cannot infer topic type for topic /Ego_topic as it is not yet advertised
1758342855.714525461 ERROR /rosbridge_websocket [protocol.py:399(RosbridgeProtocol.log)] [topics: /client_count, /rosout, /connected_clients, /image_jpeg/compressed] [Client 2] [id: /tf] publish: Cannot infer topic type for topic /tf as it is not yet advertised
1758342855.735355138 ERROR /rosbridge_websocket [protocol.py:399(RosbridgeProtocol.log)] [topics: /client_count, /rosout, /connected_clients, /image_jpeg/compressed] [Client 4] [id: /Competition_topic] publish: Cannot infer topic type for topic /Competition_topic as it is not yet advertised
1758342855.747347593 ERROR /rosbridge_websocket [protocol.py:399(RosbridgeProtocol.log)] [topics: /client_count, /rosout, /connected_clients, /image_jpeg/compressed] [Client 1] [id: /CollisionData] publish: Cannot infer topic type for topic /CollisionData as it is not yet advertised
1758342855.764860868 ERROR /rosbridge_websocket [protocol.py:399(RosbridgeProtocol.log)] [topics: /client_count, /rosout, /connected_clients, /image_jpeg/compressed] [Client 5] [id: /Object_topic] publish: Cannot infer topic type for topic /Object_topic as it is not yet advertised
1758342855.767755746 ERROR /rosbridge_websocket [protocol.py:399(RosbridgeProtocol.log)] [topics: /client_count, /rosout, /connected_clients, /image_jpeg/compressed] [Client 6] [id: /Ego_topic] publish: Cannot infer topic type for topic /Ego_topic as it is not yet advertised
1758342855.771829843 ERROR /rosbridge_websocket [protocol.py:399(RosbridgeProtocol.log)] [topics: /client_count, /rosout, /connected_clients, /image_jpeg/compressed] [Client 2] [id: /tf] publish: Cannot infer topic type for topic /tf as it is not yet advertised
1758342855.776139974 ERROR /rosbridge_websocket [protocol.py:399(RosbridgeProtocol.log)] [topics: /client_count, /rosout, /connected_clients, /image_jpeg/compressed] [Client 4] [id: /Competition_topic] publish: Cannot infer topic type for topic /Competition_topic as it is not yet advertised
1758342855.786125659 ERROR /rosbridge_websocket [protocol.py:399(RosbridgeProtocol.log)] [topics: /client_count, /rosout, /connected_clients, /image_jpeg/compressed] [Client 1] [id: /CollisionData] publish: Cannot infer topic type for topic /CollisionData as it is not yet advertised
1758342855.799323320 ERROR /rosbridge_websocket [protocol.py:399(RosbridgeProtocol.log)] [topics: /client_count, /rosout, /connected_clients, /image_jpeg/compressed] [Client 5] [id: /Object_topic] publish: Cannot infer topic type for topic /Object_topic as it is not yet advertised
1758342855.806818485 ERROR /rosbridge_websocket [protocol.py:399(RosbridgeProtocol.log)] [topics: /client_count, /rosout, /connected_clients, /image_jpeg/compressed] [Client 6] [id: /Ego_topic] publish: Cannot infer topic type for topic /Ego_topic as it is not yet advertised
1758342855.811201333 ERROR /rosbridge_websocket [protocol.py:399(RosbridgeProtocol.log)] [topics: /client_count, /rosout, /connected_clients, /image_jpeg/compressed] [Client 4] [id: /Competition_topic] publish: Cannot infer topic type for topic /Competition_topic as it is not yet advertised
1758342855.815166711 ERROR /rosbridge_websocket [protocol.py:399(RosbridgeProtocol.log)] [topics: /client_count, /rosout, /connected_clients, /image_jpeg/compressed] [Client 2] [id: /tf] publish: Cannot infer topic type for topic /tf as it is not yet advertised
1758342855.818882226 ERROR /rosbridge_websocket [protocol.py:399(RosbridgeProtocol.log)] [topics: /client_count, /rosout, /connected_clients, /image_jpeg/compressed] [Client 5] [id: /Object_topic] publish: Cannot infer topic type for topic /Object_topic as it is not yet advertised
1758342855.842459440 ERROR /rosbridge_websocket [protocol.py:399(RosbridgeProtocol.log)] [topics: /client_count, /rosout, /connected_clients, /image_jpeg/compressed] [Client 1] [id: /CollisionData] publish: Cannot infer topic type for topic /CollisionData as it is not yet advertised
1758342855.860770702 ERROR /rosbridge_websocket [protocol.py:399(RosbridgeProtocol.log)] [topics: /client_count, /rosout, /connected_clients, /image_jpeg/compressed] [Client 6] [id: /Ego_topic] publish: Cannot infer topic type for topic /Ego_topic as it is not yet advertised
1758342855.865226507 ERROR /rosbridge_websocket [protocol.py:399(RosbridgeProtocol.log)] [topics: /client_count, /rosout, /connected_clients, /image_jpeg/compressed] [Client 4] [id: /Competition_topic] publish: Cannot infer topic type for topic /Competition_topic as it is not yet advertised
1758342855.869259357 ERROR /rosbridge_websocket [protocol.py:399(RosbridgeProtocol.log)] [topics: /client_count, /rosout, /connected_clients, /image_jpeg/compressed] [Client 2] [id: /tf] publish: Cannot infer topic type for topic /tf as it is not yet advertised
1758342855.872283697 ERROR /rosbridge_websocket [protocol.py:399(RosbridgeProtocol.log)] [topics: /client_count, /rosout, /connected_clients, /image_jpeg/compressed] [Client 5] [id: /Object_topic] publish: Cannot infer topic type for topic /Object_topic as it is not yet advertised
1758342855.877419710 ERROR /rosbridge_websocket [protocol.py:399(RosbridgeProtocol.log)] [topics: /client_count, /rosout, /connected_clients, /image_jpeg/compressed] [Client 1] [id: /CollisionData] publish: Cannot infer topic type for topic /CollisionData as it is not yet advertised
1758342855.883327007 ERROR /rosbridge_websocket [protocol.py:399(RosbridgeProtocol.log)] [topics: /client_count, /rosout, /connected_clients, /image_jpeg/compressed] [Client 6] [id: /Ego_topic] publish: Cannot infer topic type for topic /Ego_topic as it is not yet advertised
1758342855.898071289 ERROR /rosbridge_websocket [protocol.py:399(RosbridgeProtocol.log)] [topics: /client_count, /rosout, /connected_clients, /image_jpeg/compressed] [Client 4] [id: /Competition_topic] publish: Cannot infer topic type for topic /Competition_topic as it is not yet advertised
1758342855.907656908 ERROR /rosbridge_websocket [protocol.py:399(RosbridgeProtocol.log)] [topics: /client_count, /rosout, /connected_clients, /image_jpeg/compressed] [Client 5] [id: /Object_topic] publish: Cannot infer topic type for topic /Object_topic as it is not yet advertised
1758342855.910236120 ERROR /rosbridge_websocket [protocol.py:399(RosbridgeProtocol.log)] [topics: /client_count, /rosout, /connected_clients, /image_jpeg/compressed] [Client 2] [id: /tf] publish: Cannot infer topic type for topic /tf as it is not yet advertised
1758342855.915966510 ERROR /rosbridge_websocket [protocol.py:399(RosbridgeProtocol.log)] [topics: /client_count, /rosout, /connected_clients, /image_jpeg/compressed] [Client 1] [id: /CollisionData] publish: Cannot infer topic type for topic /CollisionData as it is not yet advertised
1758342855.919134378 ERROR /rosbridge_websocket [protocol.py:399(RosbridgeProtocol.log)] [topics: /client_count, /rosout, /connected_clients, /image_jpeg/compressed] [Client 6] [id: /Ego_topic] publish: Cannot infer topic type for topic /Ego_topic as it is not yet advertised
1758342855.922927379 ERROR /rosbridge_websocket [protocol.py:399(RosbridgeProtocol.log)] [topics: /client_count, /rosout, /connected_clients, /image_jpeg/compressed] [Client 4] [id: /Competition_topic] publish: Cannot infer topic type for topic /Competition_topic as it is not yet advertised
1758342855.927286624 ERROR /rosbridge_websocket [protocol.py:399(RosbridgeProtocol.log)] [topics: /client_count, /rosout, /connected_clients, /image_jpeg/compressed] [Client 5] [id: /Object_topic] publish: Cannot infer topic type for topic /Object_topic as it is not yet advertised
1758342855.932301998 ERROR /rosbridge_websocket [protocol.py:399(RosbridgeProtocol.log)] [topics: /client_count, /rosout, /connected_clients, /image_jpeg/compressed] [Client 2] [id: /tf] publish: Cannot infer topic type for topic /tf as it is not yet advertised
1758342855.937281131 ERROR /rosbridge_websocket [protocol.py:399(RosbridgeProtocol.log)] [topics: /client_count, /rosout, /connected_clients, /image_jpeg/compressed] [Client 1] [id: /CollisionData] publish: Cannot infer topic type for topic /CollisionData as it is not yet advertised
1758342855.958096742 ERROR /rosbridge_websocket [protocol.py:399(RosbridgeProtocol.log)] [topics: /client_count, /rosout, /connected_clients, /image_jpeg/compressed] [Client 6] [id: /Ego_topic] publish: Cannot infer topic type for topic /Ego_topic as it is not yet advertised
1758342855.978796243 ERROR /rosbridge_websocket [protocol.py:399(RosbridgeProtocol.log)] [topics: /client_count, /rosout, /connected_clients, /image_jpeg/compressed] [Client 4] [id: /Competition_topic] publish: Cannot infer topic type for topic /Competition_topic as it is not yet advertised
1758342855.983060598 ERROR /rosbridge_websocket [protocol.py:399(RosbridgeProtocol.log)] [topics: /client_count, /rosout, /connected_clients, /image_jpeg/compressed] [Client 5] [id: /Object_topic] publish: Cannot infer topic type for topic /Object_topic as it is not yet advertised
1758342856.001409769 ERROR /rosbridge_websocket [protocol.py:399(RosbridgeProtocol.log)] [topics: /client_count, /rosout, /connected_clients, /image_jpeg/compressed] [Client 2] [id: /tf] publish: Cannot infer topic type for topic /tf as it is not yet advertised
1758342856.004204511 ERROR /rosbridge_websocket [protocol.py:399(RosbridgeProtocol.log)] [topics: /client_count, /rosout, /connected_clients, /image_jpeg/compressed] [Client 1] [id: /CollisionData] publish: Cannot infer topic type for topic /CollisionData as it is not yet advertised
1758342856.014515876 ERROR /rosbridge_websocket [protocol.py:399(RosbridgeProtocol.log)] [topics: /client_count, /rosout, /connected_clients, /image_jpeg/compressed] [Client 6] [id: /Ego_topic] publish: Cannot infer topic type for topic /Ego_topic as it is not yet advertised
1758342856.028474330 ERROR /rosbridge_websocket [protocol.py:399(RosbridgeProtocol.log)] [topics: /client_count, /rosout, /connected_clients, /image_jpeg/compressed] [Client 4] [id: /Competition_topic] publish: Cannot infer topic type for topic /Competition_topic as it is not yet advertised
1758342856.032433032 ERROR /rosbridge_websocket [protocol.py:399(RosbridgeProtocol.log)] [topics: /client_count, /rosout, /connected_clients, /image_jpeg/compressed] [Client 5] [id: /Object_topic] publish: Cannot infer topic type for topic /Object_topic as it is not yet advertised
1758342856.036695480 ERROR /rosbridge_websocket [protocol.py:399(RosbridgeProtocol.log)] [topics: /client_count, /rosout, /connected_clients, /image_jpeg/compressed] [Client 1] [id: /CollisionData] publish: Cannot infer topic type for topic /CollisionData as it is not yet advertised
1758342856.039130449 ERROR /rosbridge_websocket [protocol.py:399(RosbridgeProtocol.log)] [topics: /client_count, /rosout, /connected_clients, /image_jpeg/compressed] [Client 2] [id: /tf] publish: Cannot infer topic type for topic /tf as it is not yet advertised
1758342856.041753768 ERROR /rosbridge_websocket [protocol.py:399(RosbridgeProtocol.log)] [topics: /client_count, /rosout, /connected_clients, /image_jpeg/compressed] [Client 6] [id: /Ego_topic] publish: Cannot infer topic type for topic /Ego_topic as it is not yet advertised
1758342856.045483112 ERROR /rosbridge_websocket [protocol.py:399(RosbridgeProtocol.log)] [topics: /client_count, /rosout, /connected_clients, /image_jpeg/compressed] [Client 4] [id: /Competition_topic] publish: Cannot infer topic type for topic /Competition_topic as it is not yet advertised
1758342856.060699939 ERROR /rosbridge_websocket [protocol.py:399(RosbridgeProtocol.log)] [topics: /client_count, /rosout, /connected_clients, /image_jpeg/compressed] [Client 5] [id: /Object_topic] publish: Cannot infer topic type for topic /Object_topic as it is not yet advertised
1758342856.067501783 ERROR /rosbridge_websocket [protocol.py:399(RosbridgeProtocol.log)] [topics: /client_count, /rosout, /connected_clients, /image_jpeg/compressed] [Client 1] [id: /CollisionData] publish: Cannot infer topic type for topic /CollisionData as it is not yet advertised
1758342856.085855960 ERROR /rosbridge_websocket [protocol.py:399(RosbridgeProtocol.log)] [topics: /client_count, /rosout, /connected_clients, /image_jpeg/compressed] [Client 2] [id: /tf] publish: Cannot infer topic type for topic /tf as it is not yet advertised
1758342856.090393304 ERROR /rosbridge_websocket [protocol.py:399(RosbridgeProtocol.log)] [topics: /client_count, /rosout, /connected_clients, /image_jpeg/compressed] [Client 6] [id: /Ego_topic] publish: Cannot infer topic type for topic /Ego_topic as it is not yet advertised
1758342856.093880414 ERROR /rosbridge_websocket [protocol.py:399(RosbridgeProtocol.log)] [topics: /client_count, /rosout, /connected_clients, /image_jpeg/compressed] [Client 4] [id: /Competition_topic] publish: Cannot infer topic type for topic /Competition_topic as it is not yet advertised
1758342856.097667217 ERROR /rosbridge_websocket [protocol.py:399(RosbridgeProtocol.log)] [topics: /client_count, /rosout, /connected_clients, /image_jpeg/compressed] [Client 5] [id: /Object_topic] publish: Cannot infer topic type for topic /Object_topic as it is not yet advertised
1758342856.101353406 ERROR /rosbridge_websocket [protocol.py:399(RosbridgeProtocol.log)] [topics: /client_count, /rosout, /connected_clients, /image_jpeg/compressed] [Client 1] [id: /CollisionData] publish: Cannot infer topic type for topic /CollisionData as it is not yet advertised
1758342856.105001449 ERROR /rosbridge_websocket [protocol.py:399(RosbridgeProtocol.log)] [topics: /client_count, /rosout, /connected_clients, /image_jpeg/compressed] [Client 2] [id: /tf] publish: Cannot infer topic type for topic /tf as it is not yet advertised
1758342856.120856523 ERROR /rosbridge_websocket [protocol.py:399(RosbridgeProtocol.log)] [topics: /client_count, /rosout, /connected_clients, /image_jpeg/compressed] [Client 6] [id: /Ego_topic] publish: Cannot infer topic type for topic /Ego_topic as it is not yet advertised
1758342856.129706144 ERROR /rosbridge_websocket [protocol.py:399(RosbridgeProtocol.log)] [topics: /client_count, /rosout, /connected_clients, /image_jpeg/compressed] [Client 4] [id: /Competition_topic] publish: Cannot infer topic type for topic /Competition_topic as it is not yet advertised
1758342856.132333517 ERROR /rosbridge_websocket [protocol.py:399(RosbridgeProtocol.log)] [topics: /client_count, /rosout, /connected_clients, /image_jpeg/compressed] [Client 5] [id: /Object_topic] publish: Cannot infer topic type for topic /Object_topic as it is not yet advertised
1758342856.134686231 ERROR /rosbridge_websocket [protocol.py:399(RosbridgeProtocol.log)] [topics: /client_count, /rosout, /connected_clients, /image_jpeg/compressed] [Client 1] [id: /CollisionData] publish: Cannot infer topic type for topic /CollisionData as it is not yet advertised
1758342856.137187480 ERROR /rosbridge_websocket [protocol.py:399(RosbridgeProtocol.log)] [topics: /client_count, /rosout, /connected_clients, /image_jpeg/compressed] [Client 2] [id: /tf] publish: Cannot infer topic type for topic /tf as it is not yet advertised
1758342856.141248226 ERROR /rosbridge_websocket [protocol.py:399(RosbridgeProtocol.log)] [topics: /client_count, /rosout, /connected_clients, /image_jpeg/compressed] [Client 6] [id: /Ego_topic] publish: Cannot infer topic type for topic /Ego_topic as it is not yet advertised
1758342856.145300149 ERROR /rosbridge_websocket [protocol.py:399(RosbridgeProtocol.log)] [topics: /client_count, /rosout, /connected_clients, /image_jpeg/compressed] [Client 4] [id: /Competition_topic] publish: Cannot infer topic type for topic /Competition_topic as it is not yet advertised
1758342856.148035049 ERROR /rosbridge_websocket [protocol.py:399(RosbridgeProtocol.log)] [topics: /client_count, /rosout, /connected_clients, /image_jpeg/compressed] [Client 5] [id: /Object_topic] publish: Cannot infer topic type for topic /Object_topic as it is not yet advertised
1758342856.151775598 ERROR /rosbridge_websocket [protocol.py:399(RosbridgeProtocol.log)] [topics: /client_count, /rosout, /connected_clients, /image_jpeg/compressed] [Client 2] [id: /tf] publish: Cannot infer topic type for topic /tf as it is not yet advertised
1758342856.168742418 ERROR /rosbridge_websocket [protocol.py:399(RosbridgeProtocol.log)] [topics: /client_count, /rosout, /connected_clients, /image_jpeg/compressed] [Client 1] [id: /CollisionData] publish: Cannot infer topic type for topic /CollisionData as it is not yet advertised
1758342856.172703266 ERROR /rosbridge_websocket [protocol.py:399(RosbridgeProtocol.log)] [topics: /client_count, /rosout, /connected_clients, /image_jpeg/compressed] [Client 6] [id: /Ego_topic] publish: Cannot infer topic type for topic /Ego_topic as it is not yet advertised
1758342856.174947738 ERROR /rosbridge_websocket [protocol.py:399(RosbridgeProtocol.log)] [topics: /client_count, /rosout, /connected_clients, /image_jpeg/compressed] [Client 4] [id: /Competition_topic] publish: Cannot infer topic type for topic /Competition_topic as it is not yet advertised
1758342856.178579568 ERROR /rosbridge_websocket [protocol.py:399(RosbridgeProtocol.log)] [topics: /client_count, /rosout, /connected_clients, /image_jpeg/compressed] [Client 5] [id: /Object_topic] publish: Cannot infer topic type for topic /Object_topic as it is not yet advertised
1758342856.180829524 ERROR /rosbridge_websocket [protocol.py:399(RosbridgeProtocol.log)] [topics: /client_count, /rosout, /connected_clients, /image_jpeg/compressed] [Client 2] [id: /tf] publish: Cannot infer topic type for topic /tf as it is not yet advertised
1758342856.183740615 ERROR /rosbridge_websocket [protocol.py:399(RosbridgeProtocol.log)] [topics: /client_count, /rosout, /connected_clients, /image_jpeg/compressed] [Client 1] [id: /CollisionData] publish: Cannot infer topic type for topic /CollisionData as it is not yet advertised
1758342856.186325311 ERROR /rosbridge_websocket [protocol.py:399(RosbridgeProtocol.log)] [topics: /client_count, /rosout, /connected_clients, /image_jpeg/compressed] [Client 6] [id: /Ego_topic] publish: Cannot infer topic type for topic /Ego_topic as it is not yet advertised
1758342856.190287351 ERROR /rosbridge_websocket [protocol.py:399(RosbridgeProtocol.log)] [topics: /client_count, /rosout, /connected_clients, /image_jpeg/compressed] [Client 4] [id: /Competition_topic] publish: Cannot infer topic type for topic /Competition_topic as it is not yet advertised
1758342856.191841125 ERROR /rosbridge_websocket [protocol.py:399(RosbridgeProtocol.log)] [topics: /client_count, /rosout, /connected_clients, /image_jpeg/compressed] [Client 5] [id: /Object_topic] publish: Cannot infer topic type for topic /Object_topic as it is not yet advertised
1758342856.194180250 ERROR /rosbridge_websocket [protocol.py:399(RosbridgeProtocol.log)] [topics: /client_count, /rosout, /connected_clients, /image_jpeg/compressed] [Client 2] [id: /tf] publish: Cannot infer topic type for topic /tf as it is not yet advertised
1758342856.199362516 ERROR /rosbridge_websocket [protocol.py:399(RosbridgeProtocol.log)] [topics: /client_count, /rosout, /connected_clients, /image_jpeg/compressed] [Client 1] [id: /CollisionData] publish: Cannot infer topic type for topic /CollisionData as it is not yet advertised
1758342856.202535152 ERROR /rosbridge_websocket [protocol.py:399(RosbridgeProtocol.log)] [topics: /client_count, /rosout, /connected_clients, /image_jpeg/compressed] [Client 6] [id: /Ego_topic] publish: Cannot infer topic type for topic /Ego_topic as it is not yet advertised
1758342856.218773841 ERROR /rosbridge_websocket [protocol.py:399(RosbridgeProtocol.log)] [topics: /client_count, /rosout, /connected_clients, /image_jpeg/compressed] [Client 4] [id: /Competition_topic] publish: Cannot infer topic type for topic /Competition_topic as it is not yet advertised
1758342856.239545583 ERROR /rosbridge_websocket [protocol.py:399(RosbridgeProtocol.log)] [topics: /client_count, /rosout, /connected_clients, /image_jpeg/compressed] [Client 5] [id: /Object_topic] publish: Cannot infer topic type for topic /Object_topic as it is not yet advertised
1758342856.243800163 ERROR /rosbridge_websocket [protocol.py:399(RosbridgeProtocol.log)] [topics: /client_count, /rosout, /connected_clients, /image_jpeg/compressed] [Client 2] [id: /tf] publish: Cannot infer topic type for topic /tf as it is not yet advertised
1758342856.247213840 ERROR /rosbridge_websocket [protocol.py:399(RosbridgeProtocol.log)] [topics: /client_count, /rosout, /connected_clients, /image_jpeg/compressed] [Client 1] [id: /CollisionData] publish: Cannot infer topic type for topic /CollisionData as it is not yet advertised
1758342856.251290559 ERROR /rosbridge_websocket [protocol.py:399(RosbridgeProtocol.log)] [topics: /client_count, /rosout, /connected_clients, /image_jpeg/compressed] [Client 6] [id: /Ego_topic] publish: Cannot infer topic type for topic /Ego_topic as it is not yet advertised
1758342856.261647939 ERROR /rosbridge_websocket [protocol.py:399(RosbridgeProtocol.log)] [topics: /client_count, /rosout, /connected_clients, /image_jpeg/compressed] [Client 4] [id: /Competition_topic] publish: Cannot infer topic type for topic /Competition_topic as it is not yet advertised
1758342856.271705150 ERROR /rosbridge_websocket [protocol.py:399(RosbridgeProtocol.log)] [topics: /client_count, /rosout, /connected_clients, /image_jpeg/compressed] [Client 5] [id: /Object_topic] publish: Cannot infer topic type for topic /Object_topic as it is not yet advertised
1758342856.277448892 ERROR /rosbridge_websocket [protocol.py:399(RosbridgeProtocol.log)] [topics: /client_count, /rosout, /connected_clients, /image_jpeg/compressed] [Client 2] [id: /tf] publish: Cannot infer topic type for topic /tf as it is not yet advertised
1758342856.293738842 ERROR /rosbridge_websocket [protocol.py:399(RosbridgeProtocol.log)] [topics: /client_count, /rosout, /connected_clients, /image_jpeg/compressed] [Client 1] [id: /CollisionData] publish: Cannot infer topic type for topic /CollisionData as it is not yet advertised
1758342856.295779466 ERROR /rosbridge_websocket [protocol.py:399(RosbridgeProtocol.log)] [topics: /client_count, /rosout, /connected_clients, /image_jpeg/compressed] [Client 6] [id: /Ego_topic] publish: Cannot infer topic type for topic /Ego_topic as it is not yet advertised
1758342856.301418304 ERROR /rosbridge_websocket [protocol.py:399(RosbridgeProtocol.log)] [topics: /client_count, /rosout, /connected_clients, /image_jpeg/compressed] [Client 4] [id: /Competition_topic] publish: Cannot infer topic type for topic /Competition_topic as it is not yet advertised
1758342856.305596113 ERROR /rosbridge_websocket [protocol.py:399(RosbridgeProtocol.log)] [topics: /client_count, /rosout, /connected_clients, /image_jpeg/compressed] [Client 5] [id: /Object_topic] publish: Cannot infer topic type for topic /Object_topic as it is not yet advertised
1758342856.308145523 ERROR /rosbridge_websocket [protocol.py:399(RosbridgeProtocol.log)] [topics: /client_count, /rosout, /connected_clients, /image_jpeg/compressed] [Client 2] [id: /tf] publish: Cannot infer topic type for topic /tf as it is not yet advertised
1758342856.310767412 ERROR /rosbridge_websocket [protocol.py:399(RosbridgeProtocol.log)] [topics: /client_count, /rosout, /connected_clients, /image_jpeg/compressed] [Client 1] [id: /CollisionData] publish: Cannot infer topic type for topic /CollisionData as it is not yet advertised
1758342856.313241481 ERROR /rosbridge_websocket [protocol.py:399(RosbridgeProtocol.log)] [topics: /client_count, /rosout, /connected_clients, /image_jpeg/compressed] [Client 6] [id: /Ego_topic] publish: Cannot infer topic type for topic /Ego_topic as it is not yet advertised
1758342856.316190958 ERROR /rosbridge_websocket [protocol.py:399(RosbridgeProtocol.log)] [topics: /client_count, /rosout, /connected_clients, /image_jpeg/compressed] [Client 4] [id: /Competition_topic] publish: Cannot infer topic type for topic /Competition_topic as it is not yet advertised
1758342856.319826126 ERROR /rosbridge_websocket [protocol.py:399(RosbridgeProtocol.log)] [topics: /client_count, /rosout, /connected_clients, /image_jpeg/compressed] [Client 5] [id: /Object_topic] publish: Cannot infer topic type for topic /Object_topic as it is not yet advertised
1758342856.337621450 ERROR /rosbridge_websocket [protocol.py:399(RosbridgeProtocol.log)] [topics: /client_count, /rosout, /connected_clients, /image_jpeg/compressed] [Client 2] [id: /tf] publish: Cannot infer topic type for topic /tf as it is not yet advertised
1758342856.347373962 ERROR /rosbridge_websocket [protocol.py:399(RosbridgeProtocol.log)] [topics: /client_count, /rosout, /connected_clients, /image_jpeg/compressed] [Client 1] [id: /CollisionData] publish: Cannot infer topic type for topic /CollisionData as it is not yet advertised
1758342856.360393762 ERROR /rosbridge_websocket [protocol.py:399(RosbridgeProtocol.log)] [topics: /client_count, /rosout, /connected_clients, /image_jpeg/compressed] [Client 6] [id: /Ego_topic] publish: Cannot infer topic type for topic /Ego_topic as it is not yet advertised
1758342856.363275289 ERROR /rosbridge_websocket [protocol.py:399(RosbridgeProtocol.log)] [topics: /client_count, /rosout, /connected_clients, /image_jpeg/compressed] [Client 4] [id: /Competition_topic] publish: Cannot infer topic type for topic /Competition_topic as it is not yet advertised
1758342856.368090391 ERROR /rosbridge_websocket [protocol.py:399(RosbridgeProtocol.log)] [topics: /client_count, /rosout, /connected_clients, /image_jpeg/compressed] [Client 5] [id: /Object_topic] publish: Cannot infer topic type for topic /Object_topic as it is not yet advertised
1758342856.371490478 ERROR /rosbridge_websocket [protocol.py:399(RosbridgeProtocol.log)] [topics: /client_count, /rosout, /connected_clients, /image_jpeg/compressed] [Client 1] [id: /CollisionData] publish: Cannot infer topic type for topic /CollisionData as it is not yet advertised
1758342856.374440431 ERROR /rosbridge_websocket [protocol.py:399(RosbridgeProtocol.log)] [topics: /client_count, /rosout, /connected_clients, /image_jpeg/compressed] [Client 6] [id: /Ego_topic] publish: Cannot infer topic type for topic /Ego_topic as it is not yet advertised
1758342856.379009008 ERROR /rosbridge_websocket [protocol.py:399(RosbridgeProtocol.log)] [topics: /client_count, /rosout, /connected_clients, /image_jpeg/compressed] [Client 2] [id: /tf] publish: Cannot infer topic type for topic /tf as it is not yet advertised
1758342856.397488832 ERROR /rosbridge_websocket [protocol.py:399(RosbridgeProtocol.log)] [topics: /client_count, /rosout, /connected_clients, /image_jpeg/compressed] [Client 4] [id: /Competition_topic] publish: Cannot infer topic type for topic /Competition_topic as it is not yet advertised
1758342856.402025222 ERROR /rosbridge_websocket [protocol.py:399(RosbridgeProtocol.log)] [topics: /client_count, /rosout, /connected_clients, /image_jpeg/compressed] [Client 5] [id: /Object_topic] publish: Cannot infer topic type for topic /Object_topic as it is not yet advertised
1758342856.405702829 ERROR /rosbridge_websocket [protocol.py:399(RosbridgeProtocol.log)] [topics: /client_count, /rosout, /connected_clients, /image_jpeg/compressed] [Client 1] [id: /CollisionData] publish: Cannot infer topic type for topic /CollisionData as it is not yet advertised
1758342856.407374382 ERROR /rosbridge_websocket [protocol.py:399(RosbridgeProtocol.log)] [topics: /client_count, /rosout, /connected_clients, /image_jpeg/compressed] [Client 6] [id: /Ego_topic] publish: Cannot infer topic type for topic /Ego_topic as it is not yet advertised
1758342856.410393714 ERROR /rosbridge_websocket [protocol.py:399(RosbridgeProtocol.log)] [topics: /client_count, /rosout, /connected_clients, /image_jpeg/compressed] [Client 2] [id: /tf] publish: Cannot infer topic type for topic /tf as it is not yet advertised
1758342856.412938594 ERROR /rosbridge_websocket [protocol.py:399(RosbridgeProtocol.log)] [topics: /client_count, /rosout, /connected_clients, /image_jpeg/compressed] [Client 4] [id: /Competition_topic] publish: Cannot infer topic type for topic /Competition_topic as it is not yet advertised
1758342856.417286872 ERROR /rosbridge_websocket [protocol.py:399(RosbridgeProtocol.log)] [topics: /client_count, /rosout, /connected_clients, /image_jpeg/compressed] [Client 5] [id: /Object_topic] publish: Cannot infer topic type for topic /Object_topic as it is not yet advertised
1758342856.435640335 ERROR /rosbridge_websocket [protocol.py:399(RosbridgeProtocol.log)] [topics: /client_count, /rosout, /connected_clients, /image_jpeg/compressed] [Client 1] [id: /CollisionData] publish: Cannot infer topic type for topic /CollisionData as it is not yet advertised
1758342856.441040754 ERROR /rosbridge_websocket [protocol.py:399(RosbridgeProtocol.log)] [topics: /client_count, /rosout, /connected_clients, /image_jpeg/compressed] [Client 6] [id: /Ego_topic] publish: Cannot infer topic type for topic /Ego_topic as it is not yet advertised
1758342856.456073760 ERROR /rosbridge_websocket [protocol.py:399(RosbridgeProtocol.log)] [topics: /client_count, /rosout, /connected_clients, /image_jpeg/compressed] [Client 2] [id: /tf] publish: Cannot infer topic type for topic /tf as it is not yet advertised
1758342856.460082530 ERROR /rosbridge_websocket [protocol.py:399(RosbridgeProtocol.log)] [topics: /client_count, /rosout, /connected_clients, /image_jpeg/compressed] [Client 4] [id: /Competition_topic] publish: Cannot infer topic type for topic /Competition_topic as it is not yet advertised
1758342856.464410543 ERROR /rosbridge_websocket [protocol.py:399(RosbridgeProtocol.log)] [topics: /client_count, /rosout, /connected_clients, /image_jpeg/compressed] [Client 5] [id: /Object_topic] publish: Cannot infer topic type for topic /Object_topic as it is not yet advertised
1758342856.467057704 ERROR /rosbridge_websocket [protocol.py:399(RosbridgeProtocol.log)] [topics: /client_count, /rosout, /connected_clients, /image_jpeg/compressed] [Client 1] [id: /CollisionData] publish: Cannot infer topic type for topic /CollisionData as it is not yet advertised
1758342856.470912694 ERROR /rosbridge_websocket [protocol.py:399(RosbridgeProtocol.log)] [topics: /client_count, /rosout, /connected_clients, /image_jpeg/compressed] [Client 6] [id: /Ego_topic] publish: Cannot infer topic type for topic /Ego_topic as it is not yet advertised
1758342856.473262310 ERROR /rosbridge_websocket [protocol.py:399(RosbridgeProtocol.log)] [topics: /client_count, /rosout, /connected_clients, /image_jpeg/compressed] [Client 4] [id: /Competition_topic] publish: Cannot infer topic type for topic /Competition_topic as it is not yet advertised
1758342856.479249715 ERROR /rosbridge_websocket [protocol.py:399(RosbridgeProtocol.log)] [topics: /client_count, /rosout, /connected_clients, /image_jpeg/compressed] [Client 2] [id: /tf] publish: Cannot infer topic type for topic /tf as it is not yet advertised
1758342856.493143081 ERROR /rosbridge_websocket [protocol.py:399(RosbridgeProtocol.log)] [topics: /client_count, /rosout, /connected_clients, /image_jpeg/compressed] [Client 5] [id: /Object_topic] publish: Cannot infer topic type for topic /Object_topic as it is not yet advertised
1758342856.497321128 ERROR /rosbridge_websocket [protocol.py:399(RosbridgeProtocol.log)] [topics: /client_count, /rosout, /connected_clients, /image_jpeg/compressed] [Client 1] [id: /CollisionData] publish: Cannot infer topic type for topic /CollisionData as it is not yet advertised
1758342856.500752687 ERROR /rosbridge_websocket [protocol.py:399(RosbridgeProtocol.log)] [topics: /client_count, /rosout, /connected_clients, /image_jpeg/compressed] [Client 6] [id: /Ego_topic] publish: Cannot infer topic type for topic /Ego_topic as it is not yet advertised
1758342856.504689216 ERROR /rosbridge_websocket [protocol.py:399(RosbridgeProtocol.log)] [topics: /client_count, /rosout, /connected_clients, /image_jpeg/compressed] [Client 5] [id: /Object_topic] publish: Cannot infer topic type for topic /Object_topic as it is not yet advertised
1758342856.507366895 ERROR /rosbridge_websocket [protocol.py:399(RosbridgeProtocol.log)] [topics: /client_count, /rosout, /connected_clients, /image_jpeg/compressed] [Client 2] [id: /tf] publish: Cannot infer topic type for topic /tf as it is not yet advertised
1758342856.510611057 ERROR /rosbridge_websocket [protocol.py:399(RosbridgeProtocol.log)] [topics: /client_count, /rosout, /connected_clients, /image_jpeg/compressed] [Client 4] [id: /Competition_topic] publish: Cannot infer topic type for topic /Competition_topic as it is not yet advertised
1758342856.512780904 ERROR /rosbridge_websocket [protocol.py:399(RosbridgeProtocol.log)] [topics: /client_count, /rosout, /connected_clients, /image_jpeg/compressed] [Client 1] [id: /CollisionData] publish: Cannot infer topic type for topic /CollisionData as it is not yet advertised
1758342856.517629623 ERROR /rosbridge_websocket [protocol.py:399(RosbridgeProtocol.log)] [topics: /client_count, /rosout, /connected_clients, /image_jpeg/compressed] [Client 6] [id: /Ego_topic] publish: Cannot infer topic type for topic /Ego_topic as it is not yet advertised
1758342856.534874916 ERROR /rosbridge_websocket [protocol.py:399(RosbridgeProtocol.log)] [topics: /client_count, /rosout, /connected_clients, /image_jpeg/compressed] [Client 5] [id: /Object_topic] publish: Cannot infer topic type for topic /Object_topic as it is not yet advertised
1758342856.538032054 ERROR /rosbridge_websocket [protocol.py:399(RosbridgeProtocol.log)] [topics: /client_count, /rosout, /connected_clients, /image_jpeg/compressed] [Client 2] [id: /tf] publish: Cannot infer topic type for topic /tf as it is not yet advertised
1758342856.551712274 ERROR /rosbridge_websocket [protocol.py:399(RosbridgeProtocol.log)] [topics: /client_count, /rosout, /connected_clients, /image_jpeg/compressed] [Client 4] [id: /Competition_topic] publish: Cannot infer topic type for topic /Competition_topic as it is not yet advertised
1758342856.560869216 ERROR /rosbridge_websocket [protocol.py:399(RosbridgeProtocol.log)] [topics: /client_count, /rosout, /connected_clients, /image_jpeg/compressed] [Client 1] [id: /CollisionData] publish: Cannot infer topic type for topic /CollisionData as it is not yet advertised
1758342856.564755439 ERROR /rosbridge_websocket [protocol.py:399(RosbridgeProtocol.log)] [topics: /client_count, /rosout, /connected_clients, /image_jpeg/compressed] [Client 6] [id: /Ego_topic] publish: Cannot infer topic type for topic /Ego_topic as it is not yet advertised
1758342856.568678140 ERROR /rosbridge_websocket [protocol.py:399(RosbridgeProtocol.log)] [topics: /client_count, /rosout, /connected_clients, /image_jpeg/compressed] [Client 5] [id: /Object_topic] publish: Cannot infer topic type for topic /Object_topic as it is not yet advertised
1758342856.571859598 ERROR /rosbridge_websocket [protocol.py:399(RosbridgeProtocol.log)] [topics: /client_count, /rosout, /connected_clients, /image_jpeg/compressed] [Client 2] [id: /tf] publish: Cannot infer topic type for topic /tf as it is not yet advertised
1758342856.574983596 ERROR /rosbridge_websocket [protocol.py:399(RosbridgeProtocol.log)] [topics: /client_count, /rosout, /connected_clients, /image_jpeg/compressed] [Client 4] [id: /Competition_topic] publish: Cannot infer topic type for topic /Competition_topic as it is not yet advertised
1758342856.579252243 ERROR /rosbridge_websocket [protocol.py:399(RosbridgeProtocol.log)] [topics: /client_count, /rosout, /connected_clients, /image_jpeg/compressed] [Client 1] [id: /CollisionData] publish: Cannot infer topic type for topic /CollisionData as it is not yet advertised
1758342856.581923007 ERROR /rosbridge_websocket [protocol.py:399(RosbridgeProtocol.log)] [topics: /client_count, /rosout, /connected_clients, /image_jpeg/compressed] [Client 6] [id: /Ego_topic] publish: Cannot infer topic type for topic /Ego_topic as it is not yet advertised
1758342856.601644515 ERROR /rosbridge_websocket [protocol.py:399(RosbridgeProtocol.log)] [topics: /client_count, /rosout, /connected_clients, /image_jpeg/compressed] [Client 5] [id: /Object_topic] publish: Cannot infer topic type for topic /Object_topic as it is not yet advertised
1758342856.604907035 ERROR /rosbridge_websocket [protocol.py:399(RosbridgeProtocol.log)] [topics: /client_count, /rosout, /connected_clients, /image_jpeg/compressed] [Client 2] [id: /tf] publish: Cannot infer topic type for topic /tf as it is not yet advertised
1758342856.608944416 ERROR /rosbridge_websocket [protocol.py:399(RosbridgeProtocol.log)] [topics: /client_count, /rosout, /connected_clients, /image_jpeg/compressed] [Client 4] [id: /Competition_topic] publish: Cannot infer topic type for topic /Competition_topic as it is not yet advertised
1758342856.612752676 ERROR /rosbridge_websocket [protocol.py:399(RosbridgeProtocol.log)] [topics: /client_count, /rosout, /connected_clients, /image_jpeg/compressed] [Client 1] [id: /CollisionData] publish: Cannot infer topic type for topic /CollisionData as it is not yet advertised
1758342856.615353584 ERROR /rosbridge_websocket [protocol.py:399(RosbridgeProtocol.log)] [topics: /client_count, /rosout, /connected_clients, /image_jpeg/compressed] [Client 6] [id: /Ego_topic] publish: Cannot infer topic type for topic /Ego_topic as it is not yet advertised
1758342856.619673490 ERROR /rosbridge_websocket [protocol.py:399(RosbridgeProtocol.log)] [topics: /client_count, /rosout, /connected_clients, /image_jpeg/compressed] [Client 5] [id: /Object_topic] publish: Cannot infer topic type for topic /Object_topic as it is not yet advertised
1758342856.638281822 ERROR /rosbridge_websocket [protocol.py:399(RosbridgeProtocol.log)] [topics: /client_count, /rosout, /connected_clients, /image_jpeg/compressed] [Client 2] [id: /tf] publish: Cannot infer topic type for topic /tf as it is not yet advertised
1758342856.643521547 ERROR /rosbridge_websocket [protocol.py:399(RosbridgeProtocol.log)] [topics: /client_count, /rosout, /connected_clients, /image_jpeg/compressed] [Client 4] [id: /Competition_topic] publish: Cannot infer topic type for topic /Competition_topic as it is not yet advertised
1758342856.646270513 ERROR /rosbridge_websocket [protocol.py:399(RosbridgeProtocol.log)] [topics: /client_count, /rosout, /connected_clients, /image_jpeg/compressed] [Client 1] [id: /CollisionData] publish: Cannot infer topic type for topic /CollisionData as it is not yet advertised
1758342856.650694608 ERROR /rosbridge_websocket [protocol.py:399(RosbridgeProtocol.log)] [topics: /client_count, /rosout, /connected_clients, /image_jpeg/compressed] [Client 6] [id: /Ego_topic] publish: Cannot infer topic type for topic /Ego_topic as it is not yet advertised
1758342856.653197526 ERROR /rosbridge_websocket [protocol.py:399(RosbridgeProtocol.log)] [topics: /client_count, /rosout, /connected_clients, /image_jpeg/compressed] [Client 5] [id: /Object_topic] publish: Cannot infer topic type for topic /Object_topic as it is not yet advertised
1758342856.671101331 ERROR /rosbridge_websocket [protocol.py:399(RosbridgeProtocol.log)] [topics: /client_count, /rosout, /connected_clients, /image_jpeg/compressed] [Client 2] [id: /tf] publish: Cannot infer topic type for topic /tf as it is not yet advertised
1758342856.673570156 ERROR /rosbridge_websocket [protocol.py:399(RosbridgeProtocol.log)] [topics: /client_count, /rosout, /connected_clients, /image_jpeg/compressed] [Client 4] [id: /Competition_topic] publish: Cannot infer topic type for topic /Competition_topic as it is not yet advertised
1758342856.677878379 ERROR /rosbridge_websocket [protocol.py:399(RosbridgeProtocol.log)] [topics: /client_count, /rosout, /connected_clients, /image_jpeg/compressed] [Client 1] [id: /CollisionData] publish: Cannot infer topic type for topic /CollisionData as it is not yet advertised
1758342856.693348169 ERROR /rosbridge_websocket [protocol.py:399(RosbridgeProtocol.log)] [topics: /client_count, /rosout, /connected_clients, /image_jpeg/compressed] [Client 6] [id: /Ego_topic] publish: Cannot infer topic type for topic /Ego_topic as it is not yet advertised
1758342856.703981876 ERROR /rosbridge_websocket [protocol.py:399(RosbridgeProtocol.log)] [topics: /client_count, /rosout, /connected_clients, /image_jpeg/compressed] [Client 5] [id: /Object_topic] publish: Cannot infer topic type for topic /Object_topic as it is not yet advertised
1758342856.719737052 ERROR /rosbridge_websocket [protocol.py:399(RosbridgeProtocol.log)] [topics: /client_count, /rosout, /connected_clients, /image_jpeg/compressed] [Client 2] [id: /tf] publish: Cannot infer topic type for topic /tf as it is not yet advertised
1758342856.722388982 ERROR /rosbridge_websocket [protocol.py:399(RosbridgeProtocol.log)] [topics: /client_count, /rosout, /connected_clients, /image_jpeg/compressed] [Client 4] [id: /Competition_topic] publish: Cannot infer topic type for topic /Competition_topic as it is not yet advertised
1758342856.726126194 ERROR /rosbridge_websocket [protocol.py:399(RosbridgeProtocol.log)] [topics: /client_count, /rosout, /connected_clients, /image_jpeg/compressed] [Client 1] [id: /CollisionData] publish: Cannot infer topic type for topic /CollisionData as it is not yet advertised
1758342856.729080915 ERROR /rosbridge_websocket [protocol.py:399(RosbridgeProtocol.log)] [topics: /client_count, /rosout, /connected_clients, /image_jpeg/compressed] [Client 6] [id: /Ego_topic] publish: Cannot infer topic type for topic /Ego_topic as it is not yet advertised
1758342856.732857227 ERROR /rosbridge_websocket [protocol.py:399(RosbridgeProtocol.log)] [topics: /client_count, /rosout, /connected_clients, /image_jpeg/compressed] [Client 5] [id: /Object_topic] publish: Cannot infer topic type for topic /Object_topic as it is not yet advertised
1758342856.736001968 ERROR /rosbridge_websocket [protocol.py:399(RosbridgeProtocol.log)] [topics: /client_count, /rosout, /connected_clients, /image_jpeg/compressed] [Client 4] [id: /Competition_topic] publish: Cannot infer topic type for topic /Competition_topic as it is not yet advertised
1758342856.737809419 ERROR /rosbridge_websocket [protocol.py:399(RosbridgeProtocol.log)] [topics: /client_count, /rosout, /connected_clients, /image_jpeg/compressed] [Client 2] [id: /tf] publish: Cannot infer topic type for topic /tf as it is not yet advertised
1758342856.741579055 ERROR /rosbridge_websocket [protocol.py:399(RosbridgeProtocol.log)] [topics: /client_count, /rosout, /connected_clients, /image_jpeg/compressed] [Client 1] [id: /CollisionData] publish: Cannot infer topic type for topic /CollisionData as it is not yet advertised
1758342856.752892494 ERROR /rosbridge_websocket [protocol.py:399(RosbridgeProtocol.log)] [topics: /client_count, /rosout, /connected_clients, /image_jpeg/compressed] [Client 6] [id: /Ego_topic] publish: Cannot infer topic type for topic /Ego_topic as it is not yet advertised
1758342856.763843774 ERROR /rosbridge_websocket [protocol.py:399(RosbridgeProtocol.log)] [topics: /client_count, /rosout, /connected_clients, /image_jpeg/compressed] [Client 5] [id: /Object_topic] publish: Cannot infer topic type for topic /Object_topic as it is not yet advertised
1758342856.768992662 ERROR /rosbridge_websocket [protocol.py:399(RosbridgeProtocol.log)] [topics: /client_count, /rosout, /connected_clients, /image_jpeg/compressed] [Client 2] [id: /tf] publish: Cannot infer topic type for topic /tf as it is not yet advertised
1758342856.771192550 ERROR /rosbridge_websocket [protocol.py:399(RosbridgeProtocol.log)] [topics: /client_count, /rosout, /connected_clients, /image_jpeg/compressed] [Client 4] [id: /Competition_topic] publish: Cannot infer topic type for topic /Competition_topic as it is not yet advertised
1758342856.775702238 ERROR /rosbridge_websocket [protocol.py:399(RosbridgeProtocol.log)] [topics: /client_count, /rosout, /connected_clients, /image_jpeg/compressed] [Client 1] [id: /CollisionData] publish: Cannot infer topic type for topic /CollisionData as it is not yet advertised
1758342856.779093742 ERROR /rosbridge_websocket [protocol.py:399(RosbridgeProtocol.log)] [topics: /client_count, /rosout, /connected_clients, /image_jpeg/compressed] [Client 6] [id: /Ego_topic] publish: Cannot infer topic type for topic /Ego_topic as it is not yet advertised
1758342856.783914327 ERROR /rosbridge_websocket [protocol.py:399(RosbridgeProtocol.log)] [topics: /client_count, /rosout, /connected_clients, /image_jpeg/compressed] [Client 5] [id: /Object_topic] publish: Cannot infer topic type for topic /Object_topic as it is not yet advertised
1758342856.786186456 ERROR /rosbridge_websocket [protocol.py:399(RosbridgeProtocol.log)] [topics: /client_count, /rosout, /connected_clients, /image_jpeg/compressed] [Client 2] [id: /tf] publish: Cannot infer topic type for topic /tf as it is not yet advertised
1758342856.789204835 ERROR /rosbridge_websocket [protocol.py:399(RosbridgeProtocol.log)] [topics: /client_count, /rosout, /connected_clients, /image_jpeg/compressed] [Client 4] [id: /Competition_topic] publish: Cannot infer topic type for topic /Competition_topic as it is not yet advertised
1758342856.808070898 ERROR /rosbridge_websocket [protocol.py:399(RosbridgeProtocol.log)] [topics: /client_count, /rosout, /connected_clients, /image_jpeg/compressed] [Client 1] [id: /CollisionData] publish: Cannot infer topic type for topic /CollisionData as it is not yet advertised
1758342856.825963020 ERROR /rosbridge_websocket [protocol.py:399(RosbridgeProtocol.log)] [topics: /client_count, /rosout, /connected_clients, /image_jpeg/compressed] [Client 6] [id: /Ego_topic] publish: Cannot infer topic type for topic /Ego_topic as it is not yet advertised
1758342856.831229686 ERROR /rosbridge_websocket [protocol.py:399(RosbridgeProtocol.log)] [topics: /client_count, /rosout, /connected_clients, /image_jpeg/compressed] [Client 5] [id: /Object_topic] publish: Cannot infer topic type for topic /Object_topic as it is not yet advertised
1758342856.833023548 ERROR /rosbridge_websocket [protocol.py:399(RosbridgeProtocol.log)] [topics: /client_count, /rosout, /connected_clients, /image_jpeg/compressed] [Client 2] [id: /tf] publish: Cannot infer topic type for topic /tf as it is not yet advertised
1758342856.835898876 ERROR /rosbridge_websocket [protocol.py:399(RosbridgeProtocol.log)] [topics: /client_count, /rosout, /connected_clients, /image_jpeg/compressed] [Client 4] [id: /Competition_topic] publish: Cannot infer topic type for topic /Competition_topic as it is not yet advertised
1758342856.838134527 ERROR /rosbridge_websocket [protocol.py:399(RosbridgeProtocol.log)] [topics: /client_count, /rosout, /connected_clients, /image_jpeg/compressed] [Client 1] [id: /CollisionData] publish: Cannot infer topic type for topic /CollisionData as it is not yet advertised
1758342856.843717336 ERROR /rosbridge_websocket [protocol.py:399(RosbridgeProtocol.log)] [topics: /client_count, /rosout, /connected_clients, /image_jpeg/compressed] [Client 6] [id: /Ego_topic] publish: Cannot infer topic type for topic /Ego_topic as it is not yet advertised
1758342856.860744476 ERROR /rosbridge_websocket [protocol.py:399(RosbridgeProtocol.log)] [topics: /client_count, /rosout, /connected_clients, /image_jpeg/compressed] [Client 5] [id: /Object_topic] publish: Cannot infer topic type for topic /Object_topic as it is not yet advertised
1758342856.863567352 ERROR /rosbridge_websocket [protocol.py:399(RosbridgeProtocol.log)] [topics: /client_count, /rosout, /connected_clients, /image_jpeg/compressed] [Client 2] [id: /tf] publish: Cannot infer topic type for topic /tf as it is not yet advertised
1758342856.868081808 ERROR /rosbridge_websocket [protocol.py:399(RosbridgeProtocol.log)] [topics: /client_count, /rosout, /connected_clients, /image_jpeg/compressed] [Client 4] [id: /Competition_topic] publish: Cannot infer topic type for topic /Competition_topic as it is not yet advertised
1758342856.870605230 ERROR /rosbridge_websocket [protocol.py:399(RosbridgeProtocol.log)] [topics: /client_count, /rosout, /connected_clients, /image_jpeg/compressed] [Client 1] [id: /CollisionData] publish: Cannot infer topic type for topic /CollisionData as it is not yet advertised
1758342856.874166965 ERROR /rosbridge_websocket [protocol.py:399(RosbridgeProtocol.log)] [topics: /client_count, /rosout, /connected_clients, /image_jpeg/compressed] [Client 6] [id: /Ego_topic] publish: Cannot infer topic type for topic /Ego_topic as it is not yet advertised
1758342856.876754283 ERROR /rosbridge_websocket [protocol.py:399(RosbridgeProtocol.log)] [topics: /client_count, /rosout, /connected_clients, /image_jpeg/compressed] [Client 5] [id: /Object_topic] publish: Cannot infer topic type for topic /Object_topic as it is not yet advertised
1758342856.878501415 ERROR /rosbridge_websocket [protocol.py:399(RosbridgeProtocol.log)] [topics: /client_count, /rosout, /connected_clients, /image_jpeg/compressed] [Client 2] [id: /tf] publish: Cannot infer topic type for topic /tf as it is not yet advertised
1758342856.891366958 ERROR /rosbridge_websocket [protocol.py:399(RosbridgeProtocol.log)] [topics: /client_count, /rosout, /connected_clients, /image_jpeg/compressed] [Client 4] [id: /Competition_topic] publish: Cannot infer topic type for topic /Competition_topic as it is not yet advertised
1758342856.918824434 ERROR /rosbridge_websocket [protocol.py:399(RosbridgeProtocol.log)] [topics: /client_count, /rosout, /connected_clients, /image_jpeg/compressed] [Client 1] [id: /CollisionData] publish: Cannot infer topic type for topic /CollisionData as it is not yet advertised
1758342856.922808647 ERROR /rosbridge_websocket [protocol.py:399(RosbridgeProtocol.log)] [topics: /client_count, /rosout, /connected_clients, /image_jpeg/compressed] [Client 6] [id: /Ego_topic] publish: Cannot infer topic type for topic /Ego_topic as it is not yet advertised
1758342856.926892042 ERROR /rosbridge_websocket [protocol.py:399(RosbridgeProtocol.log)] [topics: /client_count, /rosout, /connected_clients, /image_jpeg/compressed] [Client 2] [id: /tf] publish: Cannot infer topic type for topic /tf as it is not yet advertised
1758342856.929134368 ERROR /rosbridge_websocket [protocol.py:399(RosbridgeProtocol.log)] [topics: /client_count, /rosout, /connected_clients, /image_jpeg/compressed] [Client 5] [id: /Object_topic] publish: Cannot infer topic type for topic /Object_topic as it is not yet advertised
1758342856.932762622 ERROR /rosbridge_websocket [protocol.py:399(RosbridgeProtocol.log)] [topics: /client_count, /rosout, /connected_clients, /image_jpeg/compressed] [Client 4] [id: /Competition_topic] publish: Cannot infer topic type for topic /Competition_topic as it is not yet advertised
1758342856.935460567 ERROR /rosbridge_websocket [protocol.py:399(RosbridgeProtocol.log)] [topics: /client_count, /rosout, /connected_clients, /image_jpeg/compressed] [Client 1] [id: /CollisionData] publish: Cannot infer topic type for topic /CollisionData as it is not yet advertised
1758342856.939528703 ERROR /rosbridge_websocket [protocol.py:399(RosbridgeProtocol.log)] [topics: /client_count, /rosout, /connected_clients, /image_jpeg/compressed] [Client 6] [id: /Ego_topic] publish: Cannot infer topic type for topic /Ego_topic as it is not yet advertised
1758342856.958387374 ERROR /rosbridge_websocket [protocol.py:399(RosbridgeProtocol.log)] [topics: /client_count, /rosout, /connected_clients, /image_jpeg/compressed] [Client 2] [id: /tf] publish: Cannot infer topic type for topic /tf as it is not yet advertised
1758342856.960631847 ERROR /rosbridge_websocket [protocol.py:399(RosbridgeProtocol.log)] [topics: /client_count, /rosout, /connected_clients, /image_jpeg/compressed] [Client 5] [id: /Object_topic] publish: Cannot infer topic type for topic /Object_topic as it is not yet advertised
1758342856.964403867 ERROR /rosbridge_websocket [protocol.py:399(RosbridgeProtocol.log)] [topics: /client_count, /rosout, /connected_clients, /image_jpeg/compressed] [Client 1] [id: /CollisionData] publish: Cannot infer topic type for topic /CollisionData as it is not yet advertised
1758342856.966611862 ERROR /rosbridge_websocket [protocol.py:399(RosbridgeProtocol.log)] [topics: /client_count, /rosout, /connected_clients, /image_jpeg/compressed] [Client 4] [id: /Competition_topic] publish: Cannot infer topic type for topic /Competition_topic as it is not yet advertised
1758342856.970358371 ERROR /rosbridge_websocket [protocol.py:399(RosbridgeProtocol.log)] [topics: /client_count, /rosout, /connected_clients, /image_jpeg/compressed] [Client 6] [id: /Ego_topic] publish: Cannot infer topic type for topic /Ego_topic as it is not yet advertised
1758342856.972941637 ERROR /rosbridge_websocket [protocol.py:399(RosbridgeProtocol.log)] [topics: /client_count, /rosout, /connected_clients, /image_jpeg/compressed] [Client 2] [id: /tf] publish: Cannot infer topic type for topic /tf as it is not yet advertised
1758342856.977433204 ERROR /rosbridge_websocket [protocol.py:399(RosbridgeProtocol.log)] [topics: /client_count, /rosout, /connected_clients, /image_jpeg/compressed] [Client 5] [id: /Object_topic] publish: Cannot infer topic type for topic /Object_topic as it is not yet advertised
1758342856.982266664 ERROR /rosbridge_websocket [protocol.py:399(RosbridgeProtocol.log)] [topics: /client_count, /rosout, /connected_clients, /image_jpeg/compressed] [Client 1] [id: /CollisionData] publish: Cannot infer topic type for topic /CollisionData as it is not yet advertised
1758342856.985110521 ERROR /rosbridge_websocket [protocol.py:399(RosbridgeProtocol.log)] [topics: /client_count, /rosout, /connected_clients, /image_jpeg/compressed] [Client 4] [id: /Competition_topic] publish: Cannot infer topic type for topic /Competition_topic as it is not yet advertised
1758342856.988717555 ERROR /rosbridge_websocket [protocol.py:399(RosbridgeProtocol.log)] [topics: /client_count, /rosout, /connected_clients, /image_jpeg/compressed] [Client 2] [id: /tf] publish: Cannot infer topic type for topic /tf as it is not yet advertised
1758342856.991195917 ERROR /rosbridge_websocket [protocol.py:399(RosbridgeProtocol.log)] [topics: /client_count, /rosout, /connected_clients, /image_jpeg/compressed] [Client 6] [id: /Ego_topic] publish: Cannot infer topic type for topic /Ego_topic as it is not yet advertised
1758342856.993638038 ERROR /rosbridge_websocket [protocol.py:399(RosbridgeProtocol.log)] [topics: /client_count, /rosout, /connected_clients, /image_jpeg/compressed] [Client 5] [id: /Object_topic] publish: Cannot infer topic type for topic /Object_topic as it is not yet advertised
1758342856.998421192 ERROR /rosbridge_websocket [protocol.py:399(RosbridgeProtocol.log)] [topics: /client_count, /rosout, /connected_clients, /image_jpeg/compressed] [Client 4] [id: /Competition_topic] publish: Cannot infer topic type for topic /Competition_topic as it is not yet advertised
1758342857.001056432 ERROR /rosbridge_websocket [protocol.py:399(RosbridgeProtocol.log)] [topics: /client_count, /rosout, /connected_clients, /image_jpeg/compressed] [Client 1] [id: /CollisionData] publish: Cannot infer topic type for topic /CollisionData as it is not yet advertised
1758342857.025543212 ERROR /rosbridge_websocket [protocol.py:399(RosbridgeProtocol.log)] [topics: /client_count, /rosout, /connected_clients, /image_jpeg/compressed] [Client 2] [id: /tf] publish: Cannot infer topic type for topic /tf as it is not yet advertised
1758342857.038580179 ERROR /rosbridge_websocket [protocol.py:399(RosbridgeProtocol.log)] [topics: /client_count, /rosout, /connected_clients, /image_jpeg/compressed] [Client 6] [id: /Ego_topic] publish: Cannot infer topic type for topic /Ego_topic as it is not yet advertised
1758342857.041860580 ERROR /rosbridge_websocket [protocol.py:399(RosbridgeProtocol.log)] [topics: /client_count, /rosout, /connected_clients, /image_jpeg/compressed] [Client 5] [id: /Object_topic] publish: Cannot infer topic type for topic /Object_topic as it is not yet advertised
1758342857.046934127 ERROR /rosbridge_websocket [protocol.py:399(RosbridgeProtocol.log)] [topics: /client_count, /rosout, /connected_clients, /image_jpeg/compressed] [Client 4] [id: /Competition_topic] publish: Cannot infer topic type for topic /Competition_topic as it is not yet advertised
1758342857.066417694 ERROR /rosbridge_websocket [protocol.py:399(RosbridgeProtocol.log)] [topics: /client_count, /rosout, /connected_clients, /image_jpeg/compressed] [Client 1] [id: /CollisionData] publish: Cannot infer topic type for topic /CollisionData as it is not yet advertised
1758342857.072340011 ERROR /rosbridge_websocket [protocol.py:399(RosbridgeProtocol.log)] [topics: /client_count, /rosout, /connected_clients, /image_jpeg/compressed] [Client 2] [id: /tf] publish: Cannot infer topic type for topic /tf as it is not yet advertised
1758342857.076533079 ERROR /rosbridge_websocket [protocol.py:399(RosbridgeProtocol.log)] [topics: /client_count, /rosout, /connected_clients, /image_jpeg/compressed] [Client 6] [id: /Ego_topic] publish: Cannot infer topic type for topic /Ego_topic as it is not yet advertised
1758342857.079127073 ERROR /rosbridge_websocket [protocol.py:399(RosbridgeProtocol.log)] [topics: /client_count, /rosout, /connected_clients, /image_jpeg/compressed] [Client 5] [id: /Object_topic] publish: Cannot infer topic type for topic /Object_topic as it is not yet advertised
1758342857.084841966 ERROR /rosbridge_websocket [protocol.py:399(RosbridgeProtocol.log)] [topics: /client_count, /rosout, /connected_clients, /image_jpeg/compressed] [Client 4] [id: /Competition_topic] publish: Cannot infer topic type for topic /Competition_topic as it is not yet advertised
1758342857.087759733 ERROR /rosbridge_websocket [protocol.py:399(RosbridgeProtocol.log)] [topics: /client_count, /rosout, /connected_clients, /image_jpeg/compressed] [Client 1] [id: /CollisionData] publish: Cannot infer topic type for topic /CollisionData as it is not yet advertised
1758342857.090777873 ERROR /rosbridge_websocket [protocol.py:399(RosbridgeProtocol.log)] [topics: /client_count, /rosout, /connected_clients, /image_jpeg/compressed] [Client 2] [id: /tf] publish: Cannot infer topic type for topic /tf as it is not yet advertised
1758342857.093359947 ERROR /rosbridge_websocket [protocol.py:399(RosbridgeProtocol.log)] [topics: /client_count, /rosout, /connected_clients, /image_jpeg/compressed] [Client 6] [id: /Ego_topic] publish: Cannot infer topic type for topic /Ego_topic as it is not yet advertised
1758342857.097248554 ERROR /rosbridge_websocket [protocol.py:399(RosbridgeProtocol.log)] [topics: /client_count, /rosout, /connected_clients, /image_jpeg/compressed] [Client 5] [id: /Object_topic] publish: Cannot infer topic type for topic /Object_topic as it is not yet advertised
1758342857.099998235 ERROR /rosbridge_websocket [protocol.py:399(RosbridgeProtocol.log)] [topics: /client_count, /rosout, /connected_clients, /image_jpeg/compressed] [Client 4] [id: /Competition_topic] publish: Cannot infer topic type for topic /Competition_topic as it is not yet advertised
1758342857.115613698 ERROR /rosbridge_websocket [protocol.py:399(RosbridgeProtocol.log)] [topics: /client_count, /rosout, /connected_clients, /image_jpeg/compressed] [Client 1] [id: /CollisionData] publish: Cannot infer topic type for topic /CollisionData as it is not yet advertised
1758342857.125034570 ERROR /rosbridge_websocket [protocol.py:399(RosbridgeProtocol.log)] [topics: /client_count, /rosout, /connected_clients, /image_jpeg/compressed] [Client 6] [id: /Ego_topic] publish: Cannot infer topic type for topic /Ego_topic as it is not yet advertised
1758342857.143519639 ERROR /rosbridge_websocket [protocol.py:399(RosbridgeProtocol.log)] [topics: /client_count, /rosout, /connected_clients, /image_jpeg/compressed] [Client 2] [id: /tf] publish: Cannot infer topic type for topic /tf as it is not yet advertised
1758342857.148653030 ERROR /rosbridge_websocket [protocol.py:399(RosbridgeProtocol.log)] [topics: /client_count, /rosout, /connected_clients, /image_jpeg/compressed] [Client 5] [id: /Object_topic] publish: Cannot infer topic type for topic /Object_topic as it is not yet advertised
1758342857.155997514 ERROR /rosbridge_websocket [protocol.py:399(RosbridgeProtocol.log)] [topics: /client_count, /rosout, /connected_clients, /image_jpeg/compressed] [Client 4] [id: /Competition_topic] publish: Cannot infer topic type for topic /Competition_topic as it is not yet advertised
1758342857.167931079 ERROR /rosbridge_websocket [protocol.py:399(RosbridgeProtocol.log)] [topics: /client_count, /rosout, /connected_clients, /image_jpeg/compressed] [Client 1] [id: /CollisionData] publish: Cannot infer topic type for topic /CollisionData as it is not yet advertised
1758342857.187976360 ERROR /rosbridge_websocket [protocol.py:399(RosbridgeProtocol.log)] [topics: /client_count, /rosout, /connected_clients, /image_jpeg/compressed] [Client 6] [id: /Ego_topic] publish: Cannot infer topic type for topic /Ego_topic as it is not yet advertised
1758342857.191707849 ERROR /rosbridge_websocket [protocol.py:399(RosbridgeProtocol.log)] [topics: /client_count, /rosout, /connected_clients, /image_jpeg/compressed] [Client 2] [id: /tf] publish: Cannot infer topic type for topic /tf as it is not yet advertised
1758342857.195782423 ERROR /rosbridge_websocket [protocol.py:399(RosbridgeProtocol.log)] [topics: /client_count, /rosout, /connected_clients, /image_jpeg/compressed] [Client 5] [id: /Object_topic] publish: Cannot infer topic type for topic /Object_topic as it is not yet advertised
1758342857.199902772 ERROR /rosbridge_websocket [protocol.py:399(RosbridgeProtocol.log)] [topics: /client_count, /rosout, /connected_clients, /image_jpeg/compressed] [Client 4] [id: /Competition_topic] publish: Cannot infer topic type for topic /Competition_topic as it is not yet advertised
1758342857.203686952 ERROR /rosbridge_websocket [protocol.py:399(RosbridgeProtocol.log)] [topics: /client_count, /rosout, /connected_clients, /image_jpeg/compressed] [Client 6] [id: /Ego_topic] publish: Cannot infer topic type for topic /Ego_topic as it is not yet advertised
1758342857.207473039 ERROR /rosbridge_websocket [protocol.py:399(RosbridgeProtocol.log)] [topics: /client_count, /rosout, /connected_clients, /image_jpeg/compressed] [Client 1] [id: /CollisionData] publish: Cannot infer topic type for topic /CollisionData as it is not yet advertised
1758342857.218285560 ERROR /rosbridge_websocket [protocol.py:399(RosbridgeProtocol.log)] [topics: /client_count, /rosout, /connected_clients, /image_jpeg/compressed] [Client 4] [id: /Competition_topic] publish: Cannot infer topic type for topic /Competition_topic as it is not yet advertised
1758342857.234769105 ERROR /rosbridge_websocket [protocol.py:399(RosbridgeProtocol.log)] [topics: /client_count, /rosout, /connected_clients, /image_jpeg/compressed] [Client 2] [id: /tf] publish: Cannot infer topic type for topic /tf as it is not yet advertised
1758342866.573987722 INFO /rosapi [rosapi_node:202(<module>)] [topics: /rosout] Rosapi started
1758342866.802785634 INFO /rosbridge_websocket [rosbridge_websocket:312(<module>)] [topics: /rosout, /client_count, /connected_clients] Rosbridge WebSocket server started at ws://0.0.0.0:9090
1758342934.948750019 INFO /rosbridge_websocket [autobahn_websocket.py:195(RosbridgeWebSocket.onOpen)] [topics: /rosout, /client_count, /connected_clients] Client connected.  1 clients total.
1758342987.717319250 INFO /rosbridge_websocket [autobahn_websocket.py:195(RosbridgeWebSocket.onOpen)] [topics: /rosout, /client_count, /connected_clients, /image_jpeg/compressed] Client connected.  2 clients total.
1758342987.721436262 INFO /rosbridge_websocket [autobahn_websocket.py:195(RosbridgeWebSocket.onOpen)] [topics: /rosout, /client_count, /connected_clients, /image_jpeg/compressed] Client connected.  3 clients total.
1758342987.725888490 INFO /rosbridge_websocket [autobahn_websocket.py:195(RosbridgeWebSocket.onOpen)] [topics: /rosout, /client_count, /connected_clients, /image_jpeg/compressed] Client connected.  4 clients total.
1758342987.729036331 INFO /rosbridge_websocket [autobahn_websocket.py:195(RosbridgeWebSocket.onOpen)] [topics: /rosout, /client_count, /connected_clients, /image_jpeg/compressed] Client connected.  5 clients total.
1758342987.731936693 INFO /rosbridge_websocket [autobahn_websocket.py:195(RosbridgeWebSocket.onOpen)] [topics: /rosout, /client_count, /connected_clients, /image_jpeg/compressed] Client connected.  6 clients total.
1758342987.735024690 INFO /rosbridge_websocket [autobahn_websocket.py:195(RosbridgeWebSocket.onOpen)] [topics: /rosout, /client_count, /connected_clients, /image_jpeg/compressed] Client connected.  7 clients total.
1758342987.738757133 INFO /rosbridge_websocket [autobahn_websocket.py:195(RosbridgeWebSocket.onOpen)] [topics: /rosout, /client_count, /connected_clients, /image_jpeg/compressed] Client connected.  8 clients total.
1758342988.732963323 INFO /rosbridge_websocket [autobahn_websocket.py:195(RosbridgeWebSocket.onOpen)] [topics: /clock, /rosout, /client_count, /connected_clients, /image_jpeg/compressed] Client connected.  9 clients total.
1758342989.734005928 INFO /rosbridge_websocket [protocol.py:403(RosbridgeProtocol.log)] [topics: /Object_topic, /Competition_topic, /rosout, /tf, /Ego_topic, /CollisionData, /connected_clients, /ctrl_cmd, /clock, /client_count, /image_jpeg/compressed] [Client 6] Subscribed to /ctrl_cmd
1758342989.754743814 INFO /rosbridge_websocket [protocol.py:403(RosbridgeProtocol.log)] [topics: /Object_topic, /Competition_topic, /rosout, /tf, /Ego_topic, /CollisionData, /connected_clients, /ctrl_cmd, /clock, /client_count, /image_jpeg/compressed] [Client 8] Advertised service /Service_MoraiEventCmd.
1758343005.277064800 INFO /rosbridge_websocket [autobahn_websocket.py:255(RosbridgeWebSocket.onClose)] [topics: /Object_topic, /Competition_topic, /rosout, /tf, /Ego_topic, /CollisionData, /connected_clients, /ctrl_cmd, /clock, /client_count, /image_jpeg/compressed] Client disconnected. 8 clients total.
1758343006.067474126 INFO /rosbridge_websocket [autobahn_websocket.py:195(RosbridgeWebSocket.onOpen)] [topics: /Object_topic, /Competition_topic, /rosout, /tf, /Ego_topic, /CollisionData, /connected_clients, /ctrl_cmd, /clock, /client_count, /image_jpeg/compressed] Client connected.  9 clients total.
1758343073.092319965 INFO /lane_tracking_node [lane_tracking_node.py:72(LaneTrackingNode.__init__)] [topics: /lane/center_offset, /camera/image_raw, /rosout, /lane/steering_angle, /lane_overlay] [lane_tracking] subscribe: /camera/image_raw (compressed=False)
