[rospy.client][INFO] 2025-09-20 13:14:42,787: init_node, name[/lane_tracking_node], pid[5626]
[xmlrpc][INFO] 2025-09-20 13:14:42,788: XML-RPC server binding to 0.0.0.0:0
[xmlrpc][INFO] 2025-09-20 13:14:42,788: Started XML-RPC server [http://172.22.52.56:34069/]
[rospy.impl.masterslave][INFO] 2025-09-20 13:14:42,789: _ready: http://172.22.52.56:34069/
[rospy.init][INFO] 2025-09-20 13:14:42,789: ROS Slave URI: [http://172.22.52.56:34069/]
[rospy.registration][INFO] 2025-09-20 13:14:42,790: Registering with master node http://172.22.52.56:11311
[xmlrpc][INFO] 2025-09-20 13:14:42,791: xml rpc node: starting XML-RPC server
[rospy.init][INFO] 2025-09-20 13:14:42,890: registered with master
[rospy.rosout][INFO] 2025-09-20 13:14:42,890: initializing /rosout core topic
[rospy.rosout][INFO] 2025-09-20 13:14:42,897: connected to core topic /rosout
[rospy.simtime][INFO] 2025-09-20 13:14:42,899: /use_sim_time is not set, will not subscribe to simulated time [/clock] topic
[rosout][INFO] 2025-09-20 13:14:42,921: [lane_tracking] subscribe: /camera/image_raw (compressed=False)
[rospy.internal][INFO] 2025-09-20 13:14:42,924: topic[/camera/image_raw] adding connection to [http://172.22.52.56:40175/], count 0
[rosout][ERROR] 2025-09-20 13:14:42,994: bad callback: <bound method LaneTrackingNode.image_cb of <__main__.LaneTrackingNode object at 0x7f55bef5a1c0>>
Traceback (most recent call last):
  File "/opt/ros/noetic/lib/python3/dist-packages/rospy/topics.py", line 750, in _invoke_callback
    cb(msg)
  File "/home/hyeongseon/catkin_ws/src/lane_tracking_pkg/scripts/lane_tracking_node.py", line 99, in image_cb
    self.handle_frame(frame, msg.header)
  File "/home/hyeongseon/catkin_ws/src/lane_tracking_pkg/scripts/lane_tracking_node.py", line 111, in handle_frame
    lane_center, roi_overlay = detect_lane_center(edges, roi_color, self.debug)
  File "/home/hyeongseon/catkin_ws/src/lane_tracking_pkg/vision/detector.py", line 63, in detect_lane_center
    left_line = _fit_lane(np.vstack(left_points)) if left_points else None
TypeError: _fit_lane() missing 2 required positional arguments: 'y_bottom' and 'y_top'

[rosout][ERROR] 2025-09-20 13:14:43,010: bad callback: <bound method LaneTrackingNode.image_cb of <__main__.LaneTrackingNode object at 0x7f55bef5a1c0>>
Traceback (most recent call last):
  File "/opt/ros/noetic/lib/python3/dist-packages/rospy/topics.py", line 750, in _invoke_callback
    cb(msg)
  File "/home/hyeongseon/catkin_ws/src/lane_tracking_pkg/scripts/lane_tracking_node.py", line 99, in image_cb
    self.handle_frame(frame, msg.header)
  File "/home/hyeongseon/catkin_ws/src/lane_tracking_pkg/scripts/lane_tracking_node.py", line 111, in handle_frame
    lane_center, roi_overlay = detect_lane_center(edges, roi_color, self.debug)
  File "/home/hyeongseon/catkin_ws/src/lane_tracking_pkg/vision/detector.py", line 63, in detect_lane_center
    left_line = _fit_lane(np.vstack(left_points)) if left_points else None
TypeError: _fit_lane() missing 2 required positional arguments: 'y_bottom' and 'y_top'

[rosout][ERROR] 2025-09-20 13:14:43,027: bad callback: <bound method LaneTrackingNode.image_cb of <__main__.LaneTrackingNode object at 0x7f55bef5a1c0>>
Traceback (most recent call last):
  File "/opt/ros/noetic/lib/python3/dist-packages/rospy/topics.py", line 750, in _invoke_callback
    cb(msg)
  File "/home/hyeongseon/catkin_ws/src/lane_tracking_pkg/scripts/lane_tracking_node.py", line 99, in image_cb
    self.handle_frame(frame, msg.header)
  File "/home/hyeongseon/catkin_ws/src/lane_tracking_pkg/scripts/lane_tracking_node.py", line 111, in handle_frame
    lane_center, roi_overlay = detect_lane_center(edges, roi_color, self.debug)
  File "/home/hyeongseon/catkin_ws/src/lane_tracking_pkg/vision/detector.py", line 63, in detect_lane_center
    left_line = _fit_lane(np.vstack(left_points)) if left_points else None
TypeError: _fit_lane() missing 2 required positional arguments: 'y_bottom' and 'y_top'

[rosout][ERROR] 2025-09-20 13:14:43,047: bad callback: <bound method LaneTrackingNode.image_cb of <__main__.LaneTrackingNode object at 0x7f55bef5a1c0>>
Traceback (most recent call last):
  File "/opt/ros/noetic/lib/python3/dist-packages/rospy/topics.py", line 750, in _invoke_callback
    cb(msg)
  File "/home/hyeongseon/catkin_ws/src/lane_tracking_pkg/scripts/lane_tracking_node.py", line 99, in image_cb
    self.handle_frame(frame, msg.header)
  File "/home/hyeongseon/catkin_ws/src/lane_tracking_pkg/scripts/lane_tracking_node.py", line 111, in handle_frame
    lane_center, roi_overlay = detect_lane_center(edges, roi_color, self.debug)
  File "/home/hyeongseon/catkin_ws/src/lane_tracking_pkg/vision/detector.py", line 63, in detect_lane_center
    left_line = _fit_lane(np.vstack(left_points)) if left_points else None
TypeError: _fit_lane() missing 2 required positional arguments: 'y_bottom' and 'y_top'

[rosout][ERROR] 2025-09-20 13:14:43,074: bad callback: <bound method LaneTrackingNode.image_cb of <__main__.LaneTrackingNode object at 0x7f55bef5a1c0>>
Traceback (most recent call last):
  File "/opt/ros/noetic/lib/python3/dist-packages/rospy/topics.py", line 750, in _invoke_callback
    cb(msg)
  File "/home/hyeongseon/catkin_ws/src/lane_tracking_pkg/scripts/lane_tracking_node.py", line 99, in image_cb
    self.handle_frame(frame, msg.header)
  File "/home/hyeongseon/catkin_ws/src/lane_tracking_pkg/scripts/lane_tracking_node.py", line 111, in handle_frame
    lane_center, roi_overlay = detect_lane_center(edges, roi_color, self.debug)
  File "/home/hyeongseon/catkin_ws/src/lane_tracking_pkg/vision/detector.py", line 63, in detect_lane_center
    left_line = _fit_lane(np.vstack(left_points)) if left_points else None
TypeError: _fit_lane() missing 2 required positional arguments: 'y_bottom' and 'y_top'

[rosout][ERROR] 2025-09-20 13:14:43,088: bad callback: <bound method LaneTrackingNode.image_cb of <__main__.LaneTrackingNode object at 0x7f55bef5a1c0>>
Traceback (most recent call last):
  File "/opt/ros/noetic/lib/python3/dist-packages/rospy/topics.py", line 750, in _invoke_callback
    cb(msg)
  File "/home/hyeongseon/catkin_ws/src/lane_tracking_pkg/scripts/lane_tracking_node.py", line 99, in image_cb
    self.handle_frame(frame, msg.header)
  File "/home/hyeongseon/catkin_ws/src/lane_tracking_pkg/scripts/lane_tracking_node.py", line 111, in handle_frame
    lane_center, roi_overlay = detect_lane_center(edges, roi_color, self.debug)
  File "/home/hyeongseon/catkin_ws/src/lane_tracking_pkg/vision/detector.py", line 63, in detect_lane_center
    left_line = _fit_lane(np.vstack(left_points)) if left_points else None
TypeError: _fit_lane() missing 2 required positional arguments: 'y_bottom' and 'y_top'

[rosout][ERROR] 2025-09-20 13:14:43,128: bad callback: <bound method LaneTrackingNode.image_cb of <__main__.LaneTrackingNode object at 0x7f55bef5a1c0>>
Traceback (most recent call last):
  File "/opt/ros/noetic/lib/python3/dist-packages/rospy/topics.py", line 750, in _invoke_callback
    cb(msg)
  File "/home/hyeongseon/catkin_ws/src/lane_tracking_pkg/scripts/lane_tracking_node.py", line 99, in image_cb
    self.handle_frame(frame, msg.header)
  File "/home/hyeongseon/catkin_ws/src/lane_tracking_pkg/scripts/lane_tracking_node.py", line 111, in handle_frame
    lane_center, roi_overlay = detect_lane_center(edges, roi_color, self.debug)
  File "/home/hyeongseon/catkin_ws/src/lane_tracking_pkg/vision/detector.py", line 63, in detect_lane_center
    left_line = _fit_lane(np.vstack(left_points)) if left_points else None
TypeError: _fit_lane() missing 2 required positional arguments: 'y_bottom' and 'y_top'

[rospy.internal][INFO] 2025-09-20 13:14:43,131: topic[/rosout] adding connection to [/rosout], count 0
[rosout][ERROR] 2025-09-20 13:14:43,146: bad callback: <bound method LaneTrackingNode.image_cb of <__main__.LaneTrackingNode object at 0x7f55bef5a1c0>>
Traceback (most recent call last):
  File "/opt/ros/noetic/lib/python3/dist-packages/rospy/topics.py", line 750, in _invoke_callback
    cb(msg)
  File "/home/hyeongseon/catkin_ws/src/lane_tracking_pkg/scripts/lane_tracking_node.py", line 99, in image_cb
    self.handle_frame(frame, msg.header)
  File "/home/hyeongseon/catkin_ws/src/lane_tracking_pkg/scripts/lane_tracking_node.py", line 111, in handle_frame
    lane_center, roi_overlay = detect_lane_center(edges, roi_color, self.debug)
  File "/home/hyeongseon/catkin_ws/src/lane_tracking_pkg/vision/detector.py", line 63, in detect_lane_center
    left_line = _fit_lane(np.vstack(left_points)) if left_points else None
TypeError: _fit_lane() missing 2 required positional arguments: 'y_bottom' and 'y_top'

[rosout][ERROR] 2025-09-20 13:14:43,171: bad callback: <bound method LaneTrackingNode.image_cb of <__main__.LaneTrackingNode object at 0x7f55bef5a1c0>>
Traceback (most recent call last):
  File "/opt/ros/noetic/lib/python3/dist-packages/rospy/topics.py", line 750, in _invoke_callback
    cb(msg)
  File "/home/hyeongseon/catkin_ws/src/lane_tracking_pkg/scripts/lane_tracking_node.py", line 99, in image_cb
    self.handle_frame(frame, msg.header)
  File "/home/hyeongseon/catkin_ws/src/lane_tracking_pkg/scripts/lane_tracking_node.py", line 111, in handle_frame
    lane_center, roi_overlay = detect_lane_center(edges, roi_color, self.debug)
  File "/home/hyeongseon/catkin_ws/src/lane_tracking_pkg/vision/detector.py", line 63, in detect_lane_center
    left_line = _fit_lane(np.vstack(left_points)) if left_points else None
TypeError: _fit_lane() missing 2 required positional arguments: 'y_bottom' and 'y_top'

[rosout][ERROR] 2025-09-20 13:14:43,209: bad callback: <bound method LaneTrackingNode.image_cb of <__main__.LaneTrackingNode object at 0x7f55bef5a1c0>>
Traceback (most recent call last):
  File "/opt/ros/noetic/lib/python3/dist-packages/rospy/topics.py", line 750, in _invoke_callback
    cb(msg)
  File "/home/hyeongseon/catkin_ws/src/lane_tracking_pkg/scripts/lane_tracking_node.py", line 99, in image_cb
    self.handle_frame(frame, msg.header)
  File "/home/hyeongseon/catkin_ws/src/lane_tracking_pkg/scripts/lane_tracking_node.py", line 111, in handle_frame
    lane_center, roi_overlay = detect_lane_center(edges, roi_color, self.debug)
  File "/home/hyeongseon/catkin_ws/src/lane_tracking_pkg/vision/detector.py", line 63, in detect_lane_center
    left_line = _fit_lane(np.vstack(left_points)) if left_points else None
TypeError: _fit_lane() missing 2 required positional arguments: 'y_bottom' and 'y_top'

[rosout][ERROR] 2025-09-20 13:14:43,235: bad callback: <bound method LaneTrackingNode.image_cb of <__main__.LaneTrackingNode object at 0x7f55bef5a1c0>>
Traceback (most recent call last):
  File "/opt/ros/noetic/lib/python3/dist-packages/rospy/topics.py", line 750, in _invoke_callback
    cb(msg)
  File "/home/hyeongseon/catkin_ws/src/lane_tracking_pkg/scripts/lane_tracking_node.py", line 99, in image_cb
    self.handle_frame(frame, msg.header)
  File "/home/hyeongseon/catkin_ws/src/lane_tracking_pkg/scripts/lane_tracking_node.py", line 111, in handle_frame
    lane_center, roi_overlay = detect_lane_center(edges, roi_color, self.debug)
  File "/home/hyeongseon/catkin_ws/src/lane_tracking_pkg/vision/detector.py", line 63, in detect_lane_center
    left_line = _fit_lane(np.vstack(left_points)) if left_points else None
TypeError: _fit_lane() missing 2 required positional arguments: 'y_bottom' and 'y_top'

[rosout][ERROR] 2025-09-20 13:14:43,263: bad callback: <bound method LaneTrackingNode.image_cb of <__main__.LaneTrackingNode object at 0x7f55bef5a1c0>>
Traceback (most recent call last):
  File "/opt/ros/noetic/lib/python3/dist-packages/rospy/topics.py", line 750, in _invoke_callback
    cb(msg)
  File "/home/hyeongseon/catkin_ws/src/lane_tracking_pkg/scripts/lane_tracking_node.py", line 99, in image_cb
    self.handle_frame(frame, msg.header)
  File "/home/hyeongseon/catkin_ws/src/lane_tracking_pkg/scripts/lane_tracking_node.py", line 111, in handle_frame
    lane_center, roi_overlay = detect_lane_center(edges, roi_color, self.debug)
  File "/home/hyeongseon/catkin_ws/src/lane_tracking_pkg/vision/detector.py", line 63, in detect_lane_center
    left_line = _fit_lane(np.vstack(left_points)) if left_points else None
TypeError: _fit_lane() missing 2 required positional arguments: 'y_bottom' and 'y_top'

[rosout][ERROR] 2025-09-20 13:14:43,286: bad callback: <bound method LaneTrackingNode.image_cb of <__main__.LaneTrackingNode object at 0x7f55bef5a1c0>>
Traceback (most recent call last):
  File "/opt/ros/noetic/lib/python3/dist-packages/rospy/topics.py", line 750, in _invoke_callback
    cb(msg)
  File "/home/hyeongseon/catkin_ws/src/lane_tracking_pkg/scripts/lane_tracking_node.py", line 99, in image_cb
    self.handle_frame(frame, msg.header)
  File "/home/hyeongseon/catkin_ws/src/lane_tracking_pkg/scripts/lane_tracking_node.py", line 111, in handle_frame
    lane_center, roi_overlay = detect_lane_center(edges, roi_color, self.debug)
  File "/home/hyeongseon/catkin_ws/src/lane_tracking_pkg/vision/detector.py", line 63, in detect_lane_center
    left_line = _fit_lane(np.vstack(left_points)) if left_points else None
TypeError: _fit_lane() missing 2 required positional arguments: 'y_bottom' and 'y_top'

[rosout][ERROR] 2025-09-20 13:14:43,315: bad callback: <bound method LaneTrackingNode.image_cb of <__main__.LaneTrackingNode object at 0x7f55bef5a1c0>>
Traceback (most recent call last):
  File "/opt/ros/noetic/lib/python3/dist-packages/rospy/topics.py", line 750, in _invoke_callback
    cb(msg)
  File "/home/hyeongseon/catkin_ws/src/lane_tracking_pkg/scripts/lane_tracking_node.py", line 99, in image_cb
    self.handle_frame(frame, msg.header)
  File "/home/hyeongseon/catkin_ws/src/lane_tracking_pkg/scripts/lane_tracking_node.py", line 111, in handle_frame
    lane_center, roi_overlay = detect_lane_center(edges, roi_color, self.debug)
  File "/home/hyeongseon/catkin_ws/src/lane_tracking_pkg/vision/detector.py", line 63, in detect_lane_center
    left_line = _fit_lane(np.vstack(left_points)) if left_points else None
TypeError: _fit_lane() missing 2 required positional arguments: 'y_bottom' and 'y_top'

[rosout][ERROR] 2025-09-20 13:14:43,353: bad callback: <bound method LaneTrackingNode.image_cb of <__main__.LaneTrackingNode object at 0x7f55bef5a1c0>>
Traceback (most recent call last):
  File "/opt/ros/noetic/lib/python3/dist-packages/rospy/topics.py", line 750, in _invoke_callback
    cb(msg)
  File "/home/hyeongseon/catkin_ws/src/lane_tracking_pkg/scripts/lane_tracking_node.py", line 99, in image_cb
    self.handle_frame(frame, msg.header)
  File "/home/hyeongseon/catkin_ws/src/lane_tracking_pkg/scripts/lane_tracking_node.py", line 111, in handle_frame
    lane_center, roi_overlay = detect_lane_center(edges, roi_color, self.debug)
  File "/home/hyeongseon/catkin_ws/src/lane_tracking_pkg/vision/detector.py", line 63, in detect_lane_center
    left_line = _fit_lane(np.vstack(left_points)) if left_points else None
TypeError: _fit_lane() missing 2 required positional arguments: 'y_bottom' and 'y_top'

[rosout][ERROR] 2025-09-20 13:14:43,379: bad callback: <bound method LaneTrackingNode.image_cb of <__main__.LaneTrackingNode object at 0x7f55bef5a1c0>>
Traceback (most recent call last):
  File "/opt/ros/noetic/lib/python3/dist-packages/rospy/topics.py", line 750, in _invoke_callback
    cb(msg)
  File "/home/hyeongseon/catkin_ws/src/lane_tracking_pkg/scripts/lane_tracking_node.py", line 99, in image_cb
    self.handle_frame(frame, msg.header)
  File "/home/hyeongseon/catkin_ws/src/lane_tracking_pkg/scripts/lane_tracking_node.py", line 111, in handle_frame
    lane_center, roi_overlay = detect_lane_center(edges, roi_color, self.debug)
  File "/home/hyeongseon/catkin_ws/src/lane_tracking_pkg/vision/detector.py", line 63, in detect_lane_center
    left_line = _fit_lane(np.vstack(left_points)) if left_points else None
TypeError: _fit_lane() missing 2 required positional arguments: 'y_bottom' and 'y_top'

[rosout][ERROR] 2025-09-20 13:14:43,407: bad callback: <bound method LaneTrackingNode.image_cb of <__main__.LaneTrackingNode object at 0x7f55bef5a1c0>>
Traceback (most recent call last):
  File "/opt/ros/noetic/lib/python3/dist-packages/rospy/topics.py", line 750, in _invoke_callback
    cb(msg)
  File "/home/hyeongseon/catkin_ws/src/lane_tracking_pkg/scripts/lane_tracking_node.py", line 99, in image_cb
    self.handle_frame(frame, msg.header)
  File "/home/hyeongseon/catkin_ws/src/lane_tracking_pkg/scripts/lane_tracking_node.py", line 111, in handle_frame
    lane_center, roi_overlay = detect_lane_center(edges, roi_color, self.debug)
  File "/home/hyeongseon/catkin_ws/src/lane_tracking_pkg/vision/detector.py", line 63, in detect_lane_center
    left_line = _fit_lane(np.vstack(left_points)) if left_points else None
TypeError: _fit_lane() missing 2 required positional arguments: 'y_bottom' and 'y_top'

[rosout][ERROR] 2025-09-20 13:14:43,423: bad callback: <bound method LaneTrackingNode.image_cb of <__main__.LaneTrackingNode object at 0x7f55bef5a1c0>>
Traceback (most recent call last):
  File "/opt/ros/noetic/lib/python3/dist-packages/rospy/topics.py", line 750, in _invoke_callback
    cb(msg)
  File "/home/hyeongseon/catkin_ws/src/lane_tracking_pkg/scripts/lane_tracking_node.py", line 99, in image_cb
    self.handle_frame(frame, msg.header)
  File "/home/hyeongseon/catkin_ws/src/lane_tracking_pkg/scripts/lane_tracking_node.py", line 111, in handle_frame
    lane_center, roi_overlay = detect_lane_center(edges, roi_color, self.debug)
  File "/home/hyeongseon/catkin_ws/src/lane_tracking_pkg/vision/detector.py", line 63, in detect_lane_center
    left_line = _fit_lane(np.vstack(left_points)) if left_points else None
TypeError: _fit_lane() missing 2 required positional arguments: 'y_bottom' and 'y_top'

[rosout][ERROR] 2025-09-20 13:14:43,452: bad callback: <bound method LaneTrackingNode.image_cb of <__main__.LaneTrackingNode object at 0x7f55bef5a1c0>>
Traceback (most recent call last):
  File "/opt/ros/noetic/lib/python3/dist-packages/rospy/topics.py", line 750, in _invoke_callback
    cb(msg)
  File "/home/hyeongseon/catkin_ws/src/lane_tracking_pkg/scripts/lane_tracking_node.py", line 99, in image_cb
    self.handle_frame(frame, msg.header)
  File "/home/hyeongseon/catkin_ws/src/lane_tracking_pkg/scripts/lane_tracking_node.py", line 111, in handle_frame
    lane_center, roi_overlay = detect_lane_center(edges, roi_color, self.debug)
  File "/home/hyeongseon/catkin_ws/src/lane_tracking_pkg/vision/detector.py", line 63, in detect_lane_center
    left_line = _fit_lane(np.vstack(left_points)) if left_points else None
TypeError: _fit_lane() missing 2 required positional arguments: 'y_bottom' and 'y_top'

[rosout][ERROR] 2025-09-20 13:14:43,472: bad callback: <bound method LaneTrackingNode.image_cb of <__main__.LaneTrackingNode object at 0x7f55bef5a1c0>>
Traceback (most recent call last):
  File "/opt/ros/noetic/lib/python3/dist-packages/rospy/topics.py", line 750, in _invoke_callback
    cb(msg)
  File "/home/hyeongseon/catkin_ws/src/lane_tracking_pkg/scripts/lane_tracking_node.py", line 99, in image_cb
    self.handle_frame(frame, msg.header)
  File "/home/hyeongseon/catkin_ws/src/lane_tracking_pkg/scripts/lane_tracking_node.py", line 111, in handle_frame
    lane_center, roi_overlay = detect_lane_center(edges, roi_color, self.debug)
  File "/home/hyeongseon/catkin_ws/src/lane_tracking_pkg/vision/detector.py", line 63, in detect_lane_center
    left_line = _fit_lane(np.vstack(left_points)) if left_points else None
TypeError: _fit_lane() missing 2 required positional arguments: 'y_bottom' and 'y_top'

[rosout][ERROR] 2025-09-20 13:14:43,509: bad callback: <bound method LaneTrackingNode.image_cb of <__main__.LaneTrackingNode object at 0x7f55bef5a1c0>>
Traceback (most recent call last):
  File "/opt/ros/noetic/lib/python3/dist-packages/rospy/topics.py", line 750, in _invoke_callback
    cb(msg)
  File "/home/hyeongseon/catkin_ws/src/lane_tracking_pkg/scripts/lane_tracking_node.py", line 99, in image_cb
    self.handle_frame(frame, msg.header)
  File "/home/hyeongseon/catkin_ws/src/lane_tracking_pkg/scripts/lane_tracking_node.py", line 111, in handle_frame
    lane_center, roi_overlay = detect_lane_center(edges, roi_color, self.debug)
  File "/home/hyeongseon/catkin_ws/src/lane_tracking_pkg/vision/detector.py", line 63, in detect_lane_center
    left_line = _fit_lane(np.vstack(left_points)) if left_points else None
TypeError: _fit_lane() missing 2 required positional arguments: 'y_bottom' and 'y_top'

[rosout][ERROR] 2025-09-20 13:14:43,538: bad callback: <bound method LaneTrackingNode.image_cb of <__main__.LaneTrackingNode object at 0x7f55bef5a1c0>>
Traceback (most recent call last):
  File "/opt/ros/noetic/lib/python3/dist-packages/rospy/topics.py", line 750, in _invoke_callback
    cb(msg)
  File "/home/hyeongseon/catkin_ws/src/lane_tracking_pkg/scripts/lane_tracking_node.py", line 99, in image_cb
    self.handle_frame(frame, msg.header)
  File "/home/hyeongseon/catkin_ws/src/lane_tracking_pkg/scripts/lane_tracking_node.py", line 111, in handle_frame
    lane_center, roi_overlay = detect_lane_center(edges, roi_color, self.debug)
  File "/home/hyeongseon/catkin_ws/src/lane_tracking_pkg/vision/detector.py", line 63, in detect_lane_center
    left_line = _fit_lane(np.vstack(left_points)) if left_points else None
TypeError: _fit_lane() missing 2 required positional arguments: 'y_bottom' and 'y_top'

[rosout][ERROR] 2025-09-20 13:14:43,563: bad callback: <bound method LaneTrackingNode.image_cb of <__main__.LaneTrackingNode object at 0x7f55bef5a1c0>>
Traceback (most recent call last):
  File "/opt/ros/noetic/lib/python3/dist-packages/rospy/topics.py", line 750, in _invoke_callback
    cb(msg)
  File "/home/hyeongseon/catkin_ws/src/lane_tracking_pkg/scripts/lane_tracking_node.py", line 99, in image_cb
    self.handle_frame(frame, msg.header)
  File "/home/hyeongseon/catkin_ws/src/lane_tracking_pkg/scripts/lane_tracking_node.py", line 111, in handle_frame
    lane_center, roi_overlay = detect_lane_center(edges, roi_color, self.debug)
  File "/home/hyeongseon/catkin_ws/src/lane_tracking_pkg/vision/detector.py", line 63, in detect_lane_center
    left_line = _fit_lane(np.vstack(left_points)) if left_points else None
TypeError: _fit_lane() missing 2 required positional arguments: 'y_bottom' and 'y_top'

[rosout][ERROR] 2025-09-20 13:14:43,593: bad callback: <bound method LaneTrackingNode.image_cb of <__main__.LaneTrackingNode object at 0x7f55bef5a1c0>>
Traceback (most recent call last):
  File "/opt/ros/noetic/lib/python3/dist-packages/rospy/topics.py", line 750, in _invoke_callback
    cb(msg)
  File "/home/hyeongseon/catkin_ws/src/lane_tracking_pkg/scripts/lane_tracking_node.py", line 99, in image_cb
    self.handle_frame(frame, msg.header)
  File "/home/hyeongseon/catkin_ws/src/lane_tracking_pkg/scripts/lane_tracking_node.py", line 111, in handle_frame
    lane_center, roi_overlay = detect_lane_center(edges, roi_color, self.debug)
  File "/home/hyeongseon/catkin_ws/src/lane_tracking_pkg/vision/detector.py", line 63, in detect_lane_center
    left_line = _fit_lane(np.vstack(left_points)) if left_points else None
TypeError: _fit_lane() missing 2 required positional arguments: 'y_bottom' and 'y_top'

[rosout][ERROR] 2025-09-20 13:14:43,623: bad callback: <bound method LaneTrackingNode.image_cb of <__main__.LaneTrackingNode object at 0x7f55bef5a1c0>>
Traceback (most recent call last):
  File "/opt/ros/noetic/lib/python3/dist-packages/rospy/topics.py", line 750, in _invoke_callback
    cb(msg)
  File "/home/hyeongseon/catkin_ws/src/lane_tracking_pkg/scripts/lane_tracking_node.py", line 99, in image_cb
    self.handle_frame(frame, msg.header)
  File "/home/hyeongseon/catkin_ws/src/lane_tracking_pkg/scripts/lane_tracking_node.py", line 111, in handle_frame
    lane_center, roi_overlay = detect_lane_center(edges, roi_color, self.debug)
  File "/home/hyeongseon/catkin_ws/src/lane_tracking_pkg/vision/detector.py", line 63, in detect_lane_center
    left_line = _fit_lane(np.vstack(left_points)) if left_points else None
TypeError: _fit_lane() missing 2 required positional arguments: 'y_bottom' and 'y_top'

[rosout][ERROR] 2025-09-20 13:14:43,657: bad callback: <bound method LaneTrackingNode.image_cb of <__main__.LaneTrackingNode object at 0x7f55bef5a1c0>>
Traceback (most recent call last):
  File "/opt/ros/noetic/lib/python3/dist-packages/rospy/topics.py", line 750, in _invoke_callback
    cb(msg)
  File "/home/hyeongseon/catkin_ws/src/lane_tracking_pkg/scripts/lane_tracking_node.py", line 99, in image_cb
    self.handle_frame(frame, msg.header)
  File "/home/hyeongseon/catkin_ws/src/lane_tracking_pkg/scripts/lane_tracking_node.py", line 111, in handle_frame
    lane_center, roi_overlay = detect_lane_center(edges, roi_color, self.debug)
  File "/home/hyeongseon/catkin_ws/src/lane_tracking_pkg/vision/detector.py", line 63, in detect_lane_center
    left_line = _fit_lane(np.vstack(left_points)) if left_points else None
TypeError: _fit_lane() missing 2 required positional arguments: 'y_bottom' and 'y_top'

[rosout][ERROR] 2025-09-20 13:14:43,678: bad callback: <bound method LaneTrackingNode.image_cb of <__main__.LaneTrackingNode object at 0x7f55bef5a1c0>>
Traceback (most recent call last):
  File "/opt/ros/noetic/lib/python3/dist-packages/rospy/topics.py", line 750, in _invoke_callback
    cb(msg)
  File "/home/hyeongseon/catkin_ws/src/lane_tracking_pkg/scripts/lane_tracking_node.py", line 99, in image_cb
    self.handle_frame(frame, msg.header)
  File "/home/hyeongseon/catkin_ws/src/lane_tracking_pkg/scripts/lane_tracking_node.py", line 111, in handle_frame
    lane_center, roi_overlay = detect_lane_center(edges, roi_color, self.debug)
  File "/home/hyeongseon/catkin_ws/src/lane_tracking_pkg/vision/detector.py", line 63, in detect_lane_center
    left_line = _fit_lane(np.vstack(left_points)) if left_points else None
TypeError: _fit_lane() missing 2 required positional arguments: 'y_bottom' and 'y_top'

[rosout][ERROR] 2025-09-20 13:14:43,711: bad callback: <bound method LaneTrackingNode.image_cb of <__main__.LaneTrackingNode object at 0x7f55bef5a1c0>>
Traceback (most recent call last):
  File "/opt/ros/noetic/lib/python3/dist-packages/rospy/topics.py", line 750, in _invoke_callback
    cb(msg)
  File "/home/hyeongseon/catkin_ws/src/lane_tracking_pkg/scripts/lane_tracking_node.py", line 99, in image_cb
    self.handle_frame(frame, msg.header)
  File "/home/hyeongseon/catkin_ws/src/lane_tracking_pkg/scripts/lane_tracking_node.py", line 111, in handle_frame
    lane_center, roi_overlay = detect_lane_center(edges, roi_color, self.debug)
  File "/home/hyeongseon/catkin_ws/src/lane_tracking_pkg/vision/detector.py", line 63, in detect_lane_center
    left_line = _fit_lane(np.vstack(left_points)) if left_points else None
TypeError: _fit_lane() missing 2 required positional arguments: 'y_bottom' and 'y_top'

[rosout][ERROR] 2025-09-20 13:14:43,748: bad callback: <bound method LaneTrackingNode.image_cb of <__main__.LaneTrackingNode object at 0x7f55bef5a1c0>>
Traceback (most recent call last):
  File "/opt/ros/noetic/lib/python3/dist-packages/rospy/topics.py", line 750, in _invoke_callback
    cb(msg)
  File "/home/hyeongseon/catkin_ws/src/lane_tracking_pkg/scripts/lane_tracking_node.py", line 99, in image_cb
    self.handle_frame(frame, msg.header)
  File "/home/hyeongseon/catkin_ws/src/lane_tracking_pkg/scripts/lane_tracking_node.py", line 111, in handle_frame
    lane_center, roi_overlay = detect_lane_center(edges, roi_color, self.debug)
  File "/home/hyeongseon/catkin_ws/src/lane_tracking_pkg/vision/detector.py", line 63, in detect_lane_center
    left_line = _fit_lane(np.vstack(left_points)) if left_points else None
TypeError: _fit_lane() missing 2 required positional arguments: 'y_bottom' and 'y_top'

[rosout][ERROR] 2025-09-20 13:14:43,786: bad callback: <bound method LaneTrackingNode.image_cb of <__main__.LaneTrackingNode object at 0x7f55bef5a1c0>>
Traceback (most recent call last):
  File "/opt/ros/noetic/lib/python3/dist-packages/rospy/topics.py", line 750, in _invoke_callback
    cb(msg)
  File "/home/hyeongseon/catkin_ws/src/lane_tracking_pkg/scripts/lane_tracking_node.py", line 99, in image_cb
    self.handle_frame(frame, msg.header)
  File "/home/hyeongseon/catkin_ws/src/lane_tracking_pkg/scripts/lane_tracking_node.py", line 111, in handle_frame
    lane_center, roi_overlay = detect_lane_center(edges, roi_color, self.debug)
  File "/home/hyeongseon/catkin_ws/src/lane_tracking_pkg/vision/detector.py", line 63, in detect_lane_center
    left_line = _fit_lane(np.vstack(left_points)) if left_points else None
TypeError: _fit_lane() missing 2 required positional arguments: 'y_bottom' and 'y_top'

[rosout][ERROR] 2025-09-20 13:14:43,813: bad callback: <bound method LaneTrackingNode.image_cb of <__main__.LaneTrackingNode object at 0x7f55bef5a1c0>>
Traceback (most recent call last):
  File "/opt/ros/noetic/lib/python3/dist-packages/rospy/topics.py", line 750, in _invoke_callback
    cb(msg)
  File "/home/hyeongseon/catkin_ws/src/lane_tracking_pkg/scripts/lane_tracking_node.py", line 99, in image_cb
    self.handle_frame(frame, msg.header)
  File "/home/hyeongseon/catkin_ws/src/lane_tracking_pkg/scripts/lane_tracking_node.py", line 111, in handle_frame
    lane_center, roi_overlay = detect_lane_center(edges, roi_color, self.debug)
  File "/home/hyeongseon/catkin_ws/src/lane_tracking_pkg/vision/detector.py", line 63, in detect_lane_center
    left_line = _fit_lane(np.vstack(left_points)) if left_points else None
TypeError: _fit_lane() missing 2 required positional arguments: 'y_bottom' and 'y_top'

[rosout][ERROR] 2025-09-20 13:14:43,843: bad callback: <bound method LaneTrackingNode.image_cb of <__main__.LaneTrackingNode object at 0x7f55bef5a1c0>>
Traceback (most recent call last):
  File "/opt/ros/noetic/lib/python3/dist-packages/rospy/topics.py", line 750, in _invoke_callback
    cb(msg)
  File "/home/hyeongseon/catkin_ws/src/lane_tracking_pkg/scripts/lane_tracking_node.py", line 99, in image_cb
    self.handle_frame(frame, msg.header)
  File "/home/hyeongseon/catkin_ws/src/lane_tracking_pkg/scripts/lane_tracking_node.py", line 111, in handle_frame
    lane_center, roi_overlay = detect_lane_center(edges, roi_color, self.debug)
  File "/home/hyeongseon/catkin_ws/src/lane_tracking_pkg/vision/detector.py", line 63, in detect_lane_center
    left_line = _fit_lane(np.vstack(left_points)) if left_points else None
TypeError: _fit_lane() missing 2 required positional arguments: 'y_bottom' and 'y_top'

[rosout][ERROR] 2025-09-20 13:14:43,877: bad callback: <bound method LaneTrackingNode.image_cb of <__main__.LaneTrackingNode object at 0x7f55bef5a1c0>>
Traceback (most recent call last):
  File "/opt/ros/noetic/lib/python3/dist-packages/rospy/topics.py", line 750, in _invoke_callback
    cb(msg)
  File "/home/hyeongseon/catkin_ws/src/lane_tracking_pkg/scripts/lane_tracking_node.py", line 99, in image_cb
    self.handle_frame(frame, msg.header)
  File "/home/hyeongseon/catkin_ws/src/lane_tracking_pkg/scripts/lane_tracking_node.py", line 111, in handle_frame
    lane_center, roi_overlay = detect_lane_center(edges, roi_color, self.debug)
  File "/home/hyeongseon/catkin_ws/src/lane_tracking_pkg/vision/detector.py", line 63, in detect_lane_center
    left_line = _fit_lane(np.vstack(left_points)) if left_points else None
TypeError: _fit_lane() missing 2 required positional arguments: 'y_bottom' and 'y_top'

[rosout][ERROR] 2025-09-20 13:14:43,911: bad callback: <bound method LaneTrackingNode.image_cb of <__main__.LaneTrackingNode object at 0x7f55bef5a1c0>>
Traceback (most recent call last):
  File "/opt/ros/noetic/lib/python3/dist-packages/rospy/topics.py", line 750, in _invoke_callback
    cb(msg)
  File "/home/hyeongseon/catkin_ws/src/lane_tracking_pkg/scripts/lane_tracking_node.py", line 99, in image_cb
    self.handle_frame(frame, msg.header)
  File "/home/hyeongseon/catkin_ws/src/lane_tracking_pkg/scripts/lane_tracking_node.py", line 111, in handle_frame
    lane_center, roi_overlay = detect_lane_center(edges, roi_color, self.debug)
  File "/home/hyeongseon/catkin_ws/src/lane_tracking_pkg/vision/detector.py", line 63, in detect_lane_center
    left_line = _fit_lane(np.vstack(left_points)) if left_points else None
TypeError: _fit_lane() missing 2 required positional arguments: 'y_bottom' and 'y_top'

[rosout][ERROR] 2025-09-20 13:14:43,945: bad callback: <bound method LaneTrackingNode.image_cb of <__main__.LaneTrackingNode object at 0x7f55bef5a1c0>>
Traceback (most recent call last):
  File "/opt/ros/noetic/lib/python3/dist-packages/rospy/topics.py", line 750, in _invoke_callback
    cb(msg)
  File "/home/hyeongseon/catkin_ws/src/lane_tracking_pkg/scripts/lane_tracking_node.py", line 99, in image_cb
    self.handle_frame(frame, msg.header)
  File "/home/hyeongseon/catkin_ws/src/lane_tracking_pkg/scripts/lane_tracking_node.py", line 111, in handle_frame
    lane_center, roi_overlay = detect_lane_center(edges, roi_color, self.debug)
  File "/home/hyeongseon/catkin_ws/src/lane_tracking_pkg/vision/detector.py", line 63, in detect_lane_center
    left_line = _fit_lane(np.vstack(left_points)) if left_points else None
TypeError: _fit_lane() missing 2 required positional arguments: 'y_bottom' and 'y_top'

[rosout][ERROR] 2025-09-20 13:14:43,965: bad callback: <bound method LaneTrackingNode.image_cb of <__main__.LaneTrackingNode object at 0x7f55bef5a1c0>>
Traceback (most recent call last):
  File "/opt/ros/noetic/lib/python3/dist-packages/rospy/topics.py", line 750, in _invoke_callback
    cb(msg)
  File "/home/hyeongseon/catkin_ws/src/lane_tracking_pkg/scripts/lane_tracking_node.py", line 99, in image_cb
    self.handle_frame(frame, msg.header)
  File "/home/hyeongseon/catkin_ws/src/lane_tracking_pkg/scripts/lane_tracking_node.py", line 111, in handle_frame
    lane_center, roi_overlay = detect_lane_center(edges, roi_color, self.debug)
  File "/home/hyeongseon/catkin_ws/src/lane_tracking_pkg/vision/detector.py", line 63, in detect_lane_center
    left_line = _fit_lane(np.vstack(left_points)) if left_points else None
TypeError: _fit_lane() missing 2 required positional arguments: 'y_bottom' and 'y_top'

[rosout][ERROR] 2025-09-20 13:14:43,997: bad callback: <bound method LaneTrackingNode.image_cb of <__main__.LaneTrackingNode object at 0x7f55bef5a1c0>>
Traceback (most recent call last):
  File "/opt/ros/noetic/lib/python3/dist-packages/rospy/topics.py", line 750, in _invoke_callback
    cb(msg)
  File "/home/hyeongseon/catkin_ws/src/lane_tracking_pkg/scripts/lane_tracking_node.py", line 99, in image_cb
    self.handle_frame(frame, msg.header)
  File "/home/hyeongseon/catkin_ws/src/lane_tracking_pkg/scripts/lane_tracking_node.py", line 111, in handle_frame
    lane_center, roi_overlay = detect_lane_center(edges, roi_color, self.debug)
  File "/home/hyeongseon/catkin_ws/src/lane_tracking_pkg/vision/detector.py", line 63, in detect_lane_center
    left_line = _fit_lane(np.vstack(left_points)) if left_points else None
TypeError: _fit_lane() missing 2 required positional arguments: 'y_bottom' and 'y_top'

[rosout][ERROR] 2025-09-20 13:14:44,042: bad callback: <bound method LaneTrackingNode.image_cb of <__main__.LaneTrackingNode object at 0x7f55bef5a1c0>>
Traceback (most recent call last):
  File "/opt/ros/noetic/lib/python3/dist-packages/rospy/topics.py", line 750, in _invoke_callback
    cb(msg)
  File "/home/hyeongseon/catkin_ws/src/lane_tracking_pkg/scripts/lane_tracking_node.py", line 99, in image_cb
    self.handle_frame(frame, msg.header)
  File "/home/hyeongseon/catkin_ws/src/lane_tracking_pkg/scripts/lane_tracking_node.py", line 111, in handle_frame
    lane_center, roi_overlay = detect_lane_center(edges, roi_color, self.debug)
  File "/home/hyeongseon/catkin_ws/src/lane_tracking_pkg/vision/detector.py", line 63, in detect_lane_center
    left_line = _fit_lane(np.vstack(left_points)) if left_points else None
TypeError: _fit_lane() missing 2 required positional arguments: 'y_bottom' and 'y_top'

[rosout][ERROR] 2025-09-20 13:14:44,073: bad callback: <bound method LaneTrackingNode.image_cb of <__main__.LaneTrackingNode object at 0x7f55bef5a1c0>>
Traceback (most recent call last):
  File "/opt/ros/noetic/lib/python3/dist-packages/rospy/topics.py", line 750, in _invoke_callback
    cb(msg)
  File "/home/hyeongseon/catkin_ws/src/lane_tracking_pkg/scripts/lane_tracking_node.py", line 99, in image_cb
    self.handle_frame(frame, msg.header)
  File "/home/hyeongseon/catkin_ws/src/lane_tracking_pkg/scripts/lane_tracking_node.py", line 111, in handle_frame
    lane_center, roi_overlay = detect_lane_center(edges, roi_color, self.debug)
  File "/home/hyeongseon/catkin_ws/src/lane_tracking_pkg/vision/detector.py", line 63, in detect_lane_center
    left_line = _fit_lane(np.vstack(left_points)) if left_points else None
TypeError: _fit_lane() missing 2 required positional arguments: 'y_bottom' and 'y_top'

[rosout][ERROR] 2025-09-20 13:14:44,095: bad callback: <bound method LaneTrackingNode.image_cb of <__main__.LaneTrackingNode object at 0x7f55bef5a1c0>>
Traceback (most recent call last):
  File "/opt/ros/noetic/lib/python3/dist-packages/rospy/topics.py", line 750, in _invoke_callback
    cb(msg)
  File "/home/hyeongseon/catkin_ws/src/lane_tracking_pkg/scripts/lane_tracking_node.py", line 99, in image_cb
    self.handle_frame(frame, msg.header)
  File "/home/hyeongseon/catkin_ws/src/lane_tracking_pkg/scripts/lane_tracking_node.py", line 111, in handle_frame
    lane_center, roi_overlay = detect_lane_center(edges, roi_color, self.debug)
  File "/home/hyeongseon/catkin_ws/src/lane_tracking_pkg/vision/detector.py", line 63, in detect_lane_center
    left_line = _fit_lane(np.vstack(left_points)) if left_points else None
TypeError: _fit_lane() missing 2 required positional arguments: 'y_bottom' and 'y_top'

[rosout][ERROR] 2025-09-20 13:14:44,123: bad callback: <bound method LaneTrackingNode.image_cb of <__main__.LaneTrackingNode object at 0x7f55bef5a1c0>>
Traceback (most recent call last):
  File "/opt/ros/noetic/lib/python3/dist-packages/rospy/topics.py", line 750, in _invoke_callback
    cb(msg)
  File "/home/hyeongseon/catkin_ws/src/lane_tracking_pkg/scripts/lane_tracking_node.py", line 99, in image_cb
    self.handle_frame(frame, msg.header)
  File "/home/hyeongseon/catkin_ws/src/lane_tracking_pkg/scripts/lane_tracking_node.py", line 111, in handle_frame
    lane_center, roi_overlay = detect_lane_center(edges, roi_color, self.debug)
  File "/home/hyeongseon/catkin_ws/src/lane_tracking_pkg/vision/detector.py", line 63, in detect_lane_center
    left_line = _fit_lane(np.vstack(left_points)) if left_points else None
TypeError: _fit_lane() missing 2 required positional arguments: 'y_bottom' and 'y_top'

[rosout][ERROR] 2025-09-20 13:14:44,161: bad callback: <bound method LaneTrackingNode.image_cb of <__main__.LaneTrackingNode object at 0x7f55bef5a1c0>>
Traceback (most recent call last):
  File "/opt/ros/noetic/lib/python3/dist-packages/rospy/topics.py", line 750, in _invoke_callback
    cb(msg)
  File "/home/hyeongseon/catkin_ws/src/lane_tracking_pkg/scripts/lane_tracking_node.py", line 99, in image_cb
    self.handle_frame(frame, msg.header)
  File "/home/hyeongseon/catkin_ws/src/lane_tracking_pkg/scripts/lane_tracking_node.py", line 111, in handle_frame
    lane_center, roi_overlay = detect_lane_center(edges, roi_color, self.debug)
  File "/home/hyeongseon/catkin_ws/src/lane_tracking_pkg/vision/detector.py", line 63, in detect_lane_center
    left_line = _fit_lane(np.vstack(left_points)) if left_points else None
TypeError: _fit_lane() missing 2 required positional arguments: 'y_bottom' and 'y_top'

[rosout][ERROR] 2025-09-20 13:14:44,192: bad callback: <bound method LaneTrackingNode.image_cb of <__main__.LaneTrackingNode object at 0x7f55bef5a1c0>>
Traceback (most recent call last):
  File "/opt/ros/noetic/lib/python3/dist-packages/rospy/topics.py", line 750, in _invoke_callback
    cb(msg)
  File "/home/hyeongseon/catkin_ws/src/lane_tracking_pkg/scripts/lane_tracking_node.py", line 99, in image_cb
    self.handle_frame(frame, msg.header)
  File "/home/hyeongseon/catkin_ws/src/lane_tracking_pkg/scripts/lane_tracking_node.py", line 111, in handle_frame
    lane_center, roi_overlay = detect_lane_center(edges, roi_color, self.debug)
  File "/home/hyeongseon/catkin_ws/src/lane_tracking_pkg/vision/detector.py", line 63, in detect_lane_center
    left_line = _fit_lane(np.vstack(left_points)) if left_points else None
TypeError: _fit_lane() missing 2 required positional arguments: 'y_bottom' and 'y_top'

[rosout][ERROR] 2025-09-20 13:14:44,234: bad callback: <bound method LaneTrackingNode.image_cb of <__main__.LaneTrackingNode object at 0x7f55bef5a1c0>>
Traceback (most recent call last):
  File "/opt/ros/noetic/lib/python3/dist-packages/rospy/topics.py", line 750, in _invoke_callback
    cb(msg)
  File "/home/hyeongseon/catkin_ws/src/lane_tracking_pkg/scripts/lane_tracking_node.py", line 99, in image_cb
    self.handle_frame(frame, msg.header)
  File "/home/hyeongseon/catkin_ws/src/lane_tracking_pkg/scripts/lane_tracking_node.py", line 111, in handle_frame
    lane_center, roi_overlay = detect_lane_center(edges, roi_color, self.debug)
  File "/home/hyeongseon/catkin_ws/src/lane_tracking_pkg/vision/detector.py", line 63, in detect_lane_center
    left_line = _fit_lane(np.vstack(left_points)) if left_points else None
TypeError: _fit_lane() missing 2 required positional arguments: 'y_bottom' and 'y_top'

[rosout][ERROR] 2025-09-20 13:14:44,275: bad callback: <bound method LaneTrackingNode.image_cb of <__main__.LaneTrackingNode object at 0x7f55bef5a1c0>>
Traceback (most recent call last):
  File "/opt/ros/noetic/lib/python3/dist-packages/rospy/topics.py", line 750, in _invoke_callback
    cb(msg)
  File "/home/hyeongseon/catkin_ws/src/lane_tracking_pkg/scripts/lane_tracking_node.py", line 99, in image_cb
    self.handle_frame(frame, msg.header)
  File "/home/hyeongseon/catkin_ws/src/lane_tracking_pkg/scripts/lane_tracking_node.py", line 111, in handle_frame
    lane_center, roi_overlay = detect_lane_center(edges, roi_color, self.debug)
  File "/home/hyeongseon/catkin_ws/src/lane_tracking_pkg/vision/detector.py", line 63, in detect_lane_center
    left_line = _fit_lane(np.vstack(left_points)) if left_points else None
TypeError: _fit_lane() missing 2 required positional arguments: 'y_bottom' and 'y_top'

[rosout][ERROR] 2025-09-20 13:14:44,314: bad callback: <bound method LaneTrackingNode.image_cb of <__main__.LaneTrackingNode object at 0x7f55bef5a1c0>>
Traceback (most recent call last):
  File "/opt/ros/noetic/lib/python3/dist-packages/rospy/topics.py", line 750, in _invoke_callback
    cb(msg)
  File "/home/hyeongseon/catkin_ws/src/lane_tracking_pkg/scripts/lane_tracking_node.py", line 99, in image_cb
    self.handle_frame(frame, msg.header)
  File "/home/hyeongseon/catkin_ws/src/lane_tracking_pkg/scripts/lane_tracking_node.py", line 111, in handle_frame
    lane_center, roi_overlay = detect_lane_center(edges, roi_color, self.debug)
  File "/home/hyeongseon/catkin_ws/src/lane_tracking_pkg/vision/detector.py", line 63, in detect_lane_center
    left_line = _fit_lane(np.vstack(left_points)) if left_points else None
TypeError: _fit_lane() missing 2 required positional arguments: 'y_bottom' and 'y_top'

[rosout][ERROR] 2025-09-20 13:14:44,345: bad callback: <bound method LaneTrackingNode.image_cb of <__main__.LaneTrackingNode object at 0x7f55bef5a1c0>>
Traceback (most recent call last):
  File "/opt/ros/noetic/lib/python3/dist-packages/rospy/topics.py", line 750, in _invoke_callback
    cb(msg)
  File "/home/hyeongseon/catkin_ws/src/lane_tracking_pkg/scripts/lane_tracking_node.py", line 99, in image_cb
    self.handle_frame(frame, msg.header)
  File "/home/hyeongseon/catkin_ws/src/lane_tracking_pkg/scripts/lane_tracking_node.py", line 111, in handle_frame
    lane_center, roi_overlay = detect_lane_center(edges, roi_color, self.debug)
  File "/home/hyeongseon/catkin_ws/src/lane_tracking_pkg/vision/detector.py", line 63, in detect_lane_center
    left_line = _fit_lane(np.vstack(left_points)) if left_points else None
TypeError: _fit_lane() missing 2 required positional arguments: 'y_bottom' and 'y_top'

[rosout][ERROR] 2025-09-20 13:14:44,390: bad callback: <bound method LaneTrackingNode.image_cb of <__main__.LaneTrackingNode object at 0x7f55bef5a1c0>>
Traceback (most recent call last):
  File "/opt/ros/noetic/lib/python3/dist-packages/rospy/topics.py", line 750, in _invoke_callback
    cb(msg)
  File "/home/hyeongseon/catkin_ws/src/lane_tracking_pkg/scripts/lane_tracking_node.py", line 99, in image_cb
    self.handle_frame(frame, msg.header)
  File "/home/hyeongseon/catkin_ws/src/lane_tracking_pkg/scripts/lane_tracking_node.py", line 111, in handle_frame
    lane_center, roi_overlay = detect_lane_center(edges, roi_color, self.debug)
  File "/home/hyeongseon/catkin_ws/src/lane_tracking_pkg/vision/detector.py", line 63, in detect_lane_center
    left_line = _fit_lane(np.vstack(left_points)) if left_points else None
TypeError: _fit_lane() missing 2 required positional arguments: 'y_bottom' and 'y_top'

[rosout][ERROR] 2025-09-20 13:14:44,410: bad callback: <bound method LaneTrackingNode.image_cb of <__main__.LaneTrackingNode object at 0x7f55bef5a1c0>>
Traceback (most recent call last):
  File "/opt/ros/noetic/lib/python3/dist-packages/rospy/topics.py", line 750, in _invoke_callback
    cb(msg)
  File "/home/hyeongseon/catkin_ws/src/lane_tracking_pkg/scripts/lane_tracking_node.py", line 99, in image_cb
    self.handle_frame(frame, msg.header)
  File "/home/hyeongseon/catkin_ws/src/lane_tracking_pkg/scripts/lane_tracking_node.py", line 111, in handle_frame
    lane_center, roi_overlay = detect_lane_center(edges, roi_color, self.debug)
  File "/home/hyeongseon/catkin_ws/src/lane_tracking_pkg/vision/detector.py", line 63, in detect_lane_center
    left_line = _fit_lane(np.vstack(left_points)) if left_points else None
TypeError: _fit_lane() missing 2 required positional arguments: 'y_bottom' and 'y_top'

[rosout][ERROR] 2025-09-20 13:14:44,437: bad callback: <bound method LaneTrackingNode.image_cb of <__main__.LaneTrackingNode object at 0x7f55bef5a1c0>>
Traceback (most recent call last):
  File "/opt/ros/noetic/lib/python3/dist-packages/rospy/topics.py", line 750, in _invoke_callback
    cb(msg)
  File "/home/hyeongseon/catkin_ws/src/lane_tracking_pkg/scripts/lane_tracking_node.py", line 99, in image_cb
    self.handle_frame(frame, msg.header)
  File "/home/hyeongseon/catkin_ws/src/lane_tracking_pkg/scripts/lane_tracking_node.py", line 111, in handle_frame
    lane_center, roi_overlay = detect_lane_center(edges, roi_color, self.debug)
  File "/home/hyeongseon/catkin_ws/src/lane_tracking_pkg/vision/detector.py", line 63, in detect_lane_center
    left_line = _fit_lane(np.vstack(left_points)) if left_points else None
TypeError: _fit_lane() missing 2 required positional arguments: 'y_bottom' and 'y_top'

[rosout][ERROR] 2025-09-20 13:14:44,469: bad callback: <bound method LaneTrackingNode.image_cb of <__main__.LaneTrackingNode object at 0x7f55bef5a1c0>>
Traceback (most recent call last):
  File "/opt/ros/noetic/lib/python3/dist-packages/rospy/topics.py", line 750, in _invoke_callback
    cb(msg)
  File "/home/hyeongseon/catkin_ws/src/lane_tracking_pkg/scripts/lane_tracking_node.py", line 99, in image_cb
    self.handle_frame(frame, msg.header)
  File "/home/hyeongseon/catkin_ws/src/lane_tracking_pkg/scripts/lane_tracking_node.py", line 111, in handle_frame
    lane_center, roi_overlay = detect_lane_center(edges, roi_color, self.debug)
  File "/home/hyeongseon/catkin_ws/src/lane_tracking_pkg/vision/detector.py", line 63, in detect_lane_center
    left_line = _fit_lane(np.vstack(left_points)) if left_points else None
TypeError: _fit_lane() missing 2 required positional arguments: 'y_bottom' and 'y_top'

[rosout][ERROR] 2025-09-20 13:14:44,508: bad callback: <bound method LaneTrackingNode.image_cb of <__main__.LaneTrackingNode object at 0x7f55bef5a1c0>>
Traceback (most recent call last):
  File "/opt/ros/noetic/lib/python3/dist-packages/rospy/topics.py", line 750, in _invoke_callback
    cb(msg)
  File "/home/hyeongseon/catkin_ws/src/lane_tracking_pkg/scripts/lane_tracking_node.py", line 99, in image_cb
    self.handle_frame(frame, msg.header)
  File "/home/hyeongseon/catkin_ws/src/lane_tracking_pkg/scripts/lane_tracking_node.py", line 111, in handle_frame
    lane_center, roi_overlay = detect_lane_center(edges, roi_color, self.debug)
  File "/home/hyeongseon/catkin_ws/src/lane_tracking_pkg/vision/detector.py", line 63, in detect_lane_center
    left_line = _fit_lane(np.vstack(left_points)) if left_points else None
TypeError: _fit_lane() missing 2 required positional arguments: 'y_bottom' and 'y_top'

[rosout][ERROR] 2025-09-20 13:14:44,532: bad callback: <bound method LaneTrackingNode.image_cb of <__main__.LaneTrackingNode object at 0x7f55bef5a1c0>>
Traceback (most recent call last):
  File "/opt/ros/noetic/lib/python3/dist-packages/rospy/topics.py", line 750, in _invoke_callback
    cb(msg)
  File "/home/hyeongseon/catkin_ws/src/lane_tracking_pkg/scripts/lane_tracking_node.py", line 99, in image_cb
    self.handle_frame(frame, msg.header)
  File "/home/hyeongseon/catkin_ws/src/lane_tracking_pkg/scripts/lane_tracking_node.py", line 111, in handle_frame
    lane_center, roi_overlay = detect_lane_center(edges, roi_color, self.debug)
  File "/home/hyeongseon/catkin_ws/src/lane_tracking_pkg/vision/detector.py", line 63, in detect_lane_center
    left_line = _fit_lane(np.vstack(left_points)) if left_points else None
TypeError: _fit_lane() missing 2 required positional arguments: 'y_bottom' and 'y_top'

[rosout][ERROR] 2025-09-20 13:14:44,569: bad callback: <bound method LaneTrackingNode.image_cb of <__main__.LaneTrackingNode object at 0x7f55bef5a1c0>>
Traceback (most recent call last):
  File "/opt/ros/noetic/lib/python3/dist-packages/rospy/topics.py", line 750, in _invoke_callback
    cb(msg)
  File "/home/hyeongseon/catkin_ws/src/lane_tracking_pkg/scripts/lane_tracking_node.py", line 99, in image_cb
    self.handle_frame(frame, msg.header)
  File "/home/hyeongseon/catkin_ws/src/lane_tracking_pkg/scripts/lane_tracking_node.py", line 111, in handle_frame
    lane_center, roi_overlay = detect_lane_center(edges, roi_color, self.debug)
  File "/home/hyeongseon/catkin_ws/src/lane_tracking_pkg/vision/detector.py", line 63, in detect_lane_center
    left_line = _fit_lane(np.vstack(left_points)) if left_points else None
TypeError: _fit_lane() missing 2 required positional arguments: 'y_bottom' and 'y_top'

[rosout][ERROR] 2025-09-20 13:14:44,604: bad callback: <bound method LaneTrackingNode.image_cb of <__main__.LaneTrackingNode object at 0x7f55bef5a1c0>>
Traceback (most recent call last):
  File "/opt/ros/noetic/lib/python3/dist-packages/rospy/topics.py", line 750, in _invoke_callback
    cb(msg)
  File "/home/hyeongseon/catkin_ws/src/lane_tracking_pkg/scripts/lane_tracking_node.py", line 99, in image_cb
    self.handle_frame(frame, msg.header)
  File "/home/hyeongseon/catkin_ws/src/lane_tracking_pkg/scripts/lane_tracking_node.py", line 111, in handle_frame
    lane_center, roi_overlay = detect_lane_center(edges, roi_color, self.debug)
  File "/home/hyeongseon/catkin_ws/src/lane_tracking_pkg/vision/detector.py", line 63, in detect_lane_center
    left_line = _fit_lane(np.vstack(left_points)) if left_points else None
TypeError: _fit_lane() missing 2 required positional arguments: 'y_bottom' and 'y_top'

[rosout][ERROR] 2025-09-20 13:14:44,634: bad callback: <bound method LaneTrackingNode.image_cb of <__main__.LaneTrackingNode object at 0x7f55bef5a1c0>>
Traceback (most recent call last):
  File "/opt/ros/noetic/lib/python3/dist-packages/rospy/topics.py", line 750, in _invoke_callback
    cb(msg)
  File "/home/hyeongseon/catkin_ws/src/lane_tracking_pkg/scripts/lane_tracking_node.py", line 99, in image_cb
    self.handle_frame(frame, msg.header)
  File "/home/hyeongseon/catkin_ws/src/lane_tracking_pkg/scripts/lane_tracking_node.py", line 111, in handle_frame
    lane_center, roi_overlay = detect_lane_center(edges, roi_color, self.debug)
  File "/home/hyeongseon/catkin_ws/src/lane_tracking_pkg/vision/detector.py", line 63, in detect_lane_center
    left_line = _fit_lane(np.vstack(left_points)) if left_points else None
TypeError: _fit_lane() missing 2 required positional arguments: 'y_bottom' and 'y_top'

[rosout][ERROR] 2025-09-20 13:14:44,668: bad callback: <bound method LaneTrackingNode.image_cb of <__main__.LaneTrackingNode object at 0x7f55bef5a1c0>>
Traceback (most recent call last):
  File "/opt/ros/noetic/lib/python3/dist-packages/rospy/topics.py", line 750, in _invoke_callback
    cb(msg)
  File "/home/hyeongseon/catkin_ws/src/lane_tracking_pkg/scripts/lane_tracking_node.py", line 99, in image_cb
    self.handle_frame(frame, msg.header)
  File "/home/hyeongseon/catkin_ws/src/lane_tracking_pkg/scripts/lane_tracking_node.py", line 111, in handle_frame
    lane_center, roi_overlay = detect_lane_center(edges, roi_color, self.debug)
  File "/home/hyeongseon/catkin_ws/src/lane_tracking_pkg/vision/detector.py", line 63, in detect_lane_center
    left_line = _fit_lane(np.vstack(left_points)) if left_points else None
TypeError: _fit_lane() missing 2 required positional arguments: 'y_bottom' and 'y_top'

[rosout][ERROR] 2025-09-20 13:14:44,694: bad callback: <bound method LaneTrackingNode.image_cb of <__main__.LaneTrackingNode object at 0x7f55bef5a1c0>>
Traceback (most recent call last):
  File "/opt/ros/noetic/lib/python3/dist-packages/rospy/topics.py", line 750, in _invoke_callback
    cb(msg)
  File "/home/hyeongseon/catkin_ws/src/lane_tracking_pkg/scripts/lane_tracking_node.py", line 99, in image_cb
    self.handle_frame(frame, msg.header)
  File "/home/hyeongseon/catkin_ws/src/lane_tracking_pkg/scripts/lane_tracking_node.py", line 111, in handle_frame
    lane_center, roi_overlay = detect_lane_center(edges, roi_color, self.debug)
  File "/home/hyeongseon/catkin_ws/src/lane_tracking_pkg/vision/detector.py", line 63, in detect_lane_center
    left_line = _fit_lane(np.vstack(left_points)) if left_points else None
TypeError: _fit_lane() missing 2 required positional arguments: 'y_bottom' and 'y_top'

[rosout][ERROR] 2025-09-20 13:14:44,737: bad callback: <bound method LaneTrackingNode.image_cb of <__main__.LaneTrackingNode object at 0x7f55bef5a1c0>>
Traceback (most recent call last):
  File "/opt/ros/noetic/lib/python3/dist-packages/rospy/topics.py", line 750, in _invoke_callback
    cb(msg)
  File "/home/hyeongseon/catkin_ws/src/lane_tracking_pkg/scripts/lane_tracking_node.py", line 99, in image_cb
    self.handle_frame(frame, msg.header)
  File "/home/hyeongseon/catkin_ws/src/lane_tracking_pkg/scripts/lane_tracking_node.py", line 111, in handle_frame
    lane_center, roi_overlay = detect_lane_center(edges, roi_color, self.debug)
  File "/home/hyeongseon/catkin_ws/src/lane_tracking_pkg/vision/detector.py", line 63, in detect_lane_center
    left_line = _fit_lane(np.vstack(left_points)) if left_points else None
TypeError: _fit_lane() missing 2 required positional arguments: 'y_bottom' and 'y_top'

[rosout][ERROR] 2025-09-20 13:14:44,778: bad callback: <bound method LaneTrackingNode.image_cb of <__main__.LaneTrackingNode object at 0x7f55bef5a1c0>>
Traceback (most recent call last):
  File "/opt/ros/noetic/lib/python3/dist-packages/rospy/topics.py", line 750, in _invoke_callback
    cb(msg)
  File "/home/hyeongseon/catkin_ws/src/lane_tracking_pkg/scripts/lane_tracking_node.py", line 99, in image_cb
    self.handle_frame(frame, msg.header)
  File "/home/hyeongseon/catkin_ws/src/lane_tracking_pkg/scripts/lane_tracking_node.py", line 111, in handle_frame
    lane_center, roi_overlay = detect_lane_center(edges, roi_color, self.debug)
  File "/home/hyeongseon/catkin_ws/src/lane_tracking_pkg/vision/detector.py", line 63, in detect_lane_center
    left_line = _fit_lane(np.vstack(left_points)) if left_points else None
TypeError: _fit_lane() missing 2 required positional arguments: 'y_bottom' and 'y_top'

[rosout][ERROR] 2025-09-20 13:14:44,811: bad callback: <bound method LaneTrackingNode.image_cb of <__main__.LaneTrackingNode object at 0x7f55bef5a1c0>>
Traceback (most recent call last):
  File "/opt/ros/noetic/lib/python3/dist-packages/rospy/topics.py", line 750, in _invoke_callback
    cb(msg)
  File "/home/hyeongseon/catkin_ws/src/lane_tracking_pkg/scripts/lane_tracking_node.py", line 99, in image_cb
    self.handle_frame(frame, msg.header)
  File "/home/hyeongseon/catkin_ws/src/lane_tracking_pkg/scripts/lane_tracking_node.py", line 111, in handle_frame
    lane_center, roi_overlay = detect_lane_center(edges, roi_color, self.debug)
  File "/home/hyeongseon/catkin_ws/src/lane_tracking_pkg/vision/detector.py", line 63, in detect_lane_center
    left_line = _fit_lane(np.vstack(left_points)) if left_points else None
TypeError: _fit_lane() missing 2 required positional arguments: 'y_bottom' and 'y_top'

[rosout][ERROR] 2025-09-20 13:14:44,875: bad callback: <bound method LaneTrackingNode.image_cb of <__main__.LaneTrackingNode object at 0x7f55bef5a1c0>>
Traceback (most recent call last):
  File "/opt/ros/noetic/lib/python3/dist-packages/rospy/topics.py", line 750, in _invoke_callback
    cb(msg)
  File "/home/hyeongseon/catkin_ws/src/lane_tracking_pkg/scripts/lane_tracking_node.py", line 99, in image_cb
    self.handle_frame(frame, msg.header)
  File "/home/hyeongseon/catkin_ws/src/lane_tracking_pkg/scripts/lane_tracking_node.py", line 111, in handle_frame
    lane_center, roi_overlay = detect_lane_center(edges, roi_color, self.debug)
  File "/home/hyeongseon/catkin_ws/src/lane_tracking_pkg/vision/detector.py", line 63, in detect_lane_center
    left_line = _fit_lane(np.vstack(left_points)) if left_points else None
TypeError: _fit_lane() missing 2 required positional arguments: 'y_bottom' and 'y_top'

[rosout][ERROR] 2025-09-20 13:14:44,900: bad callback: <bound method LaneTrackingNode.image_cb of <__main__.LaneTrackingNode object at 0x7f55bef5a1c0>>
Traceback (most recent call last):
  File "/opt/ros/noetic/lib/python3/dist-packages/rospy/topics.py", line 750, in _invoke_callback
    cb(msg)
  File "/home/hyeongseon/catkin_ws/src/lane_tracking_pkg/scripts/lane_tracking_node.py", line 99, in image_cb
    self.handle_frame(frame, msg.header)
  File "/home/hyeongseon/catkin_ws/src/lane_tracking_pkg/scripts/lane_tracking_node.py", line 111, in handle_frame
    lane_center, roi_overlay = detect_lane_center(edges, roi_color, self.debug)
  File "/home/hyeongseon/catkin_ws/src/lane_tracking_pkg/vision/detector.py", line 63, in detect_lane_center
    left_line = _fit_lane(np.vstack(left_points)) if left_points else None
TypeError: _fit_lane() missing 2 required positional arguments: 'y_bottom' and 'y_top'

[rosout][ERROR] 2025-09-20 13:14:44,925: bad callback: <bound method LaneTrackingNode.image_cb of <__main__.LaneTrackingNode object at 0x7f55bef5a1c0>>
Traceback (most recent call last):
  File "/opt/ros/noetic/lib/python3/dist-packages/rospy/topics.py", line 750, in _invoke_callback
    cb(msg)
  File "/home/hyeongseon/catkin_ws/src/lane_tracking_pkg/scripts/lane_tracking_node.py", line 99, in image_cb
    self.handle_frame(frame, msg.header)
  File "/home/hyeongseon/catkin_ws/src/lane_tracking_pkg/scripts/lane_tracking_node.py", line 111, in handle_frame
    lane_center, roi_overlay = detect_lane_center(edges, roi_color, self.debug)
  File "/home/hyeongseon/catkin_ws/src/lane_tracking_pkg/vision/detector.py", line 63, in detect_lane_center
    left_line = _fit_lane(np.vstack(left_points)) if left_points else None
TypeError: _fit_lane() missing 2 required positional arguments: 'y_bottom' and 'y_top'

[rosout][ERROR] 2025-09-20 13:14:44,950: bad callback: <bound method LaneTrackingNode.image_cb of <__main__.LaneTrackingNode object at 0x7f55bef5a1c0>>
Traceback (most recent call last):
  File "/opt/ros/noetic/lib/python3/dist-packages/rospy/topics.py", line 750, in _invoke_callback
    cb(msg)
  File "/home/hyeongseon/catkin_ws/src/lane_tracking_pkg/scripts/lane_tracking_node.py", line 99, in image_cb
    self.handle_frame(frame, msg.header)
  File "/home/hyeongseon/catkin_ws/src/lane_tracking_pkg/scripts/lane_tracking_node.py", line 111, in handle_frame
    lane_center, roi_overlay = detect_lane_center(edges, roi_color, self.debug)
  File "/home/hyeongseon/catkin_ws/src/lane_tracking_pkg/vision/detector.py", line 63, in detect_lane_center
    left_line = _fit_lane(np.vstack(left_points)) if left_points else None
TypeError: _fit_lane() missing 2 required positional arguments: 'y_bottom' and 'y_top'

[rosout][ERROR] 2025-09-20 13:14:44,988: bad callback: <bound method LaneTrackingNode.image_cb of <__main__.LaneTrackingNode object at 0x7f55bef5a1c0>>
Traceback (most recent call last):
  File "/opt/ros/noetic/lib/python3/dist-packages/rospy/topics.py", line 750, in _invoke_callback
    cb(msg)
  File "/home/hyeongseon/catkin_ws/src/lane_tracking_pkg/scripts/lane_tracking_node.py", line 99, in image_cb
    self.handle_frame(frame, msg.header)
  File "/home/hyeongseon/catkin_ws/src/lane_tracking_pkg/scripts/lane_tracking_node.py", line 111, in handle_frame
    lane_center, roi_overlay = detect_lane_center(edges, roi_color, self.debug)
  File "/home/hyeongseon/catkin_ws/src/lane_tracking_pkg/vision/detector.py", line 63, in detect_lane_center
    left_line = _fit_lane(np.vstack(left_points)) if left_points else None
TypeError: _fit_lane() missing 2 required positional arguments: 'y_bottom' and 'y_top'

[rosout][ERROR] 2025-09-20 13:14:45,019: bad callback: <bound method LaneTrackingNode.image_cb of <__main__.LaneTrackingNode object at 0x7f55bef5a1c0>>
Traceback (most recent call last):
  File "/opt/ros/noetic/lib/python3/dist-packages/rospy/topics.py", line 750, in _invoke_callback
    cb(msg)
  File "/home/hyeongseon/catkin_ws/src/lane_tracking_pkg/scripts/lane_tracking_node.py", line 99, in image_cb
    self.handle_frame(frame, msg.header)
  File "/home/hyeongseon/catkin_ws/src/lane_tracking_pkg/scripts/lane_tracking_node.py", line 111, in handle_frame
    lane_center, roi_overlay = detect_lane_center(edges, roi_color, self.debug)
  File "/home/hyeongseon/catkin_ws/src/lane_tracking_pkg/vision/detector.py", line 63, in detect_lane_center
    left_line = _fit_lane(np.vstack(left_points)) if left_points else None
TypeError: _fit_lane() missing 2 required positional arguments: 'y_bottom' and 'y_top'

[rosout][ERROR] 2025-09-20 13:14:45,041: bad callback: <bound method LaneTrackingNode.image_cb of <__main__.LaneTrackingNode object at 0x7f55bef5a1c0>>
Traceback (most recent call last):
  File "/opt/ros/noetic/lib/python3/dist-packages/rospy/topics.py", line 750, in _invoke_callback
    cb(msg)
  File "/home/hyeongseon/catkin_ws/src/lane_tracking_pkg/scripts/lane_tracking_node.py", line 99, in image_cb
    self.handle_frame(frame, msg.header)
  File "/home/hyeongseon/catkin_ws/src/lane_tracking_pkg/scripts/lane_tracking_node.py", line 111, in handle_frame
    lane_center, roi_overlay = detect_lane_center(edges, roi_color, self.debug)
  File "/home/hyeongseon/catkin_ws/src/lane_tracking_pkg/vision/detector.py", line 63, in detect_lane_center
    left_line = _fit_lane(np.vstack(left_points)) if left_points else None
TypeError: _fit_lane() missing 2 required positional arguments: 'y_bottom' and 'y_top'

[rosout][ERROR] 2025-09-20 13:14:45,071: bad callback: <bound method LaneTrackingNode.image_cb of <__main__.LaneTrackingNode object at 0x7f55bef5a1c0>>
Traceback (most recent call last):
  File "/opt/ros/noetic/lib/python3/dist-packages/rospy/topics.py", line 750, in _invoke_callback
    cb(msg)
  File "/home/hyeongseon/catkin_ws/src/lane_tracking_pkg/scripts/lane_tracking_node.py", line 99, in image_cb
    self.handle_frame(frame, msg.header)
  File "/home/hyeongseon/catkin_ws/src/lane_tracking_pkg/scripts/lane_tracking_node.py", line 111, in handle_frame
    lane_center, roi_overlay = detect_lane_center(edges, roi_color, self.debug)
  File "/home/hyeongseon/catkin_ws/src/lane_tracking_pkg/vision/detector.py", line 63, in detect_lane_center
    left_line = _fit_lane(np.vstack(left_points)) if left_points else None
TypeError: _fit_lane() missing 2 required positional arguments: 'y_bottom' and 'y_top'

[rosout][ERROR] 2025-09-20 13:14:45,103: bad callback: <bound method LaneTrackingNode.image_cb of <__main__.LaneTrackingNode object at 0x7f55bef5a1c0>>
Traceback (most recent call last):
  File "/opt/ros/noetic/lib/python3/dist-packages/rospy/topics.py", line 750, in _invoke_callback
    cb(msg)
  File "/home/hyeongseon/catkin_ws/src/lane_tracking_pkg/scripts/lane_tracking_node.py", line 99, in image_cb
    self.handle_frame(frame, msg.header)
  File "/home/hyeongseon/catkin_ws/src/lane_tracking_pkg/scripts/lane_tracking_node.py", line 111, in handle_frame
    lane_center, roi_overlay = detect_lane_center(edges, roi_color, self.debug)
  File "/home/hyeongseon/catkin_ws/src/lane_tracking_pkg/vision/detector.py", line 63, in detect_lane_center
    left_line = _fit_lane(np.vstack(left_points)) if left_points else None
TypeError: _fit_lane() missing 2 required positional arguments: 'y_bottom' and 'y_top'

[rosout][ERROR] 2025-09-20 13:14:45,130: bad callback: <bound method LaneTrackingNode.image_cb of <__main__.LaneTrackingNode object at 0x7f55bef5a1c0>>
Traceback (most recent call last):
  File "/opt/ros/noetic/lib/python3/dist-packages/rospy/topics.py", line 750, in _invoke_callback
    cb(msg)
  File "/home/hyeongseon/catkin_ws/src/lane_tracking_pkg/scripts/lane_tracking_node.py", line 99, in image_cb
    self.handle_frame(frame, msg.header)
  File "/home/hyeongseon/catkin_ws/src/lane_tracking_pkg/scripts/lane_tracking_node.py", line 111, in handle_frame
    lane_center, roi_overlay = detect_lane_center(edges, roi_color, self.debug)
  File "/home/hyeongseon/catkin_ws/src/lane_tracking_pkg/vision/detector.py", line 63, in detect_lane_center
    left_line = _fit_lane(np.vstack(left_points)) if left_points else None
TypeError: _fit_lane() missing 2 required positional arguments: 'y_bottom' and 'y_top'

[rosout][ERROR] 2025-09-20 13:14:45,164: bad callback: <bound method LaneTrackingNode.image_cb of <__main__.LaneTrackingNode object at 0x7f55bef5a1c0>>
Traceback (most recent call last):
  File "/opt/ros/noetic/lib/python3/dist-packages/rospy/topics.py", line 750, in _invoke_callback
    cb(msg)
  File "/home/hyeongseon/catkin_ws/src/lane_tracking_pkg/scripts/lane_tracking_node.py", line 99, in image_cb
    self.handle_frame(frame, msg.header)
  File "/home/hyeongseon/catkin_ws/src/lane_tracking_pkg/scripts/lane_tracking_node.py", line 111, in handle_frame
    lane_center, roi_overlay = detect_lane_center(edges, roi_color, self.debug)
  File "/home/hyeongseon/catkin_ws/src/lane_tracking_pkg/vision/detector.py", line 63, in detect_lane_center
    left_line = _fit_lane(np.vstack(left_points)) if left_points else None
TypeError: _fit_lane() missing 2 required positional arguments: 'y_bottom' and 'y_top'

[rosout][ERROR] 2025-09-20 13:14:45,187: bad callback: <bound method LaneTrackingNode.image_cb of <__main__.LaneTrackingNode object at 0x7f55bef5a1c0>>
Traceback (most recent call last):
  File "/opt/ros/noetic/lib/python3/dist-packages/rospy/topics.py", line 750, in _invoke_callback
    cb(msg)
  File "/home/hyeongseon/catkin_ws/src/lane_tracking_pkg/scripts/lane_tracking_node.py", line 99, in image_cb
    self.handle_frame(frame, msg.header)
  File "/home/hyeongseon/catkin_ws/src/lane_tracking_pkg/scripts/lane_tracking_node.py", line 111, in handle_frame
    lane_center, roi_overlay = detect_lane_center(edges, roi_color, self.debug)
  File "/home/hyeongseon/catkin_ws/src/lane_tracking_pkg/vision/detector.py", line 63, in detect_lane_center
    left_line = _fit_lane(np.vstack(left_points)) if left_points else None
TypeError: _fit_lane() missing 2 required positional arguments: 'y_bottom' and 'y_top'

[rosout][ERROR] 2025-09-20 13:14:45,217: bad callback: <bound method LaneTrackingNode.image_cb of <__main__.LaneTrackingNode object at 0x7f55bef5a1c0>>
Traceback (most recent call last):
  File "/opt/ros/noetic/lib/python3/dist-packages/rospy/topics.py", line 750, in _invoke_callback
    cb(msg)
  File "/home/hyeongseon/catkin_ws/src/lane_tracking_pkg/scripts/lane_tracking_node.py", line 99, in image_cb
    self.handle_frame(frame, msg.header)
  File "/home/hyeongseon/catkin_ws/src/lane_tracking_pkg/scripts/lane_tracking_node.py", line 111, in handle_frame
    lane_center, roi_overlay = detect_lane_center(edges, roi_color, self.debug)
  File "/home/hyeongseon/catkin_ws/src/lane_tracking_pkg/vision/detector.py", line 63, in detect_lane_center
    left_line = _fit_lane(np.vstack(left_points)) if left_points else None
TypeError: _fit_lane() missing 2 required positional arguments: 'y_bottom' and 'y_top'

[rosout][ERROR] 2025-09-20 13:14:45,249: bad callback: <bound method LaneTrackingNode.image_cb of <__main__.LaneTrackingNode object at 0x7f55bef5a1c0>>
Traceback (most recent call last):
  File "/opt/ros/noetic/lib/python3/dist-packages/rospy/topics.py", line 750, in _invoke_callback
    cb(msg)
  File "/home/hyeongseon/catkin_ws/src/lane_tracking_pkg/scripts/lane_tracking_node.py", line 99, in image_cb
    self.handle_frame(frame, msg.header)
  File "/home/hyeongseon/catkin_ws/src/lane_tracking_pkg/scripts/lane_tracking_node.py", line 111, in handle_frame
    lane_center, roi_overlay = detect_lane_center(edges, roi_color, self.debug)
  File "/home/hyeongseon/catkin_ws/src/lane_tracking_pkg/vision/detector.py", line 63, in detect_lane_center
    left_line = _fit_lane(np.vstack(left_points)) if left_points else None
TypeError: _fit_lane() missing 2 required positional arguments: 'y_bottom' and 'y_top'

[rosout][ERROR] 2025-09-20 13:14:45,271: bad callback: <bound method LaneTrackingNode.image_cb of <__main__.LaneTrackingNode object at 0x7f55bef5a1c0>>
Traceback (most recent call last):
  File "/opt/ros/noetic/lib/python3/dist-packages/rospy/topics.py", line 750, in _invoke_callback
    cb(msg)
  File "/home/hyeongseon/catkin_ws/src/lane_tracking_pkg/scripts/lane_tracking_node.py", line 99, in image_cb
    self.handle_frame(frame, msg.header)
  File "/home/hyeongseon/catkin_ws/src/lane_tracking_pkg/scripts/lane_tracking_node.py", line 111, in handle_frame
    lane_center, roi_overlay = detect_lane_center(edges, roi_color, self.debug)
  File "/home/hyeongseon/catkin_ws/src/lane_tracking_pkg/vision/detector.py", line 63, in detect_lane_center
    left_line = _fit_lane(np.vstack(left_points)) if left_points else None
TypeError: _fit_lane() missing 2 required positional arguments: 'y_bottom' and 'y_top'

[rosout][ERROR] 2025-09-20 13:14:45,296: bad callback: <bound method LaneTrackingNode.image_cb of <__main__.LaneTrackingNode object at 0x7f55bef5a1c0>>
Traceback (most recent call last):
  File "/opt/ros/noetic/lib/python3/dist-packages/rospy/topics.py", line 750, in _invoke_callback
    cb(msg)
  File "/home/hyeongseon/catkin_ws/src/lane_tracking_pkg/scripts/lane_tracking_node.py", line 99, in image_cb
    self.handle_frame(frame, msg.header)
  File "/home/hyeongseon/catkin_ws/src/lane_tracking_pkg/scripts/lane_tracking_node.py", line 111, in handle_frame
    lane_center, roi_overlay = detect_lane_center(edges, roi_color, self.debug)
  File "/home/hyeongseon/catkin_ws/src/lane_tracking_pkg/vision/detector.py", line 63, in detect_lane_center
    left_line = _fit_lane(np.vstack(left_points)) if left_points else None
TypeError: _fit_lane() missing 2 required positional arguments: 'y_bottom' and 'y_top'

[rosout][ERROR] 2025-09-20 13:14:45,324: bad callback: <bound method LaneTrackingNode.image_cb of <__main__.LaneTrackingNode object at 0x7f55bef5a1c0>>
Traceback (most recent call last):
  File "/opt/ros/noetic/lib/python3/dist-packages/rospy/topics.py", line 750, in _invoke_callback
    cb(msg)
  File "/home/hyeongseon/catkin_ws/src/lane_tracking_pkg/scripts/lane_tracking_node.py", line 99, in image_cb
    self.handle_frame(frame, msg.header)
  File "/home/hyeongseon/catkin_ws/src/lane_tracking_pkg/scripts/lane_tracking_node.py", line 111, in handle_frame
    lane_center, roi_overlay = detect_lane_center(edges, roi_color, self.debug)
  File "/home/hyeongseon/catkin_ws/src/lane_tracking_pkg/vision/detector.py", line 63, in detect_lane_center
    left_line = _fit_lane(np.vstack(left_points)) if left_points else None
TypeError: _fit_lane() missing 2 required positional arguments: 'y_bottom' and 'y_top'

[rosout][ERROR] 2025-09-20 13:14:45,357: bad callback: <bound method LaneTrackingNode.image_cb of <__main__.LaneTrackingNode object at 0x7f55bef5a1c0>>
Traceback (most recent call last):
  File "/opt/ros/noetic/lib/python3/dist-packages/rospy/topics.py", line 750, in _invoke_callback
    cb(msg)
  File "/home/hyeongseon/catkin_ws/src/lane_tracking_pkg/scripts/lane_tracking_node.py", line 99, in image_cb
    self.handle_frame(frame, msg.header)
  File "/home/hyeongseon/catkin_ws/src/lane_tracking_pkg/scripts/lane_tracking_node.py", line 111, in handle_frame
    lane_center, roi_overlay = detect_lane_center(edges, roi_color, self.debug)
  File "/home/hyeongseon/catkin_ws/src/lane_tracking_pkg/vision/detector.py", line 63, in detect_lane_center
    left_line = _fit_lane(np.vstack(left_points)) if left_points else None
TypeError: _fit_lane() missing 2 required positional arguments: 'y_bottom' and 'y_top'

[rosout][ERROR] 2025-09-20 13:14:45,385: bad callback: <bound method LaneTrackingNode.image_cb of <__main__.LaneTrackingNode object at 0x7f55bef5a1c0>>
Traceback (most recent call last):
  File "/opt/ros/noetic/lib/python3/dist-packages/rospy/topics.py", line 750, in _invoke_callback
    cb(msg)
  File "/home/hyeongseon/catkin_ws/src/lane_tracking_pkg/scripts/lane_tracking_node.py", line 99, in image_cb
    self.handle_frame(frame, msg.header)
  File "/home/hyeongseon/catkin_ws/src/lane_tracking_pkg/scripts/lane_tracking_node.py", line 111, in handle_frame
    lane_center, roi_overlay = detect_lane_center(edges, roi_color, self.debug)
  File "/home/hyeongseon/catkin_ws/src/lane_tracking_pkg/vision/detector.py", line 63, in detect_lane_center
    left_line = _fit_lane(np.vstack(left_points)) if left_points else None
TypeError: _fit_lane() missing 2 required positional arguments: 'y_bottom' and 'y_top'

[rosout][ERROR] 2025-09-20 13:14:45,410: bad callback: <bound method LaneTrackingNode.image_cb of <__main__.LaneTrackingNode object at 0x7f55bef5a1c0>>
Traceback (most recent call last):
  File "/opt/ros/noetic/lib/python3/dist-packages/rospy/topics.py", line 750, in _invoke_callback
    cb(msg)
  File "/home/hyeongseon/catkin_ws/src/lane_tracking_pkg/scripts/lane_tracking_node.py", line 99, in image_cb
    self.handle_frame(frame, msg.header)
  File "/home/hyeongseon/catkin_ws/src/lane_tracking_pkg/scripts/lane_tracking_node.py", line 111, in handle_frame
    lane_center, roi_overlay = detect_lane_center(edges, roi_color, self.debug)
  File "/home/hyeongseon/catkin_ws/src/lane_tracking_pkg/vision/detector.py", line 63, in detect_lane_center
    left_line = _fit_lane(np.vstack(left_points)) if left_points else None
TypeError: _fit_lane() missing 2 required positional arguments: 'y_bottom' and 'y_top'

[rosout][ERROR] 2025-09-20 13:14:45,434: bad callback: <bound method LaneTrackingNode.image_cb of <__main__.LaneTrackingNode object at 0x7f55bef5a1c0>>
Traceback (most recent call last):
  File "/opt/ros/noetic/lib/python3/dist-packages/rospy/topics.py", line 750, in _invoke_callback
    cb(msg)
  File "/home/hyeongseon/catkin_ws/src/lane_tracking_pkg/scripts/lane_tracking_node.py", line 99, in image_cb
    self.handle_frame(frame, msg.header)
  File "/home/hyeongseon/catkin_ws/src/lane_tracking_pkg/scripts/lane_tracking_node.py", line 111, in handle_frame
    lane_center, roi_overlay = detect_lane_center(edges, roi_color, self.debug)
  File "/home/hyeongseon/catkin_ws/src/lane_tracking_pkg/vision/detector.py", line 63, in detect_lane_center
    left_line = _fit_lane(np.vstack(left_points)) if left_points else None
TypeError: _fit_lane() missing 2 required positional arguments: 'y_bottom' and 'y_top'

[rosout][ERROR] 2025-09-20 13:14:45,460: bad callback: <bound method LaneTrackingNode.image_cb of <__main__.LaneTrackingNode object at 0x7f55bef5a1c0>>
Traceback (most recent call last):
  File "/opt/ros/noetic/lib/python3/dist-packages/rospy/topics.py", line 750, in _invoke_callback
    cb(msg)
  File "/home/hyeongseon/catkin_ws/src/lane_tracking_pkg/scripts/lane_tracking_node.py", line 99, in image_cb
    self.handle_frame(frame, msg.header)
  File "/home/hyeongseon/catkin_ws/src/lane_tracking_pkg/scripts/lane_tracking_node.py", line 111, in handle_frame
    lane_center, roi_overlay = detect_lane_center(edges, roi_color, self.debug)
  File "/home/hyeongseon/catkin_ws/src/lane_tracking_pkg/vision/detector.py", line 63, in detect_lane_center
    left_line = _fit_lane(np.vstack(left_points)) if left_points else None
TypeError: _fit_lane() missing 2 required positional arguments: 'y_bottom' and 'y_top'

[rosout][ERROR] 2025-09-20 13:14:45,483: bad callback: <bound method LaneTrackingNode.image_cb of <__main__.LaneTrackingNode object at 0x7f55bef5a1c0>>
Traceback (most recent call last):
  File "/opt/ros/noetic/lib/python3/dist-packages/rospy/topics.py", line 750, in _invoke_callback
    cb(msg)
  File "/home/hyeongseon/catkin_ws/src/lane_tracking_pkg/scripts/lane_tracking_node.py", line 99, in image_cb
    self.handle_frame(frame, msg.header)
  File "/home/hyeongseon/catkin_ws/src/lane_tracking_pkg/scripts/lane_tracking_node.py", line 111, in handle_frame
    lane_center, roi_overlay = detect_lane_center(edges, roi_color, self.debug)
  File "/home/hyeongseon/catkin_ws/src/lane_tracking_pkg/vision/detector.py", line 63, in detect_lane_center
    left_line = _fit_lane(np.vstack(left_points)) if left_points else None
TypeError: _fit_lane() missing 2 required positional arguments: 'y_bottom' and 'y_top'

[rosout][ERROR] 2025-09-20 13:14:45,513: bad callback: <bound method LaneTrackingNode.image_cb of <__main__.LaneTrackingNode object at 0x7f55bef5a1c0>>
Traceback (most recent call last):
  File "/opt/ros/noetic/lib/python3/dist-packages/rospy/topics.py", line 750, in _invoke_callback
    cb(msg)
  File "/home/hyeongseon/catkin_ws/src/lane_tracking_pkg/scripts/lane_tracking_node.py", line 99, in image_cb
    self.handle_frame(frame, msg.header)
  File "/home/hyeongseon/catkin_ws/src/lane_tracking_pkg/scripts/lane_tracking_node.py", line 111, in handle_frame
    lane_center, roi_overlay = detect_lane_center(edges, roi_color, self.debug)
  File "/home/hyeongseon/catkin_ws/src/lane_tracking_pkg/vision/detector.py", line 63, in detect_lane_center
    left_line = _fit_lane(np.vstack(left_points)) if left_points else None
TypeError: _fit_lane() missing 2 required positional arguments: 'y_bottom' and 'y_top'

[rosout][ERROR] 2025-09-20 13:14:45,537: bad callback: <bound method LaneTrackingNode.image_cb of <__main__.LaneTrackingNode object at 0x7f55bef5a1c0>>
Traceback (most recent call last):
  File "/opt/ros/noetic/lib/python3/dist-packages/rospy/topics.py", line 750, in _invoke_callback
    cb(msg)
  File "/home/hyeongseon/catkin_ws/src/lane_tracking_pkg/scripts/lane_tracking_node.py", line 99, in image_cb
    self.handle_frame(frame, msg.header)
  File "/home/hyeongseon/catkin_ws/src/lane_tracking_pkg/scripts/lane_tracking_node.py", line 111, in handle_frame
    lane_center, roi_overlay = detect_lane_center(edges, roi_color, self.debug)
  File "/home/hyeongseon/catkin_ws/src/lane_tracking_pkg/vision/detector.py", line 63, in detect_lane_center
    left_line = _fit_lane(np.vstack(left_points)) if left_points else None
TypeError: _fit_lane() missing 2 required positional arguments: 'y_bottom' and 'y_top'

[rosout][ERROR] 2025-09-20 13:14:45,559: bad callback: <bound method LaneTrackingNode.image_cb of <__main__.LaneTrackingNode object at 0x7f55bef5a1c0>>
Traceback (most recent call last):
  File "/opt/ros/noetic/lib/python3/dist-packages/rospy/topics.py", line 750, in _invoke_callback
    cb(msg)
  File "/home/hyeongseon/catkin_ws/src/lane_tracking_pkg/scripts/lane_tracking_node.py", line 99, in image_cb
    self.handle_frame(frame, msg.header)
  File "/home/hyeongseon/catkin_ws/src/lane_tracking_pkg/scripts/lane_tracking_node.py", line 111, in handle_frame
    lane_center, roi_overlay = detect_lane_center(edges, roi_color, self.debug)
  File "/home/hyeongseon/catkin_ws/src/lane_tracking_pkg/vision/detector.py", line 63, in detect_lane_center
    left_line = _fit_lane(np.vstack(left_points)) if left_points else None
TypeError: _fit_lane() missing 2 required positional arguments: 'y_bottom' and 'y_top'

[rosout][ERROR] 2025-09-20 13:14:45,588: bad callback: <bound method LaneTrackingNode.image_cb of <__main__.LaneTrackingNode object at 0x7f55bef5a1c0>>
Traceback (most recent call last):
  File "/opt/ros/noetic/lib/python3/dist-packages/rospy/topics.py", line 750, in _invoke_callback
    cb(msg)
  File "/home/hyeongseon/catkin_ws/src/lane_tracking_pkg/scripts/lane_tracking_node.py", line 99, in image_cb
    self.handle_frame(frame, msg.header)
  File "/home/hyeongseon/catkin_ws/src/lane_tracking_pkg/scripts/lane_tracking_node.py", line 111, in handle_frame
    lane_center, roi_overlay = detect_lane_center(edges, roi_color, self.debug)
  File "/home/hyeongseon/catkin_ws/src/lane_tracking_pkg/vision/detector.py", line 63, in detect_lane_center
    left_line = _fit_lane(np.vstack(left_points)) if left_points else None
TypeError: _fit_lane() missing 2 required positional arguments: 'y_bottom' and 'y_top'

[rosout][ERROR] 2025-09-20 13:14:45,618: bad callback: <bound method LaneTrackingNode.image_cb of <__main__.LaneTrackingNode object at 0x7f55bef5a1c0>>
Traceback (most recent call last):
  File "/opt/ros/noetic/lib/python3/dist-packages/rospy/topics.py", line 750, in _invoke_callback
    cb(msg)
  File "/home/hyeongseon/catkin_ws/src/lane_tracking_pkg/scripts/lane_tracking_node.py", line 99, in image_cb
    self.handle_frame(frame, msg.header)
  File "/home/hyeongseon/catkin_ws/src/lane_tracking_pkg/scripts/lane_tracking_node.py", line 111, in handle_frame
    lane_center, roi_overlay = detect_lane_center(edges, roi_color, self.debug)
  File "/home/hyeongseon/catkin_ws/src/lane_tracking_pkg/vision/detector.py", line 63, in detect_lane_center
    left_line = _fit_lane(np.vstack(left_points)) if left_points else None
TypeError: _fit_lane() missing 2 required positional arguments: 'y_bottom' and 'y_top'

[rosout][ERROR] 2025-09-20 13:14:45,648: bad callback: <bound method LaneTrackingNode.image_cb of <__main__.LaneTrackingNode object at 0x7f55bef5a1c0>>
Traceback (most recent call last):
  File "/opt/ros/noetic/lib/python3/dist-packages/rospy/topics.py", line 750, in _invoke_callback
    cb(msg)
  File "/home/hyeongseon/catkin_ws/src/lane_tracking_pkg/scripts/lane_tracking_node.py", line 99, in image_cb
    self.handle_frame(frame, msg.header)
  File "/home/hyeongseon/catkin_ws/src/lane_tracking_pkg/scripts/lane_tracking_node.py", line 111, in handle_frame
    lane_center, roi_overlay = detect_lane_center(edges, roi_color, self.debug)
  File "/home/hyeongseon/catkin_ws/src/lane_tracking_pkg/vision/detector.py", line 63, in detect_lane_center
    left_line = _fit_lane(np.vstack(left_points)) if left_points else None
TypeError: _fit_lane() missing 2 required positional arguments: 'y_bottom' and 'y_top'

[rosout][ERROR] 2025-09-20 13:14:45,703: bad callback: <bound method LaneTrackingNode.image_cb of <__main__.LaneTrackingNode object at 0x7f55bef5a1c0>>
Traceback (most recent call last):
  File "/opt/ros/noetic/lib/python3/dist-packages/rospy/topics.py", line 750, in _invoke_callback
    cb(msg)
  File "/home/hyeongseon/catkin_ws/src/lane_tracking_pkg/scripts/lane_tracking_node.py", line 99, in image_cb
    self.handle_frame(frame, msg.header)
  File "/home/hyeongseon/catkin_ws/src/lane_tracking_pkg/scripts/lane_tracking_node.py", line 111, in handle_frame
    lane_center, roi_overlay = detect_lane_center(edges, roi_color, self.debug)
  File "/home/hyeongseon/catkin_ws/src/lane_tracking_pkg/vision/detector.py", line 63, in detect_lane_center
    left_line = _fit_lane(np.vstack(left_points)) if left_points else None
TypeError: _fit_lane() missing 2 required positional arguments: 'y_bottom' and 'y_top'

[rosout][ERROR] 2025-09-20 13:14:45,730: bad callback: <bound method LaneTrackingNode.image_cb of <__main__.LaneTrackingNode object at 0x7f55bef5a1c0>>
Traceback (most recent call last):
  File "/opt/ros/noetic/lib/python3/dist-packages/rospy/topics.py", line 750, in _invoke_callback
    cb(msg)
  File "/home/hyeongseon/catkin_ws/src/lane_tracking_pkg/scripts/lane_tracking_node.py", line 99, in image_cb
    self.handle_frame(frame, msg.header)
  File "/home/hyeongseon/catkin_ws/src/lane_tracking_pkg/scripts/lane_tracking_node.py", line 111, in handle_frame
    lane_center, roi_overlay = detect_lane_center(edges, roi_color, self.debug)
  File "/home/hyeongseon/catkin_ws/src/lane_tracking_pkg/vision/detector.py", line 63, in detect_lane_center
    left_line = _fit_lane(np.vstack(left_points)) if left_points else None
TypeError: _fit_lane() missing 2 required positional arguments: 'y_bottom' and 'y_top'

[rosout][ERROR] 2025-09-20 13:14:45,755: bad callback: <bound method LaneTrackingNode.image_cb of <__main__.LaneTrackingNode object at 0x7f55bef5a1c0>>
Traceback (most recent call last):
  File "/opt/ros/noetic/lib/python3/dist-packages/rospy/topics.py", line 750, in _invoke_callback
    cb(msg)
  File "/home/hyeongseon/catkin_ws/src/lane_tracking_pkg/scripts/lane_tracking_node.py", line 99, in image_cb
    self.handle_frame(frame, msg.header)
  File "/home/hyeongseon/catkin_ws/src/lane_tracking_pkg/scripts/lane_tracking_node.py", line 111, in handle_frame
    lane_center, roi_overlay = detect_lane_center(edges, roi_color, self.debug)
  File "/home/hyeongseon/catkin_ws/src/lane_tracking_pkg/vision/detector.py", line 63, in detect_lane_center
    left_line = _fit_lane(np.vstack(left_points)) if left_points else None
TypeError: _fit_lane() missing 2 required positional arguments: 'y_bottom' and 'y_top'

[rosout][ERROR] 2025-09-20 13:14:45,782: bad callback: <bound method LaneTrackingNode.image_cb of <__main__.LaneTrackingNode object at 0x7f55bef5a1c0>>
Traceback (most recent call last):
  File "/opt/ros/noetic/lib/python3/dist-packages/rospy/topics.py", line 750, in _invoke_callback
    cb(msg)
  File "/home/hyeongseon/catkin_ws/src/lane_tracking_pkg/scripts/lane_tracking_node.py", line 99, in image_cb
    self.handle_frame(frame, msg.header)
  File "/home/hyeongseon/catkin_ws/src/lane_tracking_pkg/scripts/lane_tracking_node.py", line 111, in handle_frame
    lane_center, roi_overlay = detect_lane_center(edges, roi_color, self.debug)
  File "/home/hyeongseon/catkin_ws/src/lane_tracking_pkg/vision/detector.py", line 63, in detect_lane_center
    left_line = _fit_lane(np.vstack(left_points)) if left_points else None
TypeError: _fit_lane() missing 2 required positional arguments: 'y_bottom' and 'y_top'

[rosout][ERROR] 2025-09-20 13:14:45,814: bad callback: <bound method LaneTrackingNode.image_cb of <__main__.LaneTrackingNode object at 0x7f55bef5a1c0>>
Traceback (most recent call last):
  File "/opt/ros/noetic/lib/python3/dist-packages/rospy/topics.py", line 750, in _invoke_callback
    cb(msg)
  File "/home/hyeongseon/catkin_ws/src/lane_tracking_pkg/scripts/lane_tracking_node.py", line 99, in image_cb
    self.handle_frame(frame, msg.header)
  File "/home/hyeongseon/catkin_ws/src/lane_tracking_pkg/scripts/lane_tracking_node.py", line 111, in handle_frame
    lane_center, roi_overlay = detect_lane_center(edges, roi_color, self.debug)
  File "/home/hyeongseon/catkin_ws/src/lane_tracking_pkg/vision/detector.py", line 63, in detect_lane_center
    left_line = _fit_lane(np.vstack(left_points)) if left_points else None
TypeError: _fit_lane() missing 2 required positional arguments: 'y_bottom' and 'y_top'

[rosout][ERROR] 2025-09-20 13:14:45,869: bad callback: <bound method LaneTrackingNode.image_cb of <__main__.LaneTrackingNode object at 0x7f55bef5a1c0>>
Traceback (most recent call last):
  File "/opt/ros/noetic/lib/python3/dist-packages/rospy/topics.py", line 750, in _invoke_callback
    cb(msg)
  File "/home/hyeongseon/catkin_ws/src/lane_tracking_pkg/scripts/lane_tracking_node.py", line 99, in image_cb
    self.handle_frame(frame, msg.header)
  File "/home/hyeongseon/catkin_ws/src/lane_tracking_pkg/scripts/lane_tracking_node.py", line 111, in handle_frame
    lane_center, roi_overlay = detect_lane_center(edges, roi_color, self.debug)
  File "/home/hyeongseon/catkin_ws/src/lane_tracking_pkg/vision/detector.py", line 63, in detect_lane_center
    left_line = _fit_lane(np.vstack(left_points)) if left_points else None
TypeError: _fit_lane() missing 2 required positional arguments: 'y_bottom' and 'y_top'

[rosout][ERROR] 2025-09-20 13:14:45,909: bad callback: <bound method LaneTrackingNode.image_cb of <__main__.LaneTrackingNode object at 0x7f55bef5a1c0>>
Traceback (most recent call last):
  File "/opt/ros/noetic/lib/python3/dist-packages/rospy/topics.py", line 750, in _invoke_callback
    cb(msg)
  File "/home/hyeongseon/catkin_ws/src/lane_tracking_pkg/scripts/lane_tracking_node.py", line 99, in image_cb
    self.handle_frame(frame, msg.header)
  File "/home/hyeongseon/catkin_ws/src/lane_tracking_pkg/scripts/lane_tracking_node.py", line 111, in handle_frame
    lane_center, roi_overlay = detect_lane_center(edges, roi_color, self.debug)
  File "/home/hyeongseon/catkin_ws/src/lane_tracking_pkg/vision/detector.py", line 63, in detect_lane_center
    left_line = _fit_lane(np.vstack(left_points)) if left_points else None
TypeError: _fit_lane() missing 2 required positional arguments: 'y_bottom' and 'y_top'

[rosout][ERROR] 2025-09-20 13:14:45,944: bad callback: <bound method LaneTrackingNode.image_cb of <__main__.LaneTrackingNode object at 0x7f55bef5a1c0>>
Traceback (most recent call last):
  File "/opt/ros/noetic/lib/python3/dist-packages/rospy/topics.py", line 750, in _invoke_callback
    cb(msg)
  File "/home/hyeongseon/catkin_ws/src/lane_tracking_pkg/scripts/lane_tracking_node.py", line 99, in image_cb
    self.handle_frame(frame, msg.header)
  File "/home/hyeongseon/catkin_ws/src/lane_tracking_pkg/scripts/lane_tracking_node.py", line 111, in handle_frame
    lane_center, roi_overlay = detect_lane_center(edges, roi_color, self.debug)
  File "/home/hyeongseon/catkin_ws/src/lane_tracking_pkg/vision/detector.py", line 63, in detect_lane_center
    left_line = _fit_lane(np.vstack(left_points)) if left_points else None
TypeError: _fit_lane() missing 2 required positional arguments: 'y_bottom' and 'y_top'

[rosout][ERROR] 2025-09-20 13:14:45,983: bad callback: <bound method LaneTrackingNode.image_cb of <__main__.LaneTrackingNode object at 0x7f55bef5a1c0>>
Traceback (most recent call last):
  File "/opt/ros/noetic/lib/python3/dist-packages/rospy/topics.py", line 750, in _invoke_callback
    cb(msg)
  File "/home/hyeongseon/catkin_ws/src/lane_tracking_pkg/scripts/lane_tracking_node.py", line 99, in image_cb
    self.handle_frame(frame, msg.header)
  File "/home/hyeongseon/catkin_ws/src/lane_tracking_pkg/scripts/lane_tracking_node.py", line 111, in handle_frame
    lane_center, roi_overlay = detect_lane_center(edges, roi_color, self.debug)
  File "/home/hyeongseon/catkin_ws/src/lane_tracking_pkg/vision/detector.py", line 63, in detect_lane_center
    left_line = _fit_lane(np.vstack(left_points)) if left_points else None
TypeError: _fit_lane() missing 2 required positional arguments: 'y_bottom' and 'y_top'

[rosout][ERROR] 2025-09-20 13:14:46,014: bad callback: <bound method LaneTrackingNode.image_cb of <__main__.LaneTrackingNode object at 0x7f55bef5a1c0>>
Traceback (most recent call last):
  File "/opt/ros/noetic/lib/python3/dist-packages/rospy/topics.py", line 750, in _invoke_callback
    cb(msg)
  File "/home/hyeongseon/catkin_ws/src/lane_tracking_pkg/scripts/lane_tracking_node.py", line 99, in image_cb
    self.handle_frame(frame, msg.header)
  File "/home/hyeongseon/catkin_ws/src/lane_tracking_pkg/scripts/lane_tracking_node.py", line 111, in handle_frame
    lane_center, roi_overlay = detect_lane_center(edges, roi_color, self.debug)
  File "/home/hyeongseon/catkin_ws/src/lane_tracking_pkg/vision/detector.py", line 63, in detect_lane_center
    left_line = _fit_lane(np.vstack(left_points)) if left_points else None
TypeError: _fit_lane() missing 2 required positional arguments: 'y_bottom' and 'y_top'

[rosout][ERROR] 2025-09-20 13:14:46,044: bad callback: <bound method LaneTrackingNode.image_cb of <__main__.LaneTrackingNode object at 0x7f55bef5a1c0>>
Traceback (most recent call last):
  File "/opt/ros/noetic/lib/python3/dist-packages/rospy/topics.py", line 750, in _invoke_callback
    cb(msg)
  File "/home/hyeongseon/catkin_ws/src/lane_tracking_pkg/scripts/lane_tracking_node.py", line 99, in image_cb
    self.handle_frame(frame, msg.header)
  File "/home/hyeongseon/catkin_ws/src/lane_tracking_pkg/scripts/lane_tracking_node.py", line 111, in handle_frame
    lane_center, roi_overlay = detect_lane_center(edges, roi_color, self.debug)
  File "/home/hyeongseon/catkin_ws/src/lane_tracking_pkg/vision/detector.py", line 63, in detect_lane_center
    left_line = _fit_lane(np.vstack(left_points)) if left_points else None
TypeError: _fit_lane() missing 2 required positional arguments: 'y_bottom' and 'y_top'

[rosout][ERROR] 2025-09-20 13:14:46,090: bad callback: <bound method LaneTrackingNode.image_cb of <__main__.LaneTrackingNode object at 0x7f55bef5a1c0>>
Traceback (most recent call last):
  File "/opt/ros/noetic/lib/python3/dist-packages/rospy/topics.py", line 750, in _invoke_callback
    cb(msg)
  File "/home/hyeongseon/catkin_ws/src/lane_tracking_pkg/scripts/lane_tracking_node.py", line 99, in image_cb
    self.handle_frame(frame, msg.header)
  File "/home/hyeongseon/catkin_ws/src/lane_tracking_pkg/scripts/lane_tracking_node.py", line 111, in handle_frame
    lane_center, roi_overlay = detect_lane_center(edges, roi_color, self.debug)
  File "/home/hyeongseon/catkin_ws/src/lane_tracking_pkg/vision/detector.py", line 63, in detect_lane_center
    left_line = _fit_lane(np.vstack(left_points)) if left_points else None
TypeError: _fit_lane() missing 2 required positional arguments: 'y_bottom' and 'y_top'

[rosout][ERROR] 2025-09-20 13:14:46,133: bad callback: <bound method LaneTrackingNode.image_cb of <__main__.LaneTrackingNode object at 0x7f55bef5a1c0>>
Traceback (most recent call last):
  File "/opt/ros/noetic/lib/python3/dist-packages/rospy/topics.py", line 750, in _invoke_callback
    cb(msg)
  File "/home/hyeongseon/catkin_ws/src/lane_tracking_pkg/scripts/lane_tracking_node.py", line 99, in image_cb
    self.handle_frame(frame, msg.header)
  File "/home/hyeongseon/catkin_ws/src/lane_tracking_pkg/scripts/lane_tracking_node.py", line 111, in handle_frame
    lane_center, roi_overlay = detect_lane_center(edges, roi_color, self.debug)
  File "/home/hyeongseon/catkin_ws/src/lane_tracking_pkg/vision/detector.py", line 63, in detect_lane_center
    left_line = _fit_lane(np.vstack(left_points)) if left_points else None
TypeError: _fit_lane() missing 2 required positional arguments: 'y_bottom' and 'y_top'

[rosout][ERROR] 2025-09-20 13:14:46,156: bad callback: <bound method LaneTrackingNode.image_cb of <__main__.LaneTrackingNode object at 0x7f55bef5a1c0>>
Traceback (most recent call last):
  File "/opt/ros/noetic/lib/python3/dist-packages/rospy/topics.py", line 750, in _invoke_callback
    cb(msg)
  File "/home/hyeongseon/catkin_ws/src/lane_tracking_pkg/scripts/lane_tracking_node.py", line 99, in image_cb
    self.handle_frame(frame, msg.header)
  File "/home/hyeongseon/catkin_ws/src/lane_tracking_pkg/scripts/lane_tracking_node.py", line 111, in handle_frame
    lane_center, roi_overlay = detect_lane_center(edges, roi_color, self.debug)
  File "/home/hyeongseon/catkin_ws/src/lane_tracking_pkg/vision/detector.py", line 63, in detect_lane_center
    left_line = _fit_lane(np.vstack(left_points)) if left_points else None
TypeError: _fit_lane() missing 2 required positional arguments: 'y_bottom' and 'y_top'

[rosout][ERROR] 2025-09-20 13:14:46,195: bad callback: <bound method LaneTrackingNode.image_cb of <__main__.LaneTrackingNode object at 0x7f55bef5a1c0>>
Traceback (most recent call last):
  File "/opt/ros/noetic/lib/python3/dist-packages/rospy/topics.py", line 750, in _invoke_callback
    cb(msg)
  File "/home/hyeongseon/catkin_ws/src/lane_tracking_pkg/scripts/lane_tracking_node.py", line 99, in image_cb
    self.handle_frame(frame, msg.header)
  File "/home/hyeongseon/catkin_ws/src/lane_tracking_pkg/scripts/lane_tracking_node.py", line 111, in handle_frame
    lane_center, roi_overlay = detect_lane_center(edges, roi_color, self.debug)
  File "/home/hyeongseon/catkin_ws/src/lane_tracking_pkg/vision/detector.py", line 63, in detect_lane_center
    left_line = _fit_lane(np.vstack(left_points)) if left_points else None
TypeError: _fit_lane() missing 2 required positional arguments: 'y_bottom' and 'y_top'

[rosout][ERROR] 2025-09-20 13:14:46,211: bad callback: <bound method LaneTrackingNode.image_cb of <__main__.LaneTrackingNode object at 0x7f55bef5a1c0>>
Traceback (most recent call last):
  File "/opt/ros/noetic/lib/python3/dist-packages/rospy/topics.py", line 750, in _invoke_callback
    cb(msg)
  File "/home/hyeongseon/catkin_ws/src/lane_tracking_pkg/scripts/lane_tracking_node.py", line 99, in image_cb
    self.handle_frame(frame, msg.header)
  File "/home/hyeongseon/catkin_ws/src/lane_tracking_pkg/scripts/lane_tracking_node.py", line 111, in handle_frame
    lane_center, roi_overlay = detect_lane_center(edges, roi_color, self.debug)
  File "/home/hyeongseon/catkin_ws/src/lane_tracking_pkg/vision/detector.py", line 63, in detect_lane_center
    left_line = _fit_lane(np.vstack(left_points)) if left_points else None
TypeError: _fit_lane() missing 2 required positional arguments: 'y_bottom' and 'y_top'

[rosout][ERROR] 2025-09-20 13:14:46,251: bad callback: <bound method LaneTrackingNode.image_cb of <__main__.LaneTrackingNode object at 0x7f55bef5a1c0>>
Traceback (most recent call last):
  File "/opt/ros/noetic/lib/python3/dist-packages/rospy/topics.py", line 750, in _invoke_callback
    cb(msg)
  File "/home/hyeongseon/catkin_ws/src/lane_tracking_pkg/scripts/lane_tracking_node.py", line 99, in image_cb
    self.handle_frame(frame, msg.header)
  File "/home/hyeongseon/catkin_ws/src/lane_tracking_pkg/scripts/lane_tracking_node.py", line 111, in handle_frame
    lane_center, roi_overlay = detect_lane_center(edges, roi_color, self.debug)
  File "/home/hyeongseon/catkin_ws/src/lane_tracking_pkg/vision/detector.py", line 63, in detect_lane_center
    left_line = _fit_lane(np.vstack(left_points)) if left_points else None
TypeError: _fit_lane() missing 2 required positional arguments: 'y_bottom' and 'y_top'

[rosout][ERROR] 2025-09-20 13:14:46,283: bad callback: <bound method LaneTrackingNode.image_cb of <__main__.LaneTrackingNode object at 0x7f55bef5a1c0>>
Traceback (most recent call last):
  File "/opt/ros/noetic/lib/python3/dist-packages/rospy/topics.py", line 750, in _invoke_callback
    cb(msg)
  File "/home/hyeongseon/catkin_ws/src/lane_tracking_pkg/scripts/lane_tracking_node.py", line 99, in image_cb
    self.handle_frame(frame, msg.header)
  File "/home/hyeongseon/catkin_ws/src/lane_tracking_pkg/scripts/lane_tracking_node.py", line 111, in handle_frame
    lane_center, roi_overlay = detect_lane_center(edges, roi_color, self.debug)
  File "/home/hyeongseon/catkin_ws/src/lane_tracking_pkg/vision/detector.py", line 63, in detect_lane_center
    left_line = _fit_lane(np.vstack(left_points)) if left_points else None
TypeError: _fit_lane() missing 2 required positional arguments: 'y_bottom' and 'y_top'

[rosout][ERROR] 2025-09-20 13:14:46,329: bad callback: <bound method LaneTrackingNode.image_cb of <__main__.LaneTrackingNode object at 0x7f55bef5a1c0>>
Traceback (most recent call last):
  File "/opt/ros/noetic/lib/python3/dist-packages/rospy/topics.py", line 750, in _invoke_callback
    cb(msg)
  File "/home/hyeongseon/catkin_ws/src/lane_tracking_pkg/scripts/lane_tracking_node.py", line 99, in image_cb
    self.handle_frame(frame, msg.header)
  File "/home/hyeongseon/catkin_ws/src/lane_tracking_pkg/scripts/lane_tracking_node.py", line 111, in handle_frame
    lane_center, roi_overlay = detect_lane_center(edges, roi_color, self.debug)
  File "/home/hyeongseon/catkin_ws/src/lane_tracking_pkg/vision/detector.py", line 63, in detect_lane_center
    left_line = _fit_lane(np.vstack(left_points)) if left_points else None
TypeError: _fit_lane() missing 2 required positional arguments: 'y_bottom' and 'y_top'

[rosout][ERROR] 2025-09-20 13:14:46,346: bad callback: <bound method LaneTrackingNode.image_cb of <__main__.LaneTrackingNode object at 0x7f55bef5a1c0>>
Traceback (most recent call last):
  File "/opt/ros/noetic/lib/python3/dist-packages/rospy/topics.py", line 750, in _invoke_callback
    cb(msg)
  File "/home/hyeongseon/catkin_ws/src/lane_tracking_pkg/scripts/lane_tracking_node.py", line 99, in image_cb
    self.handle_frame(frame, msg.header)
  File "/home/hyeongseon/catkin_ws/src/lane_tracking_pkg/scripts/lane_tracking_node.py", line 111, in handle_frame
    lane_center, roi_overlay = detect_lane_center(edges, roi_color, self.debug)
  File "/home/hyeongseon/catkin_ws/src/lane_tracking_pkg/vision/detector.py", line 63, in detect_lane_center
    left_line = _fit_lane(np.vstack(left_points)) if left_points else None
TypeError: _fit_lane() missing 2 required positional arguments: 'y_bottom' and 'y_top'

[rosout][ERROR] 2025-09-20 13:14:46,386: bad callback: <bound method LaneTrackingNode.image_cb of <__main__.LaneTrackingNode object at 0x7f55bef5a1c0>>
Traceback (most recent call last):
  File "/opt/ros/noetic/lib/python3/dist-packages/rospy/topics.py", line 750, in _invoke_callback
    cb(msg)
  File "/home/hyeongseon/catkin_ws/src/lane_tracking_pkg/scripts/lane_tracking_node.py", line 99, in image_cb
    self.handle_frame(frame, msg.header)
  File "/home/hyeongseon/catkin_ws/src/lane_tracking_pkg/scripts/lane_tracking_node.py", line 111, in handle_frame
    lane_center, roi_overlay = detect_lane_center(edges, roi_color, self.debug)
  File "/home/hyeongseon/catkin_ws/src/lane_tracking_pkg/vision/detector.py", line 63, in detect_lane_center
    left_line = _fit_lane(np.vstack(left_points)) if left_points else None
TypeError: _fit_lane() missing 2 required positional arguments: 'y_bottom' and 'y_top'

[rosout][ERROR] 2025-09-20 13:14:46,416: bad callback: <bound method LaneTrackingNode.image_cb of <__main__.LaneTrackingNode object at 0x7f55bef5a1c0>>
Traceback (most recent call last):
  File "/opt/ros/noetic/lib/python3/dist-packages/rospy/topics.py", line 750, in _invoke_callback
    cb(msg)
  File "/home/hyeongseon/catkin_ws/src/lane_tracking_pkg/scripts/lane_tracking_node.py", line 99, in image_cb
    self.handle_frame(frame, msg.header)
  File "/home/hyeongseon/catkin_ws/src/lane_tracking_pkg/scripts/lane_tracking_node.py", line 111, in handle_frame
    lane_center, roi_overlay = detect_lane_center(edges, roi_color, self.debug)
  File "/home/hyeongseon/catkin_ws/src/lane_tracking_pkg/vision/detector.py", line 63, in detect_lane_center
    left_line = _fit_lane(np.vstack(left_points)) if left_points else None
TypeError: _fit_lane() missing 2 required positional arguments: 'y_bottom' and 'y_top'

[rosout][ERROR] 2025-09-20 13:14:46,447: bad callback: <bound method LaneTrackingNode.image_cb of <__main__.LaneTrackingNode object at 0x7f55bef5a1c0>>
Traceback (most recent call last):
  File "/opt/ros/noetic/lib/python3/dist-packages/rospy/topics.py", line 750, in _invoke_callback
    cb(msg)
  File "/home/hyeongseon/catkin_ws/src/lane_tracking_pkg/scripts/lane_tracking_node.py", line 99, in image_cb
    self.handle_frame(frame, msg.header)
  File "/home/hyeongseon/catkin_ws/src/lane_tracking_pkg/scripts/lane_tracking_node.py", line 111, in handle_frame
    lane_center, roi_overlay = detect_lane_center(edges, roi_color, self.debug)
  File "/home/hyeongseon/catkin_ws/src/lane_tracking_pkg/vision/detector.py", line 63, in detect_lane_center
    left_line = _fit_lane(np.vstack(left_points)) if left_points else None
TypeError: _fit_lane() missing 2 required positional arguments: 'y_bottom' and 'y_top'

[rosout][ERROR] 2025-09-20 13:14:46,477: bad callback: <bound method LaneTrackingNode.image_cb of <__main__.LaneTrackingNode object at 0x7f55bef5a1c0>>
Traceback (most recent call last):
  File "/opt/ros/noetic/lib/python3/dist-packages/rospy/topics.py", line 750, in _invoke_callback
    cb(msg)
  File "/home/hyeongseon/catkin_ws/src/lane_tracking_pkg/scripts/lane_tracking_node.py", line 99, in image_cb
    self.handle_frame(frame, msg.header)
  File "/home/hyeongseon/catkin_ws/src/lane_tracking_pkg/scripts/lane_tracking_node.py", line 111, in handle_frame
    lane_center, roi_overlay = detect_lane_center(edges, roi_color, self.debug)
  File "/home/hyeongseon/catkin_ws/src/lane_tracking_pkg/vision/detector.py", line 63, in detect_lane_center
    left_line = _fit_lane(np.vstack(left_points)) if left_points else None
TypeError: _fit_lane() missing 2 required positional arguments: 'y_bottom' and 'y_top'

[rosout][ERROR] 2025-09-20 13:14:46,515: bad callback: <bound method LaneTrackingNode.image_cb of <__main__.LaneTrackingNode object at 0x7f55bef5a1c0>>
Traceback (most recent call last):
  File "/opt/ros/noetic/lib/python3/dist-packages/rospy/topics.py", line 750, in _invoke_callback
    cb(msg)
  File "/home/hyeongseon/catkin_ws/src/lane_tracking_pkg/scripts/lane_tracking_node.py", line 99, in image_cb
    self.handle_frame(frame, msg.header)
  File "/home/hyeongseon/catkin_ws/src/lane_tracking_pkg/scripts/lane_tracking_node.py", line 111, in handle_frame
    lane_center, roi_overlay = detect_lane_center(edges, roi_color, self.debug)
  File "/home/hyeongseon/catkin_ws/src/lane_tracking_pkg/vision/detector.py", line 63, in detect_lane_center
    left_line = _fit_lane(np.vstack(left_points)) if left_points else None
TypeError: _fit_lane() missing 2 required positional arguments: 'y_bottom' and 'y_top'

[rosout][ERROR] 2025-09-20 13:14:46,559: bad callback: <bound method LaneTrackingNode.image_cb of <__main__.LaneTrackingNode object at 0x7f55bef5a1c0>>
Traceback (most recent call last):
  File "/opt/ros/noetic/lib/python3/dist-packages/rospy/topics.py", line 750, in _invoke_callback
    cb(msg)
  File "/home/hyeongseon/catkin_ws/src/lane_tracking_pkg/scripts/lane_tracking_node.py", line 99, in image_cb
    self.handle_frame(frame, msg.header)
  File "/home/hyeongseon/catkin_ws/src/lane_tracking_pkg/scripts/lane_tracking_node.py", line 111, in handle_frame
    lane_center, roi_overlay = detect_lane_center(edges, roi_color, self.debug)
  File "/home/hyeongseon/catkin_ws/src/lane_tracking_pkg/vision/detector.py", line 63, in detect_lane_center
    left_line = _fit_lane(np.vstack(left_points)) if left_points else None
TypeError: _fit_lane() missing 2 required positional arguments: 'y_bottom' and 'y_top'

[rosout][ERROR] 2025-09-20 13:14:46,587: bad callback: <bound method LaneTrackingNode.image_cb of <__main__.LaneTrackingNode object at 0x7f55bef5a1c0>>
Traceback (most recent call last):
  File "/opt/ros/noetic/lib/python3/dist-packages/rospy/topics.py", line 750, in _invoke_callback
    cb(msg)
  File "/home/hyeongseon/catkin_ws/src/lane_tracking_pkg/scripts/lane_tracking_node.py", line 99, in image_cb
    self.handle_frame(frame, msg.header)
  File "/home/hyeongseon/catkin_ws/src/lane_tracking_pkg/scripts/lane_tracking_node.py", line 111, in handle_frame
    lane_center, roi_overlay = detect_lane_center(edges, roi_color, self.debug)
  File "/home/hyeongseon/catkin_ws/src/lane_tracking_pkg/vision/detector.py", line 63, in detect_lane_center
    left_line = _fit_lane(np.vstack(left_points)) if left_points else None
TypeError: _fit_lane() missing 2 required positional arguments: 'y_bottom' and 'y_top'

[rosout][ERROR] 2025-09-20 13:14:46,613: bad callback: <bound method LaneTrackingNode.image_cb of <__main__.LaneTrackingNode object at 0x7f55bef5a1c0>>
Traceback (most recent call last):
  File "/opt/ros/noetic/lib/python3/dist-packages/rospy/topics.py", line 750, in _invoke_callback
    cb(msg)
  File "/home/hyeongseon/catkin_ws/src/lane_tracking_pkg/scripts/lane_tracking_node.py", line 99, in image_cb
    self.handle_frame(frame, msg.header)
  File "/home/hyeongseon/catkin_ws/src/lane_tracking_pkg/scripts/lane_tracking_node.py", line 111, in handle_frame
    lane_center, roi_overlay = detect_lane_center(edges, roi_color, self.debug)
  File "/home/hyeongseon/catkin_ws/src/lane_tracking_pkg/vision/detector.py", line 63, in detect_lane_center
    left_line = _fit_lane(np.vstack(left_points)) if left_points else None
TypeError: _fit_lane() missing 2 required positional arguments: 'y_bottom' and 'y_top'

[rosout][ERROR] 2025-09-20 13:14:46,654: bad callback: <bound method LaneTrackingNode.image_cb of <__main__.LaneTrackingNode object at 0x7f55bef5a1c0>>
Traceback (most recent call last):
  File "/opt/ros/noetic/lib/python3/dist-packages/rospy/topics.py", line 750, in _invoke_callback
    cb(msg)
  File "/home/hyeongseon/catkin_ws/src/lane_tracking_pkg/scripts/lane_tracking_node.py", line 99, in image_cb
    self.handle_frame(frame, msg.header)
  File "/home/hyeongseon/catkin_ws/src/lane_tracking_pkg/scripts/lane_tracking_node.py", line 111, in handle_frame
    lane_center, roi_overlay = detect_lane_center(edges, roi_color, self.debug)
  File "/home/hyeongseon/catkin_ws/src/lane_tracking_pkg/vision/detector.py", line 63, in detect_lane_center
    left_line = _fit_lane(np.vstack(left_points)) if left_points else None
TypeError: _fit_lane() missing 2 required positional arguments: 'y_bottom' and 'y_top'

[rosout][ERROR] 2025-09-20 13:14:46,671: bad callback: <bound method LaneTrackingNode.image_cb of <__main__.LaneTrackingNode object at 0x7f55bef5a1c0>>
Traceback (most recent call last):
  File "/opt/ros/noetic/lib/python3/dist-packages/rospy/topics.py", line 750, in _invoke_callback
    cb(msg)
  File "/home/hyeongseon/catkin_ws/src/lane_tracking_pkg/scripts/lane_tracking_node.py", line 99, in image_cb
    self.handle_frame(frame, msg.header)
  File "/home/hyeongseon/catkin_ws/src/lane_tracking_pkg/scripts/lane_tracking_node.py", line 111, in handle_frame
    lane_center, roi_overlay = detect_lane_center(edges, roi_color, self.debug)
  File "/home/hyeongseon/catkin_ws/src/lane_tracking_pkg/vision/detector.py", line 63, in detect_lane_center
    left_line = _fit_lane(np.vstack(left_points)) if left_points else None
TypeError: _fit_lane() missing 2 required positional arguments: 'y_bottom' and 'y_top'

[rosout][ERROR] 2025-09-20 13:14:46,707: bad callback: <bound method LaneTrackingNode.image_cb of <__main__.LaneTrackingNode object at 0x7f55bef5a1c0>>
Traceback (most recent call last):
  File "/opt/ros/noetic/lib/python3/dist-packages/rospy/topics.py", line 750, in _invoke_callback
    cb(msg)
  File "/home/hyeongseon/catkin_ws/src/lane_tracking_pkg/scripts/lane_tracking_node.py", line 99, in image_cb
    self.handle_frame(frame, msg.header)
  File "/home/hyeongseon/catkin_ws/src/lane_tracking_pkg/scripts/lane_tracking_node.py", line 111, in handle_frame
    lane_center, roi_overlay = detect_lane_center(edges, roi_color, self.debug)
  File "/home/hyeongseon/catkin_ws/src/lane_tracking_pkg/vision/detector.py", line 63, in detect_lane_center
    left_line = _fit_lane(np.vstack(left_points)) if left_points else None
TypeError: _fit_lane() missing 2 required positional arguments: 'y_bottom' and 'y_top'

[rosout][ERROR] 2025-09-20 13:14:46,733: bad callback: <bound method LaneTrackingNode.image_cb of <__main__.LaneTrackingNode object at 0x7f55bef5a1c0>>
Traceback (most recent call last):
  File "/opt/ros/noetic/lib/python3/dist-packages/rospy/topics.py", line 750, in _invoke_callback
    cb(msg)
  File "/home/hyeongseon/catkin_ws/src/lane_tracking_pkg/scripts/lane_tracking_node.py", line 99, in image_cb
    self.handle_frame(frame, msg.header)
  File "/home/hyeongseon/catkin_ws/src/lane_tracking_pkg/scripts/lane_tracking_node.py", line 111, in handle_frame
    lane_center, roi_overlay = detect_lane_center(edges, roi_color, self.debug)
  File "/home/hyeongseon/catkin_ws/src/lane_tracking_pkg/vision/detector.py", line 63, in detect_lane_center
    left_line = _fit_lane(np.vstack(left_points)) if left_points else None
TypeError: _fit_lane() missing 2 required positional arguments: 'y_bottom' and 'y_top'

[rosout][ERROR] 2025-09-20 13:14:46,758: bad callback: <bound method LaneTrackingNode.image_cb of <__main__.LaneTrackingNode object at 0x7f55bef5a1c0>>
Traceback (most recent call last):
  File "/opt/ros/noetic/lib/python3/dist-packages/rospy/topics.py", line 750, in _invoke_callback
    cb(msg)
  File "/home/hyeongseon/catkin_ws/src/lane_tracking_pkg/scripts/lane_tracking_node.py", line 99, in image_cb
    self.handle_frame(frame, msg.header)
  File "/home/hyeongseon/catkin_ws/src/lane_tracking_pkg/scripts/lane_tracking_node.py", line 111, in handle_frame
    lane_center, roi_overlay = detect_lane_center(edges, roi_color, self.debug)
  File "/home/hyeongseon/catkin_ws/src/lane_tracking_pkg/vision/detector.py", line 63, in detect_lane_center
    left_line = _fit_lane(np.vstack(left_points)) if left_points else None
TypeError: _fit_lane() missing 2 required positional arguments: 'y_bottom' and 'y_top'

[rosout][ERROR] 2025-09-20 13:14:46,796: bad callback: <bound method LaneTrackingNode.image_cb of <__main__.LaneTrackingNode object at 0x7f55bef5a1c0>>
Traceback (most recent call last):
  File "/opt/ros/noetic/lib/python3/dist-packages/rospy/topics.py", line 750, in _invoke_callback
    cb(msg)
  File "/home/hyeongseon/catkin_ws/src/lane_tracking_pkg/scripts/lane_tracking_node.py", line 99, in image_cb
    self.handle_frame(frame, msg.header)
  File "/home/hyeongseon/catkin_ws/src/lane_tracking_pkg/scripts/lane_tracking_node.py", line 111, in handle_frame
    lane_center, roi_overlay = detect_lane_center(edges, roi_color, self.debug)
  File "/home/hyeongseon/catkin_ws/src/lane_tracking_pkg/vision/detector.py", line 63, in detect_lane_center
    left_line = _fit_lane(np.vstack(left_points)) if left_points else None
TypeError: _fit_lane() missing 2 required positional arguments: 'y_bottom' and 'y_top'

[rosout][ERROR] 2025-09-20 13:14:46,817: bad callback: <bound method LaneTrackingNode.image_cb of <__main__.LaneTrackingNode object at 0x7f55bef5a1c0>>
Traceback (most recent call last):
  File "/opt/ros/noetic/lib/python3/dist-packages/rospy/topics.py", line 750, in _invoke_callback
    cb(msg)
  File "/home/hyeongseon/catkin_ws/src/lane_tracking_pkg/scripts/lane_tracking_node.py", line 99, in image_cb
    self.handle_frame(frame, msg.header)
  File "/home/hyeongseon/catkin_ws/src/lane_tracking_pkg/scripts/lane_tracking_node.py", line 111, in handle_frame
    lane_center, roi_overlay = detect_lane_center(edges, roi_color, self.debug)
  File "/home/hyeongseon/catkin_ws/src/lane_tracking_pkg/vision/detector.py", line 63, in detect_lane_center
    left_line = _fit_lane(np.vstack(left_points)) if left_points else None
TypeError: _fit_lane() missing 2 required positional arguments: 'y_bottom' and 'y_top'

[rosout][ERROR] 2025-09-20 13:14:46,858: bad callback: <bound method LaneTrackingNode.image_cb of <__main__.LaneTrackingNode object at 0x7f55bef5a1c0>>
Traceback (most recent call last):
  File "/opt/ros/noetic/lib/python3/dist-packages/rospy/topics.py", line 750, in _invoke_callback
    cb(msg)
  File "/home/hyeongseon/catkin_ws/src/lane_tracking_pkg/scripts/lane_tracking_node.py", line 99, in image_cb
    self.handle_frame(frame, msg.header)
  File "/home/hyeongseon/catkin_ws/src/lane_tracking_pkg/scripts/lane_tracking_node.py", line 111, in handle_frame
    lane_center, roi_overlay = detect_lane_center(edges, roi_color, self.debug)
  File "/home/hyeongseon/catkin_ws/src/lane_tracking_pkg/vision/detector.py", line 63, in detect_lane_center
    left_line = _fit_lane(np.vstack(left_points)) if left_points else None
TypeError: _fit_lane() missing 2 required positional arguments: 'y_bottom' and 'y_top'

[rosout][ERROR] 2025-09-20 13:14:46,905: bad callback: <bound method LaneTrackingNode.image_cb of <__main__.LaneTrackingNode object at 0x7f55bef5a1c0>>
Traceback (most recent call last):
  File "/opt/ros/noetic/lib/python3/dist-packages/rospy/topics.py", line 750, in _invoke_callback
    cb(msg)
  File "/home/hyeongseon/catkin_ws/src/lane_tracking_pkg/scripts/lane_tracking_node.py", line 99, in image_cb
    self.handle_frame(frame, msg.header)
  File "/home/hyeongseon/catkin_ws/src/lane_tracking_pkg/scripts/lane_tracking_node.py", line 111, in handle_frame
    lane_center, roi_overlay = detect_lane_center(edges, roi_color, self.debug)
  File "/home/hyeongseon/catkin_ws/src/lane_tracking_pkg/vision/detector.py", line 63, in detect_lane_center
    left_line = _fit_lane(np.vstack(left_points)) if left_points else None
TypeError: _fit_lane() missing 2 required positional arguments: 'y_bottom' and 'y_top'

[rosout][ERROR] 2025-09-20 13:14:46,950: bad callback: <bound method LaneTrackingNode.image_cb of <__main__.LaneTrackingNode object at 0x7f55bef5a1c0>>
Traceback (most recent call last):
  File "/opt/ros/noetic/lib/python3/dist-packages/rospy/topics.py", line 750, in _invoke_callback
    cb(msg)
  File "/home/hyeongseon/catkin_ws/src/lane_tracking_pkg/scripts/lane_tracking_node.py", line 99, in image_cb
    self.handle_frame(frame, msg.header)
  File "/home/hyeongseon/catkin_ws/src/lane_tracking_pkg/scripts/lane_tracking_node.py", line 111, in handle_frame
    lane_center, roi_overlay = detect_lane_center(edges, roi_color, self.debug)
  File "/home/hyeongseon/catkin_ws/src/lane_tracking_pkg/vision/detector.py", line 63, in detect_lane_center
    left_line = _fit_lane(np.vstack(left_points)) if left_points else None
TypeError: _fit_lane() missing 2 required positional arguments: 'y_bottom' and 'y_top'

[rosout][ERROR] 2025-09-20 13:14:46,976: bad callback: <bound method LaneTrackingNode.image_cb of <__main__.LaneTrackingNode object at 0x7f55bef5a1c0>>
Traceback (most recent call last):
  File "/opt/ros/noetic/lib/python3/dist-packages/rospy/topics.py", line 750, in _invoke_callback
    cb(msg)
  File "/home/hyeongseon/catkin_ws/src/lane_tracking_pkg/scripts/lane_tracking_node.py", line 99, in image_cb
    self.handle_frame(frame, msg.header)
  File "/home/hyeongseon/catkin_ws/src/lane_tracking_pkg/scripts/lane_tracking_node.py", line 111, in handle_frame
    lane_center, roi_overlay = detect_lane_center(edges, roi_color, self.debug)
  File "/home/hyeongseon/catkin_ws/src/lane_tracking_pkg/vision/detector.py", line 63, in detect_lane_center
    left_line = _fit_lane(np.vstack(left_points)) if left_points else None
TypeError: _fit_lane() missing 2 required positional arguments: 'y_bottom' and 'y_top'

[rosout][ERROR] 2025-09-20 13:14:46,999: bad callback: <bound method LaneTrackingNode.image_cb of <__main__.LaneTrackingNode object at 0x7f55bef5a1c0>>
Traceback (most recent call last):
  File "/opt/ros/noetic/lib/python3/dist-packages/rospy/topics.py", line 750, in _invoke_callback
    cb(msg)
  File "/home/hyeongseon/catkin_ws/src/lane_tracking_pkg/scripts/lane_tracking_node.py", line 99, in image_cb
    self.handle_frame(frame, msg.header)
  File "/home/hyeongseon/catkin_ws/src/lane_tracking_pkg/scripts/lane_tracking_node.py", line 111, in handle_frame
    lane_center, roi_overlay = detect_lane_center(edges, roi_color, self.debug)
  File "/home/hyeongseon/catkin_ws/src/lane_tracking_pkg/vision/detector.py", line 63, in detect_lane_center
    left_line = _fit_lane(np.vstack(left_points)) if left_points else None
TypeError: _fit_lane() missing 2 required positional arguments: 'y_bottom' and 'y_top'

[rosout][ERROR] 2025-09-20 13:14:47,025: bad callback: <bound method LaneTrackingNode.image_cb of <__main__.LaneTrackingNode object at 0x7f55bef5a1c0>>
Traceback (most recent call last):
  File "/opt/ros/noetic/lib/python3/dist-packages/rospy/topics.py", line 750, in _invoke_callback
    cb(msg)
  File "/home/hyeongseon/catkin_ws/src/lane_tracking_pkg/scripts/lane_tracking_node.py", line 99, in image_cb
    self.handle_frame(frame, msg.header)
  File "/home/hyeongseon/catkin_ws/src/lane_tracking_pkg/scripts/lane_tracking_node.py", line 111, in handle_frame
    lane_center, roi_overlay = detect_lane_center(edges, roi_color, self.debug)
  File "/home/hyeongseon/catkin_ws/src/lane_tracking_pkg/vision/detector.py", line 63, in detect_lane_center
    left_line = _fit_lane(np.vstack(left_points)) if left_points else None
TypeError: _fit_lane() missing 2 required positional arguments: 'y_bottom' and 'y_top'

[rosout][ERROR] 2025-09-20 13:14:47,048: bad callback: <bound method LaneTrackingNode.image_cb of <__main__.LaneTrackingNode object at 0x7f55bef5a1c0>>
Traceback (most recent call last):
  File "/opt/ros/noetic/lib/python3/dist-packages/rospy/topics.py", line 750, in _invoke_callback
    cb(msg)
  File "/home/hyeongseon/catkin_ws/src/lane_tracking_pkg/scripts/lane_tracking_node.py", line 99, in image_cb
    self.handle_frame(frame, msg.header)
  File "/home/hyeongseon/catkin_ws/src/lane_tracking_pkg/scripts/lane_tracking_node.py", line 111, in handle_frame
    lane_center, roi_overlay = detect_lane_center(edges, roi_color, self.debug)
  File "/home/hyeongseon/catkin_ws/src/lane_tracking_pkg/vision/detector.py", line 63, in detect_lane_center
    left_line = _fit_lane(np.vstack(left_points)) if left_points else None
TypeError: _fit_lane() missing 2 required positional arguments: 'y_bottom' and 'y_top'

[rosout][ERROR] 2025-09-20 13:14:47,078: bad callback: <bound method LaneTrackingNode.image_cb of <__main__.LaneTrackingNode object at 0x7f55bef5a1c0>>
Traceback (most recent call last):
  File "/opt/ros/noetic/lib/python3/dist-packages/rospy/topics.py", line 750, in _invoke_callback
    cb(msg)
  File "/home/hyeongseon/catkin_ws/src/lane_tracking_pkg/scripts/lane_tracking_node.py", line 99, in image_cb
    self.handle_frame(frame, msg.header)
  File "/home/hyeongseon/catkin_ws/src/lane_tracking_pkg/scripts/lane_tracking_node.py", line 111, in handle_frame
    lane_center, roi_overlay = detect_lane_center(edges, roi_color, self.debug)
  File "/home/hyeongseon/catkin_ws/src/lane_tracking_pkg/vision/detector.py", line 63, in detect_lane_center
    left_line = _fit_lane(np.vstack(left_points)) if left_points else None
TypeError: _fit_lane() missing 2 required positional arguments: 'y_bottom' and 'y_top'

[rosout][ERROR] 2025-09-20 13:14:47,108: bad callback: <bound method LaneTrackingNode.image_cb of <__main__.LaneTrackingNode object at 0x7f55bef5a1c0>>
Traceback (most recent call last):
  File "/opt/ros/noetic/lib/python3/dist-packages/rospy/topics.py", line 750, in _invoke_callback
    cb(msg)
  File "/home/hyeongseon/catkin_ws/src/lane_tracking_pkg/scripts/lane_tracking_node.py", line 99, in image_cb
    self.handle_frame(frame, msg.header)
  File "/home/hyeongseon/catkin_ws/src/lane_tracking_pkg/scripts/lane_tracking_node.py", line 111, in handle_frame
    lane_center, roi_overlay = detect_lane_center(edges, roi_color, self.debug)
  File "/home/hyeongseon/catkin_ws/src/lane_tracking_pkg/vision/detector.py", line 63, in detect_lane_center
    left_line = _fit_lane(np.vstack(left_points)) if left_points else None
TypeError: _fit_lane() missing 2 required positional arguments: 'y_bottom' and 'y_top'

[rosout][ERROR] 2025-09-20 13:14:47,146: bad callback: <bound method LaneTrackingNode.image_cb of <__main__.LaneTrackingNode object at 0x7f55bef5a1c0>>
Traceback (most recent call last):
  File "/opt/ros/noetic/lib/python3/dist-packages/rospy/topics.py", line 750, in _invoke_callback
    cb(msg)
  File "/home/hyeongseon/catkin_ws/src/lane_tracking_pkg/scripts/lane_tracking_node.py", line 99, in image_cb
    self.handle_frame(frame, msg.header)
  File "/home/hyeongseon/catkin_ws/src/lane_tracking_pkg/scripts/lane_tracking_node.py", line 111, in handle_frame
    lane_center, roi_overlay = detect_lane_center(edges, roi_color, self.debug)
  File "/home/hyeongseon/catkin_ws/src/lane_tracking_pkg/vision/detector.py", line 63, in detect_lane_center
    left_line = _fit_lane(np.vstack(left_points)) if left_points else None
TypeError: _fit_lane() missing 2 required positional arguments: 'y_bottom' and 'y_top'

[rosout][ERROR] 2025-09-20 13:14:47,187: bad callback: <bound method LaneTrackingNode.image_cb of <__main__.LaneTrackingNode object at 0x7f55bef5a1c0>>
Traceback (most recent call last):
  File "/opt/ros/noetic/lib/python3/dist-packages/rospy/topics.py", line 750, in _invoke_callback
    cb(msg)
  File "/home/hyeongseon/catkin_ws/src/lane_tracking_pkg/scripts/lane_tracking_node.py", line 99, in image_cb
    self.handle_frame(frame, msg.header)
  File "/home/hyeongseon/catkin_ws/src/lane_tracking_pkg/scripts/lane_tracking_node.py", line 111, in handle_frame
    lane_center, roi_overlay = detect_lane_center(edges, roi_color, self.debug)
  File "/home/hyeongseon/catkin_ws/src/lane_tracking_pkg/vision/detector.py", line 63, in detect_lane_center
    left_line = _fit_lane(np.vstack(left_points)) if left_points else None
TypeError: _fit_lane() missing 2 required positional arguments: 'y_bottom' and 'y_top'

[rosout][ERROR] 2025-09-20 13:14:47,222: bad callback: <bound method LaneTrackingNode.image_cb of <__main__.LaneTrackingNode object at 0x7f55bef5a1c0>>
Traceback (most recent call last):
  File "/opt/ros/noetic/lib/python3/dist-packages/rospy/topics.py", line 750, in _invoke_callback
    cb(msg)
  File "/home/hyeongseon/catkin_ws/src/lane_tracking_pkg/scripts/lane_tracking_node.py", line 99, in image_cb
    self.handle_frame(frame, msg.header)
  File "/home/hyeongseon/catkin_ws/src/lane_tracking_pkg/scripts/lane_tracking_node.py", line 111, in handle_frame
    lane_center, roi_overlay = detect_lane_center(edges, roi_color, self.debug)
  File "/home/hyeongseon/catkin_ws/src/lane_tracking_pkg/vision/detector.py", line 63, in detect_lane_center
    left_line = _fit_lane(np.vstack(left_points)) if left_points else None
TypeError: _fit_lane() missing 2 required positional arguments: 'y_bottom' and 'y_top'

[rosout][ERROR] 2025-09-20 13:14:47,237: bad callback: <bound method LaneTrackingNode.image_cb of <__main__.LaneTrackingNode object at 0x7f55bef5a1c0>>
Traceback (most recent call last):
  File "/opt/ros/noetic/lib/python3/dist-packages/rospy/topics.py", line 750, in _invoke_callback
    cb(msg)
  File "/home/hyeongseon/catkin_ws/src/lane_tracking_pkg/scripts/lane_tracking_node.py", line 99, in image_cb
    self.handle_frame(frame, msg.header)
  File "/home/hyeongseon/catkin_ws/src/lane_tracking_pkg/scripts/lane_tracking_node.py", line 111, in handle_frame
    lane_center, roi_overlay = detect_lane_center(edges, roi_color, self.debug)
  File "/home/hyeongseon/catkin_ws/src/lane_tracking_pkg/vision/detector.py", line 63, in detect_lane_center
    left_line = _fit_lane(np.vstack(left_points)) if left_points else None
TypeError: _fit_lane() missing 2 required positional arguments: 'y_bottom' and 'y_top'

[rosout][ERROR] 2025-09-20 13:14:47,284: bad callback: <bound method LaneTrackingNode.image_cb of <__main__.LaneTrackingNode object at 0x7f55bef5a1c0>>
Traceback (most recent call last):
  File "/opt/ros/noetic/lib/python3/dist-packages/rospy/topics.py", line 750, in _invoke_callback
    cb(msg)
  File "/home/hyeongseon/catkin_ws/src/lane_tracking_pkg/scripts/lane_tracking_node.py", line 99, in image_cb
    self.handle_frame(frame, msg.header)
  File "/home/hyeongseon/catkin_ws/src/lane_tracking_pkg/scripts/lane_tracking_node.py", line 111, in handle_frame
    lane_center, roi_overlay = detect_lane_center(edges, roi_color, self.debug)
  File "/home/hyeongseon/catkin_ws/src/lane_tracking_pkg/vision/detector.py", line 63, in detect_lane_center
    left_line = _fit_lane(np.vstack(left_points)) if left_points else None
TypeError: _fit_lane() missing 2 required positional arguments: 'y_bottom' and 'y_top'

[rosout][ERROR] 2025-09-20 13:14:47,307: bad callback: <bound method LaneTrackingNode.image_cb of <__main__.LaneTrackingNode object at 0x7f55bef5a1c0>>
Traceback (most recent call last):
  File "/opt/ros/noetic/lib/python3/dist-packages/rospy/topics.py", line 750, in _invoke_callback
    cb(msg)
  File "/home/hyeongseon/catkin_ws/src/lane_tracking_pkg/scripts/lane_tracking_node.py", line 99, in image_cb
    self.handle_frame(frame, msg.header)
  File "/home/hyeongseon/catkin_ws/src/lane_tracking_pkg/scripts/lane_tracking_node.py", line 111, in handle_frame
    lane_center, roi_overlay = detect_lane_center(edges, roi_color, self.debug)
  File "/home/hyeongseon/catkin_ws/src/lane_tracking_pkg/vision/detector.py", line 63, in detect_lane_center
    left_line = _fit_lane(np.vstack(left_points)) if left_points else None
TypeError: _fit_lane() missing 2 required positional arguments: 'y_bottom' and 'y_top'

[rosout][ERROR] 2025-09-20 13:14:47,345: bad callback: <bound method LaneTrackingNode.image_cb of <__main__.LaneTrackingNode object at 0x7f55bef5a1c0>>
Traceback (most recent call last):
  File "/opt/ros/noetic/lib/python3/dist-packages/rospy/topics.py", line 750, in _invoke_callback
    cb(msg)
  File "/home/hyeongseon/catkin_ws/src/lane_tracking_pkg/scripts/lane_tracking_node.py", line 99, in image_cb
    self.handle_frame(frame, msg.header)
  File "/home/hyeongseon/catkin_ws/src/lane_tracking_pkg/scripts/lane_tracking_node.py", line 111, in handle_frame
    lane_center, roi_overlay = detect_lane_center(edges, roi_color, self.debug)
  File "/home/hyeongseon/catkin_ws/src/lane_tracking_pkg/vision/detector.py", line 63, in detect_lane_center
    left_line = _fit_lane(np.vstack(left_points)) if left_points else None
TypeError: _fit_lane() missing 2 required positional arguments: 'y_bottom' and 'y_top'

[rosout][ERROR] 2025-09-20 13:14:47,392: bad callback: <bound method LaneTrackingNode.image_cb of <__main__.LaneTrackingNode object at 0x7f55bef5a1c0>>
Traceback (most recent call last):
  File "/opt/ros/noetic/lib/python3/dist-packages/rospy/topics.py", line 750, in _invoke_callback
    cb(msg)
  File "/home/hyeongseon/catkin_ws/src/lane_tracking_pkg/scripts/lane_tracking_node.py", line 99, in image_cb
    self.handle_frame(frame, msg.header)
  File "/home/hyeongseon/catkin_ws/src/lane_tracking_pkg/scripts/lane_tracking_node.py", line 111, in handle_frame
    lane_center, roi_overlay = detect_lane_center(edges, roi_color, self.debug)
  File "/home/hyeongseon/catkin_ws/src/lane_tracking_pkg/vision/detector.py", line 63, in detect_lane_center
    left_line = _fit_lane(np.vstack(left_points)) if left_points else None
TypeError: _fit_lane() missing 2 required positional arguments: 'y_bottom' and 'y_top'

[rosout][ERROR] 2025-09-20 13:14:47,430: bad callback: <bound method LaneTrackingNode.image_cb of <__main__.LaneTrackingNode object at 0x7f55bef5a1c0>>
Traceback (most recent call last):
  File "/opt/ros/noetic/lib/python3/dist-packages/rospy/topics.py", line 750, in _invoke_callback
    cb(msg)
  File "/home/hyeongseon/catkin_ws/src/lane_tracking_pkg/scripts/lane_tracking_node.py", line 99, in image_cb
    self.handle_frame(frame, msg.header)
  File "/home/hyeongseon/catkin_ws/src/lane_tracking_pkg/scripts/lane_tracking_node.py", line 111, in handle_frame
    lane_center, roi_overlay = detect_lane_center(edges, roi_color, self.debug)
  File "/home/hyeongseon/catkin_ws/src/lane_tracking_pkg/vision/detector.py", line 63, in detect_lane_center
    left_line = _fit_lane(np.vstack(left_points)) if left_points else None
TypeError: _fit_lane() missing 2 required positional arguments: 'y_bottom' and 'y_top'

[rosout][ERROR] 2025-09-20 13:14:47,444: bad callback: <bound method LaneTrackingNode.image_cb of <__main__.LaneTrackingNode object at 0x7f55bef5a1c0>>
Traceback (most recent call last):
  File "/opt/ros/noetic/lib/python3/dist-packages/rospy/topics.py", line 750, in _invoke_callback
    cb(msg)
  File "/home/hyeongseon/catkin_ws/src/lane_tracking_pkg/scripts/lane_tracking_node.py", line 99, in image_cb
    self.handle_frame(frame, msg.header)
  File "/home/hyeongseon/catkin_ws/src/lane_tracking_pkg/scripts/lane_tracking_node.py", line 111, in handle_frame
    lane_center, roi_overlay = detect_lane_center(edges, roi_color, self.debug)
  File "/home/hyeongseon/catkin_ws/src/lane_tracking_pkg/vision/detector.py", line 63, in detect_lane_center
    left_line = _fit_lane(np.vstack(left_points)) if left_points else None
TypeError: _fit_lane() missing 2 required positional arguments: 'y_bottom' and 'y_top'

[rosout][ERROR] 2025-09-20 13:14:47,490: bad callback: <bound method LaneTrackingNode.image_cb of <__main__.LaneTrackingNode object at 0x7f55bef5a1c0>>
Traceback (most recent call last):
  File "/opt/ros/noetic/lib/python3/dist-packages/rospy/topics.py", line 750, in _invoke_callback
    cb(msg)
  File "/home/hyeongseon/catkin_ws/src/lane_tracking_pkg/scripts/lane_tracking_node.py", line 99, in image_cb
    self.handle_frame(frame, msg.header)
  File "/home/hyeongseon/catkin_ws/src/lane_tracking_pkg/scripts/lane_tracking_node.py", line 111, in handle_frame
    lane_center, roi_overlay = detect_lane_center(edges, roi_color, self.debug)
  File "/home/hyeongseon/catkin_ws/src/lane_tracking_pkg/vision/detector.py", line 63, in detect_lane_center
    left_line = _fit_lane(np.vstack(left_points)) if left_points else None
TypeError: _fit_lane() missing 2 required positional arguments: 'y_bottom' and 'y_top'

[rosout][ERROR] 2025-09-20 13:14:47,514: bad callback: <bound method LaneTrackingNode.image_cb of <__main__.LaneTrackingNode object at 0x7f55bef5a1c0>>
Traceback (most recent call last):
  File "/opt/ros/noetic/lib/python3/dist-packages/rospy/topics.py", line 750, in _invoke_callback
    cb(msg)
  File "/home/hyeongseon/catkin_ws/src/lane_tracking_pkg/scripts/lane_tracking_node.py", line 99, in image_cb
    self.handle_frame(frame, msg.header)
  File "/home/hyeongseon/catkin_ws/src/lane_tracking_pkg/scripts/lane_tracking_node.py", line 111, in handle_frame
    lane_center, roi_overlay = detect_lane_center(edges, roi_color, self.debug)
  File "/home/hyeongseon/catkin_ws/src/lane_tracking_pkg/vision/detector.py", line 63, in detect_lane_center
    left_line = _fit_lane(np.vstack(left_points)) if left_points else None
TypeError: _fit_lane() missing 2 required positional arguments: 'y_bottom' and 'y_top'

[rosout][ERROR] 2025-09-20 13:14:47,546: bad callback: <bound method LaneTrackingNode.image_cb of <__main__.LaneTrackingNode object at 0x7f55bef5a1c0>>
Traceback (most recent call last):
  File "/opt/ros/noetic/lib/python3/dist-packages/rospy/topics.py", line 750, in _invoke_callback
    cb(msg)
  File "/home/hyeongseon/catkin_ws/src/lane_tracking_pkg/scripts/lane_tracking_node.py", line 99, in image_cb
    self.handle_frame(frame, msg.header)
  File "/home/hyeongseon/catkin_ws/src/lane_tracking_pkg/scripts/lane_tracking_node.py", line 111, in handle_frame
    lane_center, roi_overlay = detect_lane_center(edges, roi_color, self.debug)
  File "/home/hyeongseon/catkin_ws/src/lane_tracking_pkg/vision/detector.py", line 63, in detect_lane_center
    left_line = _fit_lane(np.vstack(left_points)) if left_points else None
TypeError: _fit_lane() missing 2 required positional arguments: 'y_bottom' and 'y_top'

[rosout][ERROR] 2025-09-20 13:14:47,590: bad callback: <bound method LaneTrackingNode.image_cb of <__main__.LaneTrackingNode object at 0x7f55bef5a1c0>>
Traceback (most recent call last):
  File "/opt/ros/noetic/lib/python3/dist-packages/rospy/topics.py", line 750, in _invoke_callback
    cb(msg)
  File "/home/hyeongseon/catkin_ws/src/lane_tracking_pkg/scripts/lane_tracking_node.py", line 99, in image_cb
    self.handle_frame(frame, msg.header)
  File "/home/hyeongseon/catkin_ws/src/lane_tracking_pkg/scripts/lane_tracking_node.py", line 111, in handle_frame
    lane_center, roi_overlay = detect_lane_center(edges, roi_color, self.debug)
  File "/home/hyeongseon/catkin_ws/src/lane_tracking_pkg/vision/detector.py", line 63, in detect_lane_center
    left_line = _fit_lane(np.vstack(left_points)) if left_points else None
TypeError: _fit_lane() missing 2 required positional arguments: 'y_bottom' and 'y_top'

[rosout][ERROR] 2025-09-20 13:14:47,614: bad callback: <bound method LaneTrackingNode.image_cb of <__main__.LaneTrackingNode object at 0x7f55bef5a1c0>>
Traceback (most recent call last):
  File "/opt/ros/noetic/lib/python3/dist-packages/rospy/topics.py", line 750, in _invoke_callback
    cb(msg)
  File "/home/hyeongseon/catkin_ws/src/lane_tracking_pkg/scripts/lane_tracking_node.py", line 99, in image_cb
    self.handle_frame(frame, msg.header)
  File "/home/hyeongseon/catkin_ws/src/lane_tracking_pkg/scripts/lane_tracking_node.py", line 111, in handle_frame
    lane_center, roi_overlay = detect_lane_center(edges, roi_color, self.debug)
  File "/home/hyeongseon/catkin_ws/src/lane_tracking_pkg/vision/detector.py", line 63, in detect_lane_center
    left_line = _fit_lane(np.vstack(left_points)) if left_points else None
TypeError: _fit_lane() missing 2 required positional arguments: 'y_bottom' and 'y_top'

[rosout][ERROR] 2025-09-20 13:14:47,648: bad callback: <bound method LaneTrackingNode.image_cb of <__main__.LaneTrackingNode object at 0x7f55bef5a1c0>>
Traceback (most recent call last):
  File "/opt/ros/noetic/lib/python3/dist-packages/rospy/topics.py", line 750, in _invoke_callback
    cb(msg)
  File "/home/hyeongseon/catkin_ws/src/lane_tracking_pkg/scripts/lane_tracking_node.py", line 99, in image_cb
    self.handle_frame(frame, msg.header)
  File "/home/hyeongseon/catkin_ws/src/lane_tracking_pkg/scripts/lane_tracking_node.py", line 111, in handle_frame
    lane_center, roi_overlay = detect_lane_center(edges, roi_color, self.debug)
  File "/home/hyeongseon/catkin_ws/src/lane_tracking_pkg/vision/detector.py", line 63, in detect_lane_center
    left_line = _fit_lane(np.vstack(left_points)) if left_points else None
TypeError: _fit_lane() missing 2 required positional arguments: 'y_bottom' and 'y_top'

[rosout][ERROR] 2025-09-20 13:14:47,664: bad callback: <bound method LaneTrackingNode.image_cb of <__main__.LaneTrackingNode object at 0x7f55bef5a1c0>>
Traceback (most recent call last):
  File "/opt/ros/noetic/lib/python3/dist-packages/rospy/topics.py", line 750, in _invoke_callback
    cb(msg)
  File "/home/hyeongseon/catkin_ws/src/lane_tracking_pkg/scripts/lane_tracking_node.py", line 99, in image_cb
    self.handle_frame(frame, msg.header)
  File "/home/hyeongseon/catkin_ws/src/lane_tracking_pkg/scripts/lane_tracking_node.py", line 111, in handle_frame
    lane_center, roi_overlay = detect_lane_center(edges, roi_color, self.debug)
  File "/home/hyeongseon/catkin_ws/src/lane_tracking_pkg/vision/detector.py", line 63, in detect_lane_center
    left_line = _fit_lane(np.vstack(left_points)) if left_points else None
TypeError: _fit_lane() missing 2 required positional arguments: 'y_bottom' and 'y_top'

[rosout][ERROR] 2025-09-20 13:14:47,736: bad callback: <bound method LaneTrackingNode.image_cb of <__main__.LaneTrackingNode object at 0x7f55bef5a1c0>>
Traceback (most recent call last):
  File "/opt/ros/noetic/lib/python3/dist-packages/rospy/topics.py", line 750, in _invoke_callback
    cb(msg)
  File "/home/hyeongseon/catkin_ws/src/lane_tracking_pkg/scripts/lane_tracking_node.py", line 99, in image_cb
    self.handle_frame(frame, msg.header)
  File "/home/hyeongseon/catkin_ws/src/lane_tracking_pkg/scripts/lane_tracking_node.py", line 111, in handle_frame
    lane_center, roi_overlay = detect_lane_center(edges, roi_color, self.debug)
  File "/home/hyeongseon/catkin_ws/src/lane_tracking_pkg/vision/detector.py", line 63, in detect_lane_center
    left_line = _fit_lane(np.vstack(left_points)) if left_points else None
TypeError: _fit_lane() missing 2 required positional arguments: 'y_bottom' and 'y_top'

[rosout][ERROR] 2025-09-20 13:14:47,784: bad callback: <bound method LaneTrackingNode.image_cb of <__main__.LaneTrackingNode object at 0x7f55bef5a1c0>>
Traceback (most recent call last):
  File "/opt/ros/noetic/lib/python3/dist-packages/rospy/topics.py", line 750, in _invoke_callback
    cb(msg)
  File "/home/hyeongseon/catkin_ws/src/lane_tracking_pkg/scripts/lane_tracking_node.py", line 99, in image_cb
    self.handle_frame(frame, msg.header)
  File "/home/hyeongseon/catkin_ws/src/lane_tracking_pkg/scripts/lane_tracking_node.py", line 111, in handle_frame
    lane_center, roi_overlay = detect_lane_center(edges, roi_color, self.debug)
  File "/home/hyeongseon/catkin_ws/src/lane_tracking_pkg/vision/detector.py", line 63, in detect_lane_center
    left_line = _fit_lane(np.vstack(left_points)) if left_points else None
TypeError: _fit_lane() missing 2 required positional arguments: 'y_bottom' and 'y_top'

[rosout][ERROR] 2025-09-20 13:14:47,795: bad callback: <bound method LaneTrackingNode.image_cb of <__main__.LaneTrackingNode object at 0x7f55bef5a1c0>>
Traceback (most recent call last):
  File "/opt/ros/noetic/lib/python3/dist-packages/rospy/topics.py", line 750, in _invoke_callback
    cb(msg)
  File "/home/hyeongseon/catkin_ws/src/lane_tracking_pkg/scripts/lane_tracking_node.py", line 99, in image_cb
    self.handle_frame(frame, msg.header)
  File "/home/hyeongseon/catkin_ws/src/lane_tracking_pkg/scripts/lane_tracking_node.py", line 111, in handle_frame
    lane_center, roi_overlay = detect_lane_center(edges, roi_color, self.debug)
  File "/home/hyeongseon/catkin_ws/src/lane_tracking_pkg/vision/detector.py", line 63, in detect_lane_center
    left_line = _fit_lane(np.vstack(left_points)) if left_points else None
TypeError: _fit_lane() missing 2 required positional arguments: 'y_bottom' and 'y_top'

[rosout][ERROR] 2025-09-20 13:14:47,817: bad callback: <bound method LaneTrackingNode.image_cb of <__main__.LaneTrackingNode object at 0x7f55bef5a1c0>>
Traceback (most recent call last):
  File "/opt/ros/noetic/lib/python3/dist-packages/rospy/topics.py", line 750, in _invoke_callback
    cb(msg)
  File "/home/hyeongseon/catkin_ws/src/lane_tracking_pkg/scripts/lane_tracking_node.py", line 99, in image_cb
    self.handle_frame(frame, msg.header)
  File "/home/hyeongseon/catkin_ws/src/lane_tracking_pkg/scripts/lane_tracking_node.py", line 111, in handle_frame
    lane_center, roi_overlay = detect_lane_center(edges, roi_color, self.debug)
  File "/home/hyeongseon/catkin_ws/src/lane_tracking_pkg/vision/detector.py", line 63, in detect_lane_center
    left_line = _fit_lane(np.vstack(left_points)) if left_points else None
TypeError: _fit_lane() missing 2 required positional arguments: 'y_bottom' and 'y_top'

[rosout][ERROR] 2025-09-20 13:14:47,843: bad callback: <bound method LaneTrackingNode.image_cb of <__main__.LaneTrackingNode object at 0x7f55bef5a1c0>>
Traceback (most recent call last):
  File "/opt/ros/noetic/lib/python3/dist-packages/rospy/topics.py", line 750, in _invoke_callback
    cb(msg)
  File "/home/hyeongseon/catkin_ws/src/lane_tracking_pkg/scripts/lane_tracking_node.py", line 99, in image_cb
    self.handle_frame(frame, msg.header)
  File "/home/hyeongseon/catkin_ws/src/lane_tracking_pkg/scripts/lane_tracking_node.py", line 111, in handle_frame
    lane_center, roi_overlay = detect_lane_center(edges, roi_color, self.debug)
  File "/home/hyeongseon/catkin_ws/src/lane_tracking_pkg/vision/detector.py", line 63, in detect_lane_center
    left_line = _fit_lane(np.vstack(left_points)) if left_points else None
TypeError: _fit_lane() missing 2 required positional arguments: 'y_bottom' and 'y_top'

[rosout][ERROR] 2025-09-20 13:14:47,870: bad callback: <bound method LaneTrackingNode.image_cb of <__main__.LaneTrackingNode object at 0x7f55bef5a1c0>>
Traceback (most recent call last):
  File "/opt/ros/noetic/lib/python3/dist-packages/rospy/topics.py", line 750, in _invoke_callback
    cb(msg)
  File "/home/hyeongseon/catkin_ws/src/lane_tracking_pkg/scripts/lane_tracking_node.py", line 99, in image_cb
    self.handle_frame(frame, msg.header)
  File "/home/hyeongseon/catkin_ws/src/lane_tracking_pkg/scripts/lane_tracking_node.py", line 111, in handle_frame
    lane_center, roi_overlay = detect_lane_center(edges, roi_color, self.debug)
  File "/home/hyeongseon/catkin_ws/src/lane_tracking_pkg/vision/detector.py", line 63, in detect_lane_center
    left_line = _fit_lane(np.vstack(left_points)) if left_points else None
TypeError: _fit_lane() missing 2 required positional arguments: 'y_bottom' and 'y_top'

[rosout][ERROR] 2025-09-20 13:14:47,902: bad callback: <bound method LaneTrackingNode.image_cb of <__main__.LaneTrackingNode object at 0x7f55bef5a1c0>>
Traceback (most recent call last):
  File "/opt/ros/noetic/lib/python3/dist-packages/rospy/topics.py", line 750, in _invoke_callback
    cb(msg)
  File "/home/hyeongseon/catkin_ws/src/lane_tracking_pkg/scripts/lane_tracking_node.py", line 99, in image_cb
    self.handle_frame(frame, msg.header)
  File "/home/hyeongseon/catkin_ws/src/lane_tracking_pkg/scripts/lane_tracking_node.py", line 111, in handle_frame
    lane_center, roi_overlay = detect_lane_center(edges, roi_color, self.debug)
  File "/home/hyeongseon/catkin_ws/src/lane_tracking_pkg/vision/detector.py", line 63, in detect_lane_center
    left_line = _fit_lane(np.vstack(left_points)) if left_points else None
TypeError: _fit_lane() missing 2 required positional arguments: 'y_bottom' and 'y_top'

[rosout][ERROR] 2025-09-20 13:14:47,943: bad callback: <bound method LaneTrackingNode.image_cb of <__main__.LaneTrackingNode object at 0x7f55bef5a1c0>>
Traceback (most recent call last):
  File "/opt/ros/noetic/lib/python3/dist-packages/rospy/topics.py", line 750, in _invoke_callback
    cb(msg)
  File "/home/hyeongseon/catkin_ws/src/lane_tracking_pkg/scripts/lane_tracking_node.py", line 99, in image_cb
    self.handle_frame(frame, msg.header)
  File "/home/hyeongseon/catkin_ws/src/lane_tracking_pkg/scripts/lane_tracking_node.py", line 111, in handle_frame
    lane_center, roi_overlay = detect_lane_center(edges, roi_color, self.debug)
  File "/home/hyeongseon/catkin_ws/src/lane_tracking_pkg/vision/detector.py", line 63, in detect_lane_center
    left_line = _fit_lane(np.vstack(left_points)) if left_points else None
TypeError: _fit_lane() missing 2 required positional arguments: 'y_bottom' and 'y_top'

[rosout][ERROR] 2025-09-20 13:14:47,969: bad callback: <bound method LaneTrackingNode.image_cb of <__main__.LaneTrackingNode object at 0x7f55bef5a1c0>>
Traceback (most recent call last):
  File "/opt/ros/noetic/lib/python3/dist-packages/rospy/topics.py", line 750, in _invoke_callback
    cb(msg)
  File "/home/hyeongseon/catkin_ws/src/lane_tracking_pkg/scripts/lane_tracking_node.py", line 99, in image_cb
    self.handle_frame(frame, msg.header)
  File "/home/hyeongseon/catkin_ws/src/lane_tracking_pkg/scripts/lane_tracking_node.py", line 111, in handle_frame
    lane_center, roi_overlay = detect_lane_center(edges, roi_color, self.debug)
  File "/home/hyeongseon/catkin_ws/src/lane_tracking_pkg/vision/detector.py", line 63, in detect_lane_center
    left_line = _fit_lane(np.vstack(left_points)) if left_points else None
TypeError: _fit_lane() missing 2 required positional arguments: 'y_bottom' and 'y_top'

[rosout][ERROR] 2025-09-20 13:14:47,990: bad callback: <bound method LaneTrackingNode.image_cb of <__main__.LaneTrackingNode object at 0x7f55bef5a1c0>>
Traceback (most recent call last):
  File "/opt/ros/noetic/lib/python3/dist-packages/rospy/topics.py", line 750, in _invoke_callback
    cb(msg)
  File "/home/hyeongseon/catkin_ws/src/lane_tracking_pkg/scripts/lane_tracking_node.py", line 99, in image_cb
    self.handle_frame(frame, msg.header)
  File "/home/hyeongseon/catkin_ws/src/lane_tracking_pkg/scripts/lane_tracking_node.py", line 111, in handle_frame
    lane_center, roi_overlay = detect_lane_center(edges, roi_color, self.debug)
  File "/home/hyeongseon/catkin_ws/src/lane_tracking_pkg/vision/detector.py", line 63, in detect_lane_center
    left_line = _fit_lane(np.vstack(left_points)) if left_points else None
TypeError: _fit_lane() missing 2 required positional arguments: 'y_bottom' and 'y_top'

[rosout][ERROR] 2025-09-20 13:14:48,041: bad callback: <bound method LaneTrackingNode.image_cb of <__main__.LaneTrackingNode object at 0x7f55bef5a1c0>>
Traceback (most recent call last):
  File "/opt/ros/noetic/lib/python3/dist-packages/rospy/topics.py", line 750, in _invoke_callback
    cb(msg)
  File "/home/hyeongseon/catkin_ws/src/lane_tracking_pkg/scripts/lane_tracking_node.py", line 99, in image_cb
    self.handle_frame(frame, msg.header)
  File "/home/hyeongseon/catkin_ws/src/lane_tracking_pkg/scripts/lane_tracking_node.py", line 111, in handle_frame
    lane_center, roi_overlay = detect_lane_center(edges, roi_color, self.debug)
  File "/home/hyeongseon/catkin_ws/src/lane_tracking_pkg/vision/detector.py", line 63, in detect_lane_center
    left_line = _fit_lane(np.vstack(left_points)) if left_points else None
TypeError: _fit_lane() missing 2 required positional arguments: 'y_bottom' and 'y_top'

[rosout][ERROR] 2025-09-20 13:14:48,067: bad callback: <bound method LaneTrackingNode.image_cb of <__main__.LaneTrackingNode object at 0x7f55bef5a1c0>>
Traceback (most recent call last):
  File "/opt/ros/noetic/lib/python3/dist-packages/rospy/topics.py", line 750, in _invoke_callback
    cb(msg)
  File "/home/hyeongseon/catkin_ws/src/lane_tracking_pkg/scripts/lane_tracking_node.py", line 99, in image_cb
    self.handle_frame(frame, msg.header)
  File "/home/hyeongseon/catkin_ws/src/lane_tracking_pkg/scripts/lane_tracking_node.py", line 111, in handle_frame
    lane_center, roi_overlay = detect_lane_center(edges, roi_color, self.debug)
  File "/home/hyeongseon/catkin_ws/src/lane_tracking_pkg/vision/detector.py", line 63, in detect_lane_center
    left_line = _fit_lane(np.vstack(left_points)) if left_points else None
TypeError: _fit_lane() missing 2 required positional arguments: 'y_bottom' and 'y_top'

[rosout][ERROR] 2025-09-20 13:14:48,100: bad callback: <bound method LaneTrackingNode.image_cb of <__main__.LaneTrackingNode object at 0x7f55bef5a1c0>>
Traceback (most recent call last):
  File "/opt/ros/noetic/lib/python3/dist-packages/rospy/topics.py", line 750, in _invoke_callback
    cb(msg)
  File "/home/hyeongseon/catkin_ws/src/lane_tracking_pkg/scripts/lane_tracking_node.py", line 99, in image_cb
    self.handle_frame(frame, msg.header)
  File "/home/hyeongseon/catkin_ws/src/lane_tracking_pkg/scripts/lane_tracking_node.py", line 111, in handle_frame
    lane_center, roi_overlay = detect_lane_center(edges, roi_color, self.debug)
  File "/home/hyeongseon/catkin_ws/src/lane_tracking_pkg/vision/detector.py", line 63, in detect_lane_center
    left_line = _fit_lane(np.vstack(left_points)) if left_points else None
TypeError: _fit_lane() missing 2 required positional arguments: 'y_bottom' and 'y_top'

[rosout][ERROR] 2025-09-20 13:14:48,119: bad callback: <bound method LaneTrackingNode.image_cb of <__main__.LaneTrackingNode object at 0x7f55bef5a1c0>>
Traceback (most recent call last):
  File "/opt/ros/noetic/lib/python3/dist-packages/rospy/topics.py", line 750, in _invoke_callback
    cb(msg)
  File "/home/hyeongseon/catkin_ws/src/lane_tracking_pkg/scripts/lane_tracking_node.py", line 99, in image_cb
    self.handle_frame(frame, msg.header)
  File "/home/hyeongseon/catkin_ws/src/lane_tracking_pkg/scripts/lane_tracking_node.py", line 111, in handle_frame
    lane_center, roi_overlay = detect_lane_center(edges, roi_color, self.debug)
  File "/home/hyeongseon/catkin_ws/src/lane_tracking_pkg/vision/detector.py", line 63, in detect_lane_center
    left_line = _fit_lane(np.vstack(left_points)) if left_points else None
TypeError: _fit_lane() missing 2 required positional arguments: 'y_bottom' and 'y_top'

[rosout][ERROR] 2025-09-20 13:14:48,172: bad callback: <bound method LaneTrackingNode.image_cb of <__main__.LaneTrackingNode object at 0x7f55bef5a1c0>>
Traceback (most recent call last):
  File "/opt/ros/noetic/lib/python3/dist-packages/rospy/topics.py", line 750, in _invoke_callback
    cb(msg)
  File "/home/hyeongseon/catkin_ws/src/lane_tracking_pkg/scripts/lane_tracking_node.py", line 99, in image_cb
    self.handle_frame(frame, msg.header)
  File "/home/hyeongseon/catkin_ws/src/lane_tracking_pkg/scripts/lane_tracking_node.py", line 111, in handle_frame
    lane_center, roi_overlay = detect_lane_center(edges, roi_color, self.debug)
  File "/home/hyeongseon/catkin_ws/src/lane_tracking_pkg/vision/detector.py", line 63, in detect_lane_center
    left_line = _fit_lane(np.vstack(left_points)) if left_points else None
TypeError: _fit_lane() missing 2 required positional arguments: 'y_bottom' and 'y_top'

[rosout][ERROR] 2025-09-20 13:14:48,204: bad callback: <bound method LaneTrackingNode.image_cb of <__main__.LaneTrackingNode object at 0x7f55bef5a1c0>>
Traceback (most recent call last):
  File "/opt/ros/noetic/lib/python3/dist-packages/rospy/topics.py", line 750, in _invoke_callback
    cb(msg)
  File "/home/hyeongseon/catkin_ws/src/lane_tracking_pkg/scripts/lane_tracking_node.py", line 99, in image_cb
    self.handle_frame(frame, msg.header)
  File "/home/hyeongseon/catkin_ws/src/lane_tracking_pkg/scripts/lane_tracking_node.py", line 111, in handle_frame
    lane_center, roi_overlay = detect_lane_center(edges, roi_color, self.debug)
  File "/home/hyeongseon/catkin_ws/src/lane_tracking_pkg/vision/detector.py", line 63, in detect_lane_center
    left_line = _fit_lane(np.vstack(left_points)) if left_points else None
TypeError: _fit_lane() missing 2 required positional arguments: 'y_bottom' and 'y_top'

[rosout][ERROR] 2025-09-20 13:14:48,231: bad callback: <bound method LaneTrackingNode.image_cb of <__main__.LaneTrackingNode object at 0x7f55bef5a1c0>>
Traceback (most recent call last):
  File "/opt/ros/noetic/lib/python3/dist-packages/rospy/topics.py", line 750, in _invoke_callback
    cb(msg)
  File "/home/hyeongseon/catkin_ws/src/lane_tracking_pkg/scripts/lane_tracking_node.py", line 99, in image_cb
    self.handle_frame(frame, msg.header)
  File "/home/hyeongseon/catkin_ws/src/lane_tracking_pkg/scripts/lane_tracking_node.py", line 111, in handle_frame
    lane_center, roi_overlay = detect_lane_center(edges, roi_color, self.debug)
  File "/home/hyeongseon/catkin_ws/src/lane_tracking_pkg/vision/detector.py", line 63, in detect_lane_center
    left_line = _fit_lane(np.vstack(left_points)) if left_points else None
TypeError: _fit_lane() missing 2 required positional arguments: 'y_bottom' and 'y_top'

[rosout][ERROR] 2025-09-20 13:14:48,251: bad callback: <bound method LaneTrackingNode.image_cb of <__main__.LaneTrackingNode object at 0x7f55bef5a1c0>>
Traceback (most recent call last):
  File "/opt/ros/noetic/lib/python3/dist-packages/rospy/topics.py", line 750, in _invoke_callback
    cb(msg)
  File "/home/hyeongseon/catkin_ws/src/lane_tracking_pkg/scripts/lane_tracking_node.py", line 99, in image_cb
    self.handle_frame(frame, msg.header)
  File "/home/hyeongseon/catkin_ws/src/lane_tracking_pkg/scripts/lane_tracking_node.py", line 111, in handle_frame
    lane_center, roi_overlay = detect_lane_center(edges, roi_color, self.debug)
  File "/home/hyeongseon/catkin_ws/src/lane_tracking_pkg/vision/detector.py", line 63, in detect_lane_center
    left_line = _fit_lane(np.vstack(left_points)) if left_points else None
TypeError: _fit_lane() missing 2 required positional arguments: 'y_bottom' and 'y_top'

[rosout][ERROR] 2025-09-20 13:14:48,325: bad callback: <bound method LaneTrackingNode.image_cb of <__main__.LaneTrackingNode object at 0x7f55bef5a1c0>>
Traceback (most recent call last):
  File "/opt/ros/noetic/lib/python3/dist-packages/rospy/topics.py", line 750, in _invoke_callback
    cb(msg)
  File "/home/hyeongseon/catkin_ws/src/lane_tracking_pkg/scripts/lane_tracking_node.py", line 99, in image_cb
    self.handle_frame(frame, msg.header)
  File "/home/hyeongseon/catkin_ws/src/lane_tracking_pkg/scripts/lane_tracking_node.py", line 111, in handle_frame
    lane_center, roi_overlay = detect_lane_center(edges, roi_color, self.debug)
  File "/home/hyeongseon/catkin_ws/src/lane_tracking_pkg/vision/detector.py", line 63, in detect_lane_center
    left_line = _fit_lane(np.vstack(left_points)) if left_points else None
TypeError: _fit_lane() missing 2 required positional arguments: 'y_bottom' and 'y_top'

[rosout][ERROR] 2025-09-20 13:14:48,344: bad callback: <bound method LaneTrackingNode.image_cb of <__main__.LaneTrackingNode object at 0x7f55bef5a1c0>>
Traceback (most recent call last):
  File "/opt/ros/noetic/lib/python3/dist-packages/rospy/topics.py", line 750, in _invoke_callback
    cb(msg)
  File "/home/hyeongseon/catkin_ws/src/lane_tracking_pkg/scripts/lane_tracking_node.py", line 99, in image_cb
    self.handle_frame(frame, msg.header)
  File "/home/hyeongseon/catkin_ws/src/lane_tracking_pkg/scripts/lane_tracking_node.py", line 111, in handle_frame
    lane_center, roi_overlay = detect_lane_center(edges, roi_color, self.debug)
  File "/home/hyeongseon/catkin_ws/src/lane_tracking_pkg/vision/detector.py", line 63, in detect_lane_center
    left_line = _fit_lane(np.vstack(left_points)) if left_points else None
TypeError: _fit_lane() missing 2 required positional arguments: 'y_bottom' and 'y_top'

[rosout][ERROR] 2025-09-20 13:14:48,378: bad callback: <bound method LaneTrackingNode.image_cb of <__main__.LaneTrackingNode object at 0x7f55bef5a1c0>>
Traceback (most recent call last):
  File "/opt/ros/noetic/lib/python3/dist-packages/rospy/topics.py", line 750, in _invoke_callback
    cb(msg)
  File "/home/hyeongseon/catkin_ws/src/lane_tracking_pkg/scripts/lane_tracking_node.py", line 99, in image_cb
    self.handle_frame(frame, msg.header)
  File "/home/hyeongseon/catkin_ws/src/lane_tracking_pkg/scripts/lane_tracking_node.py", line 111, in handle_frame
    lane_center, roi_overlay = detect_lane_center(edges, roi_color, self.debug)
  File "/home/hyeongseon/catkin_ws/src/lane_tracking_pkg/vision/detector.py", line 63, in detect_lane_center
    left_line = _fit_lane(np.vstack(left_points)) if left_points else None
TypeError: _fit_lane() missing 2 required positional arguments: 'y_bottom' and 'y_top'

[rosout][ERROR] 2025-09-20 13:14:48,405: bad callback: <bound method LaneTrackingNode.image_cb of <__main__.LaneTrackingNode object at 0x7f55bef5a1c0>>
Traceback (most recent call last):
  File "/opt/ros/noetic/lib/python3/dist-packages/rospy/topics.py", line 750, in _invoke_callback
    cb(msg)
  File "/home/hyeongseon/catkin_ws/src/lane_tracking_pkg/scripts/lane_tracking_node.py", line 99, in image_cb
    self.handle_frame(frame, msg.header)
  File "/home/hyeongseon/catkin_ws/src/lane_tracking_pkg/scripts/lane_tracking_node.py", line 111, in handle_frame
    lane_center, roi_overlay = detect_lane_center(edges, roi_color, self.debug)
  File "/home/hyeongseon/catkin_ws/src/lane_tracking_pkg/vision/detector.py", line 63, in detect_lane_center
    left_line = _fit_lane(np.vstack(left_points)) if left_points else None
TypeError: _fit_lane() missing 2 required positional arguments: 'y_bottom' and 'y_top'

[rosout][ERROR] 2025-09-20 13:14:48,418: bad callback: <bound method LaneTrackingNode.image_cb of <__main__.LaneTrackingNode object at 0x7f55bef5a1c0>>
Traceback (most recent call last):
  File "/opt/ros/noetic/lib/python3/dist-packages/rospy/topics.py", line 750, in _invoke_callback
    cb(msg)
  File "/home/hyeongseon/catkin_ws/src/lane_tracking_pkg/scripts/lane_tracking_node.py", line 99, in image_cb
    self.handle_frame(frame, msg.header)
  File "/home/hyeongseon/catkin_ws/src/lane_tracking_pkg/scripts/lane_tracking_node.py", line 111, in handle_frame
    lane_center, roi_overlay = detect_lane_center(edges, roi_color, self.debug)
  File "/home/hyeongseon/catkin_ws/src/lane_tracking_pkg/vision/detector.py", line 63, in detect_lane_center
    left_line = _fit_lane(np.vstack(left_points)) if left_points else None
TypeError: _fit_lane() missing 2 required positional arguments: 'y_bottom' and 'y_top'

[rosout][ERROR] 2025-09-20 13:14:48,469: bad callback: <bound method LaneTrackingNode.image_cb of <__main__.LaneTrackingNode object at 0x7f55bef5a1c0>>
Traceback (most recent call last):
  File "/opt/ros/noetic/lib/python3/dist-packages/rospy/topics.py", line 750, in _invoke_callback
    cb(msg)
  File "/home/hyeongseon/catkin_ws/src/lane_tracking_pkg/scripts/lane_tracking_node.py", line 99, in image_cb
    self.handle_frame(frame, msg.header)
  File "/home/hyeongseon/catkin_ws/src/lane_tracking_pkg/scripts/lane_tracking_node.py", line 111, in handle_frame
    lane_center, roi_overlay = detect_lane_center(edges, roi_color, self.debug)
  File "/home/hyeongseon/catkin_ws/src/lane_tracking_pkg/vision/detector.py", line 63, in detect_lane_center
    left_line = _fit_lane(np.vstack(left_points)) if left_points else None
TypeError: _fit_lane() missing 2 required positional arguments: 'y_bottom' and 'y_top'

[rosout][ERROR] 2025-09-20 13:14:48,511: bad callback: <bound method LaneTrackingNode.image_cb of <__main__.LaneTrackingNode object at 0x7f55bef5a1c0>>
Traceback (most recent call last):
  File "/opt/ros/noetic/lib/python3/dist-packages/rospy/topics.py", line 750, in _invoke_callback
    cb(msg)
  File "/home/hyeongseon/catkin_ws/src/lane_tracking_pkg/scripts/lane_tracking_node.py", line 99, in image_cb
    self.handle_frame(frame, msg.header)
  File "/home/hyeongseon/catkin_ws/src/lane_tracking_pkg/scripts/lane_tracking_node.py", line 111, in handle_frame
    lane_center, roi_overlay = detect_lane_center(edges, roi_color, self.debug)
  File "/home/hyeongseon/catkin_ws/src/lane_tracking_pkg/vision/detector.py", line 63, in detect_lane_center
    left_line = _fit_lane(np.vstack(left_points)) if left_points else None
TypeError: _fit_lane() missing 2 required positional arguments: 'y_bottom' and 'y_top'

[rosout][ERROR] 2025-09-20 13:14:48,537: bad callback: <bound method LaneTrackingNode.image_cb of <__main__.LaneTrackingNode object at 0x7f55bef5a1c0>>
Traceback (most recent call last):
  File "/opt/ros/noetic/lib/python3/dist-packages/rospy/topics.py", line 750, in _invoke_callback
    cb(msg)
  File "/home/hyeongseon/catkin_ws/src/lane_tracking_pkg/scripts/lane_tracking_node.py", line 99, in image_cb
    self.handle_frame(frame, msg.header)
  File "/home/hyeongseon/catkin_ws/src/lane_tracking_pkg/scripts/lane_tracking_node.py", line 111, in handle_frame
    lane_center, roi_overlay = detect_lane_center(edges, roi_color, self.debug)
  File "/home/hyeongseon/catkin_ws/src/lane_tracking_pkg/vision/detector.py", line 63, in detect_lane_center
    left_line = _fit_lane(np.vstack(left_points)) if left_points else None
TypeError: _fit_lane() missing 2 required positional arguments: 'y_bottom' and 'y_top'

[rosout][ERROR] 2025-09-20 13:14:48,558: bad callback: <bound method LaneTrackingNode.image_cb of <__main__.LaneTrackingNode object at 0x7f55bef5a1c0>>
Traceback (most recent call last):
  File "/opt/ros/noetic/lib/python3/dist-packages/rospy/topics.py", line 750, in _invoke_callback
    cb(msg)
  File "/home/hyeongseon/catkin_ws/src/lane_tracking_pkg/scripts/lane_tracking_node.py", line 99, in image_cb
    self.handle_frame(frame, msg.header)
  File "/home/hyeongseon/catkin_ws/src/lane_tracking_pkg/scripts/lane_tracking_node.py", line 111, in handle_frame
    lane_center, roi_overlay = detect_lane_center(edges, roi_color, self.debug)
  File "/home/hyeongseon/catkin_ws/src/lane_tracking_pkg/vision/detector.py", line 63, in detect_lane_center
    left_line = _fit_lane(np.vstack(left_points)) if left_points else None
TypeError: _fit_lane() missing 2 required positional arguments: 'y_bottom' and 'y_top'

[rosout][ERROR] 2025-09-20 13:14:48,608: bad callback: <bound method LaneTrackingNode.image_cb of <__main__.LaneTrackingNode object at 0x7f55bef5a1c0>>
Traceback (most recent call last):
  File "/opt/ros/noetic/lib/python3/dist-packages/rospy/topics.py", line 750, in _invoke_callback
    cb(msg)
  File "/home/hyeongseon/catkin_ws/src/lane_tracking_pkg/scripts/lane_tracking_node.py", line 99, in image_cb
    self.handle_frame(frame, msg.header)
  File "/home/hyeongseon/catkin_ws/src/lane_tracking_pkg/scripts/lane_tracking_node.py", line 111, in handle_frame
    lane_center, roi_overlay = detect_lane_center(edges, roi_color, self.debug)
  File "/home/hyeongseon/catkin_ws/src/lane_tracking_pkg/vision/detector.py", line 63, in detect_lane_center
    left_line = _fit_lane(np.vstack(left_points)) if left_points else None
TypeError: _fit_lane() missing 2 required positional arguments: 'y_bottom' and 'y_top'

[rosout][ERROR] 2025-09-20 13:14:48,638: bad callback: <bound method LaneTrackingNode.image_cb of <__main__.LaneTrackingNode object at 0x7f55bef5a1c0>>
Traceback (most recent call last):
  File "/opt/ros/noetic/lib/python3/dist-packages/rospy/topics.py", line 750, in _invoke_callback
    cb(msg)
  File "/home/hyeongseon/catkin_ws/src/lane_tracking_pkg/scripts/lane_tracking_node.py", line 99, in image_cb
    self.handle_frame(frame, msg.header)
  File "/home/hyeongseon/catkin_ws/src/lane_tracking_pkg/scripts/lane_tracking_node.py", line 111, in handle_frame
    lane_center, roi_overlay = detect_lane_center(edges, roi_color, self.debug)
  File "/home/hyeongseon/catkin_ws/src/lane_tracking_pkg/vision/detector.py", line 63, in detect_lane_center
    left_line = _fit_lane(np.vstack(left_points)) if left_points else None
TypeError: _fit_lane() missing 2 required positional arguments: 'y_bottom' and 'y_top'

[rosout][ERROR] 2025-09-20 13:14:48,670: bad callback: <bound method LaneTrackingNode.image_cb of <__main__.LaneTrackingNode object at 0x7f55bef5a1c0>>
Traceback (most recent call last):
  File "/opt/ros/noetic/lib/python3/dist-packages/rospy/topics.py", line 750, in _invoke_callback
    cb(msg)
  File "/home/hyeongseon/catkin_ws/src/lane_tracking_pkg/scripts/lane_tracking_node.py", line 99, in image_cb
    self.handle_frame(frame, msg.header)
  File "/home/hyeongseon/catkin_ws/src/lane_tracking_pkg/scripts/lane_tracking_node.py", line 111, in handle_frame
    lane_center, roi_overlay = detect_lane_center(edges, roi_color, self.debug)
  File "/home/hyeongseon/catkin_ws/src/lane_tracking_pkg/vision/detector.py", line 63, in detect_lane_center
    left_line = _fit_lane(np.vstack(left_points)) if left_points else None
TypeError: _fit_lane() missing 2 required positional arguments: 'y_bottom' and 'y_top'

[rosout][ERROR] 2025-09-20 13:14:48,693: bad callback: <bound method LaneTrackingNode.image_cb of <__main__.LaneTrackingNode object at 0x7f55bef5a1c0>>
Traceback (most recent call last):
  File "/opt/ros/noetic/lib/python3/dist-packages/rospy/topics.py", line 750, in _invoke_callback
    cb(msg)
  File "/home/hyeongseon/catkin_ws/src/lane_tracking_pkg/scripts/lane_tracking_node.py", line 99, in image_cb
    self.handle_frame(frame, msg.header)
  File "/home/hyeongseon/catkin_ws/src/lane_tracking_pkg/scripts/lane_tracking_node.py", line 111, in handle_frame
    lane_center, roi_overlay = detect_lane_center(edges, roi_color, self.debug)
  File "/home/hyeongseon/catkin_ws/src/lane_tracking_pkg/vision/detector.py", line 63, in detect_lane_center
    left_line = _fit_lane(np.vstack(left_points)) if left_points else None
TypeError: _fit_lane() missing 2 required positional arguments: 'y_bottom' and 'y_top'

[rosout][ERROR] 2025-09-20 13:14:48,742: bad callback: <bound method LaneTrackingNode.image_cb of <__main__.LaneTrackingNode object at 0x7f55bef5a1c0>>
Traceback (most recent call last):
  File "/opt/ros/noetic/lib/python3/dist-packages/rospy/topics.py", line 750, in _invoke_callback
    cb(msg)
  File "/home/hyeongseon/catkin_ws/src/lane_tracking_pkg/scripts/lane_tracking_node.py", line 99, in image_cb
    self.handle_frame(frame, msg.header)
  File "/home/hyeongseon/catkin_ws/src/lane_tracking_pkg/scripts/lane_tracking_node.py", line 111, in handle_frame
    lane_center, roi_overlay = detect_lane_center(edges, roi_color, self.debug)
  File "/home/hyeongseon/catkin_ws/src/lane_tracking_pkg/vision/detector.py", line 63, in detect_lane_center
    left_line = _fit_lane(np.vstack(left_points)) if left_points else None
TypeError: _fit_lane() missing 2 required positional arguments: 'y_bottom' and 'y_top'

[rosout][ERROR] 2025-09-20 13:14:48,782: bad callback: <bound method LaneTrackingNode.image_cb of <__main__.LaneTrackingNode object at 0x7f55bef5a1c0>>
Traceback (most recent call last):
  File "/opt/ros/noetic/lib/python3/dist-packages/rospy/topics.py", line 750, in _invoke_callback
    cb(msg)
  File "/home/hyeongseon/catkin_ws/src/lane_tracking_pkg/scripts/lane_tracking_node.py", line 99, in image_cb
    self.handle_frame(frame, msg.header)
  File "/home/hyeongseon/catkin_ws/src/lane_tracking_pkg/scripts/lane_tracking_node.py", line 111, in handle_frame
    lane_center, roi_overlay = detect_lane_center(edges, roi_color, self.debug)
  File "/home/hyeongseon/catkin_ws/src/lane_tracking_pkg/vision/detector.py", line 63, in detect_lane_center
    left_line = _fit_lane(np.vstack(left_points)) if left_points else None
TypeError: _fit_lane() missing 2 required positional arguments: 'y_bottom' and 'y_top'

[rosout][ERROR] 2025-09-20 13:14:48,823: bad callback: <bound method LaneTrackingNode.image_cb of <__main__.LaneTrackingNode object at 0x7f55bef5a1c0>>
Traceback (most recent call last):
  File "/opt/ros/noetic/lib/python3/dist-packages/rospy/topics.py", line 750, in _invoke_callback
    cb(msg)
  File "/home/hyeongseon/catkin_ws/src/lane_tracking_pkg/scripts/lane_tracking_node.py", line 99, in image_cb
    self.handle_frame(frame, msg.header)
  File "/home/hyeongseon/catkin_ws/src/lane_tracking_pkg/scripts/lane_tracking_node.py", line 111, in handle_frame
    lane_center, roi_overlay = detect_lane_center(edges, roi_color, self.debug)
  File "/home/hyeongseon/catkin_ws/src/lane_tracking_pkg/vision/detector.py", line 63, in detect_lane_center
    left_line = _fit_lane(np.vstack(left_points)) if left_points else None
TypeError: _fit_lane() missing 2 required positional arguments: 'y_bottom' and 'y_top'

[rosout][ERROR] 2025-09-20 13:14:48,860: bad callback: <bound method LaneTrackingNode.image_cb of <__main__.LaneTrackingNode object at 0x7f55bef5a1c0>>
Traceback (most recent call last):
  File "/opt/ros/noetic/lib/python3/dist-packages/rospy/topics.py", line 750, in _invoke_callback
    cb(msg)
  File "/home/hyeongseon/catkin_ws/src/lane_tracking_pkg/scripts/lane_tracking_node.py", line 99, in image_cb
    self.handle_frame(frame, msg.header)
  File "/home/hyeongseon/catkin_ws/src/lane_tracking_pkg/scripts/lane_tracking_node.py", line 111, in handle_frame
    lane_center, roi_overlay = detect_lane_center(edges, roi_color, self.debug)
  File "/home/hyeongseon/catkin_ws/src/lane_tracking_pkg/vision/detector.py", line 63, in detect_lane_center
    left_line = _fit_lane(np.vstack(left_points)) if left_points else None
TypeError: _fit_lane() missing 2 required positional arguments: 'y_bottom' and 'y_top'

[rosout][ERROR] 2025-09-20 13:14:48,887: bad callback: <bound method LaneTrackingNode.image_cb of <__main__.LaneTrackingNode object at 0x7f55bef5a1c0>>
Traceback (most recent call last):
  File "/opt/ros/noetic/lib/python3/dist-packages/rospy/topics.py", line 750, in _invoke_callback
    cb(msg)
  File "/home/hyeongseon/catkin_ws/src/lane_tracking_pkg/scripts/lane_tracking_node.py", line 99, in image_cb
    self.handle_frame(frame, msg.header)
  File "/home/hyeongseon/catkin_ws/src/lane_tracking_pkg/scripts/lane_tracking_node.py", line 111, in handle_frame
    lane_center, roi_overlay = detect_lane_center(edges, roi_color, self.debug)
  File "/home/hyeongseon/catkin_ws/src/lane_tracking_pkg/vision/detector.py", line 63, in detect_lane_center
    left_line = _fit_lane(np.vstack(left_points)) if left_points else None
TypeError: _fit_lane() missing 2 required positional arguments: 'y_bottom' and 'y_top'

[rosout][ERROR] 2025-09-20 13:14:48,921: bad callback: <bound method LaneTrackingNode.image_cb of <__main__.LaneTrackingNode object at 0x7f55bef5a1c0>>
Traceback (most recent call last):
  File "/opt/ros/noetic/lib/python3/dist-packages/rospy/topics.py", line 750, in _invoke_callback
    cb(msg)
  File "/home/hyeongseon/catkin_ws/src/lane_tracking_pkg/scripts/lane_tracking_node.py", line 99, in image_cb
    self.handle_frame(frame, msg.header)
  File "/home/hyeongseon/catkin_ws/src/lane_tracking_pkg/scripts/lane_tracking_node.py", line 111, in handle_frame
    lane_center, roi_overlay = detect_lane_center(edges, roi_color, self.debug)
  File "/home/hyeongseon/catkin_ws/src/lane_tracking_pkg/vision/detector.py", line 63, in detect_lane_center
    left_line = _fit_lane(np.vstack(left_points)) if left_points else None
TypeError: _fit_lane() missing 2 required positional arguments: 'y_bottom' and 'y_top'

[rosout][ERROR] 2025-09-20 13:14:48,934: bad callback: <bound method LaneTrackingNode.image_cb of <__main__.LaneTrackingNode object at 0x7f55bef5a1c0>>
Traceback (most recent call last):
  File "/opt/ros/noetic/lib/python3/dist-packages/rospy/topics.py", line 750, in _invoke_callback
    cb(msg)
  File "/home/hyeongseon/catkin_ws/src/lane_tracking_pkg/scripts/lane_tracking_node.py", line 99, in image_cb
    self.handle_frame(frame, msg.header)
  File "/home/hyeongseon/catkin_ws/src/lane_tracking_pkg/scripts/lane_tracking_node.py", line 111, in handle_frame
    lane_center, roi_overlay = detect_lane_center(edges, roi_color, self.debug)
  File "/home/hyeongseon/catkin_ws/src/lane_tracking_pkg/vision/detector.py", line 63, in detect_lane_center
    left_line = _fit_lane(np.vstack(left_points)) if left_points else None
TypeError: _fit_lane() missing 2 required positional arguments: 'y_bottom' and 'y_top'

[rosout][ERROR] 2025-09-20 13:14:48,998: bad callback: <bound method LaneTrackingNode.image_cb of <__main__.LaneTrackingNode object at 0x7f55bef5a1c0>>
Traceback (most recent call last):
  File "/opt/ros/noetic/lib/python3/dist-packages/rospy/topics.py", line 750, in _invoke_callback
    cb(msg)
  File "/home/hyeongseon/catkin_ws/src/lane_tracking_pkg/scripts/lane_tracking_node.py", line 99, in image_cb
    self.handle_frame(frame, msg.header)
  File "/home/hyeongseon/catkin_ws/src/lane_tracking_pkg/scripts/lane_tracking_node.py", line 111, in handle_frame
    lane_center, roi_overlay = detect_lane_center(edges, roi_color, self.debug)
  File "/home/hyeongseon/catkin_ws/src/lane_tracking_pkg/vision/detector.py", line 63, in detect_lane_center
    left_line = _fit_lane(np.vstack(left_points)) if left_points else None
TypeError: _fit_lane() missing 2 required positional arguments: 'y_bottom' and 'y_top'

[rosout][ERROR] 2025-09-20 13:14:49,024: bad callback: <bound method LaneTrackingNode.image_cb of <__main__.LaneTrackingNode object at 0x7f55bef5a1c0>>
Traceback (most recent call last):
  File "/opt/ros/noetic/lib/python3/dist-packages/rospy/topics.py", line 750, in _invoke_callback
    cb(msg)
  File "/home/hyeongseon/catkin_ws/src/lane_tracking_pkg/scripts/lane_tracking_node.py", line 99, in image_cb
    self.handle_frame(frame, msg.header)
  File "/home/hyeongseon/catkin_ws/src/lane_tracking_pkg/scripts/lane_tracking_node.py", line 111, in handle_frame
    lane_center, roi_overlay = detect_lane_center(edges, roi_color, self.debug)
  File "/home/hyeongseon/catkin_ws/src/lane_tracking_pkg/vision/detector.py", line 63, in detect_lane_center
    left_line = _fit_lane(np.vstack(left_points)) if left_points else None
TypeError: _fit_lane() missing 2 required positional arguments: 'y_bottom' and 'y_top'

[rosout][ERROR] 2025-09-20 13:14:49,049: bad callback: <bound method LaneTrackingNode.image_cb of <__main__.LaneTrackingNode object at 0x7f55bef5a1c0>>
Traceback (most recent call last):
  File "/opt/ros/noetic/lib/python3/dist-packages/rospy/topics.py", line 750, in _invoke_callback
    cb(msg)
  File "/home/hyeongseon/catkin_ws/src/lane_tracking_pkg/scripts/lane_tracking_node.py", line 99, in image_cb
    self.handle_frame(frame, msg.header)
  File "/home/hyeongseon/catkin_ws/src/lane_tracking_pkg/scripts/lane_tracking_node.py", line 111, in handle_frame
    lane_center, roi_overlay = detect_lane_center(edges, roi_color, self.debug)
  File "/home/hyeongseon/catkin_ws/src/lane_tracking_pkg/vision/detector.py", line 63, in detect_lane_center
    left_line = _fit_lane(np.vstack(left_points)) if left_points else None
TypeError: _fit_lane() missing 2 required positional arguments: 'y_bottom' and 'y_top'

[rosout][ERROR] 2025-09-20 13:14:49,079: bad callback: <bound method LaneTrackingNode.image_cb of <__main__.LaneTrackingNode object at 0x7f55bef5a1c0>>
Traceback (most recent call last):
  File "/opt/ros/noetic/lib/python3/dist-packages/rospy/topics.py", line 750, in _invoke_callback
    cb(msg)
  File "/home/hyeongseon/catkin_ws/src/lane_tracking_pkg/scripts/lane_tracking_node.py", line 99, in image_cb
    self.handle_frame(frame, msg.header)
  File "/home/hyeongseon/catkin_ws/src/lane_tracking_pkg/scripts/lane_tracking_node.py", line 111, in handle_frame
    lane_center, roi_overlay = detect_lane_center(edges, roi_color, self.debug)
  File "/home/hyeongseon/catkin_ws/src/lane_tracking_pkg/vision/detector.py", line 63, in detect_lane_center
    left_line = _fit_lane(np.vstack(left_points)) if left_points else None
TypeError: _fit_lane() missing 2 required positional arguments: 'y_bottom' and 'y_top'

[rosout][ERROR] 2025-09-20 13:14:49,106: bad callback: <bound method LaneTrackingNode.image_cb of <__main__.LaneTrackingNode object at 0x7f55bef5a1c0>>
Traceback (most recent call last):
  File "/opt/ros/noetic/lib/python3/dist-packages/rospy/topics.py", line 750, in _invoke_callback
    cb(msg)
  File "/home/hyeongseon/catkin_ws/src/lane_tracking_pkg/scripts/lane_tracking_node.py", line 99, in image_cb
    self.handle_frame(frame, msg.header)
  File "/home/hyeongseon/catkin_ws/src/lane_tracking_pkg/scripts/lane_tracking_node.py", line 111, in handle_frame
    lane_center, roi_overlay = detect_lane_center(edges, roi_color, self.debug)
  File "/home/hyeongseon/catkin_ws/src/lane_tracking_pkg/vision/detector.py", line 63, in detect_lane_center
    left_line = _fit_lane(np.vstack(left_points)) if left_points else None
TypeError: _fit_lane() missing 2 required positional arguments: 'y_bottom' and 'y_top'

[rosout][ERROR] 2025-09-20 13:14:49,147: bad callback: <bound method LaneTrackingNode.image_cb of <__main__.LaneTrackingNode object at 0x7f55bef5a1c0>>
Traceback (most recent call last):
  File "/opt/ros/noetic/lib/python3/dist-packages/rospy/topics.py", line 750, in _invoke_callback
    cb(msg)
  File "/home/hyeongseon/catkin_ws/src/lane_tracking_pkg/scripts/lane_tracking_node.py", line 99, in image_cb
    self.handle_frame(frame, msg.header)
  File "/home/hyeongseon/catkin_ws/src/lane_tracking_pkg/scripts/lane_tracking_node.py", line 111, in handle_frame
    lane_center, roi_overlay = detect_lane_center(edges, roi_color, self.debug)
  File "/home/hyeongseon/catkin_ws/src/lane_tracking_pkg/vision/detector.py", line 63, in detect_lane_center
    left_line = _fit_lane(np.vstack(left_points)) if left_points else None
TypeError: _fit_lane() missing 2 required positional arguments: 'y_bottom' and 'y_top'

[rosout][ERROR] 2025-09-20 13:14:49,177: bad callback: <bound method LaneTrackingNode.image_cb of <__main__.LaneTrackingNode object at 0x7f55bef5a1c0>>
Traceback (most recent call last):
  File "/opt/ros/noetic/lib/python3/dist-packages/rospy/topics.py", line 750, in _invoke_callback
    cb(msg)
  File "/home/hyeongseon/catkin_ws/src/lane_tracking_pkg/scripts/lane_tracking_node.py", line 99, in image_cb
    self.handle_frame(frame, msg.header)
  File "/home/hyeongseon/catkin_ws/src/lane_tracking_pkg/scripts/lane_tracking_node.py", line 111, in handle_frame
    lane_center, roi_overlay = detect_lane_center(edges, roi_color, self.debug)
  File "/home/hyeongseon/catkin_ws/src/lane_tracking_pkg/vision/detector.py", line 63, in detect_lane_center
    left_line = _fit_lane(np.vstack(left_points)) if left_points else None
TypeError: _fit_lane() missing 2 required positional arguments: 'y_bottom' and 'y_top'

[rosout][ERROR] 2025-09-20 13:14:49,234: bad callback: <bound method LaneTrackingNode.image_cb of <__main__.LaneTrackingNode object at 0x7f55bef5a1c0>>
Traceback (most recent call last):
  File "/opt/ros/noetic/lib/python3/dist-packages/rospy/topics.py", line 750, in _invoke_callback
    cb(msg)
  File "/home/hyeongseon/catkin_ws/src/lane_tracking_pkg/scripts/lane_tracking_node.py", line 99, in image_cb
    self.handle_frame(frame, msg.header)
  File "/home/hyeongseon/catkin_ws/src/lane_tracking_pkg/scripts/lane_tracking_node.py", line 111, in handle_frame
    lane_center, roi_overlay = detect_lane_center(edges, roi_color, self.debug)
  File "/home/hyeongseon/catkin_ws/src/lane_tracking_pkg/vision/detector.py", line 63, in detect_lane_center
    left_line = _fit_lane(np.vstack(left_points)) if left_points else None
TypeError: _fit_lane() missing 2 required positional arguments: 'y_bottom' and 'y_top'

[rosout][ERROR] 2025-09-20 13:14:49,267: bad callback: <bound method LaneTrackingNode.image_cb of <__main__.LaneTrackingNode object at 0x7f55bef5a1c0>>
Traceback (most recent call last):
  File "/opt/ros/noetic/lib/python3/dist-packages/rospy/topics.py", line 750, in _invoke_callback
    cb(msg)
  File "/home/hyeongseon/catkin_ws/src/lane_tracking_pkg/scripts/lane_tracking_node.py", line 99, in image_cb
    self.handle_frame(frame, msg.header)
  File "/home/hyeongseon/catkin_ws/src/lane_tracking_pkg/scripts/lane_tracking_node.py", line 111, in handle_frame
    lane_center, roi_overlay = detect_lane_center(edges, roi_color, self.debug)
  File "/home/hyeongseon/catkin_ws/src/lane_tracking_pkg/vision/detector.py", line 63, in detect_lane_center
    left_line = _fit_lane(np.vstack(left_points)) if left_points else None
TypeError: _fit_lane() missing 2 required positional arguments: 'y_bottom' and 'y_top'

[rosout][ERROR] 2025-09-20 13:14:49,295: bad callback: <bound method LaneTrackingNode.image_cb of <__main__.LaneTrackingNode object at 0x7f55bef5a1c0>>
Traceback (most recent call last):
  File "/opt/ros/noetic/lib/python3/dist-packages/rospy/topics.py", line 750, in _invoke_callback
    cb(msg)
  File "/home/hyeongseon/catkin_ws/src/lane_tracking_pkg/scripts/lane_tracking_node.py", line 99, in image_cb
    self.handle_frame(frame, msg.header)
  File "/home/hyeongseon/catkin_ws/src/lane_tracking_pkg/scripts/lane_tracking_node.py", line 111, in handle_frame
    lane_center, roi_overlay = detect_lane_center(edges, roi_color, self.debug)
  File "/home/hyeongseon/catkin_ws/src/lane_tracking_pkg/vision/detector.py", line 63, in detect_lane_center
    left_line = _fit_lane(np.vstack(left_points)) if left_points else None
TypeError: _fit_lane() missing 2 required positional arguments: 'y_bottom' and 'y_top'

[rosout][ERROR] 2025-09-20 13:14:49,339: bad callback: <bound method LaneTrackingNode.image_cb of <__main__.LaneTrackingNode object at 0x7f55bef5a1c0>>
Traceback (most recent call last):
  File "/opt/ros/noetic/lib/python3/dist-packages/rospy/topics.py", line 750, in _invoke_callback
    cb(msg)
  File "/home/hyeongseon/catkin_ws/src/lane_tracking_pkg/scripts/lane_tracking_node.py", line 99, in image_cb
    self.handle_frame(frame, msg.header)
  File "/home/hyeongseon/catkin_ws/src/lane_tracking_pkg/scripts/lane_tracking_node.py", line 111, in handle_frame
    lane_center, roi_overlay = detect_lane_center(edges, roi_color, self.debug)
  File "/home/hyeongseon/catkin_ws/src/lane_tracking_pkg/vision/detector.py", line 63, in detect_lane_center
    left_line = _fit_lane(np.vstack(left_points)) if left_points else None
TypeError: _fit_lane() missing 2 required positional arguments: 'y_bottom' and 'y_top'

[rosout][ERROR] 2025-09-20 13:14:49,355: bad callback: <bound method LaneTrackingNode.image_cb of <__main__.LaneTrackingNode object at 0x7f55bef5a1c0>>
Traceback (most recent call last):
  File "/opt/ros/noetic/lib/python3/dist-packages/rospy/topics.py", line 750, in _invoke_callback
    cb(msg)
  File "/home/hyeongseon/catkin_ws/src/lane_tracking_pkg/scripts/lane_tracking_node.py", line 99, in image_cb
    self.handle_frame(frame, msg.header)
  File "/home/hyeongseon/catkin_ws/src/lane_tracking_pkg/scripts/lane_tracking_node.py", line 111, in handle_frame
    lane_center, roi_overlay = detect_lane_center(edges, roi_color, self.debug)
  File "/home/hyeongseon/catkin_ws/src/lane_tracking_pkg/vision/detector.py", line 63, in detect_lane_center
    left_line = _fit_lane(np.vstack(left_points)) if left_points else None
TypeError: _fit_lane() missing 2 required positional arguments: 'y_bottom' and 'y_top'

[rosout][ERROR] 2025-09-20 13:14:49,396: bad callback: <bound method LaneTrackingNode.image_cb of <__main__.LaneTrackingNode object at 0x7f55bef5a1c0>>
Traceback (most recent call last):
  File "/opt/ros/noetic/lib/python3/dist-packages/rospy/topics.py", line 750, in _invoke_callback
    cb(msg)
  File "/home/hyeongseon/catkin_ws/src/lane_tracking_pkg/scripts/lane_tracking_node.py", line 99, in image_cb
    self.handle_frame(frame, msg.header)
  File "/home/hyeongseon/catkin_ws/src/lane_tracking_pkg/scripts/lane_tracking_node.py", line 111, in handle_frame
    lane_center, roi_overlay = detect_lane_center(edges, roi_color, self.debug)
  File "/home/hyeongseon/catkin_ws/src/lane_tracking_pkg/vision/detector.py", line 63, in detect_lane_center
    left_line = _fit_lane(np.vstack(left_points)) if left_points else None
TypeError: _fit_lane() missing 2 required positional arguments: 'y_bottom' and 'y_top'

[rosout][ERROR] 2025-09-20 13:14:49,425: bad callback: <bound method LaneTrackingNode.image_cb of <__main__.LaneTrackingNode object at 0x7f55bef5a1c0>>
Traceback (most recent call last):
  File "/opt/ros/noetic/lib/python3/dist-packages/rospy/topics.py", line 750, in _invoke_callback
    cb(msg)
  File "/home/hyeongseon/catkin_ws/src/lane_tracking_pkg/scripts/lane_tracking_node.py", line 99, in image_cb
    self.handle_frame(frame, msg.header)
  File "/home/hyeongseon/catkin_ws/src/lane_tracking_pkg/scripts/lane_tracking_node.py", line 111, in handle_frame
    lane_center, roi_overlay = detect_lane_center(edges, roi_color, self.debug)
  File "/home/hyeongseon/catkin_ws/src/lane_tracking_pkg/vision/detector.py", line 63, in detect_lane_center
    left_line = _fit_lane(np.vstack(left_points)) if left_points else None
TypeError: _fit_lane() missing 2 required positional arguments: 'y_bottom' and 'y_top'

[rosout][ERROR] 2025-09-20 13:14:49,490: bad callback: <bound method LaneTrackingNode.image_cb of <__main__.LaneTrackingNode object at 0x7f55bef5a1c0>>
Traceback (most recent call last):
  File "/opt/ros/noetic/lib/python3/dist-packages/rospy/topics.py", line 750, in _invoke_callback
    cb(msg)
  File "/home/hyeongseon/catkin_ws/src/lane_tracking_pkg/scripts/lane_tracking_node.py", line 99, in image_cb
    self.handle_frame(frame, msg.header)
  File "/home/hyeongseon/catkin_ws/src/lane_tracking_pkg/scripts/lane_tracking_node.py", line 111, in handle_frame
    lane_center, roi_overlay = detect_lane_center(edges, roi_color, self.debug)
  File "/home/hyeongseon/catkin_ws/src/lane_tracking_pkg/vision/detector.py", line 63, in detect_lane_center
    left_line = _fit_lane(np.vstack(left_points)) if left_points else None
TypeError: _fit_lane() missing 2 required positional arguments: 'y_bottom' and 'y_top'

[rosout][ERROR] 2025-09-20 13:14:49,513: bad callback: <bound method LaneTrackingNode.image_cb of <__main__.LaneTrackingNode object at 0x7f55bef5a1c0>>
Traceback (most recent call last):
  File "/opt/ros/noetic/lib/python3/dist-packages/rospy/topics.py", line 750, in _invoke_callback
    cb(msg)
  File "/home/hyeongseon/catkin_ws/src/lane_tracking_pkg/scripts/lane_tracking_node.py", line 99, in image_cb
    self.handle_frame(frame, msg.header)
  File "/home/hyeongseon/catkin_ws/src/lane_tracking_pkg/scripts/lane_tracking_node.py", line 111, in handle_frame
    lane_center, roi_overlay = detect_lane_center(edges, roi_color, self.debug)
  File "/home/hyeongseon/catkin_ws/src/lane_tracking_pkg/vision/detector.py", line 63, in detect_lane_center
    left_line = _fit_lane(np.vstack(left_points)) if left_points else None
TypeError: _fit_lane() missing 2 required positional arguments: 'y_bottom' and 'y_top'

[rosout][ERROR] 2025-09-20 13:14:49,545: bad callback: <bound method LaneTrackingNode.image_cb of <__main__.LaneTrackingNode object at 0x7f55bef5a1c0>>
Traceback (most recent call last):
  File "/opt/ros/noetic/lib/python3/dist-packages/rospy/topics.py", line 750, in _invoke_callback
    cb(msg)
  File "/home/hyeongseon/catkin_ws/src/lane_tracking_pkg/scripts/lane_tracking_node.py", line 99, in image_cb
    self.handle_frame(frame, msg.header)
  File "/home/hyeongseon/catkin_ws/src/lane_tracking_pkg/scripts/lane_tracking_node.py", line 111, in handle_frame
    lane_center, roi_overlay = detect_lane_center(edges, roi_color, self.debug)
  File "/home/hyeongseon/catkin_ws/src/lane_tracking_pkg/vision/detector.py", line 63, in detect_lane_center
    left_line = _fit_lane(np.vstack(left_points)) if left_points else None
TypeError: _fit_lane() missing 2 required positional arguments: 'y_bottom' and 'y_top'

[rosout][ERROR] 2025-09-20 13:14:49,575: bad callback: <bound method LaneTrackingNode.image_cb of <__main__.LaneTrackingNode object at 0x7f55bef5a1c0>>
Traceback (most recent call last):
  File "/opt/ros/noetic/lib/python3/dist-packages/rospy/topics.py", line 750, in _invoke_callback
    cb(msg)
  File "/home/hyeongseon/catkin_ws/src/lane_tracking_pkg/scripts/lane_tracking_node.py", line 99, in image_cb
    self.handle_frame(frame, msg.header)
  File "/home/hyeongseon/catkin_ws/src/lane_tracking_pkg/scripts/lane_tracking_node.py", line 111, in handle_frame
    lane_center, roi_overlay = detect_lane_center(edges, roi_color, self.debug)
  File "/home/hyeongseon/catkin_ws/src/lane_tracking_pkg/vision/detector.py", line 63, in detect_lane_center
    left_line = _fit_lane(np.vstack(left_points)) if left_points else None
TypeError: _fit_lane() missing 2 required positional arguments: 'y_bottom' and 'y_top'

[rosout][ERROR] 2025-09-20 13:14:49,619: bad callback: <bound method LaneTrackingNode.image_cb of <__main__.LaneTrackingNode object at 0x7f55bef5a1c0>>
Traceback (most recent call last):
  File "/opt/ros/noetic/lib/python3/dist-packages/rospy/topics.py", line 750, in _invoke_callback
    cb(msg)
  File "/home/hyeongseon/catkin_ws/src/lane_tracking_pkg/scripts/lane_tracking_node.py", line 99, in image_cb
    self.handle_frame(frame, msg.header)
  File "/home/hyeongseon/catkin_ws/src/lane_tracking_pkg/scripts/lane_tracking_node.py", line 111, in handle_frame
    lane_center, roi_overlay = detect_lane_center(edges, roi_color, self.debug)
  File "/home/hyeongseon/catkin_ws/src/lane_tracking_pkg/vision/detector.py", line 63, in detect_lane_center
    left_line = _fit_lane(np.vstack(left_points)) if left_points else None
TypeError: _fit_lane() missing 2 required positional arguments: 'y_bottom' and 'y_top'

[rosout][ERROR] 2025-09-20 13:14:49,633: bad callback: <bound method LaneTrackingNode.image_cb of <__main__.LaneTrackingNode object at 0x7f55bef5a1c0>>
Traceback (most recent call last):
  File "/opt/ros/noetic/lib/python3/dist-packages/rospy/topics.py", line 750, in _invoke_callback
    cb(msg)
  File "/home/hyeongseon/catkin_ws/src/lane_tracking_pkg/scripts/lane_tracking_node.py", line 99, in image_cb
    self.handle_frame(frame, msg.header)
  File "/home/hyeongseon/catkin_ws/src/lane_tracking_pkg/scripts/lane_tracking_node.py", line 111, in handle_frame
    lane_center, roi_overlay = detect_lane_center(edges, roi_color, self.debug)
  File "/home/hyeongseon/catkin_ws/src/lane_tracking_pkg/vision/detector.py", line 63, in detect_lane_center
    left_line = _fit_lane(np.vstack(left_points)) if left_points else None
TypeError: _fit_lane() missing 2 required positional arguments: 'y_bottom' and 'y_top'

[rosout][ERROR] 2025-09-20 13:14:49,678: bad callback: <bound method LaneTrackingNode.image_cb of <__main__.LaneTrackingNode object at 0x7f55bef5a1c0>>
Traceback (most recent call last):
  File "/opt/ros/noetic/lib/python3/dist-packages/rospy/topics.py", line 750, in _invoke_callback
    cb(msg)
  File "/home/hyeongseon/catkin_ws/src/lane_tracking_pkg/scripts/lane_tracking_node.py", line 99, in image_cb
    self.handle_frame(frame, msg.header)
  File "/home/hyeongseon/catkin_ws/src/lane_tracking_pkg/scripts/lane_tracking_node.py", line 111, in handle_frame
    lane_center, roi_overlay = detect_lane_center(edges, roi_color, self.debug)
  File "/home/hyeongseon/catkin_ws/src/lane_tracking_pkg/vision/detector.py", line 63, in detect_lane_center
    left_line = _fit_lane(np.vstack(left_points)) if left_points else None
TypeError: _fit_lane() missing 2 required positional arguments: 'y_bottom' and 'y_top'

[rosout][ERROR] 2025-09-20 13:14:49,699: bad callback: <bound method LaneTrackingNode.image_cb of <__main__.LaneTrackingNode object at 0x7f55bef5a1c0>>
Traceback (most recent call last):
  File "/opt/ros/noetic/lib/python3/dist-packages/rospy/topics.py", line 750, in _invoke_callback
    cb(msg)
  File "/home/hyeongseon/catkin_ws/src/lane_tracking_pkg/scripts/lane_tracking_node.py", line 99, in image_cb
    self.handle_frame(frame, msg.header)
  File "/home/hyeongseon/catkin_ws/src/lane_tracking_pkg/scripts/lane_tracking_node.py", line 111, in handle_frame
    lane_center, roi_overlay = detect_lane_center(edges, roi_color, self.debug)
  File "/home/hyeongseon/catkin_ws/src/lane_tracking_pkg/vision/detector.py", line 63, in detect_lane_center
    left_line = _fit_lane(np.vstack(left_points)) if left_points else None
TypeError: _fit_lane() missing 2 required positional arguments: 'y_bottom' and 'y_top'

[rosout][ERROR] 2025-09-20 13:14:49,737: bad callback: <bound method LaneTrackingNode.image_cb of <__main__.LaneTrackingNode object at 0x7f55bef5a1c0>>
Traceback (most recent call last):
  File "/opt/ros/noetic/lib/python3/dist-packages/rospy/topics.py", line 750, in _invoke_callback
    cb(msg)
  File "/home/hyeongseon/catkin_ws/src/lane_tracking_pkg/scripts/lane_tracking_node.py", line 99, in image_cb
    self.handle_frame(frame, msg.header)
  File "/home/hyeongseon/catkin_ws/src/lane_tracking_pkg/scripts/lane_tracking_node.py", line 111, in handle_frame
    lane_center, roi_overlay = detect_lane_center(edges, roi_color, self.debug)
  File "/home/hyeongseon/catkin_ws/src/lane_tracking_pkg/vision/detector.py", line 63, in detect_lane_center
    left_line = _fit_lane(np.vstack(left_points)) if left_points else None
TypeError: _fit_lane() missing 2 required positional arguments: 'y_bottom' and 'y_top'

[rosout][ERROR] 2025-09-20 13:14:49,756: bad callback: <bound method LaneTrackingNode.image_cb of <__main__.LaneTrackingNode object at 0x7f55bef5a1c0>>
Traceback (most recent call last):
  File "/opt/ros/noetic/lib/python3/dist-packages/rospy/topics.py", line 750, in _invoke_callback
    cb(msg)
  File "/home/hyeongseon/catkin_ws/src/lane_tracking_pkg/scripts/lane_tracking_node.py", line 99, in image_cb
    self.handle_frame(frame, msg.header)
  File "/home/hyeongseon/catkin_ws/src/lane_tracking_pkg/scripts/lane_tracking_node.py", line 111, in handle_frame
    lane_center, roi_overlay = detect_lane_center(edges, roi_color, self.debug)
  File "/home/hyeongseon/catkin_ws/src/lane_tracking_pkg/vision/detector.py", line 63, in detect_lane_center
    left_line = _fit_lane(np.vstack(left_points)) if left_points else None
TypeError: _fit_lane() missing 2 required positional arguments: 'y_bottom' and 'y_top'

[rosout][ERROR] 2025-09-20 13:14:49,799: bad callback: <bound method LaneTrackingNode.image_cb of <__main__.LaneTrackingNode object at 0x7f55bef5a1c0>>
Traceback (most recent call last):
  File "/opt/ros/noetic/lib/python3/dist-packages/rospy/topics.py", line 750, in _invoke_callback
    cb(msg)
  File "/home/hyeongseon/catkin_ws/src/lane_tracking_pkg/scripts/lane_tracking_node.py", line 99, in image_cb
    self.handle_frame(frame, msg.header)
  File "/home/hyeongseon/catkin_ws/src/lane_tracking_pkg/scripts/lane_tracking_node.py", line 111, in handle_frame
    lane_center, roi_overlay = detect_lane_center(edges, roi_color, self.debug)
  File "/home/hyeongseon/catkin_ws/src/lane_tracking_pkg/vision/detector.py", line 63, in detect_lane_center
    left_line = _fit_lane(np.vstack(left_points)) if left_points else None
TypeError: _fit_lane() missing 2 required positional arguments: 'y_bottom' and 'y_top'

[rosout][ERROR] 2025-09-20 13:14:49,826: bad callback: <bound method LaneTrackingNode.image_cb of <__main__.LaneTrackingNode object at 0x7f55bef5a1c0>>
Traceback (most recent call last):
  File "/opt/ros/noetic/lib/python3/dist-packages/rospy/topics.py", line 750, in _invoke_callback
    cb(msg)
  File "/home/hyeongseon/catkin_ws/src/lane_tracking_pkg/scripts/lane_tracking_node.py", line 99, in image_cb
    self.handle_frame(frame, msg.header)
  File "/home/hyeongseon/catkin_ws/src/lane_tracking_pkg/scripts/lane_tracking_node.py", line 111, in handle_frame
    lane_center, roi_overlay = detect_lane_center(edges, roi_color, self.debug)
  File "/home/hyeongseon/catkin_ws/src/lane_tracking_pkg/vision/detector.py", line 63, in detect_lane_center
    left_line = _fit_lane(np.vstack(left_points)) if left_points else None
TypeError: _fit_lane() missing 2 required positional arguments: 'y_bottom' and 'y_top'

[rosout][ERROR] 2025-09-20 13:14:49,849: bad callback: <bound method LaneTrackingNode.image_cb of <__main__.LaneTrackingNode object at 0x7f55bef5a1c0>>
Traceback (most recent call last):
  File "/opt/ros/noetic/lib/python3/dist-packages/rospy/topics.py", line 750, in _invoke_callback
    cb(msg)
  File "/home/hyeongseon/catkin_ws/src/lane_tracking_pkg/scripts/lane_tracking_node.py", line 99, in image_cb
    self.handle_frame(frame, msg.header)
  File "/home/hyeongseon/catkin_ws/src/lane_tracking_pkg/scripts/lane_tracking_node.py", line 111, in handle_frame
    lane_center, roi_overlay = detect_lane_center(edges, roi_color, self.debug)
  File "/home/hyeongseon/catkin_ws/src/lane_tracking_pkg/vision/detector.py", line 63, in detect_lane_center
    left_line = _fit_lane(np.vstack(left_points)) if left_points else None
TypeError: _fit_lane() missing 2 required positional arguments: 'y_bottom' and 'y_top'

[rosout][ERROR] 2025-09-20 13:14:49,884: bad callback: <bound method LaneTrackingNode.image_cb of <__main__.LaneTrackingNode object at 0x7f55bef5a1c0>>
Traceback (most recent call last):
  File "/opt/ros/noetic/lib/python3/dist-packages/rospy/topics.py", line 750, in _invoke_callback
    cb(msg)
  File "/home/hyeongseon/catkin_ws/src/lane_tracking_pkg/scripts/lane_tracking_node.py", line 99, in image_cb
    self.handle_frame(frame, msg.header)
  File "/home/hyeongseon/catkin_ws/src/lane_tracking_pkg/scripts/lane_tracking_node.py", line 111, in handle_frame
    lane_center, roi_overlay = detect_lane_center(edges, roi_color, self.debug)
  File "/home/hyeongseon/catkin_ws/src/lane_tracking_pkg/vision/detector.py", line 63, in detect_lane_center
    left_line = _fit_lane(np.vstack(left_points)) if left_points else None
TypeError: _fit_lane() missing 2 required positional arguments: 'y_bottom' and 'y_top'

[rosout][ERROR] 2025-09-20 13:14:49,910: bad callback: <bound method LaneTrackingNode.image_cb of <__main__.LaneTrackingNode object at 0x7f55bef5a1c0>>
Traceback (most recent call last):
  File "/opt/ros/noetic/lib/python3/dist-packages/rospy/topics.py", line 750, in _invoke_callback
    cb(msg)
  File "/home/hyeongseon/catkin_ws/src/lane_tracking_pkg/scripts/lane_tracking_node.py", line 99, in image_cb
    self.handle_frame(frame, msg.header)
  File "/home/hyeongseon/catkin_ws/src/lane_tracking_pkg/scripts/lane_tracking_node.py", line 111, in handle_frame
    lane_center, roi_overlay = detect_lane_center(edges, roi_color, self.debug)
  File "/home/hyeongseon/catkin_ws/src/lane_tracking_pkg/vision/detector.py", line 63, in detect_lane_center
    left_line = _fit_lane(np.vstack(left_points)) if left_points else None
TypeError: _fit_lane() missing 2 required positional arguments: 'y_bottom' and 'y_top'

[rosout][ERROR] 2025-09-20 13:14:49,983: bad callback: <bound method LaneTrackingNode.image_cb of <__main__.LaneTrackingNode object at 0x7f55bef5a1c0>>
Traceback (most recent call last):
  File "/opt/ros/noetic/lib/python3/dist-packages/rospy/topics.py", line 750, in _invoke_callback
    cb(msg)
  File "/home/hyeongseon/catkin_ws/src/lane_tracking_pkg/scripts/lane_tracking_node.py", line 99, in image_cb
    self.handle_frame(frame, msg.header)
  File "/home/hyeongseon/catkin_ws/src/lane_tracking_pkg/scripts/lane_tracking_node.py", line 111, in handle_frame
    lane_center, roi_overlay = detect_lane_center(edges, roi_color, self.debug)
  File "/home/hyeongseon/catkin_ws/src/lane_tracking_pkg/vision/detector.py", line 63, in detect_lane_center
    left_line = _fit_lane(np.vstack(left_points)) if left_points else None
TypeError: _fit_lane() missing 2 required positional arguments: 'y_bottom' and 'y_top'

[rosout][ERROR] 2025-09-20 13:14:50,003: bad callback: <bound method LaneTrackingNode.image_cb of <__main__.LaneTrackingNode object at 0x7f55bef5a1c0>>
Traceback (most recent call last):
  File "/opt/ros/noetic/lib/python3/dist-packages/rospy/topics.py", line 750, in _invoke_callback
    cb(msg)
  File "/home/hyeongseon/catkin_ws/src/lane_tracking_pkg/scripts/lane_tracking_node.py", line 99, in image_cb
    self.handle_frame(frame, msg.header)
  File "/home/hyeongseon/catkin_ws/src/lane_tracking_pkg/scripts/lane_tracking_node.py", line 111, in handle_frame
    lane_center, roi_overlay = detect_lane_center(edges, roi_color, self.debug)
  File "/home/hyeongseon/catkin_ws/src/lane_tracking_pkg/vision/detector.py", line 63, in detect_lane_center
    left_line = _fit_lane(np.vstack(left_points)) if left_points else None
TypeError: _fit_lane() missing 2 required positional arguments: 'y_bottom' and 'y_top'

[rosout][ERROR] 2025-09-20 13:14:50,042: bad callback: <bound method LaneTrackingNode.image_cb of <__main__.LaneTrackingNode object at 0x7f55bef5a1c0>>
Traceback (most recent call last):
  File "/opt/ros/noetic/lib/python3/dist-packages/rospy/topics.py", line 750, in _invoke_callback
    cb(msg)
  File "/home/hyeongseon/catkin_ws/src/lane_tracking_pkg/scripts/lane_tracking_node.py", line 99, in image_cb
    self.handle_frame(frame, msg.header)
  File "/home/hyeongseon/catkin_ws/src/lane_tracking_pkg/scripts/lane_tracking_node.py", line 111, in handle_frame
    lane_center, roi_overlay = detect_lane_center(edges, roi_color, self.debug)
  File "/home/hyeongseon/catkin_ws/src/lane_tracking_pkg/vision/detector.py", line 63, in detect_lane_center
    left_line = _fit_lane(np.vstack(left_points)) if left_points else None
TypeError: _fit_lane() missing 2 required positional arguments: 'y_bottom' and 'y_top'

[rosout][ERROR] 2025-09-20 13:14:50,071: bad callback: <bound method LaneTrackingNode.image_cb of <__main__.LaneTrackingNode object at 0x7f55bef5a1c0>>
Traceback (most recent call last):
  File "/opt/ros/noetic/lib/python3/dist-packages/rospy/topics.py", line 750, in _invoke_callback
    cb(msg)
  File "/home/hyeongseon/catkin_ws/src/lane_tracking_pkg/scripts/lane_tracking_node.py", line 99, in image_cb
    self.handle_frame(frame, msg.header)
  File "/home/hyeongseon/catkin_ws/src/lane_tracking_pkg/scripts/lane_tracking_node.py", line 111, in handle_frame
    lane_center, roi_overlay = detect_lane_center(edges, roi_color, self.debug)
  File "/home/hyeongseon/catkin_ws/src/lane_tracking_pkg/vision/detector.py", line 63, in detect_lane_center
    left_line = _fit_lane(np.vstack(left_points)) if left_points else None
TypeError: _fit_lane() missing 2 required positional arguments: 'y_bottom' and 'y_top'

[rosout][ERROR] 2025-09-20 13:14:50,094: bad callback: <bound method LaneTrackingNode.image_cb of <__main__.LaneTrackingNode object at 0x7f55bef5a1c0>>
Traceback (most recent call last):
  File "/opt/ros/noetic/lib/python3/dist-packages/rospy/topics.py", line 750, in _invoke_callback
    cb(msg)
  File "/home/hyeongseon/catkin_ws/src/lane_tracking_pkg/scripts/lane_tracking_node.py", line 99, in image_cb
    self.handle_frame(frame, msg.header)
  File "/home/hyeongseon/catkin_ws/src/lane_tracking_pkg/scripts/lane_tracking_node.py", line 111, in handle_frame
    lane_center, roi_overlay = detect_lane_center(edges, roi_color, self.debug)
  File "/home/hyeongseon/catkin_ws/src/lane_tracking_pkg/vision/detector.py", line 63, in detect_lane_center
    left_line = _fit_lane(np.vstack(left_points)) if left_points else None
TypeError: _fit_lane() missing 2 required positional arguments: 'y_bottom' and 'y_top'

[rosout][ERROR] 2025-09-20 13:14:50,125: bad callback: <bound method LaneTrackingNode.image_cb of <__main__.LaneTrackingNode object at 0x7f55bef5a1c0>>
Traceback (most recent call last):
  File "/opt/ros/noetic/lib/python3/dist-packages/rospy/topics.py", line 750, in _invoke_callback
    cb(msg)
  File "/home/hyeongseon/catkin_ws/src/lane_tracking_pkg/scripts/lane_tracking_node.py", line 99, in image_cb
    self.handle_frame(frame, msg.header)
  File "/home/hyeongseon/catkin_ws/src/lane_tracking_pkg/scripts/lane_tracking_node.py", line 111, in handle_frame
    lane_center, roi_overlay = detect_lane_center(edges, roi_color, self.debug)
  File "/home/hyeongseon/catkin_ws/src/lane_tracking_pkg/vision/detector.py", line 63, in detect_lane_center
    left_line = _fit_lane(np.vstack(left_points)) if left_points else None
TypeError: _fit_lane() missing 2 required positional arguments: 'y_bottom' and 'y_top'

[rosout][ERROR] 2025-09-20 13:14:50,168: bad callback: <bound method LaneTrackingNode.image_cb of <__main__.LaneTrackingNode object at 0x7f55bef5a1c0>>
Traceback (most recent call last):
  File "/opt/ros/noetic/lib/python3/dist-packages/rospy/topics.py", line 750, in _invoke_callback
    cb(msg)
  File "/home/hyeongseon/catkin_ws/src/lane_tracking_pkg/scripts/lane_tracking_node.py", line 99, in image_cb
    self.handle_frame(frame, msg.header)
  File "/home/hyeongseon/catkin_ws/src/lane_tracking_pkg/scripts/lane_tracking_node.py", line 111, in handle_frame
    lane_center, roi_overlay = detect_lane_center(edges, roi_color, self.debug)
  File "/home/hyeongseon/catkin_ws/src/lane_tracking_pkg/vision/detector.py", line 63, in detect_lane_center
    left_line = _fit_lane(np.vstack(left_points)) if left_points else None
TypeError: _fit_lane() missing 2 required positional arguments: 'y_bottom' and 'y_top'

[rosout][ERROR] 2025-09-20 13:14:50,211: bad callback: <bound method LaneTrackingNode.image_cb of <__main__.LaneTrackingNode object at 0x7f55bef5a1c0>>
Traceback (most recent call last):
  File "/opt/ros/noetic/lib/python3/dist-packages/rospy/topics.py", line 750, in _invoke_callback
    cb(msg)
  File "/home/hyeongseon/catkin_ws/src/lane_tracking_pkg/scripts/lane_tracking_node.py", line 99, in image_cb
    self.handle_frame(frame, msg.header)
  File "/home/hyeongseon/catkin_ws/src/lane_tracking_pkg/scripts/lane_tracking_node.py", line 111, in handle_frame
    lane_center, roi_overlay = detect_lane_center(edges, roi_color, self.debug)
  File "/home/hyeongseon/catkin_ws/src/lane_tracking_pkg/vision/detector.py", line 63, in detect_lane_center
    left_line = _fit_lane(np.vstack(left_points)) if left_points else None
TypeError: _fit_lane() missing 2 required positional arguments: 'y_bottom' and 'y_top'

[rosout][ERROR] 2025-09-20 13:14:50,238: bad callback: <bound method LaneTrackingNode.image_cb of <__main__.LaneTrackingNode object at 0x7f55bef5a1c0>>
Traceback (most recent call last):
  File "/opt/ros/noetic/lib/python3/dist-packages/rospy/topics.py", line 750, in _invoke_callback
    cb(msg)
  File "/home/hyeongseon/catkin_ws/src/lane_tracking_pkg/scripts/lane_tracking_node.py", line 99, in image_cb
    self.handle_frame(frame, msg.header)
  File "/home/hyeongseon/catkin_ws/src/lane_tracking_pkg/scripts/lane_tracking_node.py", line 111, in handle_frame
    lane_center, roi_overlay = detect_lane_center(edges, roi_color, self.debug)
  File "/home/hyeongseon/catkin_ws/src/lane_tracking_pkg/vision/detector.py", line 63, in detect_lane_center
    left_line = _fit_lane(np.vstack(left_points)) if left_points else None
TypeError: _fit_lane() missing 2 required positional arguments: 'y_bottom' and 'y_top'

[rosout][ERROR] 2025-09-20 13:14:50,273: bad callback: <bound method LaneTrackingNode.image_cb of <__main__.LaneTrackingNode object at 0x7f55bef5a1c0>>
Traceback (most recent call last):
  File "/opt/ros/noetic/lib/python3/dist-packages/rospy/topics.py", line 750, in _invoke_callback
    cb(msg)
  File "/home/hyeongseon/catkin_ws/src/lane_tracking_pkg/scripts/lane_tracking_node.py", line 99, in image_cb
    self.handle_frame(frame, msg.header)
  File "/home/hyeongseon/catkin_ws/src/lane_tracking_pkg/scripts/lane_tracking_node.py", line 111, in handle_frame
    lane_center, roi_overlay = detect_lane_center(edges, roi_color, self.debug)
  File "/home/hyeongseon/catkin_ws/src/lane_tracking_pkg/vision/detector.py", line 63, in detect_lane_center
    left_line = _fit_lane(np.vstack(left_points)) if left_points else None
TypeError: _fit_lane() missing 2 required positional arguments: 'y_bottom' and 'y_top'

[rosout][ERROR] 2025-09-20 13:14:50,317: bad callback: <bound method LaneTrackingNode.image_cb of <__main__.LaneTrackingNode object at 0x7f55bef5a1c0>>
Traceback (most recent call last):
  File "/opt/ros/noetic/lib/python3/dist-packages/rospy/topics.py", line 750, in _invoke_callback
    cb(msg)
  File "/home/hyeongseon/catkin_ws/src/lane_tracking_pkg/scripts/lane_tracking_node.py", line 99, in image_cb
    self.handle_frame(frame, msg.header)
  File "/home/hyeongseon/catkin_ws/src/lane_tracking_pkg/scripts/lane_tracking_node.py", line 111, in handle_frame
    lane_center, roi_overlay = detect_lane_center(edges, roi_color, self.debug)
  File "/home/hyeongseon/catkin_ws/src/lane_tracking_pkg/vision/detector.py", line 63, in detect_lane_center
    left_line = _fit_lane(np.vstack(left_points)) if left_points else None
TypeError: _fit_lane() missing 2 required positional arguments: 'y_bottom' and 'y_top'

[rosout][ERROR] 2025-09-20 13:14:50,345: bad callback: <bound method LaneTrackingNode.image_cb of <__main__.LaneTrackingNode object at 0x7f55bef5a1c0>>
Traceback (most recent call last):
  File "/opt/ros/noetic/lib/python3/dist-packages/rospy/topics.py", line 750, in _invoke_callback
    cb(msg)
  File "/home/hyeongseon/catkin_ws/src/lane_tracking_pkg/scripts/lane_tracking_node.py", line 99, in image_cb
    self.handle_frame(frame, msg.header)
  File "/home/hyeongseon/catkin_ws/src/lane_tracking_pkg/scripts/lane_tracking_node.py", line 111, in handle_frame
    lane_center, roi_overlay = detect_lane_center(edges, roi_color, self.debug)
  File "/home/hyeongseon/catkin_ws/src/lane_tracking_pkg/vision/detector.py", line 63, in detect_lane_center
    left_line = _fit_lane(np.vstack(left_points)) if left_points else None
TypeError: _fit_lane() missing 2 required positional arguments: 'y_bottom' and 'y_top'

[rosout][ERROR] 2025-09-20 13:14:50,359: bad callback: <bound method LaneTrackingNode.image_cb of <__main__.LaneTrackingNode object at 0x7f55bef5a1c0>>
Traceback (most recent call last):
  File "/opt/ros/noetic/lib/python3/dist-packages/rospy/topics.py", line 750, in _invoke_callback
    cb(msg)
  File "/home/hyeongseon/catkin_ws/src/lane_tracking_pkg/scripts/lane_tracking_node.py", line 99, in image_cb
    self.handle_frame(frame, msg.header)
  File "/home/hyeongseon/catkin_ws/src/lane_tracking_pkg/scripts/lane_tracking_node.py", line 111, in handle_frame
    lane_center, roi_overlay = detect_lane_center(edges, roi_color, self.debug)
  File "/home/hyeongseon/catkin_ws/src/lane_tracking_pkg/vision/detector.py", line 63, in detect_lane_center
    left_line = _fit_lane(np.vstack(left_points)) if left_points else None
TypeError: _fit_lane() missing 2 required positional arguments: 'y_bottom' and 'y_top'

[rosout][ERROR] 2025-09-20 13:14:50,392: bad callback: <bound method LaneTrackingNode.image_cb of <__main__.LaneTrackingNode object at 0x7f55bef5a1c0>>
Traceback (most recent call last):
  File "/opt/ros/noetic/lib/python3/dist-packages/rospy/topics.py", line 750, in _invoke_callback
    cb(msg)
  File "/home/hyeongseon/catkin_ws/src/lane_tracking_pkg/scripts/lane_tracking_node.py", line 99, in image_cb
    self.handle_frame(frame, msg.header)
  File "/home/hyeongseon/catkin_ws/src/lane_tracking_pkg/scripts/lane_tracking_node.py", line 111, in handle_frame
    lane_center, roi_overlay = detect_lane_center(edges, roi_color, self.debug)
  File "/home/hyeongseon/catkin_ws/src/lane_tracking_pkg/vision/detector.py", line 63, in detect_lane_center
    left_line = _fit_lane(np.vstack(left_points)) if left_points else None
TypeError: _fit_lane() missing 2 required positional arguments: 'y_bottom' and 'y_top'

[rosout][ERROR] 2025-09-20 13:14:50,409: bad callback: <bound method LaneTrackingNode.image_cb of <__main__.LaneTrackingNode object at 0x7f55bef5a1c0>>
Traceback (most recent call last):
  File "/opt/ros/noetic/lib/python3/dist-packages/rospy/topics.py", line 750, in _invoke_callback
    cb(msg)
  File "/home/hyeongseon/catkin_ws/src/lane_tracking_pkg/scripts/lane_tracking_node.py", line 99, in image_cb
    self.handle_frame(frame, msg.header)
  File "/home/hyeongseon/catkin_ws/src/lane_tracking_pkg/scripts/lane_tracking_node.py", line 111, in handle_frame
    lane_center, roi_overlay = detect_lane_center(edges, roi_color, self.debug)
  File "/home/hyeongseon/catkin_ws/src/lane_tracking_pkg/vision/detector.py", line 63, in detect_lane_center
    left_line = _fit_lane(np.vstack(left_points)) if left_points else None
TypeError: _fit_lane() missing 2 required positional arguments: 'y_bottom' and 'y_top'

[rosout][ERROR] 2025-09-20 13:14:50,443: bad callback: <bound method LaneTrackingNode.image_cb of <__main__.LaneTrackingNode object at 0x7f55bef5a1c0>>
Traceback (most recent call last):
  File "/opt/ros/noetic/lib/python3/dist-packages/rospy/topics.py", line 750, in _invoke_callback
    cb(msg)
  File "/home/hyeongseon/catkin_ws/src/lane_tracking_pkg/scripts/lane_tracking_node.py", line 99, in image_cb
    self.handle_frame(frame, msg.header)
  File "/home/hyeongseon/catkin_ws/src/lane_tracking_pkg/scripts/lane_tracking_node.py", line 111, in handle_frame
    lane_center, roi_overlay = detect_lane_center(edges, roi_color, self.debug)
  File "/home/hyeongseon/catkin_ws/src/lane_tracking_pkg/vision/detector.py", line 63, in detect_lane_center
    left_line = _fit_lane(np.vstack(left_points)) if left_points else None
TypeError: _fit_lane() missing 2 required positional arguments: 'y_bottom' and 'y_top'

[rosout][ERROR] 2025-09-20 13:14:50,467: bad callback: <bound method LaneTrackingNode.image_cb of <__main__.LaneTrackingNode object at 0x7f55bef5a1c0>>
Traceback (most recent call last):
  File "/opt/ros/noetic/lib/python3/dist-packages/rospy/topics.py", line 750, in _invoke_callback
    cb(msg)
  File "/home/hyeongseon/catkin_ws/src/lane_tracking_pkg/scripts/lane_tracking_node.py", line 99, in image_cb
    self.handle_frame(frame, msg.header)
  File "/home/hyeongseon/catkin_ws/src/lane_tracking_pkg/scripts/lane_tracking_node.py", line 111, in handle_frame
    lane_center, roi_overlay = detect_lane_center(edges, roi_color, self.debug)
  File "/home/hyeongseon/catkin_ws/src/lane_tracking_pkg/vision/detector.py", line 63, in detect_lane_center
    left_line = _fit_lane(np.vstack(left_points)) if left_points else None
TypeError: _fit_lane() missing 2 required positional arguments: 'y_bottom' and 'y_top'

[rosout][ERROR] 2025-09-20 13:14:50,508: bad callback: <bound method LaneTrackingNode.image_cb of <__main__.LaneTrackingNode object at 0x7f55bef5a1c0>>
Traceback (most recent call last):
  File "/opt/ros/noetic/lib/python3/dist-packages/rospy/topics.py", line 750, in _invoke_callback
    cb(msg)
  File "/home/hyeongseon/catkin_ws/src/lane_tracking_pkg/scripts/lane_tracking_node.py", line 99, in image_cb
    self.handle_frame(frame, msg.header)
  File "/home/hyeongseon/catkin_ws/src/lane_tracking_pkg/scripts/lane_tracking_node.py", line 111, in handle_frame
    lane_center, roi_overlay = detect_lane_center(edges, roi_color, self.debug)
  File "/home/hyeongseon/catkin_ws/src/lane_tracking_pkg/vision/detector.py", line 63, in detect_lane_center
    left_line = _fit_lane(np.vstack(left_points)) if left_points else None
TypeError: _fit_lane() missing 2 required positional arguments: 'y_bottom' and 'y_top'

[rosout][ERROR] 2025-09-20 13:14:50,521: bad callback: <bound method LaneTrackingNode.image_cb of <__main__.LaneTrackingNode object at 0x7f55bef5a1c0>>
Traceback (most recent call last):
  File "/opt/ros/noetic/lib/python3/dist-packages/rospy/topics.py", line 750, in _invoke_callback
    cb(msg)
  File "/home/hyeongseon/catkin_ws/src/lane_tracking_pkg/scripts/lane_tracking_node.py", line 99, in image_cb
    self.handle_frame(frame, msg.header)
  File "/home/hyeongseon/catkin_ws/src/lane_tracking_pkg/scripts/lane_tracking_node.py", line 111, in handle_frame
    lane_center, roi_overlay = detect_lane_center(edges, roi_color, self.debug)
  File "/home/hyeongseon/catkin_ws/src/lane_tracking_pkg/vision/detector.py", line 63, in detect_lane_center
    left_line = _fit_lane(np.vstack(left_points)) if left_points else None
TypeError: _fit_lane() missing 2 required positional arguments: 'y_bottom' and 'y_top'

[rosout][ERROR] 2025-09-20 13:14:50,576: bad callback: <bound method LaneTrackingNode.image_cb of <__main__.LaneTrackingNode object at 0x7f55bef5a1c0>>
Traceback (most recent call last):
  File "/opt/ros/noetic/lib/python3/dist-packages/rospy/topics.py", line 750, in _invoke_callback
    cb(msg)
  File "/home/hyeongseon/catkin_ws/src/lane_tracking_pkg/scripts/lane_tracking_node.py", line 99, in image_cb
    self.handle_frame(frame, msg.header)
  File "/home/hyeongseon/catkin_ws/src/lane_tracking_pkg/scripts/lane_tracking_node.py", line 111, in handle_frame
    lane_center, roi_overlay = detect_lane_center(edges, roi_color, self.debug)
  File "/home/hyeongseon/catkin_ws/src/lane_tracking_pkg/vision/detector.py", line 63, in detect_lane_center
    left_line = _fit_lane(np.vstack(left_points)) if left_points else None
TypeError: _fit_lane() missing 2 required positional arguments: 'y_bottom' and 'y_top'

[rosout][ERROR] 2025-09-20 13:14:50,608: bad callback: <bound method LaneTrackingNode.image_cb of <__main__.LaneTrackingNode object at 0x7f55bef5a1c0>>
Traceback (most recent call last):
  File "/opt/ros/noetic/lib/python3/dist-packages/rospy/topics.py", line 750, in _invoke_callback
    cb(msg)
  File "/home/hyeongseon/catkin_ws/src/lane_tracking_pkg/scripts/lane_tracking_node.py", line 99, in image_cb
    self.handle_frame(frame, msg.header)
  File "/home/hyeongseon/catkin_ws/src/lane_tracking_pkg/scripts/lane_tracking_node.py", line 111, in handle_frame
    lane_center, roi_overlay = detect_lane_center(edges, roi_color, self.debug)
  File "/home/hyeongseon/catkin_ws/src/lane_tracking_pkg/vision/detector.py", line 63, in detect_lane_center
    left_line = _fit_lane(np.vstack(left_points)) if left_points else None
TypeError: _fit_lane() missing 2 required positional arguments: 'y_bottom' and 'y_top'

[rosout][ERROR] 2025-09-20 13:14:50,641: bad callback: <bound method LaneTrackingNode.image_cb of <__main__.LaneTrackingNode object at 0x7f55bef5a1c0>>
Traceback (most recent call last):
  File "/opt/ros/noetic/lib/python3/dist-packages/rospy/topics.py", line 750, in _invoke_callback
    cb(msg)
  File "/home/hyeongseon/catkin_ws/src/lane_tracking_pkg/scripts/lane_tracking_node.py", line 99, in image_cb
    self.handle_frame(frame, msg.header)
  File "/home/hyeongseon/catkin_ws/src/lane_tracking_pkg/scripts/lane_tracking_node.py", line 111, in handle_frame
    lane_center, roi_overlay = detect_lane_center(edges, roi_color, self.debug)
  File "/home/hyeongseon/catkin_ws/src/lane_tracking_pkg/vision/detector.py", line 63, in detect_lane_center
    left_line = _fit_lane(np.vstack(left_points)) if left_points else None
TypeError: _fit_lane() missing 2 required positional arguments: 'y_bottom' and 'y_top'

[rosout][ERROR] 2025-09-20 13:14:50,662: bad callback: <bound method LaneTrackingNode.image_cb of <__main__.LaneTrackingNode object at 0x7f55bef5a1c0>>
Traceback (most recent call last):
  File "/opt/ros/noetic/lib/python3/dist-packages/rospy/topics.py", line 750, in _invoke_callback
    cb(msg)
  File "/home/hyeongseon/catkin_ws/src/lane_tracking_pkg/scripts/lane_tracking_node.py", line 99, in image_cb
    self.handle_frame(frame, msg.header)
  File "/home/hyeongseon/catkin_ws/src/lane_tracking_pkg/scripts/lane_tracking_node.py", line 111, in handle_frame
    lane_center, roi_overlay = detect_lane_center(edges, roi_color, self.debug)
  File "/home/hyeongseon/catkin_ws/src/lane_tracking_pkg/vision/detector.py", line 63, in detect_lane_center
    left_line = _fit_lane(np.vstack(left_points)) if left_points else None
TypeError: _fit_lane() missing 2 required positional arguments: 'y_bottom' and 'y_top'

[rosout][ERROR] 2025-09-20 13:14:50,686: bad callback: <bound method LaneTrackingNode.image_cb of <__main__.LaneTrackingNode object at 0x7f55bef5a1c0>>
Traceback (most recent call last):
  File "/opt/ros/noetic/lib/python3/dist-packages/rospy/topics.py", line 750, in _invoke_callback
    cb(msg)
  File "/home/hyeongseon/catkin_ws/src/lane_tracking_pkg/scripts/lane_tracking_node.py", line 99, in image_cb
    self.handle_frame(frame, msg.header)
  File "/home/hyeongseon/catkin_ws/src/lane_tracking_pkg/scripts/lane_tracking_node.py", line 111, in handle_frame
    lane_center, roi_overlay = detect_lane_center(edges, roi_color, self.debug)
  File "/home/hyeongseon/catkin_ws/src/lane_tracking_pkg/vision/detector.py", line 63, in detect_lane_center
    left_line = _fit_lane(np.vstack(left_points)) if left_points else None
TypeError: _fit_lane() missing 2 required positional arguments: 'y_bottom' and 'y_top'

[rosout][ERROR] 2025-09-20 13:14:50,741: bad callback: <bound method LaneTrackingNode.image_cb of <__main__.LaneTrackingNode object at 0x7f55bef5a1c0>>
Traceback (most recent call last):
  File "/opt/ros/noetic/lib/python3/dist-packages/rospy/topics.py", line 750, in _invoke_callback
    cb(msg)
  File "/home/hyeongseon/catkin_ws/src/lane_tracking_pkg/scripts/lane_tracking_node.py", line 99, in image_cb
    self.handle_frame(frame, msg.header)
  File "/home/hyeongseon/catkin_ws/src/lane_tracking_pkg/scripts/lane_tracking_node.py", line 111, in handle_frame
    lane_center, roi_overlay = detect_lane_center(edges, roi_color, self.debug)
  File "/home/hyeongseon/catkin_ws/src/lane_tracking_pkg/vision/detector.py", line 63, in detect_lane_center
    left_line = _fit_lane(np.vstack(left_points)) if left_points else None
TypeError: _fit_lane() missing 2 required positional arguments: 'y_bottom' and 'y_top'

[rosout][ERROR] 2025-09-20 13:14:50,770: bad callback: <bound method LaneTrackingNode.image_cb of <__main__.LaneTrackingNode object at 0x7f55bef5a1c0>>
Traceback (most recent call last):
  File "/opt/ros/noetic/lib/python3/dist-packages/rospy/topics.py", line 750, in _invoke_callback
    cb(msg)
  File "/home/hyeongseon/catkin_ws/src/lane_tracking_pkg/scripts/lane_tracking_node.py", line 99, in image_cb
    self.handle_frame(frame, msg.header)
  File "/home/hyeongseon/catkin_ws/src/lane_tracking_pkg/scripts/lane_tracking_node.py", line 111, in handle_frame
    lane_center, roi_overlay = detect_lane_center(edges, roi_color, self.debug)
  File "/home/hyeongseon/catkin_ws/src/lane_tracking_pkg/vision/detector.py", line 63, in detect_lane_center
    left_line = _fit_lane(np.vstack(left_points)) if left_points else None
TypeError: _fit_lane() missing 2 required positional arguments: 'y_bottom' and 'y_top'

[rosout][ERROR] 2025-09-20 13:14:50,814: bad callback: <bound method LaneTrackingNode.image_cb of <__main__.LaneTrackingNode object at 0x7f55bef5a1c0>>
Traceback (most recent call last):
  File "/opt/ros/noetic/lib/python3/dist-packages/rospy/topics.py", line 750, in _invoke_callback
    cb(msg)
  File "/home/hyeongseon/catkin_ws/src/lane_tracking_pkg/scripts/lane_tracking_node.py", line 99, in image_cb
    self.handle_frame(frame, msg.header)
  File "/home/hyeongseon/catkin_ws/src/lane_tracking_pkg/scripts/lane_tracking_node.py", line 111, in handle_frame
    lane_center, roi_overlay = detect_lane_center(edges, roi_color, self.debug)
  File "/home/hyeongseon/catkin_ws/src/lane_tracking_pkg/vision/detector.py", line 63, in detect_lane_center
    left_line = _fit_lane(np.vstack(left_points)) if left_points else None
TypeError: _fit_lane() missing 2 required positional arguments: 'y_bottom' and 'y_top'

[rosout][ERROR] 2025-09-20 13:14:50,826: bad callback: <bound method LaneTrackingNode.image_cb of <__main__.LaneTrackingNode object at 0x7f55bef5a1c0>>
Traceback (most recent call last):
  File "/opt/ros/noetic/lib/python3/dist-packages/rospy/topics.py", line 750, in _invoke_callback
    cb(msg)
  File "/home/hyeongseon/catkin_ws/src/lane_tracking_pkg/scripts/lane_tracking_node.py", line 99, in image_cb
    self.handle_frame(frame, msg.header)
  File "/home/hyeongseon/catkin_ws/src/lane_tracking_pkg/scripts/lane_tracking_node.py", line 111, in handle_frame
    lane_center, roi_overlay = detect_lane_center(edges, roi_color, self.debug)
  File "/home/hyeongseon/catkin_ws/src/lane_tracking_pkg/vision/detector.py", line 63, in detect_lane_center
    left_line = _fit_lane(np.vstack(left_points)) if left_points else None
TypeError: _fit_lane() missing 2 required positional arguments: 'y_bottom' and 'y_top'

[rosout][ERROR] 2025-09-20 13:14:50,899: bad callback: <bound method LaneTrackingNode.image_cb of <__main__.LaneTrackingNode object at 0x7f55bef5a1c0>>
Traceback (most recent call last):
  File "/opt/ros/noetic/lib/python3/dist-packages/rospy/topics.py", line 750, in _invoke_callback
    cb(msg)
  File "/home/hyeongseon/catkin_ws/src/lane_tracking_pkg/scripts/lane_tracking_node.py", line 99, in image_cb
    self.handle_frame(frame, msg.header)
  File "/home/hyeongseon/catkin_ws/src/lane_tracking_pkg/scripts/lane_tracking_node.py", line 111, in handle_frame
    lane_center, roi_overlay = detect_lane_center(edges, roi_color, self.debug)
  File "/home/hyeongseon/catkin_ws/src/lane_tracking_pkg/vision/detector.py", line 63, in detect_lane_center
    left_line = _fit_lane(np.vstack(left_points)) if left_points else None
TypeError: _fit_lane() missing 2 required positional arguments: 'y_bottom' and 'y_top'

[rosout][ERROR] 2025-09-20 13:14:50,929: bad callback: <bound method LaneTrackingNode.image_cb of <__main__.LaneTrackingNode object at 0x7f55bef5a1c0>>
Traceback (most recent call last):
  File "/opt/ros/noetic/lib/python3/dist-packages/rospy/topics.py", line 750, in _invoke_callback
    cb(msg)
  File "/home/hyeongseon/catkin_ws/src/lane_tracking_pkg/scripts/lane_tracking_node.py", line 99, in image_cb
    self.handle_frame(frame, msg.header)
  File "/home/hyeongseon/catkin_ws/src/lane_tracking_pkg/scripts/lane_tracking_node.py", line 111, in handle_frame
    lane_center, roi_overlay = detect_lane_center(edges, roi_color, self.debug)
  File "/home/hyeongseon/catkin_ws/src/lane_tracking_pkg/vision/detector.py", line 63, in detect_lane_center
    left_line = _fit_lane(np.vstack(left_points)) if left_points else None
TypeError: _fit_lane() missing 2 required positional arguments: 'y_bottom' and 'y_top'

[rosout][ERROR] 2025-09-20 13:14:50,966: bad callback: <bound method LaneTrackingNode.image_cb of <__main__.LaneTrackingNode object at 0x7f55bef5a1c0>>
Traceback (most recent call last):
  File "/opt/ros/noetic/lib/python3/dist-packages/rospy/topics.py", line 750, in _invoke_callback
    cb(msg)
  File "/home/hyeongseon/catkin_ws/src/lane_tracking_pkg/scripts/lane_tracking_node.py", line 99, in image_cb
    self.handle_frame(frame, msg.header)
  File "/home/hyeongseon/catkin_ws/src/lane_tracking_pkg/scripts/lane_tracking_node.py", line 111, in handle_frame
    lane_center, roi_overlay = detect_lane_center(edges, roi_color, self.debug)
  File "/home/hyeongseon/catkin_ws/src/lane_tracking_pkg/vision/detector.py", line 63, in detect_lane_center
    left_line = _fit_lane(np.vstack(left_points)) if left_points else None
TypeError: _fit_lane() missing 2 required positional arguments: 'y_bottom' and 'y_top'

[rosout][ERROR] 2025-09-20 13:14:50,984: bad callback: <bound method LaneTrackingNode.image_cb of <__main__.LaneTrackingNode object at 0x7f55bef5a1c0>>
Traceback (most recent call last):
  File "/opt/ros/noetic/lib/python3/dist-packages/rospy/topics.py", line 750, in _invoke_callback
    cb(msg)
  File "/home/hyeongseon/catkin_ws/src/lane_tracking_pkg/scripts/lane_tracking_node.py", line 99, in image_cb
    self.handle_frame(frame, msg.header)
  File "/home/hyeongseon/catkin_ws/src/lane_tracking_pkg/scripts/lane_tracking_node.py", line 111, in handle_frame
    lane_center, roi_overlay = detect_lane_center(edges, roi_color, self.debug)
  File "/home/hyeongseon/catkin_ws/src/lane_tracking_pkg/vision/detector.py", line 63, in detect_lane_center
    left_line = _fit_lane(np.vstack(left_points)) if left_points else None
TypeError: _fit_lane() missing 2 required positional arguments: 'y_bottom' and 'y_top'

[rosout][ERROR] 2025-09-20 13:14:51,011: bad callback: <bound method LaneTrackingNode.image_cb of <__main__.LaneTrackingNode object at 0x7f55bef5a1c0>>
Traceback (most recent call last):
  File "/opt/ros/noetic/lib/python3/dist-packages/rospy/topics.py", line 750, in _invoke_callback
    cb(msg)
  File "/home/hyeongseon/catkin_ws/src/lane_tracking_pkg/scripts/lane_tracking_node.py", line 99, in image_cb
    self.handle_frame(frame, msg.header)
  File "/home/hyeongseon/catkin_ws/src/lane_tracking_pkg/scripts/lane_tracking_node.py", line 111, in handle_frame
    lane_center, roi_overlay = detect_lane_center(edges, roi_color, self.debug)
  File "/home/hyeongseon/catkin_ws/src/lane_tracking_pkg/vision/detector.py", line 63, in detect_lane_center
    left_line = _fit_lane(np.vstack(left_points)) if left_points else None
TypeError: _fit_lane() missing 2 required positional arguments: 'y_bottom' and 'y_top'

[rosout][ERROR] 2025-09-20 13:14:51,030: bad callback: <bound method LaneTrackingNode.image_cb of <__main__.LaneTrackingNode object at 0x7f55bef5a1c0>>
Traceback (most recent call last):
  File "/opt/ros/noetic/lib/python3/dist-packages/rospy/topics.py", line 750, in _invoke_callback
    cb(msg)
  File "/home/hyeongseon/catkin_ws/src/lane_tracking_pkg/scripts/lane_tracking_node.py", line 99, in image_cb
    self.handle_frame(frame, msg.header)
  File "/home/hyeongseon/catkin_ws/src/lane_tracking_pkg/scripts/lane_tracking_node.py", line 111, in handle_frame
    lane_center, roi_overlay = detect_lane_center(edges, roi_color, self.debug)
  File "/home/hyeongseon/catkin_ws/src/lane_tracking_pkg/vision/detector.py", line 63, in detect_lane_center
    left_line = _fit_lane(np.vstack(left_points)) if left_points else None
TypeError: _fit_lane() missing 2 required positional arguments: 'y_bottom' and 'y_top'

[rosout][ERROR] 2025-09-20 13:14:51,086: bad callback: <bound method LaneTrackingNode.image_cb of <__main__.LaneTrackingNode object at 0x7f55bef5a1c0>>
Traceback (most recent call last):
  File "/opt/ros/noetic/lib/python3/dist-packages/rospy/topics.py", line 750, in _invoke_callback
    cb(msg)
  File "/home/hyeongseon/catkin_ws/src/lane_tracking_pkg/scripts/lane_tracking_node.py", line 99, in image_cb
    self.handle_frame(frame, msg.header)
  File "/home/hyeongseon/catkin_ws/src/lane_tracking_pkg/scripts/lane_tracking_node.py", line 111, in handle_frame
    lane_center, roi_overlay = detect_lane_center(edges, roi_color, self.debug)
  File "/home/hyeongseon/catkin_ws/src/lane_tracking_pkg/vision/detector.py", line 63, in detect_lane_center
    left_line = _fit_lane(np.vstack(left_points)) if left_points else None
TypeError: _fit_lane() missing 2 required positional arguments: 'y_bottom' and 'y_top'

[rosout][ERROR] 2025-09-20 13:14:51,109: bad callback: <bound method LaneTrackingNode.image_cb of <__main__.LaneTrackingNode object at 0x7f55bef5a1c0>>
Traceback (most recent call last):
  File "/opt/ros/noetic/lib/python3/dist-packages/rospy/topics.py", line 750, in _invoke_callback
    cb(msg)
  File "/home/hyeongseon/catkin_ws/src/lane_tracking_pkg/scripts/lane_tracking_node.py", line 99, in image_cb
    self.handle_frame(frame, msg.header)
  File "/home/hyeongseon/catkin_ws/src/lane_tracking_pkg/scripts/lane_tracking_node.py", line 111, in handle_frame
    lane_center, roi_overlay = detect_lane_center(edges, roi_color, self.debug)
  File "/home/hyeongseon/catkin_ws/src/lane_tracking_pkg/vision/detector.py", line 63, in detect_lane_center
    left_line = _fit_lane(np.vstack(left_points)) if left_points else None
TypeError: _fit_lane() missing 2 required positional arguments: 'y_bottom' and 'y_top'

[rosout][ERROR] 2025-09-20 13:14:51,154: bad callback: <bound method LaneTrackingNode.image_cb of <__main__.LaneTrackingNode object at 0x7f55bef5a1c0>>
Traceback (most recent call last):
  File "/opt/ros/noetic/lib/python3/dist-packages/rospy/topics.py", line 750, in _invoke_callback
    cb(msg)
  File "/home/hyeongseon/catkin_ws/src/lane_tracking_pkg/scripts/lane_tracking_node.py", line 99, in image_cb
    self.handle_frame(frame, msg.header)
  File "/home/hyeongseon/catkin_ws/src/lane_tracking_pkg/scripts/lane_tracking_node.py", line 111, in handle_frame
    lane_center, roi_overlay = detect_lane_center(edges, roi_color, self.debug)
  File "/home/hyeongseon/catkin_ws/src/lane_tracking_pkg/vision/detector.py", line 63, in detect_lane_center
    left_line = _fit_lane(np.vstack(left_points)) if left_points else None
TypeError: _fit_lane() missing 2 required positional arguments: 'y_bottom' and 'y_top'

[rosout][ERROR] 2025-09-20 13:14:51,184: bad callback: <bound method LaneTrackingNode.image_cb of <__main__.LaneTrackingNode object at 0x7f55bef5a1c0>>
Traceback (most recent call last):
  File "/opt/ros/noetic/lib/python3/dist-packages/rospy/topics.py", line 750, in _invoke_callback
    cb(msg)
  File "/home/hyeongseon/catkin_ws/src/lane_tracking_pkg/scripts/lane_tracking_node.py", line 99, in image_cb
    self.handle_frame(frame, msg.header)
  File "/home/hyeongseon/catkin_ws/src/lane_tracking_pkg/scripts/lane_tracking_node.py", line 111, in handle_frame
    lane_center, roi_overlay = detect_lane_center(edges, roi_color, self.debug)
  File "/home/hyeongseon/catkin_ws/src/lane_tracking_pkg/vision/detector.py", line 63, in detect_lane_center
    left_line = _fit_lane(np.vstack(left_points)) if left_points else None
TypeError: _fit_lane() missing 2 required positional arguments: 'y_bottom' and 'y_top'

[rosout][ERROR] 2025-09-20 13:14:51,218: bad callback: <bound method LaneTrackingNode.image_cb of <__main__.LaneTrackingNode object at 0x7f55bef5a1c0>>
Traceback (most recent call last):
  File "/opt/ros/noetic/lib/python3/dist-packages/rospy/topics.py", line 750, in _invoke_callback
    cb(msg)
  File "/home/hyeongseon/catkin_ws/src/lane_tracking_pkg/scripts/lane_tracking_node.py", line 99, in image_cb
    self.handle_frame(frame, msg.header)
  File "/home/hyeongseon/catkin_ws/src/lane_tracking_pkg/scripts/lane_tracking_node.py", line 111, in handle_frame
    lane_center, roi_overlay = detect_lane_center(edges, roi_color, self.debug)
  File "/home/hyeongseon/catkin_ws/src/lane_tracking_pkg/vision/detector.py", line 63, in detect_lane_center
    left_line = _fit_lane(np.vstack(left_points)) if left_points else None
TypeError: _fit_lane() missing 2 required positional arguments: 'y_bottom' and 'y_top'

[rosout][ERROR] 2025-09-20 13:14:51,236: bad callback: <bound method LaneTrackingNode.image_cb of <__main__.LaneTrackingNode object at 0x7f55bef5a1c0>>
Traceback (most recent call last):
  File "/opt/ros/noetic/lib/python3/dist-packages/rospy/topics.py", line 750, in _invoke_callback
    cb(msg)
  File "/home/hyeongseon/catkin_ws/src/lane_tracking_pkg/scripts/lane_tracking_node.py", line 99, in image_cb
    self.handle_frame(frame, msg.header)
  File "/home/hyeongseon/catkin_ws/src/lane_tracking_pkg/scripts/lane_tracking_node.py", line 111, in handle_frame
    lane_center, roi_overlay = detect_lane_center(edges, roi_color, self.debug)
  File "/home/hyeongseon/catkin_ws/src/lane_tracking_pkg/vision/detector.py", line 63, in detect_lane_center
    left_line = _fit_lane(np.vstack(left_points)) if left_points else None
TypeError: _fit_lane() missing 2 required positional arguments: 'y_bottom' and 'y_top'

[rosout][ERROR] 2025-09-20 13:14:51,276: bad callback: <bound method LaneTrackingNode.image_cb of <__main__.LaneTrackingNode object at 0x7f55bef5a1c0>>
Traceback (most recent call last):
  File "/opt/ros/noetic/lib/python3/dist-packages/rospy/topics.py", line 750, in _invoke_callback
    cb(msg)
  File "/home/hyeongseon/catkin_ws/src/lane_tracking_pkg/scripts/lane_tracking_node.py", line 99, in image_cb
    self.handle_frame(frame, msg.header)
  File "/home/hyeongseon/catkin_ws/src/lane_tracking_pkg/scripts/lane_tracking_node.py", line 111, in handle_frame
    lane_center, roi_overlay = detect_lane_center(edges, roi_color, self.debug)
  File "/home/hyeongseon/catkin_ws/src/lane_tracking_pkg/vision/detector.py", line 63, in detect_lane_center
    left_line = _fit_lane(np.vstack(left_points)) if left_points else None
TypeError: _fit_lane() missing 2 required positional arguments: 'y_bottom' and 'y_top'

[rosout][ERROR] 2025-09-20 13:14:51,315: bad callback: <bound method LaneTrackingNode.image_cb of <__main__.LaneTrackingNode object at 0x7f55bef5a1c0>>
Traceback (most recent call last):
  File "/opt/ros/noetic/lib/python3/dist-packages/rospy/topics.py", line 750, in _invoke_callback
    cb(msg)
  File "/home/hyeongseon/catkin_ws/src/lane_tracking_pkg/scripts/lane_tracking_node.py", line 99, in image_cb
    self.handle_frame(frame, msg.header)
  File "/home/hyeongseon/catkin_ws/src/lane_tracking_pkg/scripts/lane_tracking_node.py", line 111, in handle_frame
    lane_center, roi_overlay = detect_lane_center(edges, roi_color, self.debug)
  File "/home/hyeongseon/catkin_ws/src/lane_tracking_pkg/vision/detector.py", line 63, in detect_lane_center
    left_line = _fit_lane(np.vstack(left_points)) if left_points else None
TypeError: _fit_lane() missing 2 required positional arguments: 'y_bottom' and 'y_top'

[rosout][ERROR] 2025-09-20 13:14:51,340: bad callback: <bound method LaneTrackingNode.image_cb of <__main__.LaneTrackingNode object at 0x7f55bef5a1c0>>
Traceback (most recent call last):
  File "/opt/ros/noetic/lib/python3/dist-packages/rospy/topics.py", line 750, in _invoke_callback
    cb(msg)
  File "/home/hyeongseon/catkin_ws/src/lane_tracking_pkg/scripts/lane_tracking_node.py", line 99, in image_cb
    self.handle_frame(frame, msg.header)
  File "/home/hyeongseon/catkin_ws/src/lane_tracking_pkg/scripts/lane_tracking_node.py", line 111, in handle_frame
    lane_center, roi_overlay = detect_lane_center(edges, roi_color, self.debug)
  File "/home/hyeongseon/catkin_ws/src/lane_tracking_pkg/vision/detector.py", line 63, in detect_lane_center
    left_line = _fit_lane(np.vstack(left_points)) if left_points else None
TypeError: _fit_lane() missing 2 required positional arguments: 'y_bottom' and 'y_top'

[rosout][ERROR] 2025-09-20 13:14:51,353: bad callback: <bound method LaneTrackingNode.image_cb of <__main__.LaneTrackingNode object at 0x7f55bef5a1c0>>
Traceback (most recent call last):
  File "/opt/ros/noetic/lib/python3/dist-packages/rospy/topics.py", line 750, in _invoke_callback
    cb(msg)
  File "/home/hyeongseon/catkin_ws/src/lane_tracking_pkg/scripts/lane_tracking_node.py", line 99, in image_cb
    self.handle_frame(frame, msg.header)
  File "/home/hyeongseon/catkin_ws/src/lane_tracking_pkg/scripts/lane_tracking_node.py", line 111, in handle_frame
    lane_center, roi_overlay = detect_lane_center(edges, roi_color, self.debug)
  File "/home/hyeongseon/catkin_ws/src/lane_tracking_pkg/vision/detector.py", line 63, in detect_lane_center
    left_line = _fit_lane(np.vstack(left_points)) if left_points else None
TypeError: _fit_lane() missing 2 required positional arguments: 'y_bottom' and 'y_top'

[rosout][ERROR] 2025-09-20 13:14:51,401: bad callback: <bound method LaneTrackingNode.image_cb of <__main__.LaneTrackingNode object at 0x7f55bef5a1c0>>
Traceback (most recent call last):
  File "/opt/ros/noetic/lib/python3/dist-packages/rospy/topics.py", line 750, in _invoke_callback
    cb(msg)
  File "/home/hyeongseon/catkin_ws/src/lane_tracking_pkg/scripts/lane_tracking_node.py", line 99, in image_cb
    self.handle_frame(frame, msg.header)
  File "/home/hyeongseon/catkin_ws/src/lane_tracking_pkg/scripts/lane_tracking_node.py", line 111, in handle_frame
    lane_center, roi_overlay = detect_lane_center(edges, roi_color, self.debug)
  File "/home/hyeongseon/catkin_ws/src/lane_tracking_pkg/vision/detector.py", line 63, in detect_lane_center
    left_line = _fit_lane(np.vstack(left_points)) if left_points else None
TypeError: _fit_lane() missing 2 required positional arguments: 'y_bottom' and 'y_top'

[rosout][ERROR] 2025-09-20 13:14:51,435: bad callback: <bound method LaneTrackingNode.image_cb of <__main__.LaneTrackingNode object at 0x7f55bef5a1c0>>
Traceback (most recent call last):
  File "/opt/ros/noetic/lib/python3/dist-packages/rospy/topics.py", line 750, in _invoke_callback
    cb(msg)
  File "/home/hyeongseon/catkin_ws/src/lane_tracking_pkg/scripts/lane_tracking_node.py", line 99, in image_cb
    self.handle_frame(frame, msg.header)
  File "/home/hyeongseon/catkin_ws/src/lane_tracking_pkg/scripts/lane_tracking_node.py", line 111, in handle_frame
    lane_center, roi_overlay = detect_lane_center(edges, roi_color, self.debug)
  File "/home/hyeongseon/catkin_ws/src/lane_tracking_pkg/vision/detector.py", line 63, in detect_lane_center
    left_line = _fit_lane(np.vstack(left_points)) if left_points else None
TypeError: _fit_lane() missing 2 required positional arguments: 'y_bottom' and 'y_top'

[rosout][ERROR] 2025-09-20 13:14:51,458: bad callback: <bound method LaneTrackingNode.image_cb of <__main__.LaneTrackingNode object at 0x7f55bef5a1c0>>
Traceback (most recent call last):
  File "/opt/ros/noetic/lib/python3/dist-packages/rospy/topics.py", line 750, in _invoke_callback
    cb(msg)
  File "/home/hyeongseon/catkin_ws/src/lane_tracking_pkg/scripts/lane_tracking_node.py", line 99, in image_cb
    self.handle_frame(frame, msg.header)
  File "/home/hyeongseon/catkin_ws/src/lane_tracking_pkg/scripts/lane_tracking_node.py", line 111, in handle_frame
    lane_center, roi_overlay = detect_lane_center(edges, roi_color, self.debug)
  File "/home/hyeongseon/catkin_ws/src/lane_tracking_pkg/vision/detector.py", line 63, in detect_lane_center
    left_line = _fit_lane(np.vstack(left_points)) if left_points else None
TypeError: _fit_lane() missing 2 required positional arguments: 'y_bottom' and 'y_top'

[rosout][ERROR] 2025-09-20 13:14:51,512: bad callback: <bound method LaneTrackingNode.image_cb of <__main__.LaneTrackingNode object at 0x7f55bef5a1c0>>
Traceback (most recent call last):
  File "/opt/ros/noetic/lib/python3/dist-packages/rospy/topics.py", line 750, in _invoke_callback
    cb(msg)
  File "/home/hyeongseon/catkin_ws/src/lane_tracking_pkg/scripts/lane_tracking_node.py", line 99, in image_cb
    self.handle_frame(frame, msg.header)
  File "/home/hyeongseon/catkin_ws/src/lane_tracking_pkg/scripts/lane_tracking_node.py", line 111, in handle_frame
    lane_center, roi_overlay = detect_lane_center(edges, roi_color, self.debug)
  File "/home/hyeongseon/catkin_ws/src/lane_tracking_pkg/vision/detector.py", line 63, in detect_lane_center
    left_line = _fit_lane(np.vstack(left_points)) if left_points else None
TypeError: _fit_lane() missing 2 required positional arguments: 'y_bottom' and 'y_top'

[rosout][ERROR] 2025-09-20 13:14:51,567: bad callback: <bound method LaneTrackingNode.image_cb of <__main__.LaneTrackingNode object at 0x7f55bef5a1c0>>
Traceback (most recent call last):
  File "/opt/ros/noetic/lib/python3/dist-packages/rospy/topics.py", line 750, in _invoke_callback
    cb(msg)
  File "/home/hyeongseon/catkin_ws/src/lane_tracking_pkg/scripts/lane_tracking_node.py", line 99, in image_cb
    self.handle_frame(frame, msg.header)
  File "/home/hyeongseon/catkin_ws/src/lane_tracking_pkg/scripts/lane_tracking_node.py", line 111, in handle_frame
    lane_center, roi_overlay = detect_lane_center(edges, roi_color, self.debug)
  File "/home/hyeongseon/catkin_ws/src/lane_tracking_pkg/vision/detector.py", line 63, in detect_lane_center
    left_line = _fit_lane(np.vstack(left_points)) if left_points else None
TypeError: _fit_lane() missing 2 required positional arguments: 'y_bottom' and 'y_top'

[rosout][ERROR] 2025-09-20 13:14:51,587: bad callback: <bound method LaneTrackingNode.image_cb of <__main__.LaneTrackingNode object at 0x7f55bef5a1c0>>
Traceback (most recent call last):
  File "/opt/ros/noetic/lib/python3/dist-packages/rospy/topics.py", line 750, in _invoke_callback
    cb(msg)
  File "/home/hyeongseon/catkin_ws/src/lane_tracking_pkg/scripts/lane_tracking_node.py", line 99, in image_cb
    self.handle_frame(frame, msg.header)
  File "/home/hyeongseon/catkin_ws/src/lane_tracking_pkg/scripts/lane_tracking_node.py", line 111, in handle_frame
    lane_center, roi_overlay = detect_lane_center(edges, roi_color, self.debug)
  File "/home/hyeongseon/catkin_ws/src/lane_tracking_pkg/vision/detector.py", line 63, in detect_lane_center
    left_line = _fit_lane(np.vstack(left_points)) if left_points else None
TypeError: _fit_lane() missing 2 required positional arguments: 'y_bottom' and 'y_top'

[rosout][ERROR] 2025-09-20 13:14:51,625: bad callback: <bound method LaneTrackingNode.image_cb of <__main__.LaneTrackingNode object at 0x7f55bef5a1c0>>
Traceback (most recent call last):
  File "/opt/ros/noetic/lib/python3/dist-packages/rospy/topics.py", line 750, in _invoke_callback
    cb(msg)
  File "/home/hyeongseon/catkin_ws/src/lane_tracking_pkg/scripts/lane_tracking_node.py", line 99, in image_cb
    self.handle_frame(frame, msg.header)
  File "/home/hyeongseon/catkin_ws/src/lane_tracking_pkg/scripts/lane_tracking_node.py", line 111, in handle_frame
    lane_center, roi_overlay = detect_lane_center(edges, roi_color, self.debug)
  File "/home/hyeongseon/catkin_ws/src/lane_tracking_pkg/vision/detector.py", line 63, in detect_lane_center
    left_line = _fit_lane(np.vstack(left_points)) if left_points else None
TypeError: _fit_lane() missing 2 required positional arguments: 'y_bottom' and 'y_top'

[rosout][ERROR] 2025-09-20 13:14:51,648: bad callback: <bound method LaneTrackingNode.image_cb of <__main__.LaneTrackingNode object at 0x7f55bef5a1c0>>
Traceback (most recent call last):
  File "/opt/ros/noetic/lib/python3/dist-packages/rospy/topics.py", line 750, in _invoke_callback
    cb(msg)
  File "/home/hyeongseon/catkin_ws/src/lane_tracking_pkg/scripts/lane_tracking_node.py", line 99, in image_cb
    self.handle_frame(frame, msg.header)
  File "/home/hyeongseon/catkin_ws/src/lane_tracking_pkg/scripts/lane_tracking_node.py", line 111, in handle_frame
    lane_center, roi_overlay = detect_lane_center(edges, roi_color, self.debug)
  File "/home/hyeongseon/catkin_ws/src/lane_tracking_pkg/vision/detector.py", line 63, in detect_lane_center
    left_line = _fit_lane(np.vstack(left_points)) if left_points else None
TypeError: _fit_lane() missing 2 required positional arguments: 'y_bottom' and 'y_top'

[rosout][ERROR] 2025-09-20 13:14:51,708: bad callback: <bound method LaneTrackingNode.image_cb of <__main__.LaneTrackingNode object at 0x7f55bef5a1c0>>
Traceback (most recent call last):
  File "/opt/ros/noetic/lib/python3/dist-packages/rospy/topics.py", line 750, in _invoke_callback
    cb(msg)
  File "/home/hyeongseon/catkin_ws/src/lane_tracking_pkg/scripts/lane_tracking_node.py", line 99, in image_cb
    self.handle_frame(frame, msg.header)
  File "/home/hyeongseon/catkin_ws/src/lane_tracking_pkg/scripts/lane_tracking_node.py", line 111, in handle_frame
    lane_center, roi_overlay = detect_lane_center(edges, roi_color, self.debug)
  File "/home/hyeongseon/catkin_ws/src/lane_tracking_pkg/vision/detector.py", line 63, in detect_lane_center
    left_line = _fit_lane(np.vstack(left_points)) if left_points else None
TypeError: _fit_lane() missing 2 required positional arguments: 'y_bottom' and 'y_top'

[rosout][ERROR] 2025-09-20 13:14:51,736: bad callback: <bound method LaneTrackingNode.image_cb of <__main__.LaneTrackingNode object at 0x7f55bef5a1c0>>
Traceback (most recent call last):
  File "/opt/ros/noetic/lib/python3/dist-packages/rospy/topics.py", line 750, in _invoke_callback
    cb(msg)
  File "/home/hyeongseon/catkin_ws/src/lane_tracking_pkg/scripts/lane_tracking_node.py", line 99, in image_cb
    self.handle_frame(frame, msg.header)
  File "/home/hyeongseon/catkin_ws/src/lane_tracking_pkg/scripts/lane_tracking_node.py", line 111, in handle_frame
    lane_center, roi_overlay = detect_lane_center(edges, roi_color, self.debug)
  File "/home/hyeongseon/catkin_ws/src/lane_tracking_pkg/vision/detector.py", line 63, in detect_lane_center
    left_line = _fit_lane(np.vstack(left_points)) if left_points else None
TypeError: _fit_lane() missing 2 required positional arguments: 'y_bottom' and 'y_top'

[rosout][ERROR] 2025-09-20 13:14:51,764: bad callback: <bound method LaneTrackingNode.image_cb of <__main__.LaneTrackingNode object at 0x7f55bef5a1c0>>
Traceback (most recent call last):
  File "/opt/ros/noetic/lib/python3/dist-packages/rospy/topics.py", line 750, in _invoke_callback
    cb(msg)
  File "/home/hyeongseon/catkin_ws/src/lane_tracking_pkg/scripts/lane_tracking_node.py", line 99, in image_cb
    self.handle_frame(frame, msg.header)
  File "/home/hyeongseon/catkin_ws/src/lane_tracking_pkg/scripts/lane_tracking_node.py", line 111, in handle_frame
    lane_center, roi_overlay = detect_lane_center(edges, roi_color, self.debug)
  File "/home/hyeongseon/catkin_ws/src/lane_tracking_pkg/vision/detector.py", line 63, in detect_lane_center
    left_line = _fit_lane(np.vstack(left_points)) if left_points else None
TypeError: _fit_lane() missing 2 required positional arguments: 'y_bottom' and 'y_top'

[rosout][ERROR] 2025-09-20 13:14:51,806: bad callback: <bound method LaneTrackingNode.image_cb of <__main__.LaneTrackingNode object at 0x7f55bef5a1c0>>
Traceback (most recent call last):
  File "/opt/ros/noetic/lib/python3/dist-packages/rospy/topics.py", line 750, in _invoke_callback
    cb(msg)
  File "/home/hyeongseon/catkin_ws/src/lane_tracking_pkg/scripts/lane_tracking_node.py", line 99, in image_cb
    self.handle_frame(frame, msg.header)
  File "/home/hyeongseon/catkin_ws/src/lane_tracking_pkg/scripts/lane_tracking_node.py", line 111, in handle_frame
    lane_center, roi_overlay = detect_lane_center(edges, roi_color, self.debug)
  File "/home/hyeongseon/catkin_ws/src/lane_tracking_pkg/vision/detector.py", line 63, in detect_lane_center
    left_line = _fit_lane(np.vstack(left_points)) if left_points else None
TypeError: _fit_lane() missing 2 required positional arguments: 'y_bottom' and 'y_top'

[rosout][ERROR] 2025-09-20 13:14:51,825: bad callback: <bound method LaneTrackingNode.image_cb of <__main__.LaneTrackingNode object at 0x7f55bef5a1c0>>
Traceback (most recent call last):
  File "/opt/ros/noetic/lib/python3/dist-packages/rospy/topics.py", line 750, in _invoke_callback
    cb(msg)
  File "/home/hyeongseon/catkin_ws/src/lane_tracking_pkg/scripts/lane_tracking_node.py", line 99, in image_cb
    self.handle_frame(frame, msg.header)
  File "/home/hyeongseon/catkin_ws/src/lane_tracking_pkg/scripts/lane_tracking_node.py", line 111, in handle_frame
    lane_center, roi_overlay = detect_lane_center(edges, roi_color, self.debug)
  File "/home/hyeongseon/catkin_ws/src/lane_tracking_pkg/vision/detector.py", line 63, in detect_lane_center
    left_line = _fit_lane(np.vstack(left_points)) if left_points else None
TypeError: _fit_lane() missing 2 required positional arguments: 'y_bottom' and 'y_top'

[rosout][ERROR] 2025-09-20 13:14:51,840: bad callback: <bound method LaneTrackingNode.image_cb of <__main__.LaneTrackingNode object at 0x7f55bef5a1c0>>
Traceback (most recent call last):
  File "/opt/ros/noetic/lib/python3/dist-packages/rospy/topics.py", line 750, in _invoke_callback
    cb(msg)
  File "/home/hyeongseon/catkin_ws/src/lane_tracking_pkg/scripts/lane_tracking_node.py", line 99, in image_cb
    self.handle_frame(frame, msg.header)
  File "/home/hyeongseon/catkin_ws/src/lane_tracking_pkg/scripts/lane_tracking_node.py", line 111, in handle_frame
    lane_center, roi_overlay = detect_lane_center(edges, roi_color, self.debug)
  File "/home/hyeongseon/catkin_ws/src/lane_tracking_pkg/vision/detector.py", line 63, in detect_lane_center
    left_line = _fit_lane(np.vstack(left_points)) if left_points else None
TypeError: _fit_lane() missing 2 required positional arguments: 'y_bottom' and 'y_top'

[rosout][ERROR] 2025-09-20 13:14:51,878: bad callback: <bound method LaneTrackingNode.image_cb of <__main__.LaneTrackingNode object at 0x7f55bef5a1c0>>
Traceback (most recent call last):
  File "/opt/ros/noetic/lib/python3/dist-packages/rospy/topics.py", line 750, in _invoke_callback
    cb(msg)
  File "/home/hyeongseon/catkin_ws/src/lane_tracking_pkg/scripts/lane_tracking_node.py", line 99, in image_cb
    self.handle_frame(frame, msg.header)
  File "/home/hyeongseon/catkin_ws/src/lane_tracking_pkg/scripts/lane_tracking_node.py", line 111, in handle_frame
    lane_center, roi_overlay = detect_lane_center(edges, roi_color, self.debug)
  File "/home/hyeongseon/catkin_ws/src/lane_tracking_pkg/vision/detector.py", line 63, in detect_lane_center
    left_line = _fit_lane(np.vstack(left_points)) if left_points else None
TypeError: _fit_lane() missing 2 required positional arguments: 'y_bottom' and 'y_top'

[rosout][ERROR] 2025-09-20 13:14:51,908: bad callback: <bound method LaneTrackingNode.image_cb of <__main__.LaneTrackingNode object at 0x7f55bef5a1c0>>
Traceback (most recent call last):
  File "/opt/ros/noetic/lib/python3/dist-packages/rospy/topics.py", line 750, in _invoke_callback
    cb(msg)
  File "/home/hyeongseon/catkin_ws/src/lane_tracking_pkg/scripts/lane_tracking_node.py", line 99, in image_cb
    self.handle_frame(frame, msg.header)
  File "/home/hyeongseon/catkin_ws/src/lane_tracking_pkg/scripts/lane_tracking_node.py", line 111, in handle_frame
    lane_center, roi_overlay = detect_lane_center(edges, roi_color, self.debug)
  File "/home/hyeongseon/catkin_ws/src/lane_tracking_pkg/vision/detector.py", line 63, in detect_lane_center
    left_line = _fit_lane(np.vstack(left_points)) if left_points else None
TypeError: _fit_lane() missing 2 required positional arguments: 'y_bottom' and 'y_top'

[rosout][ERROR] 2025-09-20 13:14:51,945: bad callback: <bound method LaneTrackingNode.image_cb of <__main__.LaneTrackingNode object at 0x7f55bef5a1c0>>
Traceback (most recent call last):
  File "/opt/ros/noetic/lib/python3/dist-packages/rospy/topics.py", line 750, in _invoke_callback
    cb(msg)
  File "/home/hyeongseon/catkin_ws/src/lane_tracking_pkg/scripts/lane_tracking_node.py", line 99, in image_cb
    self.handle_frame(frame, msg.header)
  File "/home/hyeongseon/catkin_ws/src/lane_tracking_pkg/scripts/lane_tracking_node.py", line 111, in handle_frame
    lane_center, roi_overlay = detect_lane_center(edges, roi_color, self.debug)
  File "/home/hyeongseon/catkin_ws/src/lane_tracking_pkg/vision/detector.py", line 63, in detect_lane_center
    left_line = _fit_lane(np.vstack(left_points)) if left_points else None
TypeError: _fit_lane() missing 2 required positional arguments: 'y_bottom' and 'y_top'

[rosout][ERROR] 2025-09-20 13:14:51,981: bad callback: <bound method LaneTrackingNode.image_cb of <__main__.LaneTrackingNode object at 0x7f55bef5a1c0>>
Traceback (most recent call last):
  File "/opt/ros/noetic/lib/python3/dist-packages/rospy/topics.py", line 750, in _invoke_callback
    cb(msg)
  File "/home/hyeongseon/catkin_ws/src/lane_tracking_pkg/scripts/lane_tracking_node.py", line 99, in image_cb
    self.handle_frame(frame, msg.header)
  File "/home/hyeongseon/catkin_ws/src/lane_tracking_pkg/scripts/lane_tracking_node.py", line 111, in handle_frame
    lane_center, roi_overlay = detect_lane_center(edges, roi_color, self.debug)
  File "/home/hyeongseon/catkin_ws/src/lane_tracking_pkg/vision/detector.py", line 63, in detect_lane_center
    left_line = _fit_lane(np.vstack(left_points)) if left_points else None
TypeError: _fit_lane() missing 2 required positional arguments: 'y_bottom' and 'y_top'

[rosout][ERROR] 2025-09-20 13:14:51,997: bad callback: <bound method LaneTrackingNode.image_cb of <__main__.LaneTrackingNode object at 0x7f55bef5a1c0>>
Traceback (most recent call last):
  File "/opt/ros/noetic/lib/python3/dist-packages/rospy/topics.py", line 750, in _invoke_callback
    cb(msg)
  File "/home/hyeongseon/catkin_ws/src/lane_tracking_pkg/scripts/lane_tracking_node.py", line 99, in image_cb
    self.handle_frame(frame, msg.header)
  File "/home/hyeongseon/catkin_ws/src/lane_tracking_pkg/scripts/lane_tracking_node.py", line 111, in handle_frame
    lane_center, roi_overlay = detect_lane_center(edges, roi_color, self.debug)
  File "/home/hyeongseon/catkin_ws/src/lane_tracking_pkg/vision/detector.py", line 63, in detect_lane_center
    left_line = _fit_lane(np.vstack(left_points)) if left_points else None
TypeError: _fit_lane() missing 2 required positional arguments: 'y_bottom' and 'y_top'

[rosout][ERROR] 2025-09-20 13:14:52,076: bad callback: <bound method LaneTrackingNode.image_cb of <__main__.LaneTrackingNode object at 0x7f55bef5a1c0>>
Traceback (most recent call last):
  File "/opt/ros/noetic/lib/python3/dist-packages/rospy/topics.py", line 750, in _invoke_callback
    cb(msg)
  File "/home/hyeongseon/catkin_ws/src/lane_tracking_pkg/scripts/lane_tracking_node.py", line 99, in image_cb
    self.handle_frame(frame, msg.header)
  File "/home/hyeongseon/catkin_ws/src/lane_tracking_pkg/scripts/lane_tracking_node.py", line 111, in handle_frame
    lane_center, roi_overlay = detect_lane_center(edges, roi_color, self.debug)
  File "/home/hyeongseon/catkin_ws/src/lane_tracking_pkg/vision/detector.py", line 63, in detect_lane_center
    left_line = _fit_lane(np.vstack(left_points)) if left_points else None
TypeError: _fit_lane() missing 2 required positional arguments: 'y_bottom' and 'y_top'

[rosout][ERROR] 2025-09-20 13:14:52,098: bad callback: <bound method LaneTrackingNode.image_cb of <__main__.LaneTrackingNode object at 0x7f55bef5a1c0>>
Traceback (most recent call last):
  File "/opt/ros/noetic/lib/python3/dist-packages/rospy/topics.py", line 750, in _invoke_callback
    cb(msg)
  File "/home/hyeongseon/catkin_ws/src/lane_tracking_pkg/scripts/lane_tracking_node.py", line 99, in image_cb
    self.handle_frame(frame, msg.header)
  File "/home/hyeongseon/catkin_ws/src/lane_tracking_pkg/scripts/lane_tracking_node.py", line 111, in handle_frame
    lane_center, roi_overlay = detect_lane_center(edges, roi_color, self.debug)
  File "/home/hyeongseon/catkin_ws/src/lane_tracking_pkg/vision/detector.py", line 63, in detect_lane_center
    left_line = _fit_lane(np.vstack(left_points)) if left_points else None
TypeError: _fit_lane() missing 2 required positional arguments: 'y_bottom' and 'y_top'

[rosout][ERROR] 2025-09-20 13:14:52,125: bad callback: <bound method LaneTrackingNode.image_cb of <__main__.LaneTrackingNode object at 0x7f55bef5a1c0>>
Traceback (most recent call last):
  File "/opt/ros/noetic/lib/python3/dist-packages/rospy/topics.py", line 750, in _invoke_callback
    cb(msg)
  File "/home/hyeongseon/catkin_ws/src/lane_tracking_pkg/scripts/lane_tracking_node.py", line 99, in image_cb
    self.handle_frame(frame, msg.header)
  File "/home/hyeongseon/catkin_ws/src/lane_tracking_pkg/scripts/lane_tracking_node.py", line 111, in handle_frame
    lane_center, roi_overlay = detect_lane_center(edges, roi_color, self.debug)
  File "/home/hyeongseon/catkin_ws/src/lane_tracking_pkg/vision/detector.py", line 63, in detect_lane_center
    left_line = _fit_lane(np.vstack(left_points)) if left_points else None
TypeError: _fit_lane() missing 2 required positional arguments: 'y_bottom' and 'y_top'

[rosout][ERROR] 2025-09-20 13:14:52,145: bad callback: <bound method LaneTrackingNode.image_cb of <__main__.LaneTrackingNode object at 0x7f55bef5a1c0>>
Traceback (most recent call last):
  File "/opt/ros/noetic/lib/python3/dist-packages/rospy/topics.py", line 750, in _invoke_callback
    cb(msg)
  File "/home/hyeongseon/catkin_ws/src/lane_tracking_pkg/scripts/lane_tracking_node.py", line 99, in image_cb
    self.handle_frame(frame, msg.header)
  File "/home/hyeongseon/catkin_ws/src/lane_tracking_pkg/scripts/lane_tracking_node.py", line 111, in handle_frame
    lane_center, roi_overlay = detect_lane_center(edges, roi_color, self.debug)
  File "/home/hyeongseon/catkin_ws/src/lane_tracking_pkg/vision/detector.py", line 63, in detect_lane_center
    left_line = _fit_lane(np.vstack(left_points)) if left_points else None
TypeError: _fit_lane() missing 2 required positional arguments: 'y_bottom' and 'y_top'

[rosout][ERROR] 2025-09-20 13:14:52,161: bad callback: <bound method LaneTrackingNode.image_cb of <__main__.LaneTrackingNode object at 0x7f55bef5a1c0>>
Traceback (most recent call last):
  File "/opt/ros/noetic/lib/python3/dist-packages/rospy/topics.py", line 750, in _invoke_callback
    cb(msg)
  File "/home/hyeongseon/catkin_ws/src/lane_tracking_pkg/scripts/lane_tracking_node.py", line 99, in image_cb
    self.handle_frame(frame, msg.header)
  File "/home/hyeongseon/catkin_ws/src/lane_tracking_pkg/scripts/lane_tracking_node.py", line 111, in handle_frame
    lane_center, roi_overlay = detect_lane_center(edges, roi_color, self.debug)
  File "/home/hyeongseon/catkin_ws/src/lane_tracking_pkg/vision/detector.py", line 63, in detect_lane_center
    left_line = _fit_lane(np.vstack(left_points)) if left_points else None
TypeError: _fit_lane() missing 2 required positional arguments: 'y_bottom' and 'y_top'

[rosout][ERROR] 2025-09-20 13:14:52,232: bad callback: <bound method LaneTrackingNode.image_cb of <__main__.LaneTrackingNode object at 0x7f55bef5a1c0>>
Traceback (most recent call last):
  File "/opt/ros/noetic/lib/python3/dist-packages/rospy/topics.py", line 750, in _invoke_callback
    cb(msg)
  File "/home/hyeongseon/catkin_ws/src/lane_tracking_pkg/scripts/lane_tracking_node.py", line 99, in image_cb
    self.handle_frame(frame, msg.header)
  File "/home/hyeongseon/catkin_ws/src/lane_tracking_pkg/scripts/lane_tracking_node.py", line 111, in handle_frame
    lane_center, roi_overlay = detect_lane_center(edges, roi_color, self.debug)
  File "/home/hyeongseon/catkin_ws/src/lane_tracking_pkg/vision/detector.py", line 63, in detect_lane_center
    left_line = _fit_lane(np.vstack(left_points)) if left_points else None
TypeError: _fit_lane() missing 2 required positional arguments: 'y_bottom' and 'y_top'

[rosout][ERROR] 2025-09-20 13:14:52,280: bad callback: <bound method LaneTrackingNode.image_cb of <__main__.LaneTrackingNode object at 0x7f55bef5a1c0>>
Traceback (most recent call last):
  File "/opt/ros/noetic/lib/python3/dist-packages/rospy/topics.py", line 750, in _invoke_callback
    cb(msg)
  File "/home/hyeongseon/catkin_ws/src/lane_tracking_pkg/scripts/lane_tracking_node.py", line 99, in image_cb
    self.handle_frame(frame, msg.header)
  File "/home/hyeongseon/catkin_ws/src/lane_tracking_pkg/scripts/lane_tracking_node.py", line 111, in handle_frame
    lane_center, roi_overlay = detect_lane_center(edges, roi_color, self.debug)
  File "/home/hyeongseon/catkin_ws/src/lane_tracking_pkg/vision/detector.py", line 63, in detect_lane_center
    left_line = _fit_lane(np.vstack(left_points)) if left_points else None
TypeError: _fit_lane() missing 2 required positional arguments: 'y_bottom' and 'y_top'

[rosout][ERROR] 2025-09-20 13:14:52,300: bad callback: <bound method LaneTrackingNode.image_cb of <__main__.LaneTrackingNode object at 0x7f55bef5a1c0>>
Traceback (most recent call last):
  File "/opt/ros/noetic/lib/python3/dist-packages/rospy/topics.py", line 750, in _invoke_callback
    cb(msg)
  File "/home/hyeongseon/catkin_ws/src/lane_tracking_pkg/scripts/lane_tracking_node.py", line 99, in image_cb
    self.handle_frame(frame, msg.header)
  File "/home/hyeongseon/catkin_ws/src/lane_tracking_pkg/scripts/lane_tracking_node.py", line 111, in handle_frame
    lane_center, roi_overlay = detect_lane_center(edges, roi_color, self.debug)
  File "/home/hyeongseon/catkin_ws/src/lane_tracking_pkg/vision/detector.py", line 63, in detect_lane_center
    left_line = _fit_lane(np.vstack(left_points)) if left_points else None
TypeError: _fit_lane() missing 2 required positional arguments: 'y_bottom' and 'y_top'

[rosout][ERROR] 2025-09-20 13:14:52,335: bad callback: <bound method LaneTrackingNode.image_cb of <__main__.LaneTrackingNode object at 0x7f55bef5a1c0>>
Traceback (most recent call last):
  File "/opt/ros/noetic/lib/python3/dist-packages/rospy/topics.py", line 750, in _invoke_callback
    cb(msg)
  File "/home/hyeongseon/catkin_ws/src/lane_tracking_pkg/scripts/lane_tracking_node.py", line 99, in image_cb
    self.handle_frame(frame, msg.header)
  File "/home/hyeongseon/catkin_ws/src/lane_tracking_pkg/scripts/lane_tracking_node.py", line 111, in handle_frame
    lane_center, roi_overlay = detect_lane_center(edges, roi_color, self.debug)
  File "/home/hyeongseon/catkin_ws/src/lane_tracking_pkg/vision/detector.py", line 63, in detect_lane_center
    left_line = _fit_lane(np.vstack(left_points)) if left_points else None
TypeError: _fit_lane() missing 2 required positional arguments: 'y_bottom' and 'y_top'

[rosout][ERROR] 2025-09-20 13:14:52,359: bad callback: <bound method LaneTrackingNode.image_cb of <__main__.LaneTrackingNode object at 0x7f55bef5a1c0>>
Traceback (most recent call last):
  File "/opt/ros/noetic/lib/python3/dist-packages/rospy/topics.py", line 750, in _invoke_callback
    cb(msg)
  File "/home/hyeongseon/catkin_ws/src/lane_tracking_pkg/scripts/lane_tracking_node.py", line 99, in image_cb
    self.handle_frame(frame, msg.header)
  File "/home/hyeongseon/catkin_ws/src/lane_tracking_pkg/scripts/lane_tracking_node.py", line 111, in handle_frame
    lane_center, roi_overlay = detect_lane_center(edges, roi_color, self.debug)
  File "/home/hyeongseon/catkin_ws/src/lane_tracking_pkg/vision/detector.py", line 63, in detect_lane_center
    left_line = _fit_lane(np.vstack(left_points)) if left_points else None
TypeError: _fit_lane() missing 2 required positional arguments: 'y_bottom' and 'y_top'

[rosout][ERROR] 2025-09-20 13:14:52,382: bad callback: <bound method LaneTrackingNode.image_cb of <__main__.LaneTrackingNode object at 0x7f55bef5a1c0>>
Traceback (most recent call last):
  File "/opt/ros/noetic/lib/python3/dist-packages/rospy/topics.py", line 750, in _invoke_callback
    cb(msg)
  File "/home/hyeongseon/catkin_ws/src/lane_tracking_pkg/scripts/lane_tracking_node.py", line 99, in image_cb
    self.handle_frame(frame, msg.header)
  File "/home/hyeongseon/catkin_ws/src/lane_tracking_pkg/scripts/lane_tracking_node.py", line 111, in handle_frame
    lane_center, roi_overlay = detect_lane_center(edges, roi_color, self.debug)
  File "/home/hyeongseon/catkin_ws/src/lane_tracking_pkg/vision/detector.py", line 63, in detect_lane_center
    left_line = _fit_lane(np.vstack(left_points)) if left_points else None
TypeError: _fit_lane() missing 2 required positional arguments: 'y_bottom' and 'y_top'

[rosout][ERROR] 2025-09-20 13:14:52,428: bad callback: <bound method LaneTrackingNode.image_cb of <__main__.LaneTrackingNode object at 0x7f55bef5a1c0>>
Traceback (most recent call last):
  File "/opt/ros/noetic/lib/python3/dist-packages/rospy/topics.py", line 750, in _invoke_callback
    cb(msg)
  File "/home/hyeongseon/catkin_ws/src/lane_tracking_pkg/scripts/lane_tracking_node.py", line 99, in image_cb
    self.handle_frame(frame, msg.header)
  File "/home/hyeongseon/catkin_ws/src/lane_tracking_pkg/scripts/lane_tracking_node.py", line 111, in handle_frame
    lane_center, roi_overlay = detect_lane_center(edges, roi_color, self.debug)
  File "/home/hyeongseon/catkin_ws/src/lane_tracking_pkg/vision/detector.py", line 63, in detect_lane_center
    left_line = _fit_lane(np.vstack(left_points)) if left_points else None
TypeError: _fit_lane() missing 2 required positional arguments: 'y_bottom' and 'y_top'

[rosout][ERROR] 2025-09-20 13:14:52,455: bad callback: <bound method LaneTrackingNode.image_cb of <__main__.LaneTrackingNode object at 0x7f55bef5a1c0>>
Traceback (most recent call last):
  File "/opt/ros/noetic/lib/python3/dist-packages/rospy/topics.py", line 750, in _invoke_callback
    cb(msg)
  File "/home/hyeongseon/catkin_ws/src/lane_tracking_pkg/scripts/lane_tracking_node.py", line 99, in image_cb
    self.handle_frame(frame, msg.header)
  File "/home/hyeongseon/catkin_ws/src/lane_tracking_pkg/scripts/lane_tracking_node.py", line 111, in handle_frame
    lane_center, roi_overlay = detect_lane_center(edges, roi_color, self.debug)
  File "/home/hyeongseon/catkin_ws/src/lane_tracking_pkg/vision/detector.py", line 63, in detect_lane_center
    left_line = _fit_lane(np.vstack(left_points)) if left_points else None
TypeError: _fit_lane() missing 2 required positional arguments: 'y_bottom' and 'y_top'

[rosout][ERROR] 2025-09-20 13:14:52,504: bad callback: <bound method LaneTrackingNode.image_cb of <__main__.LaneTrackingNode object at 0x7f55bef5a1c0>>
Traceback (most recent call last):
  File "/opt/ros/noetic/lib/python3/dist-packages/rospy/topics.py", line 750, in _invoke_callback
    cb(msg)
  File "/home/hyeongseon/catkin_ws/src/lane_tracking_pkg/scripts/lane_tracking_node.py", line 99, in image_cb
    self.handle_frame(frame, msg.header)
  File "/home/hyeongseon/catkin_ws/src/lane_tracking_pkg/scripts/lane_tracking_node.py", line 111, in handle_frame
    lane_center, roi_overlay = detect_lane_center(edges, roi_color, self.debug)
  File "/home/hyeongseon/catkin_ws/src/lane_tracking_pkg/vision/detector.py", line 63, in detect_lane_center
    left_line = _fit_lane(np.vstack(left_points)) if left_points else None
TypeError: _fit_lane() missing 2 required positional arguments: 'y_bottom' and 'y_top'

[rosout][ERROR] 2025-09-20 13:14:52,536: bad callback: <bound method LaneTrackingNode.image_cb of <__main__.LaneTrackingNode object at 0x7f55bef5a1c0>>
Traceback (most recent call last):
  File "/opt/ros/noetic/lib/python3/dist-packages/rospy/topics.py", line 750, in _invoke_callback
    cb(msg)
  File "/home/hyeongseon/catkin_ws/src/lane_tracking_pkg/scripts/lane_tracking_node.py", line 99, in image_cb
    self.handle_frame(frame, msg.header)
  File "/home/hyeongseon/catkin_ws/src/lane_tracking_pkg/scripts/lane_tracking_node.py", line 111, in handle_frame
    lane_center, roi_overlay = detect_lane_center(edges, roi_color, self.debug)
  File "/home/hyeongseon/catkin_ws/src/lane_tracking_pkg/vision/detector.py", line 63, in detect_lane_center
    left_line = _fit_lane(np.vstack(left_points)) if left_points else None
TypeError: _fit_lane() missing 2 required positional arguments: 'y_bottom' and 'y_top'

[rosout][ERROR] 2025-09-20 13:14:52,555: bad callback: <bound method LaneTrackingNode.image_cb of <__main__.LaneTrackingNode object at 0x7f55bef5a1c0>>
Traceback (most recent call last):
  File "/opt/ros/noetic/lib/python3/dist-packages/rospy/topics.py", line 750, in _invoke_callback
    cb(msg)
  File "/home/hyeongseon/catkin_ws/src/lane_tracking_pkg/scripts/lane_tracking_node.py", line 99, in image_cb
    self.handle_frame(frame, msg.header)
  File "/home/hyeongseon/catkin_ws/src/lane_tracking_pkg/scripts/lane_tracking_node.py", line 111, in handle_frame
    lane_center, roi_overlay = detect_lane_center(edges, roi_color, self.debug)
  File "/home/hyeongseon/catkin_ws/src/lane_tracking_pkg/vision/detector.py", line 63, in detect_lane_center
    left_line = _fit_lane(np.vstack(left_points)) if left_points else None
TypeError: _fit_lane() missing 2 required positional arguments: 'y_bottom' and 'y_top'

[rosout][ERROR] 2025-09-20 13:14:52,591: bad callback: <bound method LaneTrackingNode.image_cb of <__main__.LaneTrackingNode object at 0x7f55bef5a1c0>>
Traceback (most recent call last):
  File "/opt/ros/noetic/lib/python3/dist-packages/rospy/topics.py", line 750, in _invoke_callback
    cb(msg)
  File "/home/hyeongseon/catkin_ws/src/lane_tracking_pkg/scripts/lane_tracking_node.py", line 99, in image_cb
    self.handle_frame(frame, msg.header)
  File "/home/hyeongseon/catkin_ws/src/lane_tracking_pkg/scripts/lane_tracking_node.py", line 111, in handle_frame
    lane_center, roi_overlay = detect_lane_center(edges, roi_color, self.debug)
  File "/home/hyeongseon/catkin_ws/src/lane_tracking_pkg/vision/detector.py", line 63, in detect_lane_center
    left_line = _fit_lane(np.vstack(left_points)) if left_points else None
TypeError: _fit_lane() missing 2 required positional arguments: 'y_bottom' and 'y_top'

[rosout][ERROR] 2025-09-20 13:14:52,614: bad callback: <bound method LaneTrackingNode.image_cb of <__main__.LaneTrackingNode object at 0x7f55bef5a1c0>>
Traceback (most recent call last):
  File "/opt/ros/noetic/lib/python3/dist-packages/rospy/topics.py", line 750, in _invoke_callback
    cb(msg)
  File "/home/hyeongseon/catkin_ws/src/lane_tracking_pkg/scripts/lane_tracking_node.py", line 99, in image_cb
    self.handle_frame(frame, msg.header)
  File "/home/hyeongseon/catkin_ws/src/lane_tracking_pkg/scripts/lane_tracking_node.py", line 111, in handle_frame
    lane_center, roi_overlay = detect_lane_center(edges, roi_color, self.debug)
  File "/home/hyeongseon/catkin_ws/src/lane_tracking_pkg/vision/detector.py", line 63, in detect_lane_center
    left_line = _fit_lane(np.vstack(left_points)) if left_points else None
TypeError: _fit_lane() missing 2 required positional arguments: 'y_bottom' and 'y_top'

[rosout][ERROR] 2025-09-20 13:14:52,640: bad callback: <bound method LaneTrackingNode.image_cb of <__main__.LaneTrackingNode object at 0x7f55bef5a1c0>>
Traceback (most recent call last):
  File "/opt/ros/noetic/lib/python3/dist-packages/rospy/topics.py", line 750, in _invoke_callback
    cb(msg)
  File "/home/hyeongseon/catkin_ws/src/lane_tracking_pkg/scripts/lane_tracking_node.py", line 99, in image_cb
    self.handle_frame(frame, msg.header)
  File "/home/hyeongseon/catkin_ws/src/lane_tracking_pkg/scripts/lane_tracking_node.py", line 111, in handle_frame
    lane_center, roi_overlay = detect_lane_center(edges, roi_color, self.debug)
  File "/home/hyeongseon/catkin_ws/src/lane_tracking_pkg/vision/detector.py", line 63, in detect_lane_center
    left_line = _fit_lane(np.vstack(left_points)) if left_points else None
TypeError: _fit_lane() missing 2 required positional arguments: 'y_bottom' and 'y_top'

[rosout][ERROR] 2025-09-20 13:14:52,697: bad callback: <bound method LaneTrackingNode.image_cb of <__main__.LaneTrackingNode object at 0x7f55bef5a1c0>>
Traceback (most recent call last):
  File "/opt/ros/noetic/lib/python3/dist-packages/rospy/topics.py", line 750, in _invoke_callback
    cb(msg)
  File "/home/hyeongseon/catkin_ws/src/lane_tracking_pkg/scripts/lane_tracking_node.py", line 99, in image_cb
    self.handle_frame(frame, msg.header)
  File "/home/hyeongseon/catkin_ws/src/lane_tracking_pkg/scripts/lane_tracking_node.py", line 111, in handle_frame
    lane_center, roi_overlay = detect_lane_center(edges, roi_color, self.debug)
  File "/home/hyeongseon/catkin_ws/src/lane_tracking_pkg/vision/detector.py", line 63, in detect_lane_center
    left_line = _fit_lane(np.vstack(left_points)) if left_points else None
TypeError: _fit_lane() missing 2 required positional arguments: 'y_bottom' and 'y_top'

[rosout][ERROR] 2025-09-20 13:14:52,724: bad callback: <bound method LaneTrackingNode.image_cb of <__main__.LaneTrackingNode object at 0x7f55bef5a1c0>>
Traceback (most recent call last):
  File "/opt/ros/noetic/lib/python3/dist-packages/rospy/topics.py", line 750, in _invoke_callback
    cb(msg)
  File "/home/hyeongseon/catkin_ws/src/lane_tracking_pkg/scripts/lane_tracking_node.py", line 99, in image_cb
    self.handle_frame(frame, msg.header)
  File "/home/hyeongseon/catkin_ws/src/lane_tracking_pkg/scripts/lane_tracking_node.py", line 111, in handle_frame
    lane_center, roi_overlay = detect_lane_center(edges, roi_color, self.debug)
  File "/home/hyeongseon/catkin_ws/src/lane_tracking_pkg/vision/detector.py", line 63, in detect_lane_center
    left_line = _fit_lane(np.vstack(left_points)) if left_points else None
TypeError: _fit_lane() missing 2 required positional arguments: 'y_bottom' and 'y_top'

[rosout][ERROR] 2025-09-20 13:14:52,758: bad callback: <bound method LaneTrackingNode.image_cb of <__main__.LaneTrackingNode object at 0x7f55bef5a1c0>>
Traceback (most recent call last):
  File "/opt/ros/noetic/lib/python3/dist-packages/rospy/topics.py", line 750, in _invoke_callback
    cb(msg)
  File "/home/hyeongseon/catkin_ws/src/lane_tracking_pkg/scripts/lane_tracking_node.py", line 99, in image_cb
    self.handle_frame(frame, msg.header)
  File "/home/hyeongseon/catkin_ws/src/lane_tracking_pkg/scripts/lane_tracking_node.py", line 111, in handle_frame
    lane_center, roi_overlay = detect_lane_center(edges, roi_color, self.debug)
  File "/home/hyeongseon/catkin_ws/src/lane_tracking_pkg/vision/detector.py", line 63, in detect_lane_center
    left_line = _fit_lane(np.vstack(left_points)) if left_points else None
TypeError: _fit_lane() missing 2 required positional arguments: 'y_bottom' and 'y_top'

[rosout][ERROR] 2025-09-20 13:14:52,788: bad callback: <bound method LaneTrackingNode.image_cb of <__main__.LaneTrackingNode object at 0x7f55bef5a1c0>>
Traceback (most recent call last):
  File "/opt/ros/noetic/lib/python3/dist-packages/rospy/topics.py", line 750, in _invoke_callback
    cb(msg)
  File "/home/hyeongseon/catkin_ws/src/lane_tracking_pkg/scripts/lane_tracking_node.py", line 99, in image_cb
    self.handle_frame(frame, msg.header)
  File "/home/hyeongseon/catkin_ws/src/lane_tracking_pkg/scripts/lane_tracking_node.py", line 111, in handle_frame
    lane_center, roi_overlay = detect_lane_center(edges, roi_color, self.debug)
  File "/home/hyeongseon/catkin_ws/src/lane_tracking_pkg/vision/detector.py", line 63, in detect_lane_center
    left_line = _fit_lane(np.vstack(left_points)) if left_points else None
TypeError: _fit_lane() missing 2 required positional arguments: 'y_bottom' and 'y_top'

[rosout][ERROR] 2025-09-20 13:14:52,810: bad callback: <bound method LaneTrackingNode.image_cb of <__main__.LaneTrackingNode object at 0x7f55bef5a1c0>>
Traceback (most recent call last):
  File "/opt/ros/noetic/lib/python3/dist-packages/rospy/topics.py", line 750, in _invoke_callback
    cb(msg)
  File "/home/hyeongseon/catkin_ws/src/lane_tracking_pkg/scripts/lane_tracking_node.py", line 99, in image_cb
    self.handle_frame(frame, msg.header)
  File "/home/hyeongseon/catkin_ws/src/lane_tracking_pkg/scripts/lane_tracking_node.py", line 111, in handle_frame
    lane_center, roi_overlay = detect_lane_center(edges, roi_color, self.debug)
  File "/home/hyeongseon/catkin_ws/src/lane_tracking_pkg/vision/detector.py", line 63, in detect_lane_center
    left_line = _fit_lane(np.vstack(left_points)) if left_points else None
TypeError: _fit_lane() missing 2 required positional arguments: 'y_bottom' and 'y_top'

[rosout][ERROR] 2025-09-20 13:14:52,846: bad callback: <bound method LaneTrackingNode.image_cb of <__main__.LaneTrackingNode object at 0x7f55bef5a1c0>>
Traceback (most recent call last):
  File "/opt/ros/noetic/lib/python3/dist-packages/rospy/topics.py", line 750, in _invoke_callback
    cb(msg)
  File "/home/hyeongseon/catkin_ws/src/lane_tracking_pkg/scripts/lane_tracking_node.py", line 99, in image_cb
    self.handle_frame(frame, msg.header)
  File "/home/hyeongseon/catkin_ws/src/lane_tracking_pkg/scripts/lane_tracking_node.py", line 111, in handle_frame
    lane_center, roi_overlay = detect_lane_center(edges, roi_color, self.debug)
  File "/home/hyeongseon/catkin_ws/src/lane_tracking_pkg/vision/detector.py", line 63, in detect_lane_center
    left_line = _fit_lane(np.vstack(left_points)) if left_points else None
TypeError: _fit_lane() missing 2 required positional arguments: 'y_bottom' and 'y_top'

[rosout][ERROR] 2025-09-20 13:14:52,876: bad callback: <bound method LaneTrackingNode.image_cb of <__main__.LaneTrackingNode object at 0x7f55bef5a1c0>>
Traceback (most recent call last):
  File "/opt/ros/noetic/lib/python3/dist-packages/rospy/topics.py", line 750, in _invoke_callback
    cb(msg)
  File "/home/hyeongseon/catkin_ws/src/lane_tracking_pkg/scripts/lane_tracking_node.py", line 99, in image_cb
    self.handle_frame(frame, msg.header)
  File "/home/hyeongseon/catkin_ws/src/lane_tracking_pkg/scripts/lane_tracking_node.py", line 111, in handle_frame
    lane_center, roi_overlay = detect_lane_center(edges, roi_color, self.debug)
  File "/home/hyeongseon/catkin_ws/src/lane_tracking_pkg/vision/detector.py", line 63, in detect_lane_center
    left_line = _fit_lane(np.vstack(left_points)) if left_points else None
TypeError: _fit_lane() missing 2 required positional arguments: 'y_bottom' and 'y_top'

[rosout][ERROR] 2025-09-20 13:14:52,909: bad callback: <bound method LaneTrackingNode.image_cb of <__main__.LaneTrackingNode object at 0x7f55bef5a1c0>>
Traceback (most recent call last):
  File "/opt/ros/noetic/lib/python3/dist-packages/rospy/topics.py", line 750, in _invoke_callback
    cb(msg)
  File "/home/hyeongseon/catkin_ws/src/lane_tracking_pkg/scripts/lane_tracking_node.py", line 99, in image_cb
    self.handle_frame(frame, msg.header)
  File "/home/hyeongseon/catkin_ws/src/lane_tracking_pkg/scripts/lane_tracking_node.py", line 111, in handle_frame
    lane_center, roi_overlay = detect_lane_center(edges, roi_color, self.debug)
  File "/home/hyeongseon/catkin_ws/src/lane_tracking_pkg/vision/detector.py", line 63, in detect_lane_center
    left_line = _fit_lane(np.vstack(left_points)) if left_points else None
TypeError: _fit_lane() missing 2 required positional arguments: 'y_bottom' and 'y_top'

[rosout][ERROR] 2025-09-20 13:14:52,959: bad callback: <bound method LaneTrackingNode.image_cb of <__main__.LaneTrackingNode object at 0x7f55bef5a1c0>>
Traceback (most recent call last):
  File "/opt/ros/noetic/lib/python3/dist-packages/rospy/topics.py", line 750, in _invoke_callback
    cb(msg)
  File "/home/hyeongseon/catkin_ws/src/lane_tracking_pkg/scripts/lane_tracking_node.py", line 99, in image_cb
    self.handle_frame(frame, msg.header)
  File "/home/hyeongseon/catkin_ws/src/lane_tracking_pkg/scripts/lane_tracking_node.py", line 111, in handle_frame
    lane_center, roi_overlay = detect_lane_center(edges, roi_color, self.debug)
  File "/home/hyeongseon/catkin_ws/src/lane_tracking_pkg/vision/detector.py", line 63, in detect_lane_center
    left_line = _fit_lane(np.vstack(left_points)) if left_points else None
TypeError: _fit_lane() missing 2 required positional arguments: 'y_bottom' and 'y_top'

[rosout][ERROR] 2025-09-20 13:14:52,984: bad callback: <bound method LaneTrackingNode.image_cb of <__main__.LaneTrackingNode object at 0x7f55bef5a1c0>>
Traceback (most recent call last):
  File "/opt/ros/noetic/lib/python3/dist-packages/rospy/topics.py", line 750, in _invoke_callback
    cb(msg)
  File "/home/hyeongseon/catkin_ws/src/lane_tracking_pkg/scripts/lane_tracking_node.py", line 99, in image_cb
    self.handle_frame(frame, msg.header)
  File "/home/hyeongseon/catkin_ws/src/lane_tracking_pkg/scripts/lane_tracking_node.py", line 111, in handle_frame
    lane_center, roi_overlay = detect_lane_center(edges, roi_color, self.debug)
  File "/home/hyeongseon/catkin_ws/src/lane_tracking_pkg/vision/detector.py", line 63, in detect_lane_center
    left_line = _fit_lane(np.vstack(left_points)) if left_points else None
TypeError: _fit_lane() missing 2 required positional arguments: 'y_bottom' and 'y_top'

[rosout][ERROR] 2025-09-20 13:14:52,999: bad callback: <bound method LaneTrackingNode.image_cb of <__main__.LaneTrackingNode object at 0x7f55bef5a1c0>>
Traceback (most recent call last):
  File "/opt/ros/noetic/lib/python3/dist-packages/rospy/topics.py", line 750, in _invoke_callback
    cb(msg)
  File "/home/hyeongseon/catkin_ws/src/lane_tracking_pkg/scripts/lane_tracking_node.py", line 99, in image_cb
    self.handle_frame(frame, msg.header)
  File "/home/hyeongseon/catkin_ws/src/lane_tracking_pkg/scripts/lane_tracking_node.py", line 111, in handle_frame
    lane_center, roi_overlay = detect_lane_center(edges, roi_color, self.debug)
  File "/home/hyeongseon/catkin_ws/src/lane_tracking_pkg/vision/detector.py", line 63, in detect_lane_center
    left_line = _fit_lane(np.vstack(left_points)) if left_points else None
TypeError: _fit_lane() missing 2 required positional arguments: 'y_bottom' and 'y_top'

[rosout][ERROR] 2025-09-20 13:14:53,046: bad callback: <bound method LaneTrackingNode.image_cb of <__main__.LaneTrackingNode object at 0x7f55bef5a1c0>>
Traceback (most recent call last):
  File "/opt/ros/noetic/lib/python3/dist-packages/rospy/topics.py", line 750, in _invoke_callback
    cb(msg)
  File "/home/hyeongseon/catkin_ws/src/lane_tracking_pkg/scripts/lane_tracking_node.py", line 99, in image_cb
    self.handle_frame(frame, msg.header)
  File "/home/hyeongseon/catkin_ws/src/lane_tracking_pkg/scripts/lane_tracking_node.py", line 111, in handle_frame
    lane_center, roi_overlay = detect_lane_center(edges, roi_color, self.debug)
  File "/home/hyeongseon/catkin_ws/src/lane_tracking_pkg/vision/detector.py", line 63, in detect_lane_center
    left_line = _fit_lane(np.vstack(left_points)) if left_points else None
TypeError: _fit_lane() missing 2 required positional arguments: 'y_bottom' and 'y_top'

[rosout][ERROR] 2025-09-20 13:14:53,075: bad callback: <bound method LaneTrackingNode.image_cb of <__main__.LaneTrackingNode object at 0x7f55bef5a1c0>>
Traceback (most recent call last):
  File "/opt/ros/noetic/lib/python3/dist-packages/rospy/topics.py", line 750, in _invoke_callback
    cb(msg)
  File "/home/hyeongseon/catkin_ws/src/lane_tracking_pkg/scripts/lane_tracking_node.py", line 99, in image_cb
    self.handle_frame(frame, msg.header)
  File "/home/hyeongseon/catkin_ws/src/lane_tracking_pkg/scripts/lane_tracking_node.py", line 111, in handle_frame
    lane_center, roi_overlay = detect_lane_center(edges, roi_color, self.debug)
  File "/home/hyeongseon/catkin_ws/src/lane_tracking_pkg/vision/detector.py", line 63, in detect_lane_center
    left_line = _fit_lane(np.vstack(left_points)) if left_points else None
TypeError: _fit_lane() missing 2 required positional arguments: 'y_bottom' and 'y_top'

[rosout][ERROR] 2025-09-20 13:14:53,107: bad callback: <bound method LaneTrackingNode.image_cb of <__main__.LaneTrackingNode object at 0x7f55bef5a1c0>>
Traceback (most recent call last):
  File "/opt/ros/noetic/lib/python3/dist-packages/rospy/topics.py", line 750, in _invoke_callback
    cb(msg)
  File "/home/hyeongseon/catkin_ws/src/lane_tracking_pkg/scripts/lane_tracking_node.py", line 99, in image_cb
    self.handle_frame(frame, msg.header)
  File "/home/hyeongseon/catkin_ws/src/lane_tracking_pkg/scripts/lane_tracking_node.py", line 111, in handle_frame
    lane_center, roi_overlay = detect_lane_center(edges, roi_color, self.debug)
  File "/home/hyeongseon/catkin_ws/src/lane_tracking_pkg/vision/detector.py", line 63, in detect_lane_center
    left_line = _fit_lane(np.vstack(left_points)) if left_points else None
TypeError: _fit_lane() missing 2 required positional arguments: 'y_bottom' and 'y_top'

[rosout][ERROR] 2025-09-20 13:14:53,130: bad callback: <bound method LaneTrackingNode.image_cb of <__main__.LaneTrackingNode object at 0x7f55bef5a1c0>>
Traceback (most recent call last):
  File "/opt/ros/noetic/lib/python3/dist-packages/rospy/topics.py", line 750, in _invoke_callback
    cb(msg)
  File "/home/hyeongseon/catkin_ws/src/lane_tracking_pkg/scripts/lane_tracking_node.py", line 99, in image_cb
    self.handle_frame(frame, msg.header)
  File "/home/hyeongseon/catkin_ws/src/lane_tracking_pkg/scripts/lane_tracking_node.py", line 111, in handle_frame
    lane_center, roi_overlay = detect_lane_center(edges, roi_color, self.debug)
  File "/home/hyeongseon/catkin_ws/src/lane_tracking_pkg/vision/detector.py", line 63, in detect_lane_center
    left_line = _fit_lane(np.vstack(left_points)) if left_points else None
TypeError: _fit_lane() missing 2 required positional arguments: 'y_bottom' and 'y_top'

[rosout][ERROR] 2025-09-20 13:14:53,161: bad callback: <bound method LaneTrackingNode.image_cb of <__main__.LaneTrackingNode object at 0x7f55bef5a1c0>>
Traceback (most recent call last):
  File "/opt/ros/noetic/lib/python3/dist-packages/rospy/topics.py", line 750, in _invoke_callback
    cb(msg)
  File "/home/hyeongseon/catkin_ws/src/lane_tracking_pkg/scripts/lane_tracking_node.py", line 99, in image_cb
    self.handle_frame(frame, msg.header)
  File "/home/hyeongseon/catkin_ws/src/lane_tracking_pkg/scripts/lane_tracking_node.py", line 111, in handle_frame
    lane_center, roi_overlay = detect_lane_center(edges, roi_color, self.debug)
  File "/home/hyeongseon/catkin_ws/src/lane_tracking_pkg/vision/detector.py", line 63, in detect_lane_center
    left_line = _fit_lane(np.vstack(left_points)) if left_points else None
TypeError: _fit_lane() missing 2 required positional arguments: 'y_bottom' and 'y_top'

[rosout][ERROR] 2025-09-20 13:14:53,207: bad callback: <bound method LaneTrackingNode.image_cb of <__main__.LaneTrackingNode object at 0x7f55bef5a1c0>>
Traceback (most recent call last):
  File "/opt/ros/noetic/lib/python3/dist-packages/rospy/topics.py", line 750, in _invoke_callback
    cb(msg)
  File "/home/hyeongseon/catkin_ws/src/lane_tracking_pkg/scripts/lane_tracking_node.py", line 99, in image_cb
    self.handle_frame(frame, msg.header)
  File "/home/hyeongseon/catkin_ws/src/lane_tracking_pkg/scripts/lane_tracking_node.py", line 111, in handle_frame
    lane_center, roi_overlay = detect_lane_center(edges, roi_color, self.debug)
  File "/home/hyeongseon/catkin_ws/src/lane_tracking_pkg/vision/detector.py", line 63, in detect_lane_center
    left_line = _fit_lane(np.vstack(left_points)) if left_points else None
TypeError: _fit_lane() missing 2 required positional arguments: 'y_bottom' and 'y_top'

[rosout][ERROR] 2025-09-20 13:14:53,236: bad callback: <bound method LaneTrackingNode.image_cb of <__main__.LaneTrackingNode object at 0x7f55bef5a1c0>>
Traceback (most recent call last):
  File "/opt/ros/noetic/lib/python3/dist-packages/rospy/topics.py", line 750, in _invoke_callback
    cb(msg)
  File "/home/hyeongseon/catkin_ws/src/lane_tracking_pkg/scripts/lane_tracking_node.py", line 99, in image_cb
    self.handle_frame(frame, msg.header)
  File "/home/hyeongseon/catkin_ws/src/lane_tracking_pkg/scripts/lane_tracking_node.py", line 111, in handle_frame
    lane_center, roi_overlay = detect_lane_center(edges, roi_color, self.debug)
  File "/home/hyeongseon/catkin_ws/src/lane_tracking_pkg/vision/detector.py", line 63, in detect_lane_center
    left_line = _fit_lane(np.vstack(left_points)) if left_points else None
TypeError: _fit_lane() missing 2 required positional arguments: 'y_bottom' and 'y_top'

[rosout][ERROR] 2025-09-20 13:14:53,281: bad callback: <bound method LaneTrackingNode.image_cb of <__main__.LaneTrackingNode object at 0x7f55bef5a1c0>>
Traceback (most recent call last):
  File "/opt/ros/noetic/lib/python3/dist-packages/rospy/topics.py", line 750, in _invoke_callback
    cb(msg)
  File "/home/hyeongseon/catkin_ws/src/lane_tracking_pkg/scripts/lane_tracking_node.py", line 99, in image_cb
    self.handle_frame(frame, msg.header)
  File "/home/hyeongseon/catkin_ws/src/lane_tracking_pkg/scripts/lane_tracking_node.py", line 111, in handle_frame
    lane_center, roi_overlay = detect_lane_center(edges, roi_color, self.debug)
  File "/home/hyeongseon/catkin_ws/src/lane_tracking_pkg/vision/detector.py", line 63, in detect_lane_center
    left_line = _fit_lane(np.vstack(left_points)) if left_points else None
TypeError: _fit_lane() missing 2 required positional arguments: 'y_bottom' and 'y_top'

[rosout][ERROR] 2025-09-20 13:14:53,295: bad callback: <bound method LaneTrackingNode.image_cb of <__main__.LaneTrackingNode object at 0x7f55bef5a1c0>>
Traceback (most recent call last):
  File "/opt/ros/noetic/lib/python3/dist-packages/rospy/topics.py", line 750, in _invoke_callback
    cb(msg)
  File "/home/hyeongseon/catkin_ws/src/lane_tracking_pkg/scripts/lane_tracking_node.py", line 99, in image_cb
    self.handle_frame(frame, msg.header)
  File "/home/hyeongseon/catkin_ws/src/lane_tracking_pkg/scripts/lane_tracking_node.py", line 111, in handle_frame
    lane_center, roi_overlay = detect_lane_center(edges, roi_color, self.debug)
  File "/home/hyeongseon/catkin_ws/src/lane_tracking_pkg/vision/detector.py", line 63, in detect_lane_center
    left_line = _fit_lane(np.vstack(left_points)) if left_points else None
TypeError: _fit_lane() missing 2 required positional arguments: 'y_bottom' and 'y_top'

[rosout][ERROR] 2025-09-20 13:14:53,316: bad callback: <bound method LaneTrackingNode.image_cb of <__main__.LaneTrackingNode object at 0x7f55bef5a1c0>>
Traceback (most recent call last):
  File "/opt/ros/noetic/lib/python3/dist-packages/rospy/topics.py", line 750, in _invoke_callback
    cb(msg)
  File "/home/hyeongseon/catkin_ws/src/lane_tracking_pkg/scripts/lane_tracking_node.py", line 99, in image_cb
    self.handle_frame(frame, msg.header)
  File "/home/hyeongseon/catkin_ws/src/lane_tracking_pkg/scripts/lane_tracking_node.py", line 111, in handle_frame
    lane_center, roi_overlay = detect_lane_center(edges, roi_color, self.debug)
  File "/home/hyeongseon/catkin_ws/src/lane_tracking_pkg/vision/detector.py", line 63, in detect_lane_center
    left_line = _fit_lane(np.vstack(left_points)) if left_points else None
TypeError: _fit_lane() missing 2 required positional arguments: 'y_bottom' and 'y_top'

[rosout][ERROR] 2025-09-20 13:14:53,371: bad callback: <bound method LaneTrackingNode.image_cb of <__main__.LaneTrackingNode object at 0x7f55bef5a1c0>>
Traceback (most recent call last):
  File "/opt/ros/noetic/lib/python3/dist-packages/rospy/topics.py", line 750, in _invoke_callback
    cb(msg)
  File "/home/hyeongseon/catkin_ws/src/lane_tracking_pkg/scripts/lane_tracking_node.py", line 99, in image_cb
    self.handle_frame(frame, msg.header)
  File "/home/hyeongseon/catkin_ws/src/lane_tracking_pkg/scripts/lane_tracking_node.py", line 111, in handle_frame
    lane_center, roi_overlay = detect_lane_center(edges, roi_color, self.debug)
  File "/home/hyeongseon/catkin_ws/src/lane_tracking_pkg/vision/detector.py", line 63, in detect_lane_center
    left_line = _fit_lane(np.vstack(left_points)) if left_points else None
TypeError: _fit_lane() missing 2 required positional arguments: 'y_bottom' and 'y_top'

[rosout][ERROR] 2025-09-20 13:14:53,417: bad callback: <bound method LaneTrackingNode.image_cb of <__main__.LaneTrackingNode object at 0x7f55bef5a1c0>>
Traceback (most recent call last):
  File "/opt/ros/noetic/lib/python3/dist-packages/rospy/topics.py", line 750, in _invoke_callback
    cb(msg)
  File "/home/hyeongseon/catkin_ws/src/lane_tracking_pkg/scripts/lane_tracking_node.py", line 99, in image_cb
    self.handle_frame(frame, msg.header)
  File "/home/hyeongseon/catkin_ws/src/lane_tracking_pkg/scripts/lane_tracking_node.py", line 111, in handle_frame
    lane_center, roi_overlay = detect_lane_center(edges, roi_color, self.debug)
  File "/home/hyeongseon/catkin_ws/src/lane_tracking_pkg/vision/detector.py", line 63, in detect_lane_center
    left_line = _fit_lane(np.vstack(left_points)) if left_points else None
TypeError: _fit_lane() missing 2 required positional arguments: 'y_bottom' and 'y_top'

[rosout][ERROR] 2025-09-20 13:14:53,428: bad callback: <bound method LaneTrackingNode.image_cb of <__main__.LaneTrackingNode object at 0x7f55bef5a1c0>>
Traceback (most recent call last):
  File "/opt/ros/noetic/lib/python3/dist-packages/rospy/topics.py", line 750, in _invoke_callback
    cb(msg)
  File "/home/hyeongseon/catkin_ws/src/lane_tracking_pkg/scripts/lane_tracking_node.py", line 99, in image_cb
    self.handle_frame(frame, msg.header)
  File "/home/hyeongseon/catkin_ws/src/lane_tracking_pkg/scripts/lane_tracking_node.py", line 111, in handle_frame
    lane_center, roi_overlay = detect_lane_center(edges, roi_color, self.debug)
  File "/home/hyeongseon/catkin_ws/src/lane_tracking_pkg/vision/detector.py", line 63, in detect_lane_center
    left_line = _fit_lane(np.vstack(left_points)) if left_points else None
TypeError: _fit_lane() missing 2 required positional arguments: 'y_bottom' and 'y_top'

[rosout][ERROR] 2025-09-20 13:14:53,458: bad callback: <bound method LaneTrackingNode.image_cb of <__main__.LaneTrackingNode object at 0x7f55bef5a1c0>>
Traceback (most recent call last):
  File "/opt/ros/noetic/lib/python3/dist-packages/rospy/topics.py", line 750, in _invoke_callback
    cb(msg)
  File "/home/hyeongseon/catkin_ws/src/lane_tracking_pkg/scripts/lane_tracking_node.py", line 99, in image_cb
    self.handle_frame(frame, msg.header)
  File "/home/hyeongseon/catkin_ws/src/lane_tracking_pkg/scripts/lane_tracking_node.py", line 111, in handle_frame
    lane_center, roi_overlay = detect_lane_center(edges, roi_color, self.debug)
  File "/home/hyeongseon/catkin_ws/src/lane_tracking_pkg/vision/detector.py", line 63, in detect_lane_center
    left_line = _fit_lane(np.vstack(left_points)) if left_points else None
TypeError: _fit_lane() missing 2 required positional arguments: 'y_bottom' and 'y_top'

[rosout][ERROR] 2025-09-20 13:14:53,510: bad callback: <bound method LaneTrackingNode.image_cb of <__main__.LaneTrackingNode object at 0x7f55bef5a1c0>>
Traceback (most recent call last):
  File "/opt/ros/noetic/lib/python3/dist-packages/rospy/topics.py", line 750, in _invoke_callback
    cb(msg)
  File "/home/hyeongseon/catkin_ws/src/lane_tracking_pkg/scripts/lane_tracking_node.py", line 99, in image_cb
    self.handle_frame(frame, msg.header)
  File "/home/hyeongseon/catkin_ws/src/lane_tracking_pkg/scripts/lane_tracking_node.py", line 111, in handle_frame
    lane_center, roi_overlay = detect_lane_center(edges, roi_color, self.debug)
  File "/home/hyeongseon/catkin_ws/src/lane_tracking_pkg/vision/detector.py", line 63, in detect_lane_center
    left_line = _fit_lane(np.vstack(left_points)) if left_points else None
TypeError: _fit_lane() missing 2 required positional arguments: 'y_bottom' and 'y_top'

[rosout][ERROR] 2025-09-20 13:14:53,564: bad callback: <bound method LaneTrackingNode.image_cb of <__main__.LaneTrackingNode object at 0x7f55bef5a1c0>>
Traceback (most recent call last):
  File "/opt/ros/noetic/lib/python3/dist-packages/rospy/topics.py", line 750, in _invoke_callback
    cb(msg)
  File "/home/hyeongseon/catkin_ws/src/lane_tracking_pkg/scripts/lane_tracking_node.py", line 99, in image_cb
    self.handle_frame(frame, msg.header)
  File "/home/hyeongseon/catkin_ws/src/lane_tracking_pkg/scripts/lane_tracking_node.py", line 111, in handle_frame
    lane_center, roi_overlay = detect_lane_center(edges, roi_color, self.debug)
  File "/home/hyeongseon/catkin_ws/src/lane_tracking_pkg/vision/detector.py", line 63, in detect_lane_center
    left_line = _fit_lane(np.vstack(left_points)) if left_points else None
TypeError: _fit_lane() missing 2 required positional arguments: 'y_bottom' and 'y_top'

[rosout][ERROR] 2025-09-20 13:14:53,581: bad callback: <bound method LaneTrackingNode.image_cb of <__main__.LaneTrackingNode object at 0x7f55bef5a1c0>>
Traceback (most recent call last):
  File "/opt/ros/noetic/lib/python3/dist-packages/rospy/topics.py", line 750, in _invoke_callback
    cb(msg)
  File "/home/hyeongseon/catkin_ws/src/lane_tracking_pkg/scripts/lane_tracking_node.py", line 99, in image_cb
    self.handle_frame(frame, msg.header)
  File "/home/hyeongseon/catkin_ws/src/lane_tracking_pkg/scripts/lane_tracking_node.py", line 111, in handle_frame
    lane_center, roi_overlay = detect_lane_center(edges, roi_color, self.debug)
  File "/home/hyeongseon/catkin_ws/src/lane_tracking_pkg/vision/detector.py", line 63, in detect_lane_center
    left_line = _fit_lane(np.vstack(left_points)) if left_points else None
TypeError: _fit_lane() missing 2 required positional arguments: 'y_bottom' and 'y_top'

[rosout][ERROR] 2025-09-20 13:14:53,619: bad callback: <bound method LaneTrackingNode.image_cb of <__main__.LaneTrackingNode object at 0x7f55bef5a1c0>>
Traceback (most recent call last):
  File "/opt/ros/noetic/lib/python3/dist-packages/rospy/topics.py", line 750, in _invoke_callback
    cb(msg)
  File "/home/hyeongseon/catkin_ws/src/lane_tracking_pkg/scripts/lane_tracking_node.py", line 99, in image_cb
    self.handle_frame(frame, msg.header)
  File "/home/hyeongseon/catkin_ws/src/lane_tracking_pkg/scripts/lane_tracking_node.py", line 111, in handle_frame
    lane_center, roi_overlay = detect_lane_center(edges, roi_color, self.debug)
  File "/home/hyeongseon/catkin_ws/src/lane_tracking_pkg/vision/detector.py", line 63, in detect_lane_center
    left_line = _fit_lane(np.vstack(left_points)) if left_points else None
TypeError: _fit_lane() missing 2 required positional arguments: 'y_bottom' and 'y_top'

[rosout][ERROR] 2025-09-20 13:14:53,657: bad callback: <bound method LaneTrackingNode.image_cb of <__main__.LaneTrackingNode object at 0x7f55bef5a1c0>>
Traceback (most recent call last):
  File "/opt/ros/noetic/lib/python3/dist-packages/rospy/topics.py", line 750, in _invoke_callback
    cb(msg)
  File "/home/hyeongseon/catkin_ws/src/lane_tracking_pkg/scripts/lane_tracking_node.py", line 99, in image_cb
    self.handle_frame(frame, msg.header)
  File "/home/hyeongseon/catkin_ws/src/lane_tracking_pkg/scripts/lane_tracking_node.py", line 111, in handle_frame
    lane_center, roi_overlay = detect_lane_center(edges, roi_color, self.debug)
  File "/home/hyeongseon/catkin_ws/src/lane_tracking_pkg/vision/detector.py", line 63, in detect_lane_center
    left_line = _fit_lane(np.vstack(left_points)) if left_points else None
TypeError: _fit_lane() missing 2 required positional arguments: 'y_bottom' and 'y_top'

[rosout][ERROR] 2025-09-20 13:14:53,672: bad callback: <bound method LaneTrackingNode.image_cb of <__main__.LaneTrackingNode object at 0x7f55bef5a1c0>>
Traceback (most recent call last):
  File "/opt/ros/noetic/lib/python3/dist-packages/rospy/topics.py", line 750, in _invoke_callback
    cb(msg)
  File "/home/hyeongseon/catkin_ws/src/lane_tracking_pkg/scripts/lane_tracking_node.py", line 99, in image_cb
    self.handle_frame(frame, msg.header)
  File "/home/hyeongseon/catkin_ws/src/lane_tracking_pkg/scripts/lane_tracking_node.py", line 111, in handle_frame
    lane_center, roi_overlay = detect_lane_center(edges, roi_color, self.debug)
  File "/home/hyeongseon/catkin_ws/src/lane_tracking_pkg/vision/detector.py", line 63, in detect_lane_center
    left_line = _fit_lane(np.vstack(left_points)) if left_points else None
TypeError: _fit_lane() missing 2 required positional arguments: 'y_bottom' and 'y_top'

[rosout][ERROR] 2025-09-20 13:14:53,729: bad callback: <bound method LaneTrackingNode.image_cb of <__main__.LaneTrackingNode object at 0x7f55bef5a1c0>>
Traceback (most recent call last):
  File "/opt/ros/noetic/lib/python3/dist-packages/rospy/topics.py", line 750, in _invoke_callback
    cb(msg)
  File "/home/hyeongseon/catkin_ws/src/lane_tracking_pkg/scripts/lane_tracking_node.py", line 99, in image_cb
    self.handle_frame(frame, msg.header)
  File "/home/hyeongseon/catkin_ws/src/lane_tracking_pkg/scripts/lane_tracking_node.py", line 111, in handle_frame
    lane_center, roi_overlay = detect_lane_center(edges, roi_color, self.debug)
  File "/home/hyeongseon/catkin_ws/src/lane_tracking_pkg/vision/detector.py", line 63, in detect_lane_center
    left_line = _fit_lane(np.vstack(left_points)) if left_points else None
TypeError: _fit_lane() missing 2 required positional arguments: 'y_bottom' and 'y_top'

[rosout][ERROR] 2025-09-20 13:14:53,763: bad callback: <bound method LaneTrackingNode.image_cb of <__main__.LaneTrackingNode object at 0x7f55bef5a1c0>>
Traceback (most recent call last):
  File "/opt/ros/noetic/lib/python3/dist-packages/rospy/topics.py", line 750, in _invoke_callback
    cb(msg)
  File "/home/hyeongseon/catkin_ws/src/lane_tracking_pkg/scripts/lane_tracking_node.py", line 99, in image_cb
    self.handle_frame(frame, msg.header)
  File "/home/hyeongseon/catkin_ws/src/lane_tracking_pkg/scripts/lane_tracking_node.py", line 111, in handle_frame
    lane_center, roi_overlay = detect_lane_center(edges, roi_color, self.debug)
  File "/home/hyeongseon/catkin_ws/src/lane_tracking_pkg/vision/detector.py", line 63, in detect_lane_center
    left_line = _fit_lane(np.vstack(left_points)) if left_points else None
TypeError: _fit_lane() missing 2 required positional arguments: 'y_bottom' and 'y_top'

[rosout][ERROR] 2025-09-20 13:14:53,786: bad callback: <bound method LaneTrackingNode.image_cb of <__main__.LaneTrackingNode object at 0x7f55bef5a1c0>>
Traceback (most recent call last):
  File "/opt/ros/noetic/lib/python3/dist-packages/rospy/topics.py", line 750, in _invoke_callback
    cb(msg)
  File "/home/hyeongseon/catkin_ws/src/lane_tracking_pkg/scripts/lane_tracking_node.py", line 99, in image_cb
    self.handle_frame(frame, msg.header)
  File "/home/hyeongseon/catkin_ws/src/lane_tracking_pkg/scripts/lane_tracking_node.py", line 111, in handle_frame
    lane_center, roi_overlay = detect_lane_center(edges, roi_color, self.debug)
  File "/home/hyeongseon/catkin_ws/src/lane_tracking_pkg/vision/detector.py", line 63, in detect_lane_center
    left_line = _fit_lane(np.vstack(left_points)) if left_points else None
TypeError: _fit_lane() missing 2 required positional arguments: 'y_bottom' and 'y_top'

[rosout][ERROR] 2025-09-20 13:14:53,831: bad callback: <bound method LaneTrackingNode.image_cb of <__main__.LaneTrackingNode object at 0x7f55bef5a1c0>>
Traceback (most recent call last):
  File "/opt/ros/noetic/lib/python3/dist-packages/rospy/topics.py", line 750, in _invoke_callback
    cb(msg)
  File "/home/hyeongseon/catkin_ws/src/lane_tracking_pkg/scripts/lane_tracking_node.py", line 99, in image_cb
    self.handle_frame(frame, msg.header)
  File "/home/hyeongseon/catkin_ws/src/lane_tracking_pkg/scripts/lane_tracking_node.py", line 111, in handle_frame
    lane_center, roi_overlay = detect_lane_center(edges, roi_color, self.debug)
  File "/home/hyeongseon/catkin_ws/src/lane_tracking_pkg/vision/detector.py", line 63, in detect_lane_center
    left_line = _fit_lane(np.vstack(left_points)) if left_points else None
TypeError: _fit_lane() missing 2 required positional arguments: 'y_bottom' and 'y_top'

[rosout][ERROR] 2025-09-20 13:14:53,853: bad callback: <bound method LaneTrackingNode.image_cb of <__main__.LaneTrackingNode object at 0x7f55bef5a1c0>>
Traceback (most recent call last):
  File "/opt/ros/noetic/lib/python3/dist-packages/rospy/topics.py", line 750, in _invoke_callback
    cb(msg)
  File "/home/hyeongseon/catkin_ws/src/lane_tracking_pkg/scripts/lane_tracking_node.py", line 99, in image_cb
    self.handle_frame(frame, msg.header)
  File "/home/hyeongseon/catkin_ws/src/lane_tracking_pkg/scripts/lane_tracking_node.py", line 111, in handle_frame
    lane_center, roi_overlay = detect_lane_center(edges, roi_color, self.debug)
  File "/home/hyeongseon/catkin_ws/src/lane_tracking_pkg/vision/detector.py", line 63, in detect_lane_center
    left_line = _fit_lane(np.vstack(left_points)) if left_points else None
TypeError: _fit_lane() missing 2 required positional arguments: 'y_bottom' and 'y_top'

[rosout][ERROR] 2025-09-20 13:14:53,866: bad callback: <bound method LaneTrackingNode.image_cb of <__main__.LaneTrackingNode object at 0x7f55bef5a1c0>>
Traceback (most recent call last):
  File "/opt/ros/noetic/lib/python3/dist-packages/rospy/topics.py", line 750, in _invoke_callback
    cb(msg)
  File "/home/hyeongseon/catkin_ws/src/lane_tracking_pkg/scripts/lane_tracking_node.py", line 99, in image_cb
    self.handle_frame(frame, msg.header)
  File "/home/hyeongseon/catkin_ws/src/lane_tracking_pkg/scripts/lane_tracking_node.py", line 111, in handle_frame
    lane_center, roi_overlay = detect_lane_center(edges, roi_color, self.debug)
  File "/home/hyeongseon/catkin_ws/src/lane_tracking_pkg/vision/detector.py", line 63, in detect_lane_center
    left_line = _fit_lane(np.vstack(left_points)) if left_points else None
TypeError: _fit_lane() missing 2 required positional arguments: 'y_bottom' and 'y_top'

[rosout][ERROR] 2025-09-20 13:14:53,933: bad callback: <bound method LaneTrackingNode.image_cb of <__main__.LaneTrackingNode object at 0x7f55bef5a1c0>>
Traceback (most recent call last):
  File "/opt/ros/noetic/lib/python3/dist-packages/rospy/topics.py", line 750, in _invoke_callback
    cb(msg)
  File "/home/hyeongseon/catkin_ws/src/lane_tracking_pkg/scripts/lane_tracking_node.py", line 99, in image_cb
    self.handle_frame(frame, msg.header)
  File "/home/hyeongseon/catkin_ws/src/lane_tracking_pkg/scripts/lane_tracking_node.py", line 111, in handle_frame
    lane_center, roi_overlay = detect_lane_center(edges, roi_color, self.debug)
  File "/home/hyeongseon/catkin_ws/src/lane_tracking_pkg/vision/detector.py", line 63, in detect_lane_center
    left_line = _fit_lane(np.vstack(left_points)) if left_points else None
TypeError: _fit_lane() missing 2 required positional arguments: 'y_bottom' and 'y_top'

[rosout][ERROR] 2025-09-20 13:14:53,964: bad callback: <bound method LaneTrackingNode.image_cb of <__main__.LaneTrackingNode object at 0x7f55bef5a1c0>>
Traceback (most recent call last):
  File "/opt/ros/noetic/lib/python3/dist-packages/rospy/topics.py", line 750, in _invoke_callback
    cb(msg)
  File "/home/hyeongseon/catkin_ws/src/lane_tracking_pkg/scripts/lane_tracking_node.py", line 99, in image_cb
    self.handle_frame(frame, msg.header)
  File "/home/hyeongseon/catkin_ws/src/lane_tracking_pkg/scripts/lane_tracking_node.py", line 111, in handle_frame
    lane_center, roi_overlay = detect_lane_center(edges, roi_color, self.debug)
  File "/home/hyeongseon/catkin_ws/src/lane_tracking_pkg/vision/detector.py", line 63, in detect_lane_center
    left_line = _fit_lane(np.vstack(left_points)) if left_points else None
TypeError: _fit_lane() missing 2 required positional arguments: 'y_bottom' and 'y_top'

[rosout][ERROR] 2025-09-20 13:14:53,992: bad callback: <bound method LaneTrackingNode.image_cb of <__main__.LaneTrackingNode object at 0x7f55bef5a1c0>>
Traceback (most recent call last):
  File "/opt/ros/noetic/lib/python3/dist-packages/rospy/topics.py", line 750, in _invoke_callback
    cb(msg)
  File "/home/hyeongseon/catkin_ws/src/lane_tracking_pkg/scripts/lane_tracking_node.py", line 99, in image_cb
    self.handle_frame(frame, msg.header)
  File "/home/hyeongseon/catkin_ws/src/lane_tracking_pkg/scripts/lane_tracking_node.py", line 111, in handle_frame
    lane_center, roi_overlay = detect_lane_center(edges, roi_color, self.debug)
  File "/home/hyeongseon/catkin_ws/src/lane_tracking_pkg/vision/detector.py", line 63, in detect_lane_center
    left_line = _fit_lane(np.vstack(left_points)) if left_points else None
TypeError: _fit_lane() missing 2 required positional arguments: 'y_bottom' and 'y_top'

[rosout][ERROR] 2025-09-20 13:14:54,020: bad callback: <bound method LaneTrackingNode.image_cb of <__main__.LaneTrackingNode object at 0x7f55bef5a1c0>>
Traceback (most recent call last):
  File "/opt/ros/noetic/lib/python3/dist-packages/rospy/topics.py", line 750, in _invoke_callback
    cb(msg)
  File "/home/hyeongseon/catkin_ws/src/lane_tracking_pkg/scripts/lane_tracking_node.py", line 99, in image_cb
    self.handle_frame(frame, msg.header)
  File "/home/hyeongseon/catkin_ws/src/lane_tracking_pkg/scripts/lane_tracking_node.py", line 111, in handle_frame
    lane_center, roi_overlay = detect_lane_center(edges, roi_color, self.debug)
  File "/home/hyeongseon/catkin_ws/src/lane_tracking_pkg/vision/detector.py", line 63, in detect_lane_center
    left_line = _fit_lane(np.vstack(left_points)) if left_points else None
TypeError: _fit_lane() missing 2 required positional arguments: 'y_bottom' and 'y_top'

[rosout][ERROR] 2025-09-20 13:14:54,032: bad callback: <bound method LaneTrackingNode.image_cb of <__main__.LaneTrackingNode object at 0x7f55bef5a1c0>>
Traceback (most recent call last):
  File "/opt/ros/noetic/lib/python3/dist-packages/rospy/topics.py", line 750, in _invoke_callback
    cb(msg)
  File "/home/hyeongseon/catkin_ws/src/lane_tracking_pkg/scripts/lane_tracking_node.py", line 99, in image_cb
    self.handle_frame(frame, msg.header)
  File "/home/hyeongseon/catkin_ws/src/lane_tracking_pkg/scripts/lane_tracking_node.py", line 111, in handle_frame
    lane_center, roi_overlay = detect_lane_center(edges, roi_color, self.debug)
  File "/home/hyeongseon/catkin_ws/src/lane_tracking_pkg/vision/detector.py", line 63, in detect_lane_center
    left_line = _fit_lane(np.vstack(left_points)) if left_points else None
TypeError: _fit_lane() missing 2 required positional arguments: 'y_bottom' and 'y_top'

[rosout][ERROR] 2025-09-20 13:14:54,076: bad callback: <bound method LaneTrackingNode.image_cb of <__main__.LaneTrackingNode object at 0x7f55bef5a1c0>>
Traceback (most recent call last):
  File "/opt/ros/noetic/lib/python3/dist-packages/rospy/topics.py", line 750, in _invoke_callback
    cb(msg)
  File "/home/hyeongseon/catkin_ws/src/lane_tracking_pkg/scripts/lane_tracking_node.py", line 99, in image_cb
    self.handle_frame(frame, msg.header)
  File "/home/hyeongseon/catkin_ws/src/lane_tracking_pkg/scripts/lane_tracking_node.py", line 111, in handle_frame
    lane_center, roi_overlay = detect_lane_center(edges, roi_color, self.debug)
  File "/home/hyeongseon/catkin_ws/src/lane_tracking_pkg/vision/detector.py", line 63, in detect_lane_center
    left_line = _fit_lane(np.vstack(left_points)) if left_points else None
TypeError: _fit_lane() missing 2 required positional arguments: 'y_bottom' and 'y_top'

[rosout][ERROR] 2025-09-20 13:14:54,117: bad callback: <bound method LaneTrackingNode.image_cb of <__main__.LaneTrackingNode object at 0x7f55bef5a1c0>>
Traceback (most recent call last):
  File "/opt/ros/noetic/lib/python3/dist-packages/rospy/topics.py", line 750, in _invoke_callback
    cb(msg)
  File "/home/hyeongseon/catkin_ws/src/lane_tracking_pkg/scripts/lane_tracking_node.py", line 99, in image_cb
    self.handle_frame(frame, msg.header)
  File "/home/hyeongseon/catkin_ws/src/lane_tracking_pkg/scripts/lane_tracking_node.py", line 111, in handle_frame
    lane_center, roi_overlay = detect_lane_center(edges, roi_color, self.debug)
  File "/home/hyeongseon/catkin_ws/src/lane_tracking_pkg/vision/detector.py", line 63, in detect_lane_center
    left_line = _fit_lane(np.vstack(left_points)) if left_points else None
TypeError: _fit_lane() missing 2 required positional arguments: 'y_bottom' and 'y_top'

[rosout][ERROR] 2025-09-20 13:14:54,132: bad callback: <bound method LaneTrackingNode.image_cb of <__main__.LaneTrackingNode object at 0x7f55bef5a1c0>>
Traceback (most recent call last):
  File "/opt/ros/noetic/lib/python3/dist-packages/rospy/topics.py", line 750, in _invoke_callback
    cb(msg)
  File "/home/hyeongseon/catkin_ws/src/lane_tracking_pkg/scripts/lane_tracking_node.py", line 99, in image_cb
    self.handle_frame(frame, msg.header)
  File "/home/hyeongseon/catkin_ws/src/lane_tracking_pkg/scripts/lane_tracking_node.py", line 111, in handle_frame
    lane_center, roi_overlay = detect_lane_center(edges, roi_color, self.debug)
  File "/home/hyeongseon/catkin_ws/src/lane_tracking_pkg/vision/detector.py", line 63, in detect_lane_center
    left_line = _fit_lane(np.vstack(left_points)) if left_points else None
TypeError: _fit_lane() missing 2 required positional arguments: 'y_bottom' and 'y_top'

[rosout][ERROR] 2025-09-20 13:14:54,165: bad callback: <bound method LaneTrackingNode.image_cb of <__main__.LaneTrackingNode object at 0x7f55bef5a1c0>>
Traceback (most recent call last):
  File "/opt/ros/noetic/lib/python3/dist-packages/rospy/topics.py", line 750, in _invoke_callback
    cb(msg)
  File "/home/hyeongseon/catkin_ws/src/lane_tracking_pkg/scripts/lane_tracking_node.py", line 99, in image_cb
    self.handle_frame(frame, msg.header)
  File "/home/hyeongseon/catkin_ws/src/lane_tracking_pkg/scripts/lane_tracking_node.py", line 111, in handle_frame
    lane_center, roi_overlay = detect_lane_center(edges, roi_color, self.debug)
  File "/home/hyeongseon/catkin_ws/src/lane_tracking_pkg/vision/detector.py", line 63, in detect_lane_center
    left_line = _fit_lane(np.vstack(left_points)) if left_points else None
TypeError: _fit_lane() missing 2 required positional arguments: 'y_bottom' and 'y_top'

[rosout][ERROR] 2025-09-20 13:14:54,213: bad callback: <bound method LaneTrackingNode.image_cb of <__main__.LaneTrackingNode object at 0x7f55bef5a1c0>>
Traceback (most recent call last):
  File "/opt/ros/noetic/lib/python3/dist-packages/rospy/topics.py", line 750, in _invoke_callback
    cb(msg)
  File "/home/hyeongseon/catkin_ws/src/lane_tracking_pkg/scripts/lane_tracking_node.py", line 99, in image_cb
    self.handle_frame(frame, msg.header)
  File "/home/hyeongseon/catkin_ws/src/lane_tracking_pkg/scripts/lane_tracking_node.py", line 111, in handle_frame
    lane_center, roi_overlay = detect_lane_center(edges, roi_color, self.debug)
  File "/home/hyeongseon/catkin_ws/src/lane_tracking_pkg/vision/detector.py", line 63, in detect_lane_center
    left_line = _fit_lane(np.vstack(left_points)) if left_points else None
TypeError: _fit_lane() missing 2 required positional arguments: 'y_bottom' and 'y_top'

[rosout][ERROR] 2025-09-20 13:14:54,243: bad callback: <bound method LaneTrackingNode.image_cb of <__main__.LaneTrackingNode object at 0x7f55bef5a1c0>>
Traceback (most recent call last):
  File "/opt/ros/noetic/lib/python3/dist-packages/rospy/topics.py", line 750, in _invoke_callback
    cb(msg)
  File "/home/hyeongseon/catkin_ws/src/lane_tracking_pkg/scripts/lane_tracking_node.py", line 99, in image_cb
    self.handle_frame(frame, msg.header)
  File "/home/hyeongseon/catkin_ws/src/lane_tracking_pkg/scripts/lane_tracking_node.py", line 111, in handle_frame
    lane_center, roi_overlay = detect_lane_center(edges, roi_color, self.debug)
  File "/home/hyeongseon/catkin_ws/src/lane_tracking_pkg/vision/detector.py", line 63, in detect_lane_center
    left_line = _fit_lane(np.vstack(left_points)) if left_points else None
TypeError: _fit_lane() missing 2 required positional arguments: 'y_bottom' and 'y_top'

[rosout][ERROR] 2025-09-20 13:14:54,291: bad callback: <bound method LaneTrackingNode.image_cb of <__main__.LaneTrackingNode object at 0x7f55bef5a1c0>>
Traceback (most recent call last):
  File "/opt/ros/noetic/lib/python3/dist-packages/rospy/topics.py", line 750, in _invoke_callback
    cb(msg)
  File "/home/hyeongseon/catkin_ws/src/lane_tracking_pkg/scripts/lane_tracking_node.py", line 99, in image_cb
    self.handle_frame(frame, msg.header)
  File "/home/hyeongseon/catkin_ws/src/lane_tracking_pkg/scripts/lane_tracking_node.py", line 111, in handle_frame
    lane_center, roi_overlay = detect_lane_center(edges, roi_color, self.debug)
  File "/home/hyeongseon/catkin_ws/src/lane_tracking_pkg/vision/detector.py", line 63, in detect_lane_center
    left_line = _fit_lane(np.vstack(left_points)) if left_points else None
TypeError: _fit_lane() missing 2 required positional arguments: 'y_bottom' and 'y_top'

[rosout][ERROR] 2025-09-20 13:14:54,324: bad callback: <bound method LaneTrackingNode.image_cb of <__main__.LaneTrackingNode object at 0x7f55bef5a1c0>>
Traceback (most recent call last):
  File "/opt/ros/noetic/lib/python3/dist-packages/rospy/topics.py", line 750, in _invoke_callback
    cb(msg)
  File "/home/hyeongseon/catkin_ws/src/lane_tracking_pkg/scripts/lane_tracking_node.py", line 99, in image_cb
    self.handle_frame(frame, msg.header)
  File "/home/hyeongseon/catkin_ws/src/lane_tracking_pkg/scripts/lane_tracking_node.py", line 111, in handle_frame
    lane_center, roi_overlay = detect_lane_center(edges, roi_color, self.debug)
  File "/home/hyeongseon/catkin_ws/src/lane_tracking_pkg/vision/detector.py", line 63, in detect_lane_center
    left_line = _fit_lane(np.vstack(left_points)) if left_points else None
TypeError: _fit_lane() missing 2 required positional arguments: 'y_bottom' and 'y_top'

[rosout][ERROR] 2025-09-20 13:14:54,357: bad callback: <bound method LaneTrackingNode.image_cb of <__main__.LaneTrackingNode object at 0x7f55bef5a1c0>>
Traceback (most recent call last):
  File "/opt/ros/noetic/lib/python3/dist-packages/rospy/topics.py", line 750, in _invoke_callback
    cb(msg)
  File "/home/hyeongseon/catkin_ws/src/lane_tracking_pkg/scripts/lane_tracking_node.py", line 99, in image_cb
    self.handle_frame(frame, msg.header)
  File "/home/hyeongseon/catkin_ws/src/lane_tracking_pkg/scripts/lane_tracking_node.py", line 111, in handle_frame
    lane_center, roi_overlay = detect_lane_center(edges, roi_color, self.debug)
  File "/home/hyeongseon/catkin_ws/src/lane_tracking_pkg/vision/detector.py", line 63, in detect_lane_center
    left_line = _fit_lane(np.vstack(left_points)) if left_points else None
TypeError: _fit_lane() missing 2 required positional arguments: 'y_bottom' and 'y_top'

[rosout][ERROR] 2025-09-20 13:14:54,374: bad callback: <bound method LaneTrackingNode.image_cb of <__main__.LaneTrackingNode object at 0x7f55bef5a1c0>>
Traceback (most recent call last):
  File "/opt/ros/noetic/lib/python3/dist-packages/rospy/topics.py", line 750, in _invoke_callback
    cb(msg)
  File "/home/hyeongseon/catkin_ws/src/lane_tracking_pkg/scripts/lane_tracking_node.py", line 99, in image_cb
    self.handle_frame(frame, msg.header)
  File "/home/hyeongseon/catkin_ws/src/lane_tracking_pkg/scripts/lane_tracking_node.py", line 111, in handle_frame
    lane_center, roi_overlay = detect_lane_center(edges, roi_color, self.debug)
  File "/home/hyeongseon/catkin_ws/src/lane_tracking_pkg/vision/detector.py", line 63, in detect_lane_center
    left_line = _fit_lane(np.vstack(left_points)) if left_points else None
TypeError: _fit_lane() missing 2 required positional arguments: 'y_bottom' and 'y_top'

[rosout][ERROR] 2025-09-20 13:14:54,432: bad callback: <bound method LaneTrackingNode.image_cb of <__main__.LaneTrackingNode object at 0x7f55bef5a1c0>>
Traceback (most recent call last):
  File "/opt/ros/noetic/lib/python3/dist-packages/rospy/topics.py", line 750, in _invoke_callback
    cb(msg)
  File "/home/hyeongseon/catkin_ws/src/lane_tracking_pkg/scripts/lane_tracking_node.py", line 99, in image_cb
    self.handle_frame(frame, msg.header)
  File "/home/hyeongseon/catkin_ws/src/lane_tracking_pkg/scripts/lane_tracking_node.py", line 111, in handle_frame
    lane_center, roi_overlay = detect_lane_center(edges, roi_color, self.debug)
  File "/home/hyeongseon/catkin_ws/src/lane_tracking_pkg/vision/detector.py", line 63, in detect_lane_center
    left_line = _fit_lane(np.vstack(left_points)) if left_points else None
TypeError: _fit_lane() missing 2 required positional arguments: 'y_bottom' and 'y_top'

[rosout][ERROR] 2025-09-20 13:14:54,464: bad callback: <bound method LaneTrackingNode.image_cb of <__main__.LaneTrackingNode object at 0x7f55bef5a1c0>>
Traceback (most recent call last):
  File "/opt/ros/noetic/lib/python3/dist-packages/rospy/topics.py", line 750, in _invoke_callback
    cb(msg)
  File "/home/hyeongseon/catkin_ws/src/lane_tracking_pkg/scripts/lane_tracking_node.py", line 99, in image_cb
    self.handle_frame(frame, msg.header)
  File "/home/hyeongseon/catkin_ws/src/lane_tracking_pkg/scripts/lane_tracking_node.py", line 111, in handle_frame
    lane_center, roi_overlay = detect_lane_center(edges, roi_color, self.debug)
  File "/home/hyeongseon/catkin_ws/src/lane_tracking_pkg/vision/detector.py", line 63, in detect_lane_center
    left_line = _fit_lane(np.vstack(left_points)) if left_points else None
TypeError: _fit_lane() missing 2 required positional arguments: 'y_bottom' and 'y_top'

[rosout][ERROR] 2025-09-20 13:14:54,495: bad callback: <bound method LaneTrackingNode.image_cb of <__main__.LaneTrackingNode object at 0x7f55bef5a1c0>>
Traceback (most recent call last):
  File "/opt/ros/noetic/lib/python3/dist-packages/rospy/topics.py", line 750, in _invoke_callback
    cb(msg)
  File "/home/hyeongseon/catkin_ws/src/lane_tracking_pkg/scripts/lane_tracking_node.py", line 99, in image_cb
    self.handle_frame(frame, msg.header)
  File "/home/hyeongseon/catkin_ws/src/lane_tracking_pkg/scripts/lane_tracking_node.py", line 111, in handle_frame
    lane_center, roi_overlay = detect_lane_center(edges, roi_color, self.debug)
  File "/home/hyeongseon/catkin_ws/src/lane_tracking_pkg/vision/detector.py", line 63, in detect_lane_center
    left_line = _fit_lane(np.vstack(left_points)) if left_points else None
TypeError: _fit_lane() missing 2 required positional arguments: 'y_bottom' and 'y_top'

[rosout][ERROR] 2025-09-20 13:14:54,518: bad callback: <bound method LaneTrackingNode.image_cb of <__main__.LaneTrackingNode object at 0x7f55bef5a1c0>>
Traceback (most recent call last):
  File "/opt/ros/noetic/lib/python3/dist-packages/rospy/topics.py", line 750, in _invoke_callback
    cb(msg)
  File "/home/hyeongseon/catkin_ws/src/lane_tracking_pkg/scripts/lane_tracking_node.py", line 99, in image_cb
    self.handle_frame(frame, msg.header)
  File "/home/hyeongseon/catkin_ws/src/lane_tracking_pkg/scripts/lane_tracking_node.py", line 111, in handle_frame
    lane_center, roi_overlay = detect_lane_center(edges, roi_color, self.debug)
  File "/home/hyeongseon/catkin_ws/src/lane_tracking_pkg/vision/detector.py", line 63, in detect_lane_center
    left_line = _fit_lane(np.vstack(left_points)) if left_points else None
TypeError: _fit_lane() missing 2 required positional arguments: 'y_bottom' and 'y_top'

[rosout][ERROR] 2025-09-20 13:14:54,549: bad callback: <bound method LaneTrackingNode.image_cb of <__main__.LaneTrackingNode object at 0x7f55bef5a1c0>>
Traceback (most recent call last):
  File "/opt/ros/noetic/lib/python3/dist-packages/rospy/topics.py", line 750, in _invoke_callback
    cb(msg)
  File "/home/hyeongseon/catkin_ws/src/lane_tracking_pkg/scripts/lane_tracking_node.py", line 99, in image_cb
    self.handle_frame(frame, msg.header)
  File "/home/hyeongseon/catkin_ws/src/lane_tracking_pkg/scripts/lane_tracking_node.py", line 111, in handle_frame
    lane_center, roi_overlay = detect_lane_center(edges, roi_color, self.debug)
  File "/home/hyeongseon/catkin_ws/src/lane_tracking_pkg/vision/detector.py", line 63, in detect_lane_center
    left_line = _fit_lane(np.vstack(left_points)) if left_points else None
TypeError: _fit_lane() missing 2 required positional arguments: 'y_bottom' and 'y_top'

[rosout][ERROR] 2025-09-20 13:14:54,588: bad callback: <bound method LaneTrackingNode.image_cb of <__main__.LaneTrackingNode object at 0x7f55bef5a1c0>>
Traceback (most recent call last):
  File "/opt/ros/noetic/lib/python3/dist-packages/rospy/topics.py", line 750, in _invoke_callback
    cb(msg)
  File "/home/hyeongseon/catkin_ws/src/lane_tracking_pkg/scripts/lane_tracking_node.py", line 99, in image_cb
    self.handle_frame(frame, msg.header)
  File "/home/hyeongseon/catkin_ws/src/lane_tracking_pkg/scripts/lane_tracking_node.py", line 111, in handle_frame
    lane_center, roi_overlay = detect_lane_center(edges, roi_color, self.debug)
  File "/home/hyeongseon/catkin_ws/src/lane_tracking_pkg/vision/detector.py", line 63, in detect_lane_center
    left_line = _fit_lane(np.vstack(left_points)) if left_points else None
TypeError: _fit_lane() missing 2 required positional arguments: 'y_bottom' and 'y_top'

[rosout][ERROR] 2025-09-20 13:14:54,630: bad callback: <bound method LaneTrackingNode.image_cb of <__main__.LaneTrackingNode object at 0x7f55bef5a1c0>>
Traceback (most recent call last):
  File "/opt/ros/noetic/lib/python3/dist-packages/rospy/topics.py", line 750, in _invoke_callback
    cb(msg)
  File "/home/hyeongseon/catkin_ws/src/lane_tracking_pkg/scripts/lane_tracking_node.py", line 99, in image_cb
    self.handle_frame(frame, msg.header)
  File "/home/hyeongseon/catkin_ws/src/lane_tracking_pkg/scripts/lane_tracking_node.py", line 111, in handle_frame
    lane_center, roi_overlay = detect_lane_center(edges, roi_color, self.debug)
  File "/home/hyeongseon/catkin_ws/src/lane_tracking_pkg/vision/detector.py", line 63, in detect_lane_center
    left_line = _fit_lane(np.vstack(left_points)) if left_points else None
TypeError: _fit_lane() missing 2 required positional arguments: 'y_bottom' and 'y_top'

[rosout][ERROR] 2025-09-20 13:14:54,647: bad callback: <bound method LaneTrackingNode.image_cb of <__main__.LaneTrackingNode object at 0x7f55bef5a1c0>>
Traceback (most recent call last):
  File "/opt/ros/noetic/lib/python3/dist-packages/rospy/topics.py", line 750, in _invoke_callback
    cb(msg)
  File "/home/hyeongseon/catkin_ws/src/lane_tracking_pkg/scripts/lane_tracking_node.py", line 99, in image_cb
    self.handle_frame(frame, msg.header)
  File "/home/hyeongseon/catkin_ws/src/lane_tracking_pkg/scripts/lane_tracking_node.py", line 111, in handle_frame
    lane_center, roi_overlay = detect_lane_center(edges, roi_color, self.debug)
  File "/home/hyeongseon/catkin_ws/src/lane_tracking_pkg/vision/detector.py", line 63, in detect_lane_center
    left_line = _fit_lane(np.vstack(left_points)) if left_points else None
TypeError: _fit_lane() missing 2 required positional arguments: 'y_bottom' and 'y_top'

[rosout][ERROR] 2025-09-20 13:14:54,686: bad callback: <bound method LaneTrackingNode.image_cb of <__main__.LaneTrackingNode object at 0x7f55bef5a1c0>>
Traceback (most recent call last):
  File "/opt/ros/noetic/lib/python3/dist-packages/rospy/topics.py", line 750, in _invoke_callback
    cb(msg)
  File "/home/hyeongseon/catkin_ws/src/lane_tracking_pkg/scripts/lane_tracking_node.py", line 99, in image_cb
    self.handle_frame(frame, msg.header)
  File "/home/hyeongseon/catkin_ws/src/lane_tracking_pkg/scripts/lane_tracking_node.py", line 111, in handle_frame
    lane_center, roi_overlay = detect_lane_center(edges, roi_color, self.debug)
  File "/home/hyeongseon/catkin_ws/src/lane_tracking_pkg/vision/detector.py", line 63, in detect_lane_center
    left_line = _fit_lane(np.vstack(left_points)) if left_points else None
TypeError: _fit_lane() missing 2 required positional arguments: 'y_bottom' and 'y_top'

[rosout][ERROR] 2025-09-20 13:14:54,703: bad callback: <bound method LaneTrackingNode.image_cb of <__main__.LaneTrackingNode object at 0x7f55bef5a1c0>>
Traceback (most recent call last):
  File "/opt/ros/noetic/lib/python3/dist-packages/rospy/topics.py", line 750, in _invoke_callback
    cb(msg)
  File "/home/hyeongseon/catkin_ws/src/lane_tracking_pkg/scripts/lane_tracking_node.py", line 99, in image_cb
    self.handle_frame(frame, msg.header)
  File "/home/hyeongseon/catkin_ws/src/lane_tracking_pkg/scripts/lane_tracking_node.py", line 111, in handle_frame
    lane_center, roi_overlay = detect_lane_center(edges, roi_color, self.debug)
  File "/home/hyeongseon/catkin_ws/src/lane_tracking_pkg/vision/detector.py", line 63, in detect_lane_center
    left_line = _fit_lane(np.vstack(left_points)) if left_points else None
TypeError: _fit_lane() missing 2 required positional arguments: 'y_bottom' and 'y_top'

[rosout][ERROR] 2025-09-20 13:14:54,751: bad callback: <bound method LaneTrackingNode.image_cb of <__main__.LaneTrackingNode object at 0x7f55bef5a1c0>>
Traceback (most recent call last):
  File "/opt/ros/noetic/lib/python3/dist-packages/rospy/topics.py", line 750, in _invoke_callback
    cb(msg)
  File "/home/hyeongseon/catkin_ws/src/lane_tracking_pkg/scripts/lane_tracking_node.py", line 99, in image_cb
    self.handle_frame(frame, msg.header)
  File "/home/hyeongseon/catkin_ws/src/lane_tracking_pkg/scripts/lane_tracking_node.py", line 111, in handle_frame
    lane_center, roi_overlay = detect_lane_center(edges, roi_color, self.debug)
  File "/home/hyeongseon/catkin_ws/src/lane_tracking_pkg/vision/detector.py", line 63, in detect_lane_center
    left_line = _fit_lane(np.vstack(left_points)) if left_points else None
TypeError: _fit_lane() missing 2 required positional arguments: 'y_bottom' and 'y_top'

[rosout][ERROR] 2025-09-20 13:14:54,780: bad callback: <bound method LaneTrackingNode.image_cb of <__main__.LaneTrackingNode object at 0x7f55bef5a1c0>>
Traceback (most recent call last):
  File "/opt/ros/noetic/lib/python3/dist-packages/rospy/topics.py", line 750, in _invoke_callback
    cb(msg)
  File "/home/hyeongseon/catkin_ws/src/lane_tracking_pkg/scripts/lane_tracking_node.py", line 99, in image_cb
    self.handle_frame(frame, msg.header)
  File "/home/hyeongseon/catkin_ws/src/lane_tracking_pkg/scripts/lane_tracking_node.py", line 111, in handle_frame
    lane_center, roi_overlay = detect_lane_center(edges, roi_color, self.debug)
  File "/home/hyeongseon/catkin_ws/src/lane_tracking_pkg/vision/detector.py", line 63, in detect_lane_center
    left_line = _fit_lane(np.vstack(left_points)) if left_points else None
TypeError: _fit_lane() missing 2 required positional arguments: 'y_bottom' and 'y_top'

[rosout][ERROR] 2025-09-20 13:14:54,803: bad callback: <bound method LaneTrackingNode.image_cb of <__main__.LaneTrackingNode object at 0x7f55bef5a1c0>>
Traceback (most recent call last):
  File "/opt/ros/noetic/lib/python3/dist-packages/rospy/topics.py", line 750, in _invoke_callback
    cb(msg)
  File "/home/hyeongseon/catkin_ws/src/lane_tracking_pkg/scripts/lane_tracking_node.py", line 99, in image_cb
    self.handle_frame(frame, msg.header)
  File "/home/hyeongseon/catkin_ws/src/lane_tracking_pkg/scripts/lane_tracking_node.py", line 111, in handle_frame
    lane_center, roi_overlay = detect_lane_center(edges, roi_color, self.debug)
  File "/home/hyeongseon/catkin_ws/src/lane_tracking_pkg/vision/detector.py", line 63, in detect_lane_center
    left_line = _fit_lane(np.vstack(left_points)) if left_points else None
TypeError: _fit_lane() missing 2 required positional arguments: 'y_bottom' and 'y_top'

[rosout][ERROR] 2025-09-20 13:14:54,850: bad callback: <bound method LaneTrackingNode.image_cb of <__main__.LaneTrackingNode object at 0x7f55bef5a1c0>>
Traceback (most recent call last):
  File "/opt/ros/noetic/lib/python3/dist-packages/rospy/topics.py", line 750, in _invoke_callback
    cb(msg)
  File "/home/hyeongseon/catkin_ws/src/lane_tracking_pkg/scripts/lane_tracking_node.py", line 99, in image_cb
    self.handle_frame(frame, msg.header)
  File "/home/hyeongseon/catkin_ws/src/lane_tracking_pkg/scripts/lane_tracking_node.py", line 111, in handle_frame
    lane_center, roi_overlay = detect_lane_center(edges, roi_color, self.debug)
  File "/home/hyeongseon/catkin_ws/src/lane_tracking_pkg/vision/detector.py", line 63, in detect_lane_center
    left_line = _fit_lane(np.vstack(left_points)) if left_points else None
TypeError: _fit_lane() missing 2 required positional arguments: 'y_bottom' and 'y_top'

[rosout][ERROR] 2025-09-20 13:14:54,889: bad callback: <bound method LaneTrackingNode.image_cb of <__main__.LaneTrackingNode object at 0x7f55bef5a1c0>>
Traceback (most recent call last):
  File "/opt/ros/noetic/lib/python3/dist-packages/rospy/topics.py", line 750, in _invoke_callback
    cb(msg)
  File "/home/hyeongseon/catkin_ws/src/lane_tracking_pkg/scripts/lane_tracking_node.py", line 99, in image_cb
    self.handle_frame(frame, msg.header)
  File "/home/hyeongseon/catkin_ws/src/lane_tracking_pkg/scripts/lane_tracking_node.py", line 111, in handle_frame
    lane_center, roi_overlay = detect_lane_center(edges, roi_color, self.debug)
  File "/home/hyeongseon/catkin_ws/src/lane_tracking_pkg/vision/detector.py", line 63, in detect_lane_center
    left_line = _fit_lane(np.vstack(left_points)) if left_points else None
TypeError: _fit_lane() missing 2 required positional arguments: 'y_bottom' and 'y_top'

[rosout][ERROR] 2025-09-20 13:14:54,919: bad callback: <bound method LaneTrackingNode.image_cb of <__main__.LaneTrackingNode object at 0x7f55bef5a1c0>>
Traceback (most recent call last):
  File "/opt/ros/noetic/lib/python3/dist-packages/rospy/topics.py", line 750, in _invoke_callback
    cb(msg)
  File "/home/hyeongseon/catkin_ws/src/lane_tracking_pkg/scripts/lane_tracking_node.py", line 99, in image_cb
    self.handle_frame(frame, msg.header)
  File "/home/hyeongseon/catkin_ws/src/lane_tracking_pkg/scripts/lane_tracking_node.py", line 111, in handle_frame
    lane_center, roi_overlay = detect_lane_center(edges, roi_color, self.debug)
  File "/home/hyeongseon/catkin_ws/src/lane_tracking_pkg/vision/detector.py", line 63, in detect_lane_center
    left_line = _fit_lane(np.vstack(left_points)) if left_points else None
TypeError: _fit_lane() missing 2 required positional arguments: 'y_bottom' and 'y_top'

[rosout][ERROR] 2025-09-20 13:14:54,948: bad callback: <bound method LaneTrackingNode.image_cb of <__main__.LaneTrackingNode object at 0x7f55bef5a1c0>>
Traceback (most recent call last):
  File "/opt/ros/noetic/lib/python3/dist-packages/rospy/topics.py", line 750, in _invoke_callback
    cb(msg)
  File "/home/hyeongseon/catkin_ws/src/lane_tracking_pkg/scripts/lane_tracking_node.py", line 99, in image_cb
    self.handle_frame(frame, msg.header)
  File "/home/hyeongseon/catkin_ws/src/lane_tracking_pkg/scripts/lane_tracking_node.py", line 111, in handle_frame
    lane_center, roi_overlay = detect_lane_center(edges, roi_color, self.debug)
  File "/home/hyeongseon/catkin_ws/src/lane_tracking_pkg/vision/detector.py", line 63, in detect_lane_center
    left_line = _fit_lane(np.vstack(left_points)) if left_points else None
TypeError: _fit_lane() missing 2 required positional arguments: 'y_bottom' and 'y_top'

[rosout][ERROR] 2025-09-20 13:14:54,969: bad callback: <bound method LaneTrackingNode.image_cb of <__main__.LaneTrackingNode object at 0x7f55bef5a1c0>>
Traceback (most recent call last):
  File "/opt/ros/noetic/lib/python3/dist-packages/rospy/topics.py", line 750, in _invoke_callback
    cb(msg)
  File "/home/hyeongseon/catkin_ws/src/lane_tracking_pkg/scripts/lane_tracking_node.py", line 99, in image_cb
    self.handle_frame(frame, msg.header)
  File "/home/hyeongseon/catkin_ws/src/lane_tracking_pkg/scripts/lane_tracking_node.py", line 111, in handle_frame
    lane_center, roi_overlay = detect_lane_center(edges, roi_color, self.debug)
  File "/home/hyeongseon/catkin_ws/src/lane_tracking_pkg/vision/detector.py", line 63, in detect_lane_center
    left_line = _fit_lane(np.vstack(left_points)) if left_points else None
TypeError: _fit_lane() missing 2 required positional arguments: 'y_bottom' and 'y_top'

[rosout][ERROR] 2025-09-20 13:14:55,019: bad callback: <bound method LaneTrackingNode.image_cb of <__main__.LaneTrackingNode object at 0x7f55bef5a1c0>>
Traceback (most recent call last):
  File "/opt/ros/noetic/lib/python3/dist-packages/rospy/topics.py", line 750, in _invoke_callback
    cb(msg)
  File "/home/hyeongseon/catkin_ws/src/lane_tracking_pkg/scripts/lane_tracking_node.py", line 99, in image_cb
    self.handle_frame(frame, msg.header)
  File "/home/hyeongseon/catkin_ws/src/lane_tracking_pkg/scripts/lane_tracking_node.py", line 111, in handle_frame
    lane_center, roi_overlay = detect_lane_center(edges, roi_color, self.debug)
  File "/home/hyeongseon/catkin_ws/src/lane_tracking_pkg/vision/detector.py", line 63, in detect_lane_center
    left_line = _fit_lane(np.vstack(left_points)) if left_points else None
TypeError: _fit_lane() missing 2 required positional arguments: 'y_bottom' and 'y_top'

[rosout][ERROR] 2025-09-20 13:14:55,076: bad callback: <bound method LaneTrackingNode.image_cb of <__main__.LaneTrackingNode object at 0x7f55bef5a1c0>>
Traceback (most recent call last):
  File "/opt/ros/noetic/lib/python3/dist-packages/rospy/topics.py", line 750, in _invoke_callback
    cb(msg)
  File "/home/hyeongseon/catkin_ws/src/lane_tracking_pkg/scripts/lane_tracking_node.py", line 99, in image_cb
    self.handle_frame(frame, msg.header)
  File "/home/hyeongseon/catkin_ws/src/lane_tracking_pkg/scripts/lane_tracking_node.py", line 111, in handle_frame
    lane_center, roi_overlay = detect_lane_center(edges, roi_color, self.debug)
  File "/home/hyeongseon/catkin_ws/src/lane_tracking_pkg/vision/detector.py", line 63, in detect_lane_center
    left_line = _fit_lane(np.vstack(left_points)) if left_points else None
TypeError: _fit_lane() missing 2 required positional arguments: 'y_bottom' and 'y_top'

[rosout][ERROR] 2025-09-20 13:14:55,115: bad callback: <bound method LaneTrackingNode.image_cb of <__main__.LaneTrackingNode object at 0x7f55bef5a1c0>>
Traceback (most recent call last):
  File "/opt/ros/noetic/lib/python3/dist-packages/rospy/topics.py", line 750, in _invoke_callback
    cb(msg)
  File "/home/hyeongseon/catkin_ws/src/lane_tracking_pkg/scripts/lane_tracking_node.py", line 99, in image_cb
    self.handle_frame(frame, msg.header)
  File "/home/hyeongseon/catkin_ws/src/lane_tracking_pkg/scripts/lane_tracking_node.py", line 111, in handle_frame
    lane_center, roi_overlay = detect_lane_center(edges, roi_color, self.debug)
  File "/home/hyeongseon/catkin_ws/src/lane_tracking_pkg/vision/detector.py", line 63, in detect_lane_center
    left_line = _fit_lane(np.vstack(left_points)) if left_points else None
TypeError: _fit_lane() missing 2 required positional arguments: 'y_bottom' and 'y_top'

[rosout][ERROR] 2025-09-20 13:14:55,131: bad callback: <bound method LaneTrackingNode.image_cb of <__main__.LaneTrackingNode object at 0x7f55bef5a1c0>>
Traceback (most recent call last):
  File "/opt/ros/noetic/lib/python3/dist-packages/rospy/topics.py", line 750, in _invoke_callback
    cb(msg)
  File "/home/hyeongseon/catkin_ws/src/lane_tracking_pkg/scripts/lane_tracking_node.py", line 99, in image_cb
    self.handle_frame(frame, msg.header)
  File "/home/hyeongseon/catkin_ws/src/lane_tracking_pkg/scripts/lane_tracking_node.py", line 111, in handle_frame
    lane_center, roi_overlay = detect_lane_center(edges, roi_color, self.debug)
  File "/home/hyeongseon/catkin_ws/src/lane_tracking_pkg/vision/detector.py", line 63, in detect_lane_center
    left_line = _fit_lane(np.vstack(left_points)) if left_points else None
TypeError: _fit_lane() missing 2 required positional arguments: 'y_bottom' and 'y_top'

[rosout][ERROR] 2025-09-20 13:14:55,167: bad callback: <bound method LaneTrackingNode.image_cb of <__main__.LaneTrackingNode object at 0x7f55bef5a1c0>>
Traceback (most recent call last):
  File "/opt/ros/noetic/lib/python3/dist-packages/rospy/topics.py", line 750, in _invoke_callback
    cb(msg)
  File "/home/hyeongseon/catkin_ws/src/lane_tracking_pkg/scripts/lane_tracking_node.py", line 99, in image_cb
    self.handle_frame(frame, msg.header)
  File "/home/hyeongseon/catkin_ws/src/lane_tracking_pkg/scripts/lane_tracking_node.py", line 111, in handle_frame
    lane_center, roi_overlay = detect_lane_center(edges, roi_color, self.debug)
  File "/home/hyeongseon/catkin_ws/src/lane_tracking_pkg/vision/detector.py", line 63, in detect_lane_center
    left_line = _fit_lane(np.vstack(left_points)) if left_points else None
TypeError: _fit_lane() missing 2 required positional arguments: 'y_bottom' and 'y_top'

[rosout][ERROR] 2025-09-20 13:14:55,184: bad callback: <bound method LaneTrackingNode.image_cb of <__main__.LaneTrackingNode object at 0x7f55bef5a1c0>>
Traceback (most recent call last):
  File "/opt/ros/noetic/lib/python3/dist-packages/rospy/topics.py", line 750, in _invoke_callback
    cb(msg)
  File "/home/hyeongseon/catkin_ws/src/lane_tracking_pkg/scripts/lane_tracking_node.py", line 99, in image_cb
    self.handle_frame(frame, msg.header)
  File "/home/hyeongseon/catkin_ws/src/lane_tracking_pkg/scripts/lane_tracking_node.py", line 111, in handle_frame
    lane_center, roi_overlay = detect_lane_center(edges, roi_color, self.debug)
  File "/home/hyeongseon/catkin_ws/src/lane_tracking_pkg/vision/detector.py", line 63, in detect_lane_center
    left_line = _fit_lane(np.vstack(left_points)) if left_points else None
TypeError: _fit_lane() missing 2 required positional arguments: 'y_bottom' and 'y_top'

[rosout][ERROR] 2025-09-20 13:14:55,230: bad callback: <bound method LaneTrackingNode.image_cb of <__main__.LaneTrackingNode object at 0x7f55bef5a1c0>>
Traceback (most recent call last):
  File "/opt/ros/noetic/lib/python3/dist-packages/rospy/topics.py", line 750, in _invoke_callback
    cb(msg)
  File "/home/hyeongseon/catkin_ws/src/lane_tracking_pkg/scripts/lane_tracking_node.py", line 99, in image_cb
    self.handle_frame(frame, msg.header)
  File "/home/hyeongseon/catkin_ws/src/lane_tracking_pkg/scripts/lane_tracking_node.py", line 111, in handle_frame
    lane_center, roi_overlay = detect_lane_center(edges, roi_color, self.debug)
  File "/home/hyeongseon/catkin_ws/src/lane_tracking_pkg/vision/detector.py", line 63, in detect_lane_center
    left_line = _fit_lane(np.vstack(left_points)) if left_points else None
TypeError: _fit_lane() missing 2 required positional arguments: 'y_bottom' and 'y_top'

[rosout][ERROR] 2025-09-20 13:14:55,260: bad callback: <bound method LaneTrackingNode.image_cb of <__main__.LaneTrackingNode object at 0x7f55bef5a1c0>>
Traceback (most recent call last):
  File "/opt/ros/noetic/lib/python3/dist-packages/rospy/topics.py", line 750, in _invoke_callback
    cb(msg)
  File "/home/hyeongseon/catkin_ws/src/lane_tracking_pkg/scripts/lane_tracking_node.py", line 99, in image_cb
    self.handle_frame(frame, msg.header)
  File "/home/hyeongseon/catkin_ws/src/lane_tracking_pkg/scripts/lane_tracking_node.py", line 111, in handle_frame
    lane_center, roi_overlay = detect_lane_center(edges, roi_color, self.debug)
  File "/home/hyeongseon/catkin_ws/src/lane_tracking_pkg/vision/detector.py", line 63, in detect_lane_center
    left_line = _fit_lane(np.vstack(left_points)) if left_points else None
TypeError: _fit_lane() missing 2 required positional arguments: 'y_bottom' and 'y_top'

[rosout][ERROR] 2025-09-20 13:14:55,301: bad callback: <bound method LaneTrackingNode.image_cb of <__main__.LaneTrackingNode object at 0x7f55bef5a1c0>>
Traceback (most recent call last):
  File "/opt/ros/noetic/lib/python3/dist-packages/rospy/topics.py", line 750, in _invoke_callback
    cb(msg)
  File "/home/hyeongseon/catkin_ws/src/lane_tracking_pkg/scripts/lane_tracking_node.py", line 99, in image_cb
    self.handle_frame(frame, msg.header)
  File "/home/hyeongseon/catkin_ws/src/lane_tracking_pkg/scripts/lane_tracking_node.py", line 111, in handle_frame
    lane_center, roi_overlay = detect_lane_center(edges, roi_color, self.debug)
  File "/home/hyeongseon/catkin_ws/src/lane_tracking_pkg/vision/detector.py", line 63, in detect_lane_center
    left_line = _fit_lane(np.vstack(left_points)) if left_points else None
TypeError: _fit_lane() missing 2 required positional arguments: 'y_bottom' and 'y_top'

[rosout][ERROR] 2025-09-20 13:14:55,316: bad callback: <bound method LaneTrackingNode.image_cb of <__main__.LaneTrackingNode object at 0x7f55bef5a1c0>>
Traceback (most recent call last):
  File "/opt/ros/noetic/lib/python3/dist-packages/rospy/topics.py", line 750, in _invoke_callback
    cb(msg)
  File "/home/hyeongseon/catkin_ws/src/lane_tracking_pkg/scripts/lane_tracking_node.py", line 99, in image_cb
    self.handle_frame(frame, msg.header)
  File "/home/hyeongseon/catkin_ws/src/lane_tracking_pkg/scripts/lane_tracking_node.py", line 111, in handle_frame
    lane_center, roi_overlay = detect_lane_center(edges, roi_color, self.debug)
  File "/home/hyeongseon/catkin_ws/src/lane_tracking_pkg/vision/detector.py", line 63, in detect_lane_center
    left_line = _fit_lane(np.vstack(left_points)) if left_points else None
TypeError: _fit_lane() missing 2 required positional arguments: 'y_bottom' and 'y_top'

[rosout][ERROR] 2025-09-20 13:14:55,337: bad callback: <bound method LaneTrackingNode.image_cb of <__main__.LaneTrackingNode object at 0x7f55bef5a1c0>>
Traceback (most recent call last):
  File "/opt/ros/noetic/lib/python3/dist-packages/rospy/topics.py", line 750, in _invoke_callback
    cb(msg)
  File "/home/hyeongseon/catkin_ws/src/lane_tracking_pkg/scripts/lane_tracking_node.py", line 99, in image_cb
    self.handle_frame(frame, msg.header)
  File "/home/hyeongseon/catkin_ws/src/lane_tracking_pkg/scripts/lane_tracking_node.py", line 111, in handle_frame
    lane_center, roi_overlay = detect_lane_center(edges, roi_color, self.debug)
  File "/home/hyeongseon/catkin_ws/src/lane_tracking_pkg/vision/detector.py", line 63, in detect_lane_center
    left_line = _fit_lane(np.vstack(left_points)) if left_points else None
TypeError: _fit_lane() missing 2 required positional arguments: 'y_bottom' and 'y_top'

[rosout][ERROR] 2025-09-20 13:14:55,418: bad callback: <bound method LaneTrackingNode.image_cb of <__main__.LaneTrackingNode object at 0x7f55bef5a1c0>>
Traceback (most recent call last):
  File "/opt/ros/noetic/lib/python3/dist-packages/rospy/topics.py", line 750, in _invoke_callback
    cb(msg)
  File "/home/hyeongseon/catkin_ws/src/lane_tracking_pkg/scripts/lane_tracking_node.py", line 99, in image_cb
    self.handle_frame(frame, msg.header)
  File "/home/hyeongseon/catkin_ws/src/lane_tracking_pkg/scripts/lane_tracking_node.py", line 111, in handle_frame
    lane_center, roi_overlay = detect_lane_center(edges, roi_color, self.debug)
  File "/home/hyeongseon/catkin_ws/src/lane_tracking_pkg/vision/detector.py", line 63, in detect_lane_center
    left_line = _fit_lane(np.vstack(left_points)) if left_points else None
TypeError: _fit_lane() missing 2 required positional arguments: 'y_bottom' and 'y_top'

[rosout][ERROR] 2025-09-20 13:14:55,434: bad callback: <bound method LaneTrackingNode.image_cb of <__main__.LaneTrackingNode object at 0x7f55bef5a1c0>>
Traceback (most recent call last):
  File "/opt/ros/noetic/lib/python3/dist-packages/rospy/topics.py", line 750, in _invoke_callback
    cb(msg)
  File "/home/hyeongseon/catkin_ws/src/lane_tracking_pkg/scripts/lane_tracking_node.py", line 99, in image_cb
    self.handle_frame(frame, msg.header)
  File "/home/hyeongseon/catkin_ws/src/lane_tracking_pkg/scripts/lane_tracking_node.py", line 111, in handle_frame
    lane_center, roi_overlay = detect_lane_center(edges, roi_color, self.debug)
  File "/home/hyeongseon/catkin_ws/src/lane_tracking_pkg/vision/detector.py", line 63, in detect_lane_center
    left_line = _fit_lane(np.vstack(left_points)) if left_points else None
TypeError: _fit_lane() missing 2 required positional arguments: 'y_bottom' and 'y_top'

[rosout][ERROR] 2025-09-20 13:14:55,468: bad callback: <bound method LaneTrackingNode.image_cb of <__main__.LaneTrackingNode object at 0x7f55bef5a1c0>>
Traceback (most recent call last):
  File "/opt/ros/noetic/lib/python3/dist-packages/rospy/topics.py", line 750, in _invoke_callback
    cb(msg)
  File "/home/hyeongseon/catkin_ws/src/lane_tracking_pkg/scripts/lane_tracking_node.py", line 99, in image_cb
    self.handle_frame(frame, msg.header)
  File "/home/hyeongseon/catkin_ws/src/lane_tracking_pkg/scripts/lane_tracking_node.py", line 111, in handle_frame
    lane_center, roi_overlay = detect_lane_center(edges, roi_color, self.debug)
  File "/home/hyeongseon/catkin_ws/src/lane_tracking_pkg/vision/detector.py", line 63, in detect_lane_center
    left_line = _fit_lane(np.vstack(left_points)) if left_points else None
TypeError: _fit_lane() missing 2 required positional arguments: 'y_bottom' and 'y_top'

[rosout][ERROR] 2025-09-20 13:14:55,507: bad callback: <bound method LaneTrackingNode.image_cb of <__main__.LaneTrackingNode object at 0x7f55bef5a1c0>>
Traceback (most recent call last):
  File "/opt/ros/noetic/lib/python3/dist-packages/rospy/topics.py", line 750, in _invoke_callback
    cb(msg)
  File "/home/hyeongseon/catkin_ws/src/lane_tracking_pkg/scripts/lane_tracking_node.py", line 99, in image_cb
    self.handle_frame(frame, msg.header)
  File "/home/hyeongseon/catkin_ws/src/lane_tracking_pkg/scripts/lane_tracking_node.py", line 111, in handle_frame
    lane_center, roi_overlay = detect_lane_center(edges, roi_color, self.debug)
  File "/home/hyeongseon/catkin_ws/src/lane_tracking_pkg/vision/detector.py", line 63, in detect_lane_center
    left_line = _fit_lane(np.vstack(left_points)) if left_points else None
TypeError: _fit_lane() missing 2 required positional arguments: 'y_bottom' and 'y_top'

[rosout][ERROR] 2025-09-20 13:14:55,519: bad callback: <bound method LaneTrackingNode.image_cb of <__main__.LaneTrackingNode object at 0x7f55bef5a1c0>>
Traceback (most recent call last):
  File "/opt/ros/noetic/lib/python3/dist-packages/rospy/topics.py", line 750, in _invoke_callback
    cb(msg)
  File "/home/hyeongseon/catkin_ws/src/lane_tracking_pkg/scripts/lane_tracking_node.py", line 99, in image_cb
    self.handle_frame(frame, msg.header)
  File "/home/hyeongseon/catkin_ws/src/lane_tracking_pkg/scripts/lane_tracking_node.py", line 111, in handle_frame
    lane_center, roi_overlay = detect_lane_center(edges, roi_color, self.debug)
  File "/home/hyeongseon/catkin_ws/src/lane_tracking_pkg/vision/detector.py", line 63, in detect_lane_center
    left_line = _fit_lane(np.vstack(left_points)) if left_points else None
TypeError: _fit_lane() missing 2 required positional arguments: 'y_bottom' and 'y_top'

[rosout][ERROR] 2025-09-20 13:14:55,544: bad callback: <bound method LaneTrackingNode.image_cb of <__main__.LaneTrackingNode object at 0x7f55bef5a1c0>>
Traceback (most recent call last):
  File "/opt/ros/noetic/lib/python3/dist-packages/rospy/topics.py", line 750, in _invoke_callback
    cb(msg)
  File "/home/hyeongseon/catkin_ws/src/lane_tracking_pkg/scripts/lane_tracking_node.py", line 99, in image_cb
    self.handle_frame(frame, msg.header)
  File "/home/hyeongseon/catkin_ws/src/lane_tracking_pkg/scripts/lane_tracking_node.py", line 111, in handle_frame
    lane_center, roi_overlay = detect_lane_center(edges, roi_color, self.debug)
  File "/home/hyeongseon/catkin_ws/src/lane_tracking_pkg/vision/detector.py", line 63, in detect_lane_center
    left_line = _fit_lane(np.vstack(left_points)) if left_points else None
TypeError: _fit_lane() missing 2 required positional arguments: 'y_bottom' and 'y_top'

[rosout][ERROR] 2025-09-20 13:14:55,601: bad callback: <bound method LaneTrackingNode.image_cb of <__main__.LaneTrackingNode object at 0x7f55bef5a1c0>>
Traceback (most recent call last):
  File "/opt/ros/noetic/lib/python3/dist-packages/rospy/topics.py", line 750, in _invoke_callback
    cb(msg)
  File "/home/hyeongseon/catkin_ws/src/lane_tracking_pkg/scripts/lane_tracking_node.py", line 99, in image_cb
    self.handle_frame(frame, msg.header)
  File "/home/hyeongseon/catkin_ws/src/lane_tracking_pkg/scripts/lane_tracking_node.py", line 111, in handle_frame
    lane_center, roi_overlay = detect_lane_center(edges, roi_color, self.debug)
  File "/home/hyeongseon/catkin_ws/src/lane_tracking_pkg/vision/detector.py", line 63, in detect_lane_center
    left_line = _fit_lane(np.vstack(left_points)) if left_points else None
TypeError: _fit_lane() missing 2 required positional arguments: 'y_bottom' and 'y_top'

[rosout][ERROR] 2025-09-20 13:14:55,616: bad callback: <bound method LaneTrackingNode.image_cb of <__main__.LaneTrackingNode object at 0x7f55bef5a1c0>>
Traceback (most recent call last):
  File "/opt/ros/noetic/lib/python3/dist-packages/rospy/topics.py", line 750, in _invoke_callback
    cb(msg)
  File "/home/hyeongseon/catkin_ws/src/lane_tracking_pkg/scripts/lane_tracking_node.py", line 99, in image_cb
    self.handle_frame(frame, msg.header)
  File "/home/hyeongseon/catkin_ws/src/lane_tracking_pkg/scripts/lane_tracking_node.py", line 111, in handle_frame
    lane_center, roi_overlay = detect_lane_center(edges, roi_color, self.debug)
  File "/home/hyeongseon/catkin_ws/src/lane_tracking_pkg/vision/detector.py", line 63, in detect_lane_center
    left_line = _fit_lane(np.vstack(left_points)) if left_points else None
TypeError: _fit_lane() missing 2 required positional arguments: 'y_bottom' and 'y_top'

[rosout][ERROR] 2025-09-20 13:14:55,648: bad callback: <bound method LaneTrackingNode.image_cb of <__main__.LaneTrackingNode object at 0x7f55bef5a1c0>>
Traceback (most recent call last):
  File "/opt/ros/noetic/lib/python3/dist-packages/rospy/topics.py", line 750, in _invoke_callback
    cb(msg)
  File "/home/hyeongseon/catkin_ws/src/lane_tracking_pkg/scripts/lane_tracking_node.py", line 99, in image_cb
    self.handle_frame(frame, msg.header)
  File "/home/hyeongseon/catkin_ws/src/lane_tracking_pkg/scripts/lane_tracking_node.py", line 111, in handle_frame
    lane_center, roi_overlay = detect_lane_center(edges, roi_color, self.debug)
  File "/home/hyeongseon/catkin_ws/src/lane_tracking_pkg/vision/detector.py", line 63, in detect_lane_center
    left_line = _fit_lane(np.vstack(left_points)) if left_points else None
TypeError: _fit_lane() missing 2 required positional arguments: 'y_bottom' and 'y_top'

[rosout][ERROR] 2025-09-20 13:14:55,682: bad callback: <bound method LaneTrackingNode.image_cb of <__main__.LaneTrackingNode object at 0x7f55bef5a1c0>>
Traceback (most recent call last):
  File "/opt/ros/noetic/lib/python3/dist-packages/rospy/topics.py", line 750, in _invoke_callback
    cb(msg)
  File "/home/hyeongseon/catkin_ws/src/lane_tracking_pkg/scripts/lane_tracking_node.py", line 99, in image_cb
    self.handle_frame(frame, msg.header)
  File "/home/hyeongseon/catkin_ws/src/lane_tracking_pkg/scripts/lane_tracking_node.py", line 111, in handle_frame
    lane_center, roi_overlay = detect_lane_center(edges, roi_color, self.debug)
  File "/home/hyeongseon/catkin_ws/src/lane_tracking_pkg/vision/detector.py", line 63, in detect_lane_center
    left_line = _fit_lane(np.vstack(left_points)) if left_points else None
TypeError: _fit_lane() missing 2 required positional arguments: 'y_bottom' and 'y_top'

[rosout][ERROR] 2025-09-20 13:14:55,711: bad callback: <bound method LaneTrackingNode.image_cb of <__main__.LaneTrackingNode object at 0x7f55bef5a1c0>>
Traceback (most recent call last):
  File "/opt/ros/noetic/lib/python3/dist-packages/rospy/topics.py", line 750, in _invoke_callback
    cb(msg)
  File "/home/hyeongseon/catkin_ws/src/lane_tracking_pkg/scripts/lane_tracking_node.py", line 99, in image_cb
    self.handle_frame(frame, msg.header)
  File "/home/hyeongseon/catkin_ws/src/lane_tracking_pkg/scripts/lane_tracking_node.py", line 111, in handle_frame
    lane_center, roi_overlay = detect_lane_center(edges, roi_color, self.debug)
  File "/home/hyeongseon/catkin_ws/src/lane_tracking_pkg/vision/detector.py", line 63, in detect_lane_center
    left_line = _fit_lane(np.vstack(left_points)) if left_points else None
TypeError: _fit_lane() missing 2 required positional arguments: 'y_bottom' and 'y_top'

[rosout][ERROR] 2025-09-20 13:14:55,769: bad callback: <bound method LaneTrackingNode.image_cb of <__main__.LaneTrackingNode object at 0x7f55bef5a1c0>>
Traceback (most recent call last):
  File "/opt/ros/noetic/lib/python3/dist-packages/rospy/topics.py", line 750, in _invoke_callback
    cb(msg)
  File "/home/hyeongseon/catkin_ws/src/lane_tracking_pkg/scripts/lane_tracking_node.py", line 99, in image_cb
    self.handle_frame(frame, msg.header)
  File "/home/hyeongseon/catkin_ws/src/lane_tracking_pkg/scripts/lane_tracking_node.py", line 111, in handle_frame
    lane_center, roi_overlay = detect_lane_center(edges, roi_color, self.debug)
  File "/home/hyeongseon/catkin_ws/src/lane_tracking_pkg/vision/detector.py", line 63, in detect_lane_center
    left_line = _fit_lane(np.vstack(left_points)) if left_points else None
TypeError: _fit_lane() missing 2 required positional arguments: 'y_bottom' and 'y_top'

[rosout][ERROR] 2025-09-20 13:14:55,791: bad callback: <bound method LaneTrackingNode.image_cb of <__main__.LaneTrackingNode object at 0x7f55bef5a1c0>>
Traceback (most recent call last):
  File "/opt/ros/noetic/lib/python3/dist-packages/rospy/topics.py", line 750, in _invoke_callback
    cb(msg)
  File "/home/hyeongseon/catkin_ws/src/lane_tracking_pkg/scripts/lane_tracking_node.py", line 99, in image_cb
    self.handle_frame(frame, msg.header)
  File "/home/hyeongseon/catkin_ws/src/lane_tracking_pkg/scripts/lane_tracking_node.py", line 111, in handle_frame
    lane_center, roi_overlay = detect_lane_center(edges, roi_color, self.debug)
  File "/home/hyeongseon/catkin_ws/src/lane_tracking_pkg/vision/detector.py", line 63, in detect_lane_center
    left_line = _fit_lane(np.vstack(left_points)) if left_points else None
TypeError: _fit_lane() missing 2 required positional arguments: 'y_bottom' and 'y_top'

[rosout][ERROR] 2025-09-20 13:14:55,818: bad callback: <bound method LaneTrackingNode.image_cb of <__main__.LaneTrackingNode object at 0x7f55bef5a1c0>>
Traceback (most recent call last):
  File "/opt/ros/noetic/lib/python3/dist-packages/rospy/topics.py", line 750, in _invoke_callback
    cb(msg)
  File "/home/hyeongseon/catkin_ws/src/lane_tracking_pkg/scripts/lane_tracking_node.py", line 99, in image_cb
    self.handle_frame(frame, msg.header)
  File "/home/hyeongseon/catkin_ws/src/lane_tracking_pkg/scripts/lane_tracking_node.py", line 111, in handle_frame
    lane_center, roi_overlay = detect_lane_center(edges, roi_color, self.debug)
  File "/home/hyeongseon/catkin_ws/src/lane_tracking_pkg/vision/detector.py", line 63, in detect_lane_center
    left_line = _fit_lane(np.vstack(left_points)) if left_points else None
TypeError: _fit_lane() missing 2 required positional arguments: 'y_bottom' and 'y_top'

[rosout][ERROR] 2025-09-20 13:14:55,849: bad callback: <bound method LaneTrackingNode.image_cb of <__main__.LaneTrackingNode object at 0x7f55bef5a1c0>>
Traceback (most recent call last):
  File "/opt/ros/noetic/lib/python3/dist-packages/rospy/topics.py", line 750, in _invoke_callback
    cb(msg)
  File "/home/hyeongseon/catkin_ws/src/lane_tracking_pkg/scripts/lane_tracking_node.py", line 99, in image_cb
    self.handle_frame(frame, msg.header)
  File "/home/hyeongseon/catkin_ws/src/lane_tracking_pkg/scripts/lane_tracking_node.py", line 111, in handle_frame
    lane_center, roi_overlay = detect_lane_center(edges, roi_color, self.debug)
  File "/home/hyeongseon/catkin_ws/src/lane_tracking_pkg/vision/detector.py", line 63, in detect_lane_center
    left_line = _fit_lane(np.vstack(left_points)) if left_points else None
TypeError: _fit_lane() missing 2 required positional arguments: 'y_bottom' and 'y_top'

[rosout][ERROR] 2025-09-20 13:14:55,887: bad callback: <bound method LaneTrackingNode.image_cb of <__main__.LaneTrackingNode object at 0x7f55bef5a1c0>>
Traceback (most recent call last):
  File "/opt/ros/noetic/lib/python3/dist-packages/rospy/topics.py", line 750, in _invoke_callback
    cb(msg)
  File "/home/hyeongseon/catkin_ws/src/lane_tracking_pkg/scripts/lane_tracking_node.py", line 99, in image_cb
    self.handle_frame(frame, msg.header)
  File "/home/hyeongseon/catkin_ws/src/lane_tracking_pkg/scripts/lane_tracking_node.py", line 111, in handle_frame
    lane_center, roi_overlay = detect_lane_center(edges, roi_color, self.debug)
  File "/home/hyeongseon/catkin_ws/src/lane_tracking_pkg/vision/detector.py", line 63, in detect_lane_center
    left_line = _fit_lane(np.vstack(left_points)) if left_points else None
TypeError: _fit_lane() missing 2 required positional arguments: 'y_bottom' and 'y_top'

[rosout][ERROR] 2025-09-20 13:14:55,904: bad callback: <bound method LaneTrackingNode.image_cb of <__main__.LaneTrackingNode object at 0x7f55bef5a1c0>>
Traceback (most recent call last):
  File "/opt/ros/noetic/lib/python3/dist-packages/rospy/topics.py", line 750, in _invoke_callback
    cb(msg)
  File "/home/hyeongseon/catkin_ws/src/lane_tracking_pkg/scripts/lane_tracking_node.py", line 99, in image_cb
    self.handle_frame(frame, msg.header)
  File "/home/hyeongseon/catkin_ws/src/lane_tracking_pkg/scripts/lane_tracking_node.py", line 111, in handle_frame
    lane_center, roi_overlay = detect_lane_center(edges, roi_color, self.debug)
  File "/home/hyeongseon/catkin_ws/src/lane_tracking_pkg/vision/detector.py", line 63, in detect_lane_center
    left_line = _fit_lane(np.vstack(left_points)) if left_points else None
TypeError: _fit_lane() missing 2 required positional arguments: 'y_bottom' and 'y_top'

[rosout][ERROR] 2025-09-20 13:14:55,966: bad callback: <bound method LaneTrackingNode.image_cb of <__main__.LaneTrackingNode object at 0x7f55bef5a1c0>>
Traceback (most recent call last):
  File "/opt/ros/noetic/lib/python3/dist-packages/rospy/topics.py", line 750, in _invoke_callback
    cb(msg)
  File "/home/hyeongseon/catkin_ws/src/lane_tracking_pkg/scripts/lane_tracking_node.py", line 99, in image_cb
    self.handle_frame(frame, msg.header)
  File "/home/hyeongseon/catkin_ws/src/lane_tracking_pkg/scripts/lane_tracking_node.py", line 111, in handle_frame
    lane_center, roi_overlay = detect_lane_center(edges, roi_color, self.debug)
  File "/home/hyeongseon/catkin_ws/src/lane_tracking_pkg/vision/detector.py", line 63, in detect_lane_center
    left_line = _fit_lane(np.vstack(left_points)) if left_points else None
TypeError: _fit_lane() missing 2 required positional arguments: 'y_bottom' and 'y_top'

[rosout][ERROR] 2025-09-20 13:14:55,983: bad callback: <bound method LaneTrackingNode.image_cb of <__main__.LaneTrackingNode object at 0x7f55bef5a1c0>>
Traceback (most recent call last):
  File "/opt/ros/noetic/lib/python3/dist-packages/rospy/topics.py", line 750, in _invoke_callback
    cb(msg)
  File "/home/hyeongseon/catkin_ws/src/lane_tracking_pkg/scripts/lane_tracking_node.py", line 99, in image_cb
    self.handle_frame(frame, msg.header)
  File "/home/hyeongseon/catkin_ws/src/lane_tracking_pkg/scripts/lane_tracking_node.py", line 111, in handle_frame
    lane_center, roi_overlay = detect_lane_center(edges, roi_color, self.debug)
  File "/home/hyeongseon/catkin_ws/src/lane_tracking_pkg/vision/detector.py", line 63, in detect_lane_center
    left_line = _fit_lane(np.vstack(left_points)) if left_points else None
TypeError: _fit_lane() missing 2 required positional arguments: 'y_bottom' and 'y_top'

[rosout][ERROR] 2025-09-20 13:14:56,001: bad callback: <bound method LaneTrackingNode.image_cb of <__main__.LaneTrackingNode object at 0x7f55bef5a1c0>>
Traceback (most recent call last):
  File "/opt/ros/noetic/lib/python3/dist-packages/rospy/topics.py", line 750, in _invoke_callback
    cb(msg)
  File "/home/hyeongseon/catkin_ws/src/lane_tracking_pkg/scripts/lane_tracking_node.py", line 99, in image_cb
    self.handle_frame(frame, msg.header)
  File "/home/hyeongseon/catkin_ws/src/lane_tracking_pkg/scripts/lane_tracking_node.py", line 111, in handle_frame
    lane_center, roi_overlay = detect_lane_center(edges, roi_color, self.debug)
  File "/home/hyeongseon/catkin_ws/src/lane_tracking_pkg/vision/detector.py", line 63, in detect_lane_center
    left_line = _fit_lane(np.vstack(left_points)) if left_points else None
TypeError: _fit_lane() missing 2 required positional arguments: 'y_bottom' and 'y_top'

[rosout][ERROR] 2025-09-20 13:14:56,035: bad callback: <bound method LaneTrackingNode.image_cb of <__main__.LaneTrackingNode object at 0x7f55bef5a1c0>>
Traceback (most recent call last):
  File "/opt/ros/noetic/lib/python3/dist-packages/rospy/topics.py", line 750, in _invoke_callback
    cb(msg)
  File "/home/hyeongseon/catkin_ws/src/lane_tracking_pkg/scripts/lane_tracking_node.py", line 99, in image_cb
    self.handle_frame(frame, msg.header)
  File "/home/hyeongseon/catkin_ws/src/lane_tracking_pkg/scripts/lane_tracking_node.py", line 111, in handle_frame
    lane_center, roi_overlay = detect_lane_center(edges, roi_color, self.debug)
  File "/home/hyeongseon/catkin_ws/src/lane_tracking_pkg/vision/detector.py", line 63, in detect_lane_center
    left_line = _fit_lane(np.vstack(left_points)) if left_points else None
TypeError: _fit_lane() missing 2 required positional arguments: 'y_bottom' and 'y_top'

[rosout][ERROR] 2025-09-20 13:14:56,048: bad callback: <bound method LaneTrackingNode.image_cb of <__main__.LaneTrackingNode object at 0x7f55bef5a1c0>>
Traceback (most recent call last):
  File "/opt/ros/noetic/lib/python3/dist-packages/rospy/topics.py", line 750, in _invoke_callback
    cb(msg)
  File "/home/hyeongseon/catkin_ws/src/lane_tracking_pkg/scripts/lane_tracking_node.py", line 99, in image_cb
    self.handle_frame(frame, msg.header)
  File "/home/hyeongseon/catkin_ws/src/lane_tracking_pkg/scripts/lane_tracking_node.py", line 111, in handle_frame
    lane_center, roi_overlay = detect_lane_center(edges, roi_color, self.debug)
  File "/home/hyeongseon/catkin_ws/src/lane_tracking_pkg/vision/detector.py", line 63, in detect_lane_center
    left_line = _fit_lane(np.vstack(left_points)) if left_points else None
TypeError: _fit_lane() missing 2 required positional arguments: 'y_bottom' and 'y_top'

[rosout][ERROR] 2025-09-20 13:14:56,108: bad callback: <bound method LaneTrackingNode.image_cb of <__main__.LaneTrackingNode object at 0x7f55bef5a1c0>>
Traceback (most recent call last):
  File "/opt/ros/noetic/lib/python3/dist-packages/rospy/topics.py", line 750, in _invoke_callback
    cb(msg)
  File "/home/hyeongseon/catkin_ws/src/lane_tracking_pkg/scripts/lane_tracking_node.py", line 99, in image_cb
    self.handle_frame(frame, msg.header)
  File "/home/hyeongseon/catkin_ws/src/lane_tracking_pkg/scripts/lane_tracking_node.py", line 111, in handle_frame
    lane_center, roi_overlay = detect_lane_center(edges, roi_color, self.debug)
  File "/home/hyeongseon/catkin_ws/src/lane_tracking_pkg/vision/detector.py", line 63, in detect_lane_center
    left_line = _fit_lane(np.vstack(left_points)) if left_points else None
TypeError: _fit_lane() missing 2 required positional arguments: 'y_bottom' and 'y_top'

[rosout][ERROR] 2025-09-20 13:14:56,139: bad callback: <bound method LaneTrackingNode.image_cb of <__main__.LaneTrackingNode object at 0x7f55bef5a1c0>>
Traceback (most recent call last):
  File "/opt/ros/noetic/lib/python3/dist-packages/rospy/topics.py", line 750, in _invoke_callback
    cb(msg)
  File "/home/hyeongseon/catkin_ws/src/lane_tracking_pkg/scripts/lane_tracking_node.py", line 99, in image_cb
    self.handle_frame(frame, msg.header)
  File "/home/hyeongseon/catkin_ws/src/lane_tracking_pkg/scripts/lane_tracking_node.py", line 111, in handle_frame
    lane_center, roi_overlay = detect_lane_center(edges, roi_color, self.debug)
  File "/home/hyeongseon/catkin_ws/src/lane_tracking_pkg/vision/detector.py", line 63, in detect_lane_center
    left_line = _fit_lane(np.vstack(left_points)) if left_points else None
TypeError: _fit_lane() missing 2 required positional arguments: 'y_bottom' and 'y_top'

[rosout][ERROR] 2025-09-20 13:14:56,171: bad callback: <bound method LaneTrackingNode.image_cb of <__main__.LaneTrackingNode object at 0x7f55bef5a1c0>>
Traceback (most recent call last):
  File "/opt/ros/noetic/lib/python3/dist-packages/rospy/topics.py", line 750, in _invoke_callback
    cb(msg)
  File "/home/hyeongseon/catkin_ws/src/lane_tracking_pkg/scripts/lane_tracking_node.py", line 99, in image_cb
    self.handle_frame(frame, msg.header)
  File "/home/hyeongseon/catkin_ws/src/lane_tracking_pkg/scripts/lane_tracking_node.py", line 111, in handle_frame
    lane_center, roi_overlay = detect_lane_center(edges, roi_color, self.debug)
  File "/home/hyeongseon/catkin_ws/src/lane_tracking_pkg/vision/detector.py", line 63, in detect_lane_center
    left_line = _fit_lane(np.vstack(left_points)) if left_points else None
TypeError: _fit_lane() missing 2 required positional arguments: 'y_bottom' and 'y_top'

[rosout][ERROR] 2025-09-20 13:14:56,197: bad callback: <bound method LaneTrackingNode.image_cb of <__main__.LaneTrackingNode object at 0x7f55bef5a1c0>>
Traceback (most recent call last):
  File "/opt/ros/noetic/lib/python3/dist-packages/rospy/topics.py", line 750, in _invoke_callback
    cb(msg)
  File "/home/hyeongseon/catkin_ws/src/lane_tracking_pkg/scripts/lane_tracking_node.py", line 99, in image_cb
    self.handle_frame(frame, msg.header)
  File "/home/hyeongseon/catkin_ws/src/lane_tracking_pkg/scripts/lane_tracking_node.py", line 111, in handle_frame
    lane_center, roi_overlay = detect_lane_center(edges, roi_color, self.debug)
  File "/home/hyeongseon/catkin_ws/src/lane_tracking_pkg/vision/detector.py", line 63, in detect_lane_center
    left_line = _fit_lane(np.vstack(left_points)) if left_points else None
TypeError: _fit_lane() missing 2 required positional arguments: 'y_bottom' and 'y_top'

[rosout][ERROR] 2025-09-20 13:14:56,234: bad callback: <bound method LaneTrackingNode.image_cb of <__main__.LaneTrackingNode object at 0x7f55bef5a1c0>>
Traceback (most recent call last):
  File "/opt/ros/noetic/lib/python3/dist-packages/rospy/topics.py", line 750, in _invoke_callback
    cb(msg)
  File "/home/hyeongseon/catkin_ws/src/lane_tracking_pkg/scripts/lane_tracking_node.py", line 99, in image_cb
    self.handle_frame(frame, msg.header)
  File "/home/hyeongseon/catkin_ws/src/lane_tracking_pkg/scripts/lane_tracking_node.py", line 111, in handle_frame
    lane_center, roi_overlay = detect_lane_center(edges, roi_color, self.debug)
  File "/home/hyeongseon/catkin_ws/src/lane_tracking_pkg/vision/detector.py", line 63, in detect_lane_center
    left_line = _fit_lane(np.vstack(left_points)) if left_points else None
TypeError: _fit_lane() missing 2 required positional arguments: 'y_bottom' and 'y_top'

[rosout][ERROR] 2025-09-20 13:14:56,286: bad callback: <bound method LaneTrackingNode.image_cb of <__main__.LaneTrackingNode object at 0x7f55bef5a1c0>>
Traceback (most recent call last):
  File "/opt/ros/noetic/lib/python3/dist-packages/rospy/topics.py", line 750, in _invoke_callback
    cb(msg)
  File "/home/hyeongseon/catkin_ws/src/lane_tracking_pkg/scripts/lane_tracking_node.py", line 99, in image_cb
    self.handle_frame(frame, msg.header)
  File "/home/hyeongseon/catkin_ws/src/lane_tracking_pkg/scripts/lane_tracking_node.py", line 111, in handle_frame
    lane_center, roi_overlay = detect_lane_center(edges, roi_color, self.debug)
  File "/home/hyeongseon/catkin_ws/src/lane_tracking_pkg/vision/detector.py", line 63, in detect_lane_center
    left_line = _fit_lane(np.vstack(left_points)) if left_points else None
TypeError: _fit_lane() missing 2 required positional arguments: 'y_bottom' and 'y_top'

[rosout][ERROR] 2025-09-20 13:14:56,308: bad callback: <bound method LaneTrackingNode.image_cb of <__main__.LaneTrackingNode object at 0x7f55bef5a1c0>>
Traceback (most recent call last):
  File "/opt/ros/noetic/lib/python3/dist-packages/rospy/topics.py", line 750, in _invoke_callback
    cb(msg)
  File "/home/hyeongseon/catkin_ws/src/lane_tracking_pkg/scripts/lane_tracking_node.py", line 99, in image_cb
    self.handle_frame(frame, msg.header)
  File "/home/hyeongseon/catkin_ws/src/lane_tracking_pkg/scripts/lane_tracking_node.py", line 111, in handle_frame
    lane_center, roi_overlay = detect_lane_center(edges, roi_color, self.debug)
  File "/home/hyeongseon/catkin_ws/src/lane_tracking_pkg/vision/detector.py", line 63, in detect_lane_center
    left_line = _fit_lane(np.vstack(left_points)) if left_points else None
TypeError: _fit_lane() missing 2 required positional arguments: 'y_bottom' and 'y_top'

[rosout][ERROR] 2025-09-20 13:14:56,344: bad callback: <bound method LaneTrackingNode.image_cb of <__main__.LaneTrackingNode object at 0x7f55bef5a1c0>>
Traceback (most recent call last):
  File "/opt/ros/noetic/lib/python3/dist-packages/rospy/topics.py", line 750, in _invoke_callback
    cb(msg)
  File "/home/hyeongseon/catkin_ws/src/lane_tracking_pkg/scripts/lane_tracking_node.py", line 99, in image_cb
    self.handle_frame(frame, msg.header)
  File "/home/hyeongseon/catkin_ws/src/lane_tracking_pkg/scripts/lane_tracking_node.py", line 111, in handle_frame
    lane_center, roi_overlay = detect_lane_center(edges, roi_color, self.debug)
  File "/home/hyeongseon/catkin_ws/src/lane_tracking_pkg/vision/detector.py", line 63, in detect_lane_center
    left_line = _fit_lane(np.vstack(left_points)) if left_points else None
TypeError: _fit_lane() missing 2 required positional arguments: 'y_bottom' and 'y_top'

[rosout][ERROR] 2025-09-20 13:14:56,356: bad callback: <bound method LaneTrackingNode.image_cb of <__main__.LaneTrackingNode object at 0x7f55bef5a1c0>>
Traceback (most recent call last):
  File "/opt/ros/noetic/lib/python3/dist-packages/rospy/topics.py", line 750, in _invoke_callback
    cb(msg)
  File "/home/hyeongseon/catkin_ws/src/lane_tracking_pkg/scripts/lane_tracking_node.py", line 99, in image_cb
    self.handle_frame(frame, msg.header)
  File "/home/hyeongseon/catkin_ws/src/lane_tracking_pkg/scripts/lane_tracking_node.py", line 111, in handle_frame
    lane_center, roi_overlay = detect_lane_center(edges, roi_color, self.debug)
  File "/home/hyeongseon/catkin_ws/src/lane_tracking_pkg/vision/detector.py", line 63, in detect_lane_center
    left_line = _fit_lane(np.vstack(left_points)) if left_points else None
TypeError: _fit_lane() missing 2 required positional arguments: 'y_bottom' and 'y_top'

[rosout][ERROR] 2025-09-20 13:14:56,409: bad callback: <bound method LaneTrackingNode.image_cb of <__main__.LaneTrackingNode object at 0x7f55bef5a1c0>>
Traceback (most recent call last):
  File "/opt/ros/noetic/lib/python3/dist-packages/rospy/topics.py", line 750, in _invoke_callback
    cb(msg)
  File "/home/hyeongseon/catkin_ws/src/lane_tracking_pkg/scripts/lane_tracking_node.py", line 99, in image_cb
    self.handle_frame(frame, msg.header)
  File "/home/hyeongseon/catkin_ws/src/lane_tracking_pkg/scripts/lane_tracking_node.py", line 111, in handle_frame
    lane_center, roi_overlay = detect_lane_center(edges, roi_color, self.debug)
  File "/home/hyeongseon/catkin_ws/src/lane_tracking_pkg/vision/detector.py", line 63, in detect_lane_center
    left_line = _fit_lane(np.vstack(left_points)) if left_points else None
TypeError: _fit_lane() missing 2 required positional arguments: 'y_bottom' and 'y_top'

[rosout][ERROR] 2025-09-20 13:14:56,438: bad callback: <bound method LaneTrackingNode.image_cb of <__main__.LaneTrackingNode object at 0x7f55bef5a1c0>>
Traceback (most recent call last):
  File "/opt/ros/noetic/lib/python3/dist-packages/rospy/topics.py", line 750, in _invoke_callback
    cb(msg)
  File "/home/hyeongseon/catkin_ws/src/lane_tracking_pkg/scripts/lane_tracking_node.py", line 99, in image_cb
    self.handle_frame(frame, msg.header)
  File "/home/hyeongseon/catkin_ws/src/lane_tracking_pkg/scripts/lane_tracking_node.py", line 111, in handle_frame
    lane_center, roi_overlay = detect_lane_center(edges, roi_color, self.debug)
  File "/home/hyeongseon/catkin_ws/src/lane_tracking_pkg/vision/detector.py", line 63, in detect_lane_center
    left_line = _fit_lane(np.vstack(left_points)) if left_points else None
TypeError: _fit_lane() missing 2 required positional arguments: 'y_bottom' and 'y_top'

[rosout][ERROR] 2025-09-20 13:14:56,457: bad callback: <bound method LaneTrackingNode.image_cb of <__main__.LaneTrackingNode object at 0x7f55bef5a1c0>>
Traceback (most recent call last):
  File "/opt/ros/noetic/lib/python3/dist-packages/rospy/topics.py", line 750, in _invoke_callback
    cb(msg)
  File "/home/hyeongseon/catkin_ws/src/lane_tracking_pkg/scripts/lane_tracking_node.py", line 99, in image_cb
    self.handle_frame(frame, msg.header)
  File "/home/hyeongseon/catkin_ws/src/lane_tracking_pkg/scripts/lane_tracking_node.py", line 111, in handle_frame
    lane_center, roi_overlay = detect_lane_center(edges, roi_color, self.debug)
  File "/home/hyeongseon/catkin_ws/src/lane_tracking_pkg/vision/detector.py", line 63, in detect_lane_center
    left_line = _fit_lane(np.vstack(left_points)) if left_points else None
TypeError: _fit_lane() missing 2 required positional arguments: 'y_bottom' and 'y_top'

[rosout][ERROR] 2025-09-20 13:14:56,483: bad callback: <bound method LaneTrackingNode.image_cb of <__main__.LaneTrackingNode object at 0x7f55bef5a1c0>>
Traceback (most recent call last):
  File "/opt/ros/noetic/lib/python3/dist-packages/rospy/topics.py", line 750, in _invoke_callback
    cb(msg)
  File "/home/hyeongseon/catkin_ws/src/lane_tracking_pkg/scripts/lane_tracking_node.py", line 99, in image_cb
    self.handle_frame(frame, msg.header)
  File "/home/hyeongseon/catkin_ws/src/lane_tracking_pkg/scripts/lane_tracking_node.py", line 111, in handle_frame
    lane_center, roi_overlay = detect_lane_center(edges, roi_color, self.debug)
  File "/home/hyeongseon/catkin_ws/src/lane_tracking_pkg/vision/detector.py", line 63, in detect_lane_center
    left_line = _fit_lane(np.vstack(left_points)) if left_points else None
TypeError: _fit_lane() missing 2 required positional arguments: 'y_bottom' and 'y_top'

[rosout][ERROR] 2025-09-20 13:14:56,536: bad callback: <bound method LaneTrackingNode.image_cb of <__main__.LaneTrackingNode object at 0x7f55bef5a1c0>>
Traceback (most recent call last):
  File "/opt/ros/noetic/lib/python3/dist-packages/rospy/topics.py", line 750, in _invoke_callback
    cb(msg)
  File "/home/hyeongseon/catkin_ws/src/lane_tracking_pkg/scripts/lane_tracking_node.py", line 99, in image_cb
    self.handle_frame(frame, msg.header)
  File "/home/hyeongseon/catkin_ws/src/lane_tracking_pkg/scripts/lane_tracking_node.py", line 111, in handle_frame
    lane_center, roi_overlay = detect_lane_center(edges, roi_color, self.debug)
  File "/home/hyeongseon/catkin_ws/src/lane_tracking_pkg/vision/detector.py", line 63, in detect_lane_center
    left_line = _fit_lane(np.vstack(left_points)) if left_points else None
TypeError: _fit_lane() missing 2 required positional arguments: 'y_bottom' and 'y_top'

[rosout][ERROR] 2025-09-20 13:14:56,571: bad callback: <bound method LaneTrackingNode.image_cb of <__main__.LaneTrackingNode object at 0x7f55bef5a1c0>>
Traceback (most recent call last):
  File "/opt/ros/noetic/lib/python3/dist-packages/rospy/topics.py", line 750, in _invoke_callback
    cb(msg)
  File "/home/hyeongseon/catkin_ws/src/lane_tracking_pkg/scripts/lane_tracking_node.py", line 99, in image_cb
    self.handle_frame(frame, msg.header)
  File "/home/hyeongseon/catkin_ws/src/lane_tracking_pkg/scripts/lane_tracking_node.py", line 111, in handle_frame
    lane_center, roi_overlay = detect_lane_center(edges, roi_color, self.debug)
  File "/home/hyeongseon/catkin_ws/src/lane_tracking_pkg/vision/detector.py", line 63, in detect_lane_center
    left_line = _fit_lane(np.vstack(left_points)) if left_points else None
TypeError: _fit_lane() missing 2 required positional arguments: 'y_bottom' and 'y_top'

[rosout][ERROR] 2025-09-20 13:14:56,610: bad callback: <bound method LaneTrackingNode.image_cb of <__main__.LaneTrackingNode object at 0x7f55bef5a1c0>>
Traceback (most recent call last):
  File "/opt/ros/noetic/lib/python3/dist-packages/rospy/topics.py", line 750, in _invoke_callback
    cb(msg)
  File "/home/hyeongseon/catkin_ws/src/lane_tracking_pkg/scripts/lane_tracking_node.py", line 99, in image_cb
    self.handle_frame(frame, msg.header)
  File "/home/hyeongseon/catkin_ws/src/lane_tracking_pkg/scripts/lane_tracking_node.py", line 111, in handle_frame
    lane_center, roi_overlay = detect_lane_center(edges, roi_color, self.debug)
  File "/home/hyeongseon/catkin_ws/src/lane_tracking_pkg/vision/detector.py", line 63, in detect_lane_center
    left_line = _fit_lane(np.vstack(left_points)) if left_points else None
TypeError: _fit_lane() missing 2 required positional arguments: 'y_bottom' and 'y_top'

[rosout][ERROR] 2025-09-20 13:14:56,623: bad callback: <bound method LaneTrackingNode.image_cb of <__main__.LaneTrackingNode object at 0x7f55bef5a1c0>>
Traceback (most recent call last):
  File "/opt/ros/noetic/lib/python3/dist-packages/rospy/topics.py", line 750, in _invoke_callback
    cb(msg)
  File "/home/hyeongseon/catkin_ws/src/lane_tracking_pkg/scripts/lane_tracking_node.py", line 99, in image_cb
    self.handle_frame(frame, msg.header)
  File "/home/hyeongseon/catkin_ws/src/lane_tracking_pkg/scripts/lane_tracking_node.py", line 111, in handle_frame
    lane_center, roi_overlay = detect_lane_center(edges, roi_color, self.debug)
  File "/home/hyeongseon/catkin_ws/src/lane_tracking_pkg/vision/detector.py", line 63, in detect_lane_center
    left_line = _fit_lane(np.vstack(left_points)) if left_points else None
TypeError: _fit_lane() missing 2 required positional arguments: 'y_bottom' and 'y_top'

[rosout][ERROR] 2025-09-20 13:14:56,644: bad callback: <bound method LaneTrackingNode.image_cb of <__main__.LaneTrackingNode object at 0x7f55bef5a1c0>>
Traceback (most recent call last):
  File "/opt/ros/noetic/lib/python3/dist-packages/rospy/topics.py", line 750, in _invoke_callback
    cb(msg)
  File "/home/hyeongseon/catkin_ws/src/lane_tracking_pkg/scripts/lane_tracking_node.py", line 99, in image_cb
    self.handle_frame(frame, msg.header)
  File "/home/hyeongseon/catkin_ws/src/lane_tracking_pkg/scripts/lane_tracking_node.py", line 111, in handle_frame
    lane_center, roi_overlay = detect_lane_center(edges, roi_color, self.debug)
  File "/home/hyeongseon/catkin_ws/src/lane_tracking_pkg/vision/detector.py", line 63, in detect_lane_center
    left_line = _fit_lane(np.vstack(left_points)) if left_points else None
TypeError: _fit_lane() missing 2 required positional arguments: 'y_bottom' and 'y_top'

[rosout][ERROR] 2025-09-20 13:14:56,699: bad callback: <bound method LaneTrackingNode.image_cb of <__main__.LaneTrackingNode object at 0x7f55bef5a1c0>>
Traceback (most recent call last):
  File "/opt/ros/noetic/lib/python3/dist-packages/rospy/topics.py", line 750, in _invoke_callback
    cb(msg)
  File "/home/hyeongseon/catkin_ws/src/lane_tracking_pkg/scripts/lane_tracking_node.py", line 99, in image_cb
    self.handle_frame(frame, msg.header)
  File "/home/hyeongseon/catkin_ws/src/lane_tracking_pkg/scripts/lane_tracking_node.py", line 111, in handle_frame
    lane_center, roi_overlay = detect_lane_center(edges, roi_color, self.debug)
  File "/home/hyeongseon/catkin_ws/src/lane_tracking_pkg/vision/detector.py", line 63, in detect_lane_center
    left_line = _fit_lane(np.vstack(left_points)) if left_points else None
TypeError: _fit_lane() missing 2 required positional arguments: 'y_bottom' and 'y_top'

[rosout][ERROR] 2025-09-20 13:14:56,737: bad callback: <bound method LaneTrackingNode.image_cb of <__main__.LaneTrackingNode object at 0x7f55bef5a1c0>>
Traceback (most recent call last):
  File "/opt/ros/noetic/lib/python3/dist-packages/rospy/topics.py", line 750, in _invoke_callback
    cb(msg)
  File "/home/hyeongseon/catkin_ws/src/lane_tracking_pkg/scripts/lane_tracking_node.py", line 99, in image_cb
    self.handle_frame(frame, msg.header)
  File "/home/hyeongseon/catkin_ws/src/lane_tracking_pkg/scripts/lane_tracking_node.py", line 111, in handle_frame
    lane_center, roi_overlay = detect_lane_center(edges, roi_color, self.debug)
  File "/home/hyeongseon/catkin_ws/src/lane_tracking_pkg/vision/detector.py", line 63, in detect_lane_center
    left_line = _fit_lane(np.vstack(left_points)) if left_points else None
TypeError: _fit_lane() missing 2 required positional arguments: 'y_bottom' and 'y_top'

[rosout][ERROR] 2025-09-20 13:14:56,757: bad callback: <bound method LaneTrackingNode.image_cb of <__main__.LaneTrackingNode object at 0x7f55bef5a1c0>>
Traceback (most recent call last):
  File "/opt/ros/noetic/lib/python3/dist-packages/rospy/topics.py", line 750, in _invoke_callback
    cb(msg)
  File "/home/hyeongseon/catkin_ws/src/lane_tracking_pkg/scripts/lane_tracking_node.py", line 99, in image_cb
    self.handle_frame(frame, msg.header)
  File "/home/hyeongseon/catkin_ws/src/lane_tracking_pkg/scripts/lane_tracking_node.py", line 111, in handle_frame
    lane_center, roi_overlay = detect_lane_center(edges, roi_color, self.debug)
  File "/home/hyeongseon/catkin_ws/src/lane_tracking_pkg/vision/detector.py", line 63, in detect_lane_center
    left_line = _fit_lane(np.vstack(left_points)) if left_points else None
TypeError: _fit_lane() missing 2 required positional arguments: 'y_bottom' and 'y_top'

[rosout][ERROR] 2025-09-20 13:14:56,778: bad callback: <bound method LaneTrackingNode.image_cb of <__main__.LaneTrackingNode object at 0x7f55bef5a1c0>>
Traceback (most recent call last):
  File "/opt/ros/noetic/lib/python3/dist-packages/rospy/topics.py", line 750, in _invoke_callback
    cb(msg)
  File "/home/hyeongseon/catkin_ws/src/lane_tracking_pkg/scripts/lane_tracking_node.py", line 99, in image_cb
    self.handle_frame(frame, msg.header)
  File "/home/hyeongseon/catkin_ws/src/lane_tracking_pkg/scripts/lane_tracking_node.py", line 111, in handle_frame
    lane_center, roi_overlay = detect_lane_center(edges, roi_color, self.debug)
  File "/home/hyeongseon/catkin_ws/src/lane_tracking_pkg/vision/detector.py", line 63, in detect_lane_center
    left_line = _fit_lane(np.vstack(left_points)) if left_points else None
TypeError: _fit_lane() missing 2 required positional arguments: 'y_bottom' and 'y_top'

[rosout][ERROR] 2025-09-20 13:14:56,831: bad callback: <bound method LaneTrackingNode.image_cb of <__main__.LaneTrackingNode object at 0x7f55bef5a1c0>>
Traceback (most recent call last):
  File "/opt/ros/noetic/lib/python3/dist-packages/rospy/topics.py", line 750, in _invoke_callback
    cb(msg)
  File "/home/hyeongseon/catkin_ws/src/lane_tracking_pkg/scripts/lane_tracking_node.py", line 99, in image_cb
    self.handle_frame(frame, msg.header)
  File "/home/hyeongseon/catkin_ws/src/lane_tracking_pkg/scripts/lane_tracking_node.py", line 111, in handle_frame
    lane_center, roi_overlay = detect_lane_center(edges, roi_color, self.debug)
  File "/home/hyeongseon/catkin_ws/src/lane_tracking_pkg/vision/detector.py", line 63, in detect_lane_center
    left_line = _fit_lane(np.vstack(left_points)) if left_points else None
TypeError: _fit_lane() missing 2 required positional arguments: 'y_bottom' and 'y_top'

[rosout][ERROR] 2025-09-20 13:14:56,878: bad callback: <bound method LaneTrackingNode.image_cb of <__main__.LaneTrackingNode object at 0x7f55bef5a1c0>>
Traceback (most recent call last):
  File "/opt/ros/noetic/lib/python3/dist-packages/rospy/topics.py", line 750, in _invoke_callback
    cb(msg)
  File "/home/hyeongseon/catkin_ws/src/lane_tracking_pkg/scripts/lane_tracking_node.py", line 99, in image_cb
    self.handle_frame(frame, msg.header)
  File "/home/hyeongseon/catkin_ws/src/lane_tracking_pkg/scripts/lane_tracking_node.py", line 111, in handle_frame
    lane_center, roi_overlay = detect_lane_center(edges, roi_color, self.debug)
  File "/home/hyeongseon/catkin_ws/src/lane_tracking_pkg/vision/detector.py", line 63, in detect_lane_center
    left_line = _fit_lane(np.vstack(left_points)) if left_points else None
TypeError: _fit_lane() missing 2 required positional arguments: 'y_bottom' and 'y_top'

[rosout][ERROR] 2025-09-20 13:14:56,908: bad callback: <bound method LaneTrackingNode.image_cb of <__main__.LaneTrackingNode object at 0x7f55bef5a1c0>>
Traceback (most recent call last):
  File "/opt/ros/noetic/lib/python3/dist-packages/rospy/topics.py", line 750, in _invoke_callback
    cb(msg)
  File "/home/hyeongseon/catkin_ws/src/lane_tracking_pkg/scripts/lane_tracking_node.py", line 99, in image_cb
    self.handle_frame(frame, msg.header)
  File "/home/hyeongseon/catkin_ws/src/lane_tracking_pkg/scripts/lane_tracking_node.py", line 111, in handle_frame
    lane_center, roi_overlay = detect_lane_center(edges, roi_color, self.debug)
  File "/home/hyeongseon/catkin_ws/src/lane_tracking_pkg/vision/detector.py", line 63, in detect_lane_center
    left_line = _fit_lane(np.vstack(left_points)) if left_points else None
TypeError: _fit_lane() missing 2 required positional arguments: 'y_bottom' and 'y_top'

[rosout][ERROR] 2025-09-20 13:14:56,931: bad callback: <bound method LaneTrackingNode.image_cb of <__main__.LaneTrackingNode object at 0x7f55bef5a1c0>>
Traceback (most recent call last):
  File "/opt/ros/noetic/lib/python3/dist-packages/rospy/topics.py", line 750, in _invoke_callback
    cb(msg)
  File "/home/hyeongseon/catkin_ws/src/lane_tracking_pkg/scripts/lane_tracking_node.py", line 99, in image_cb
    self.handle_frame(frame, msg.header)
  File "/home/hyeongseon/catkin_ws/src/lane_tracking_pkg/scripts/lane_tracking_node.py", line 111, in handle_frame
    lane_center, roi_overlay = detect_lane_center(edges, roi_color, self.debug)
  File "/home/hyeongseon/catkin_ws/src/lane_tracking_pkg/vision/detector.py", line 63, in detect_lane_center
    left_line = _fit_lane(np.vstack(left_points)) if left_points else None
TypeError: _fit_lane() missing 2 required positional arguments: 'y_bottom' and 'y_top'

[rosout][ERROR] 2025-09-20 13:14:56,966: bad callback: <bound method LaneTrackingNode.image_cb of <__main__.LaneTrackingNode object at 0x7f55bef5a1c0>>
Traceback (most recent call last):
  File "/opt/ros/noetic/lib/python3/dist-packages/rospy/topics.py", line 750, in _invoke_callback
    cb(msg)
  File "/home/hyeongseon/catkin_ws/src/lane_tracking_pkg/scripts/lane_tracking_node.py", line 99, in image_cb
    self.handle_frame(frame, msg.header)
  File "/home/hyeongseon/catkin_ws/src/lane_tracking_pkg/scripts/lane_tracking_node.py", line 111, in handle_frame
    lane_center, roi_overlay = detect_lane_center(edges, roi_color, self.debug)
  File "/home/hyeongseon/catkin_ws/src/lane_tracking_pkg/vision/detector.py", line 63, in detect_lane_center
    left_line = _fit_lane(np.vstack(left_points)) if left_points else None
TypeError: _fit_lane() missing 2 required positional arguments: 'y_bottom' and 'y_top'

[rosout][ERROR] 2025-09-20 13:14:57,010: bad callback: <bound method LaneTrackingNode.image_cb of <__main__.LaneTrackingNode object at 0x7f55bef5a1c0>>
Traceback (most recent call last):
  File "/opt/ros/noetic/lib/python3/dist-packages/rospy/topics.py", line 750, in _invoke_callback
    cb(msg)
  File "/home/hyeongseon/catkin_ws/src/lane_tracking_pkg/scripts/lane_tracking_node.py", line 99, in image_cb
    self.handle_frame(frame, msg.header)
  File "/home/hyeongseon/catkin_ws/src/lane_tracking_pkg/scripts/lane_tracking_node.py", line 111, in handle_frame
    lane_center, roi_overlay = detect_lane_center(edges, roi_color, self.debug)
  File "/home/hyeongseon/catkin_ws/src/lane_tracking_pkg/vision/detector.py", line 63, in detect_lane_center
    left_line = _fit_lane(np.vstack(left_points)) if left_points else None
TypeError: _fit_lane() missing 2 required positional arguments: 'y_bottom' and 'y_top'

[rosout][ERROR] 2025-09-20 13:14:57,036: bad callback: <bound method LaneTrackingNode.image_cb of <__main__.LaneTrackingNode object at 0x7f55bef5a1c0>>
Traceback (most recent call last):
  File "/opt/ros/noetic/lib/python3/dist-packages/rospy/topics.py", line 750, in _invoke_callback
    cb(msg)
  File "/home/hyeongseon/catkin_ws/src/lane_tracking_pkg/scripts/lane_tracking_node.py", line 99, in image_cb
    self.handle_frame(frame, msg.header)
  File "/home/hyeongseon/catkin_ws/src/lane_tracking_pkg/scripts/lane_tracking_node.py", line 111, in handle_frame
    lane_center, roi_overlay = detect_lane_center(edges, roi_color, self.debug)
  File "/home/hyeongseon/catkin_ws/src/lane_tracking_pkg/vision/detector.py", line 63, in detect_lane_center
    left_line = _fit_lane(np.vstack(left_points)) if left_points else None
TypeError: _fit_lane() missing 2 required positional arguments: 'y_bottom' and 'y_top'

[rosout][ERROR] 2025-09-20 13:14:57,053: bad callback: <bound method LaneTrackingNode.image_cb of <__main__.LaneTrackingNode object at 0x7f55bef5a1c0>>
Traceback (most recent call last):
  File "/opt/ros/noetic/lib/python3/dist-packages/rospy/topics.py", line 750, in _invoke_callback
    cb(msg)
  File "/home/hyeongseon/catkin_ws/src/lane_tracking_pkg/scripts/lane_tracking_node.py", line 99, in image_cb
    self.handle_frame(frame, msg.header)
  File "/home/hyeongseon/catkin_ws/src/lane_tracking_pkg/scripts/lane_tracking_node.py", line 111, in handle_frame
    lane_center, roi_overlay = detect_lane_center(edges, roi_color, self.debug)
  File "/home/hyeongseon/catkin_ws/src/lane_tracking_pkg/vision/detector.py", line 63, in detect_lane_center
    left_line = _fit_lane(np.vstack(left_points)) if left_points else None
TypeError: _fit_lane() missing 2 required positional arguments: 'y_bottom' and 'y_top'

[rosout][ERROR] 2025-09-20 13:14:57,099: bad callback: <bound method LaneTrackingNode.image_cb of <__main__.LaneTrackingNode object at 0x7f55bef5a1c0>>
Traceback (most recent call last):
  File "/opt/ros/noetic/lib/python3/dist-packages/rospy/topics.py", line 750, in _invoke_callback
    cb(msg)
  File "/home/hyeongseon/catkin_ws/src/lane_tracking_pkg/scripts/lane_tracking_node.py", line 99, in image_cb
    self.handle_frame(frame, msg.header)
  File "/home/hyeongseon/catkin_ws/src/lane_tracking_pkg/scripts/lane_tracking_node.py", line 111, in handle_frame
    lane_center, roi_overlay = detect_lane_center(edges, roi_color, self.debug)
  File "/home/hyeongseon/catkin_ws/src/lane_tracking_pkg/vision/detector.py", line 63, in detect_lane_center
    left_line = _fit_lane(np.vstack(left_points)) if left_points else None
TypeError: _fit_lane() missing 2 required positional arguments: 'y_bottom' and 'y_top'

[rosout][ERROR] 2025-09-20 13:14:57,140: bad callback: <bound method LaneTrackingNode.image_cb of <__main__.LaneTrackingNode object at 0x7f55bef5a1c0>>
Traceback (most recent call last):
  File "/opt/ros/noetic/lib/python3/dist-packages/rospy/topics.py", line 750, in _invoke_callback
    cb(msg)
  File "/home/hyeongseon/catkin_ws/src/lane_tracking_pkg/scripts/lane_tracking_node.py", line 99, in image_cb
    self.handle_frame(frame, msg.header)
  File "/home/hyeongseon/catkin_ws/src/lane_tracking_pkg/scripts/lane_tracking_node.py", line 111, in handle_frame
    lane_center, roi_overlay = detect_lane_center(edges, roi_color, self.debug)
  File "/home/hyeongseon/catkin_ws/src/lane_tracking_pkg/vision/detector.py", line 63, in detect_lane_center
    left_line = _fit_lane(np.vstack(left_points)) if left_points else None
TypeError: _fit_lane() missing 2 required positional arguments: 'y_bottom' and 'y_top'

[rosout][ERROR] 2025-09-20 13:14:57,157: bad callback: <bound method LaneTrackingNode.image_cb of <__main__.LaneTrackingNode object at 0x7f55bef5a1c0>>
Traceback (most recent call last):
  File "/opt/ros/noetic/lib/python3/dist-packages/rospy/topics.py", line 750, in _invoke_callback
    cb(msg)
  File "/home/hyeongseon/catkin_ws/src/lane_tracking_pkg/scripts/lane_tracking_node.py", line 99, in image_cb
    self.handle_frame(frame, msg.header)
  File "/home/hyeongseon/catkin_ws/src/lane_tracking_pkg/scripts/lane_tracking_node.py", line 111, in handle_frame
    lane_center, roi_overlay = detect_lane_center(edges, roi_color, self.debug)
  File "/home/hyeongseon/catkin_ws/src/lane_tracking_pkg/vision/detector.py", line 63, in detect_lane_center
    left_line = _fit_lane(np.vstack(left_points)) if left_points else None
TypeError: _fit_lane() missing 2 required positional arguments: 'y_bottom' and 'y_top'

[rosout][ERROR] 2025-09-20 13:14:57,183: bad callback: <bound method LaneTrackingNode.image_cb of <__main__.LaneTrackingNode object at 0x7f55bef5a1c0>>
Traceback (most recent call last):
  File "/opt/ros/noetic/lib/python3/dist-packages/rospy/topics.py", line 750, in _invoke_callback
    cb(msg)
  File "/home/hyeongseon/catkin_ws/src/lane_tracking_pkg/scripts/lane_tracking_node.py", line 99, in image_cb
    self.handle_frame(frame, msg.header)
  File "/home/hyeongseon/catkin_ws/src/lane_tracking_pkg/scripts/lane_tracking_node.py", line 111, in handle_frame
    lane_center, roi_overlay = detect_lane_center(edges, roi_color, self.debug)
  File "/home/hyeongseon/catkin_ws/src/lane_tracking_pkg/vision/detector.py", line 63, in detect_lane_center
    left_line = _fit_lane(np.vstack(left_points)) if left_points else None
TypeError: _fit_lane() missing 2 required positional arguments: 'y_bottom' and 'y_top'

[rosout][ERROR] 2025-09-20 13:14:57,259: bad callback: <bound method LaneTrackingNode.image_cb of <__main__.LaneTrackingNode object at 0x7f55bef5a1c0>>
Traceback (most recent call last):
  File "/opt/ros/noetic/lib/python3/dist-packages/rospy/topics.py", line 750, in _invoke_callback
    cb(msg)
  File "/home/hyeongseon/catkin_ws/src/lane_tracking_pkg/scripts/lane_tracking_node.py", line 99, in image_cb
    self.handle_frame(frame, msg.header)
  File "/home/hyeongseon/catkin_ws/src/lane_tracking_pkg/scripts/lane_tracking_node.py", line 111, in handle_frame
    lane_center, roi_overlay = detect_lane_center(edges, roi_color, self.debug)
  File "/home/hyeongseon/catkin_ws/src/lane_tracking_pkg/vision/detector.py", line 63, in detect_lane_center
    left_line = _fit_lane(np.vstack(left_points)) if left_points else None
TypeError: _fit_lane() missing 2 required positional arguments: 'y_bottom' and 'y_top'

[rosout][ERROR] 2025-09-20 13:14:57,281: bad callback: <bound method LaneTrackingNode.image_cb of <__main__.LaneTrackingNode object at 0x7f55bef5a1c0>>
Traceback (most recent call last):
  File "/opt/ros/noetic/lib/python3/dist-packages/rospy/topics.py", line 750, in _invoke_callback
    cb(msg)
  File "/home/hyeongseon/catkin_ws/src/lane_tracking_pkg/scripts/lane_tracking_node.py", line 99, in image_cb
    self.handle_frame(frame, msg.header)
  File "/home/hyeongseon/catkin_ws/src/lane_tracking_pkg/scripts/lane_tracking_node.py", line 111, in handle_frame
    lane_center, roi_overlay = detect_lane_center(edges, roi_color, self.debug)
  File "/home/hyeongseon/catkin_ws/src/lane_tracking_pkg/vision/detector.py", line 63, in detect_lane_center
    left_line = _fit_lane(np.vstack(left_points)) if left_points else None
TypeError: _fit_lane() missing 2 required positional arguments: 'y_bottom' and 'y_top'

[rosout][ERROR] 2025-09-20 13:14:57,317: bad callback: <bound method LaneTrackingNode.image_cb of <__main__.LaneTrackingNode object at 0x7f55bef5a1c0>>
Traceback (most recent call last):
  File "/opt/ros/noetic/lib/python3/dist-packages/rospy/topics.py", line 750, in _invoke_callback
    cb(msg)
  File "/home/hyeongseon/catkin_ws/src/lane_tracking_pkg/scripts/lane_tracking_node.py", line 99, in image_cb
    self.handle_frame(frame, msg.header)
  File "/home/hyeongseon/catkin_ws/src/lane_tracking_pkg/scripts/lane_tracking_node.py", line 111, in handle_frame
    lane_center, roi_overlay = detect_lane_center(edges, roi_color, self.debug)
  File "/home/hyeongseon/catkin_ws/src/lane_tracking_pkg/vision/detector.py", line 63, in detect_lane_center
    left_line = _fit_lane(np.vstack(left_points)) if left_points else None
TypeError: _fit_lane() missing 2 required positional arguments: 'y_bottom' and 'y_top'

[rosout][ERROR] 2025-09-20 13:14:57,347: bad callback: <bound method LaneTrackingNode.image_cb of <__main__.LaneTrackingNode object at 0x7f55bef5a1c0>>
Traceback (most recent call last):
  File "/opt/ros/noetic/lib/python3/dist-packages/rospy/topics.py", line 750, in _invoke_callback
    cb(msg)
  File "/home/hyeongseon/catkin_ws/src/lane_tracking_pkg/scripts/lane_tracking_node.py", line 99, in image_cb
    self.handle_frame(frame, msg.header)
  File "/home/hyeongseon/catkin_ws/src/lane_tracking_pkg/scripts/lane_tracking_node.py", line 111, in handle_frame
    lane_center, roi_overlay = detect_lane_center(edges, roi_color, self.debug)
  File "/home/hyeongseon/catkin_ws/src/lane_tracking_pkg/vision/detector.py", line 63, in detect_lane_center
    left_line = _fit_lane(np.vstack(left_points)) if left_points else None
TypeError: _fit_lane() missing 2 required positional arguments: 'y_bottom' and 'y_top'

[rosout][ERROR] 2025-09-20 13:14:57,370: bad callback: <bound method LaneTrackingNode.image_cb of <__main__.LaneTrackingNode object at 0x7f55bef5a1c0>>
Traceback (most recent call last):
  File "/opt/ros/noetic/lib/python3/dist-packages/rospy/topics.py", line 750, in _invoke_callback
    cb(msg)
  File "/home/hyeongseon/catkin_ws/src/lane_tracking_pkg/scripts/lane_tracking_node.py", line 99, in image_cb
    self.handle_frame(frame, msg.header)
  File "/home/hyeongseon/catkin_ws/src/lane_tracking_pkg/scripts/lane_tracking_node.py", line 111, in handle_frame
    lane_center, roi_overlay = detect_lane_center(edges, roi_color, self.debug)
  File "/home/hyeongseon/catkin_ws/src/lane_tracking_pkg/vision/detector.py", line 63, in detect_lane_center
    left_line = _fit_lane(np.vstack(left_points)) if left_points else None
TypeError: _fit_lane() missing 2 required positional arguments: 'y_bottom' and 'y_top'

[rosout][ERROR] 2025-09-20 13:14:57,453: bad callback: <bound method LaneTrackingNode.image_cb of <__main__.LaneTrackingNode object at 0x7f55bef5a1c0>>
Traceback (most recent call last):
  File "/opt/ros/noetic/lib/python3/dist-packages/rospy/topics.py", line 750, in _invoke_callback
    cb(msg)
  File "/home/hyeongseon/catkin_ws/src/lane_tracking_pkg/scripts/lane_tracking_node.py", line 99, in image_cb
    self.handle_frame(frame, msg.header)
  File "/home/hyeongseon/catkin_ws/src/lane_tracking_pkg/scripts/lane_tracking_node.py", line 111, in handle_frame
    lane_center, roi_overlay = detect_lane_center(edges, roi_color, self.debug)
  File "/home/hyeongseon/catkin_ws/src/lane_tracking_pkg/vision/detector.py", line 63, in detect_lane_center
    left_line = _fit_lane(np.vstack(left_points)) if left_points else None
TypeError: _fit_lane() missing 2 required positional arguments: 'y_bottom' and 'y_top'

[rosout][ERROR] 2025-09-20 13:14:57,472: bad callback: <bound method LaneTrackingNode.image_cb of <__main__.LaneTrackingNode object at 0x7f55bef5a1c0>>
Traceback (most recent call last):
  File "/opt/ros/noetic/lib/python3/dist-packages/rospy/topics.py", line 750, in _invoke_callback
    cb(msg)
  File "/home/hyeongseon/catkin_ws/src/lane_tracking_pkg/scripts/lane_tracking_node.py", line 99, in image_cb
    self.handle_frame(frame, msg.header)
  File "/home/hyeongseon/catkin_ws/src/lane_tracking_pkg/scripts/lane_tracking_node.py", line 111, in handle_frame
    lane_center, roi_overlay = detect_lane_center(edges, roi_color, self.debug)
  File "/home/hyeongseon/catkin_ws/src/lane_tracking_pkg/vision/detector.py", line 63, in detect_lane_center
    left_line = _fit_lane(np.vstack(left_points)) if left_points else None
TypeError: _fit_lane() missing 2 required positional arguments: 'y_bottom' and 'y_top'

[rosout][ERROR] 2025-09-20 13:14:57,500: bad callback: <bound method LaneTrackingNode.image_cb of <__main__.LaneTrackingNode object at 0x7f55bef5a1c0>>
Traceback (most recent call last):
  File "/opt/ros/noetic/lib/python3/dist-packages/rospy/topics.py", line 750, in _invoke_callback
    cb(msg)
  File "/home/hyeongseon/catkin_ws/src/lane_tracking_pkg/scripts/lane_tracking_node.py", line 99, in image_cb
    self.handle_frame(frame, msg.header)
  File "/home/hyeongseon/catkin_ws/src/lane_tracking_pkg/scripts/lane_tracking_node.py", line 111, in handle_frame
    lane_center, roi_overlay = detect_lane_center(edges, roi_color, self.debug)
  File "/home/hyeongseon/catkin_ws/src/lane_tracking_pkg/vision/detector.py", line 63, in detect_lane_center
    left_line = _fit_lane(np.vstack(left_points)) if left_points else None
TypeError: _fit_lane() missing 2 required positional arguments: 'y_bottom' and 'y_top'

[rosout][ERROR] 2025-09-20 13:14:57,555: bad callback: <bound method LaneTrackingNode.image_cb of <__main__.LaneTrackingNode object at 0x7f55bef5a1c0>>
Traceback (most recent call last):
  File "/opt/ros/noetic/lib/python3/dist-packages/rospy/topics.py", line 750, in _invoke_callback
    cb(msg)
  File "/home/hyeongseon/catkin_ws/src/lane_tracking_pkg/scripts/lane_tracking_node.py", line 99, in image_cb
    self.handle_frame(frame, msg.header)
  File "/home/hyeongseon/catkin_ws/src/lane_tracking_pkg/scripts/lane_tracking_node.py", line 111, in handle_frame
    lane_center, roi_overlay = detect_lane_center(edges, roi_color, self.debug)
  File "/home/hyeongseon/catkin_ws/src/lane_tracking_pkg/vision/detector.py", line 63, in detect_lane_center
    left_line = _fit_lane(np.vstack(left_points)) if left_points else None
TypeError: _fit_lane() missing 2 required positional arguments: 'y_bottom' and 'y_top'

[rosout][ERROR] 2025-09-20 13:14:57,581: bad callback: <bound method LaneTrackingNode.image_cb of <__main__.LaneTrackingNode object at 0x7f55bef5a1c0>>
Traceback (most recent call last):
  File "/opt/ros/noetic/lib/python3/dist-packages/rospy/topics.py", line 750, in _invoke_callback
    cb(msg)
  File "/home/hyeongseon/catkin_ws/src/lane_tracking_pkg/scripts/lane_tracking_node.py", line 99, in image_cb
    self.handle_frame(frame, msg.header)
  File "/home/hyeongseon/catkin_ws/src/lane_tracking_pkg/scripts/lane_tracking_node.py", line 111, in handle_frame
    lane_center, roi_overlay = detect_lane_center(edges, roi_color, self.debug)
  File "/home/hyeongseon/catkin_ws/src/lane_tracking_pkg/vision/detector.py", line 63, in detect_lane_center
    left_line = _fit_lane(np.vstack(left_points)) if left_points else None
TypeError: _fit_lane() missing 2 required positional arguments: 'y_bottom' and 'y_top'

[rosout][ERROR] 2025-09-20 13:14:57,615: bad callback: <bound method LaneTrackingNode.image_cb of <__main__.LaneTrackingNode object at 0x7f55bef5a1c0>>
Traceback (most recent call last):
  File "/opt/ros/noetic/lib/python3/dist-packages/rospy/topics.py", line 750, in _invoke_callback
    cb(msg)
  File "/home/hyeongseon/catkin_ws/src/lane_tracking_pkg/scripts/lane_tracking_node.py", line 99, in image_cb
    self.handle_frame(frame, msg.header)
  File "/home/hyeongseon/catkin_ws/src/lane_tracking_pkg/scripts/lane_tracking_node.py", line 111, in handle_frame
    lane_center, roi_overlay = detect_lane_center(edges, roi_color, self.debug)
  File "/home/hyeongseon/catkin_ws/src/lane_tracking_pkg/vision/detector.py", line 63, in detect_lane_center
    left_line = _fit_lane(np.vstack(left_points)) if left_points else None
TypeError: _fit_lane() missing 2 required positional arguments: 'y_bottom' and 'y_top'

[rosout][ERROR] 2025-09-20 13:14:57,673: bad callback: <bound method LaneTrackingNode.image_cb of <__main__.LaneTrackingNode object at 0x7f55bef5a1c0>>
Traceback (most recent call last):
  File "/opt/ros/noetic/lib/python3/dist-packages/rospy/topics.py", line 750, in _invoke_callback
    cb(msg)
  File "/home/hyeongseon/catkin_ws/src/lane_tracking_pkg/scripts/lane_tracking_node.py", line 99, in image_cb
    self.handle_frame(frame, msg.header)
  File "/home/hyeongseon/catkin_ws/src/lane_tracking_pkg/scripts/lane_tracking_node.py", line 111, in handle_frame
    lane_center, roi_overlay = detect_lane_center(edges, roi_color, self.debug)
  File "/home/hyeongseon/catkin_ws/src/lane_tracking_pkg/vision/detector.py", line 63, in detect_lane_center
    left_line = _fit_lane(np.vstack(left_points)) if left_points else None
TypeError: _fit_lane() missing 2 required positional arguments: 'y_bottom' and 'y_top'

[rosout][ERROR] 2025-09-20 13:14:57,720: bad callback: <bound method LaneTrackingNode.image_cb of <__main__.LaneTrackingNode object at 0x7f55bef5a1c0>>
Traceback (most recent call last):
  File "/opt/ros/noetic/lib/python3/dist-packages/rospy/topics.py", line 750, in _invoke_callback
    cb(msg)
  File "/home/hyeongseon/catkin_ws/src/lane_tracking_pkg/scripts/lane_tracking_node.py", line 99, in image_cb
    self.handle_frame(frame, msg.header)
  File "/home/hyeongseon/catkin_ws/src/lane_tracking_pkg/scripts/lane_tracking_node.py", line 111, in handle_frame
    lane_center, roi_overlay = detect_lane_center(edges, roi_color, self.debug)
  File "/home/hyeongseon/catkin_ws/src/lane_tracking_pkg/vision/detector.py", line 63, in detect_lane_center
    left_line = _fit_lane(np.vstack(left_points)) if left_points else None
TypeError: _fit_lane() missing 2 required positional arguments: 'y_bottom' and 'y_top'

[rosout][ERROR] 2025-09-20 13:14:57,738: bad callback: <bound method LaneTrackingNode.image_cb of <__main__.LaneTrackingNode object at 0x7f55bef5a1c0>>
Traceback (most recent call last):
  File "/opt/ros/noetic/lib/python3/dist-packages/rospy/topics.py", line 750, in _invoke_callback
    cb(msg)
  File "/home/hyeongseon/catkin_ws/src/lane_tracking_pkg/scripts/lane_tracking_node.py", line 99, in image_cb
    self.handle_frame(frame, msg.header)
  File "/home/hyeongseon/catkin_ws/src/lane_tracking_pkg/scripts/lane_tracking_node.py", line 111, in handle_frame
    lane_center, roi_overlay = detect_lane_center(edges, roi_color, self.debug)
  File "/home/hyeongseon/catkin_ws/src/lane_tracking_pkg/vision/detector.py", line 63, in detect_lane_center
    left_line = _fit_lane(np.vstack(left_points)) if left_points else None
TypeError: _fit_lane() missing 2 required positional arguments: 'y_bottom' and 'y_top'

[rosout][ERROR] 2025-09-20 13:14:57,781: bad callback: <bound method LaneTrackingNode.image_cb of <__main__.LaneTrackingNode object at 0x7f55bef5a1c0>>
Traceback (most recent call last):
  File "/opt/ros/noetic/lib/python3/dist-packages/rospy/topics.py", line 750, in _invoke_callback
    cb(msg)
  File "/home/hyeongseon/catkin_ws/src/lane_tracking_pkg/scripts/lane_tracking_node.py", line 99, in image_cb
    self.handle_frame(frame, msg.header)
  File "/home/hyeongseon/catkin_ws/src/lane_tracking_pkg/scripts/lane_tracking_node.py", line 111, in handle_frame
    lane_center, roi_overlay = detect_lane_center(edges, roi_color, self.debug)
  File "/home/hyeongseon/catkin_ws/src/lane_tracking_pkg/vision/detector.py", line 63, in detect_lane_center
    left_line = _fit_lane(np.vstack(left_points)) if left_points else None
TypeError: _fit_lane() missing 2 required positional arguments: 'y_bottom' and 'y_top'

[rosout][ERROR] 2025-09-20 13:14:57,804: bad callback: <bound method LaneTrackingNode.image_cb of <__main__.LaneTrackingNode object at 0x7f55bef5a1c0>>
Traceback (most recent call last):
  File "/opt/ros/noetic/lib/python3/dist-packages/rospy/topics.py", line 750, in _invoke_callback
    cb(msg)
  File "/home/hyeongseon/catkin_ws/src/lane_tracking_pkg/scripts/lane_tracking_node.py", line 99, in image_cb
    self.handle_frame(frame, msg.header)
  File "/home/hyeongseon/catkin_ws/src/lane_tracking_pkg/scripts/lane_tracking_node.py", line 111, in handle_frame
    lane_center, roi_overlay = detect_lane_center(edges, roi_color, self.debug)
  File "/home/hyeongseon/catkin_ws/src/lane_tracking_pkg/vision/detector.py", line 63, in detect_lane_center
    left_line = _fit_lane(np.vstack(left_points)) if left_points else None
TypeError: _fit_lane() missing 2 required positional arguments: 'y_bottom' and 'y_top'

[rosout][ERROR] 2025-09-20 13:14:57,857: bad callback: <bound method LaneTrackingNode.image_cb of <__main__.LaneTrackingNode object at 0x7f55bef5a1c0>>
Traceback (most recent call last):
  File "/opt/ros/noetic/lib/python3/dist-packages/rospy/topics.py", line 750, in _invoke_callback
    cb(msg)
  File "/home/hyeongseon/catkin_ws/src/lane_tracking_pkg/scripts/lane_tracking_node.py", line 99, in image_cb
    self.handle_frame(frame, msg.header)
  File "/home/hyeongseon/catkin_ws/src/lane_tracking_pkg/scripts/lane_tracking_node.py", line 111, in handle_frame
    lane_center, roi_overlay = detect_lane_center(edges, roi_color, self.debug)
  File "/home/hyeongseon/catkin_ws/src/lane_tracking_pkg/vision/detector.py", line 63, in detect_lane_center
    left_line = _fit_lane(np.vstack(left_points)) if left_points else None
TypeError: _fit_lane() missing 2 required positional arguments: 'y_bottom' and 'y_top'

[rosout][ERROR] 2025-09-20 13:14:57,891: bad callback: <bound method LaneTrackingNode.image_cb of <__main__.LaneTrackingNode object at 0x7f55bef5a1c0>>
Traceback (most recent call last):
  File "/opt/ros/noetic/lib/python3/dist-packages/rospy/topics.py", line 750, in _invoke_callback
    cb(msg)
  File "/home/hyeongseon/catkin_ws/src/lane_tracking_pkg/scripts/lane_tracking_node.py", line 99, in image_cb
    self.handle_frame(frame, msg.header)
  File "/home/hyeongseon/catkin_ws/src/lane_tracking_pkg/scripts/lane_tracking_node.py", line 111, in handle_frame
    lane_center, roi_overlay = detect_lane_center(edges, roi_color, self.debug)
  File "/home/hyeongseon/catkin_ws/src/lane_tracking_pkg/vision/detector.py", line 63, in detect_lane_center
    left_line = _fit_lane(np.vstack(left_points)) if left_points else None
TypeError: _fit_lane() missing 2 required positional arguments: 'y_bottom' and 'y_top'

[rosout][ERROR] 2025-09-20 13:14:57,941: bad callback: <bound method LaneTrackingNode.image_cb of <__main__.LaneTrackingNode object at 0x7f55bef5a1c0>>
Traceback (most recent call last):
  File "/opt/ros/noetic/lib/python3/dist-packages/rospy/topics.py", line 750, in _invoke_callback
    cb(msg)
  File "/home/hyeongseon/catkin_ws/src/lane_tracking_pkg/scripts/lane_tracking_node.py", line 99, in image_cb
    self.handle_frame(frame, msg.header)
  File "/home/hyeongseon/catkin_ws/src/lane_tracking_pkg/scripts/lane_tracking_node.py", line 111, in handle_frame
    lane_center, roi_overlay = detect_lane_center(edges, roi_color, self.debug)
  File "/home/hyeongseon/catkin_ws/src/lane_tracking_pkg/vision/detector.py", line 63, in detect_lane_center
    left_line = _fit_lane(np.vstack(left_points)) if left_points else None
TypeError: _fit_lane() missing 2 required positional arguments: 'y_bottom' and 'y_top'

[rosout][ERROR] 2025-09-20 13:14:57,976: bad callback: <bound method LaneTrackingNode.image_cb of <__main__.LaneTrackingNode object at 0x7f55bef5a1c0>>
Traceback (most recent call last):
  File "/opt/ros/noetic/lib/python3/dist-packages/rospy/topics.py", line 750, in _invoke_callback
    cb(msg)
  File "/home/hyeongseon/catkin_ws/src/lane_tracking_pkg/scripts/lane_tracking_node.py", line 99, in image_cb
    self.handle_frame(frame, msg.header)
  File "/home/hyeongseon/catkin_ws/src/lane_tracking_pkg/scripts/lane_tracking_node.py", line 111, in handle_frame
    lane_center, roi_overlay = detect_lane_center(edges, roi_color, self.debug)
  File "/home/hyeongseon/catkin_ws/src/lane_tracking_pkg/vision/detector.py", line 63, in detect_lane_center
    left_line = _fit_lane(np.vstack(left_points)) if left_points else None
TypeError: _fit_lane() missing 2 required positional arguments: 'y_bottom' and 'y_top'

[rosout][ERROR] 2025-09-20 13:14:57,991: bad callback: <bound method LaneTrackingNode.image_cb of <__main__.LaneTrackingNode object at 0x7f55bef5a1c0>>
Traceback (most recent call last):
  File "/opt/ros/noetic/lib/python3/dist-packages/rospy/topics.py", line 750, in _invoke_callback
    cb(msg)
  File "/home/hyeongseon/catkin_ws/src/lane_tracking_pkg/scripts/lane_tracking_node.py", line 99, in image_cb
    self.handle_frame(frame, msg.header)
  File "/home/hyeongseon/catkin_ws/src/lane_tracking_pkg/scripts/lane_tracking_node.py", line 111, in handle_frame
    lane_center, roi_overlay = detect_lane_center(edges, roi_color, self.debug)
  File "/home/hyeongseon/catkin_ws/src/lane_tracking_pkg/vision/detector.py", line 63, in detect_lane_center
    left_line = _fit_lane(np.vstack(left_points)) if left_points else None
TypeError: _fit_lane() missing 2 required positional arguments: 'y_bottom' and 'y_top'

[rosout][ERROR] 2025-09-20 13:14:58,039: bad callback: <bound method LaneTrackingNode.image_cb of <__main__.LaneTrackingNode object at 0x7f55bef5a1c0>>
Traceback (most recent call last):
  File "/opt/ros/noetic/lib/python3/dist-packages/rospy/topics.py", line 750, in _invoke_callback
    cb(msg)
  File "/home/hyeongseon/catkin_ws/src/lane_tracking_pkg/scripts/lane_tracking_node.py", line 99, in image_cb
    self.handle_frame(frame, msg.header)
  File "/home/hyeongseon/catkin_ws/src/lane_tracking_pkg/scripts/lane_tracking_node.py", line 111, in handle_frame
    lane_center, roi_overlay = detect_lane_center(edges, roi_color, self.debug)
  File "/home/hyeongseon/catkin_ws/src/lane_tracking_pkg/vision/detector.py", line 63, in detect_lane_center
    left_line = _fit_lane(np.vstack(left_points)) if left_points else None
TypeError: _fit_lane() missing 2 required positional arguments: 'y_bottom' and 'y_top'

[rosout][ERROR] 2025-09-20 13:14:58,060: bad callback: <bound method LaneTrackingNode.image_cb of <__main__.LaneTrackingNode object at 0x7f55bef5a1c0>>
Traceback (most recent call last):
  File "/opt/ros/noetic/lib/python3/dist-packages/rospy/topics.py", line 750, in _invoke_callback
    cb(msg)
  File "/home/hyeongseon/catkin_ws/src/lane_tracking_pkg/scripts/lane_tracking_node.py", line 99, in image_cb
    self.handle_frame(frame, msg.header)
  File "/home/hyeongseon/catkin_ws/src/lane_tracking_pkg/scripts/lane_tracking_node.py", line 111, in handle_frame
    lane_center, roi_overlay = detect_lane_center(edges, roi_color, self.debug)
  File "/home/hyeongseon/catkin_ws/src/lane_tracking_pkg/vision/detector.py", line 63, in detect_lane_center
    left_line = _fit_lane(np.vstack(left_points)) if left_points else None
TypeError: _fit_lane() missing 2 required positional arguments: 'y_bottom' and 'y_top'

[rosout][ERROR] 2025-09-20 13:14:58,093: bad callback: <bound method LaneTrackingNode.image_cb of <__main__.LaneTrackingNode object at 0x7f55bef5a1c0>>
Traceback (most recent call last):
  File "/opt/ros/noetic/lib/python3/dist-packages/rospy/topics.py", line 750, in _invoke_callback
    cb(msg)
  File "/home/hyeongseon/catkin_ws/src/lane_tracking_pkg/scripts/lane_tracking_node.py", line 99, in image_cb
    self.handle_frame(frame, msg.header)
  File "/home/hyeongseon/catkin_ws/src/lane_tracking_pkg/scripts/lane_tracking_node.py", line 111, in handle_frame
    lane_center, roi_overlay = detect_lane_center(edges, roi_color, self.debug)
  File "/home/hyeongseon/catkin_ws/src/lane_tracking_pkg/vision/detector.py", line 63, in detect_lane_center
    left_line = _fit_lane(np.vstack(left_points)) if left_points else None
TypeError: _fit_lane() missing 2 required positional arguments: 'y_bottom' and 'y_top'

[rosout][ERROR] 2025-09-20 13:14:58,123: bad callback: <bound method LaneTrackingNode.image_cb of <__main__.LaneTrackingNode object at 0x7f55bef5a1c0>>
Traceback (most recent call last):
  File "/opt/ros/noetic/lib/python3/dist-packages/rospy/topics.py", line 750, in _invoke_callback
    cb(msg)
  File "/home/hyeongseon/catkin_ws/src/lane_tracking_pkg/scripts/lane_tracking_node.py", line 99, in image_cb
    self.handle_frame(frame, msg.header)
  File "/home/hyeongseon/catkin_ws/src/lane_tracking_pkg/scripts/lane_tracking_node.py", line 111, in handle_frame
    lane_center, roi_overlay = detect_lane_center(edges, roi_color, self.debug)
  File "/home/hyeongseon/catkin_ws/src/lane_tracking_pkg/vision/detector.py", line 63, in detect_lane_center
    left_line = _fit_lane(np.vstack(left_points)) if left_points else None
TypeError: _fit_lane() missing 2 required positional arguments: 'y_bottom' and 'y_top'

[rosout][ERROR] 2025-09-20 13:14:58,164: bad callback: <bound method LaneTrackingNode.image_cb of <__main__.LaneTrackingNode object at 0x7f55bef5a1c0>>
Traceback (most recent call last):
  File "/opt/ros/noetic/lib/python3/dist-packages/rospy/topics.py", line 750, in _invoke_callback
    cb(msg)
  File "/home/hyeongseon/catkin_ws/src/lane_tracking_pkg/scripts/lane_tracking_node.py", line 99, in image_cb
    self.handle_frame(frame, msg.header)
  File "/home/hyeongseon/catkin_ws/src/lane_tracking_pkg/scripts/lane_tracking_node.py", line 111, in handle_frame
    lane_center, roi_overlay = detect_lane_center(edges, roi_color, self.debug)
  File "/home/hyeongseon/catkin_ws/src/lane_tracking_pkg/vision/detector.py", line 63, in detect_lane_center
    left_line = _fit_lane(np.vstack(left_points)) if left_points else None
TypeError: _fit_lane() missing 2 required positional arguments: 'y_bottom' and 'y_top'

[rosout][ERROR] 2025-09-20 13:14:58,190: bad callback: <bound method LaneTrackingNode.image_cb of <__main__.LaneTrackingNode object at 0x7f55bef5a1c0>>
Traceback (most recent call last):
  File "/opt/ros/noetic/lib/python3/dist-packages/rospy/topics.py", line 750, in _invoke_callback
    cb(msg)
  File "/home/hyeongseon/catkin_ws/src/lane_tracking_pkg/scripts/lane_tracking_node.py", line 99, in image_cb
    self.handle_frame(frame, msg.header)
  File "/home/hyeongseon/catkin_ws/src/lane_tracking_pkg/scripts/lane_tracking_node.py", line 111, in handle_frame
    lane_center, roi_overlay = detect_lane_center(edges, roi_color, self.debug)
  File "/home/hyeongseon/catkin_ws/src/lane_tracking_pkg/vision/detector.py", line 63, in detect_lane_center
    left_line = _fit_lane(np.vstack(left_points)) if left_points else None
TypeError: _fit_lane() missing 2 required positional arguments: 'y_bottom' and 'y_top'

[rosout][ERROR] 2025-09-20 13:14:58,221: bad callback: <bound method LaneTrackingNode.image_cb of <__main__.LaneTrackingNode object at 0x7f55bef5a1c0>>
Traceback (most recent call last):
  File "/opt/ros/noetic/lib/python3/dist-packages/rospy/topics.py", line 750, in _invoke_callback
    cb(msg)
  File "/home/hyeongseon/catkin_ws/src/lane_tracking_pkg/scripts/lane_tracking_node.py", line 99, in image_cb
    self.handle_frame(frame, msg.header)
  File "/home/hyeongseon/catkin_ws/src/lane_tracking_pkg/scripts/lane_tracking_node.py", line 111, in handle_frame
    lane_center, roi_overlay = detect_lane_center(edges, roi_color, self.debug)
  File "/home/hyeongseon/catkin_ws/src/lane_tracking_pkg/vision/detector.py", line 63, in detect_lane_center
    left_line = _fit_lane(np.vstack(left_points)) if left_points else None
TypeError: _fit_lane() missing 2 required positional arguments: 'y_bottom' and 'y_top'

[rosout][ERROR] 2025-09-20 13:14:58,251: bad callback: <bound method LaneTrackingNode.image_cb of <__main__.LaneTrackingNode object at 0x7f55bef5a1c0>>
Traceback (most recent call last):
  File "/opt/ros/noetic/lib/python3/dist-packages/rospy/topics.py", line 750, in _invoke_callback
    cb(msg)
  File "/home/hyeongseon/catkin_ws/src/lane_tracking_pkg/scripts/lane_tracking_node.py", line 99, in image_cb
    self.handle_frame(frame, msg.header)
  File "/home/hyeongseon/catkin_ws/src/lane_tracking_pkg/scripts/lane_tracking_node.py", line 111, in handle_frame
    lane_center, roi_overlay = detect_lane_center(edges, roi_color, self.debug)
  File "/home/hyeongseon/catkin_ws/src/lane_tracking_pkg/vision/detector.py", line 63, in detect_lane_center
    left_line = _fit_lane(np.vstack(left_points)) if left_points else None
TypeError: _fit_lane() missing 2 required positional arguments: 'y_bottom' and 'y_top'

[rosout][ERROR] 2025-09-20 13:14:58,272: bad callback: <bound method LaneTrackingNode.image_cb of <__main__.LaneTrackingNode object at 0x7f55bef5a1c0>>
Traceback (most recent call last):
  File "/opt/ros/noetic/lib/python3/dist-packages/rospy/topics.py", line 750, in _invoke_callback
    cb(msg)
  File "/home/hyeongseon/catkin_ws/src/lane_tracking_pkg/scripts/lane_tracking_node.py", line 99, in image_cb
    self.handle_frame(frame, msg.header)
  File "/home/hyeongseon/catkin_ws/src/lane_tracking_pkg/scripts/lane_tracking_node.py", line 111, in handle_frame
    lane_center, roi_overlay = detect_lane_center(edges, roi_color, self.debug)
  File "/home/hyeongseon/catkin_ws/src/lane_tracking_pkg/vision/detector.py", line 63, in detect_lane_center
    left_line = _fit_lane(np.vstack(left_points)) if left_points else None
TypeError: _fit_lane() missing 2 required positional arguments: 'y_bottom' and 'y_top'

[rosout][ERROR] 2025-09-20 13:14:58,317: bad callback: <bound method LaneTrackingNode.image_cb of <__main__.LaneTrackingNode object at 0x7f55bef5a1c0>>
Traceback (most recent call last):
  File "/opt/ros/noetic/lib/python3/dist-packages/rospy/topics.py", line 750, in _invoke_callback
    cb(msg)
  File "/home/hyeongseon/catkin_ws/src/lane_tracking_pkg/scripts/lane_tracking_node.py", line 99, in image_cb
    self.handle_frame(frame, msg.header)
  File "/home/hyeongseon/catkin_ws/src/lane_tracking_pkg/scripts/lane_tracking_node.py", line 111, in handle_frame
    lane_center, roi_overlay = detect_lane_center(edges, roi_color, self.debug)
  File "/home/hyeongseon/catkin_ws/src/lane_tracking_pkg/vision/detector.py", line 63, in detect_lane_center
    left_line = _fit_lane(np.vstack(left_points)) if left_points else None
TypeError: _fit_lane() missing 2 required positional arguments: 'y_bottom' and 'y_top'

[rosout][ERROR] 2025-09-20 13:14:58,349: bad callback: <bound method LaneTrackingNode.image_cb of <__main__.LaneTrackingNode object at 0x7f55bef5a1c0>>
Traceback (most recent call last):
  File "/opt/ros/noetic/lib/python3/dist-packages/rospy/topics.py", line 750, in _invoke_callback
    cb(msg)
  File "/home/hyeongseon/catkin_ws/src/lane_tracking_pkg/scripts/lane_tracking_node.py", line 99, in image_cb
    self.handle_frame(frame, msg.header)
  File "/home/hyeongseon/catkin_ws/src/lane_tracking_pkg/scripts/lane_tracking_node.py", line 111, in handle_frame
    lane_center, roi_overlay = detect_lane_center(edges, roi_color, self.debug)
  File "/home/hyeongseon/catkin_ws/src/lane_tracking_pkg/vision/detector.py", line 63, in detect_lane_center
    left_line = _fit_lane(np.vstack(left_points)) if left_points else None
TypeError: _fit_lane() missing 2 required positional arguments: 'y_bottom' and 'y_top'

[rosout][ERROR] 2025-09-20 13:14:58,375: bad callback: <bound method LaneTrackingNode.image_cb of <__main__.LaneTrackingNode object at 0x7f55bef5a1c0>>
Traceback (most recent call last):
  File "/opt/ros/noetic/lib/python3/dist-packages/rospy/topics.py", line 750, in _invoke_callback
    cb(msg)
  File "/home/hyeongseon/catkin_ws/src/lane_tracking_pkg/scripts/lane_tracking_node.py", line 99, in image_cb
    self.handle_frame(frame, msg.header)
  File "/home/hyeongseon/catkin_ws/src/lane_tracking_pkg/scripts/lane_tracking_node.py", line 111, in handle_frame
    lane_center, roi_overlay = detect_lane_center(edges, roi_color, self.debug)
  File "/home/hyeongseon/catkin_ws/src/lane_tracking_pkg/vision/detector.py", line 63, in detect_lane_center
    left_line = _fit_lane(np.vstack(left_points)) if left_points else None
TypeError: _fit_lane() missing 2 required positional arguments: 'y_bottom' and 'y_top'

[rosout][ERROR] 2025-09-20 13:14:58,401: bad callback: <bound method LaneTrackingNode.image_cb of <__main__.LaneTrackingNode object at 0x7f55bef5a1c0>>
Traceback (most recent call last):
  File "/opt/ros/noetic/lib/python3/dist-packages/rospy/topics.py", line 750, in _invoke_callback
    cb(msg)
  File "/home/hyeongseon/catkin_ws/src/lane_tracking_pkg/scripts/lane_tracking_node.py", line 99, in image_cb
    self.handle_frame(frame, msg.header)
  File "/home/hyeongseon/catkin_ws/src/lane_tracking_pkg/scripts/lane_tracking_node.py", line 111, in handle_frame
    lane_center, roi_overlay = detect_lane_center(edges, roi_color, self.debug)
  File "/home/hyeongseon/catkin_ws/src/lane_tracking_pkg/vision/detector.py", line 63, in detect_lane_center
    left_line = _fit_lane(np.vstack(left_points)) if left_points else None
TypeError: _fit_lane() missing 2 required positional arguments: 'y_bottom' and 'y_top'

[rosout][ERROR] 2025-09-20 13:14:58,434: bad callback: <bound method LaneTrackingNode.image_cb of <__main__.LaneTrackingNode object at 0x7f55bef5a1c0>>
Traceback (most recent call last):
  File "/opt/ros/noetic/lib/python3/dist-packages/rospy/topics.py", line 750, in _invoke_callback
    cb(msg)
  File "/home/hyeongseon/catkin_ws/src/lane_tracking_pkg/scripts/lane_tracking_node.py", line 99, in image_cb
    self.handle_frame(frame, msg.header)
  File "/home/hyeongseon/catkin_ws/src/lane_tracking_pkg/scripts/lane_tracking_node.py", line 111, in handle_frame
    lane_center, roi_overlay = detect_lane_center(edges, roi_color, self.debug)
  File "/home/hyeongseon/catkin_ws/src/lane_tracking_pkg/vision/detector.py", line 63, in detect_lane_center
    left_line = _fit_lane(np.vstack(left_points)) if left_points else None
TypeError: _fit_lane() missing 2 required positional arguments: 'y_bottom' and 'y_top'

[rosout][ERROR] 2025-09-20 13:14:58,461: bad callback: <bound method LaneTrackingNode.image_cb of <__main__.LaneTrackingNode object at 0x7f55bef5a1c0>>
Traceback (most recent call last):
  File "/opt/ros/noetic/lib/python3/dist-packages/rospy/topics.py", line 750, in _invoke_callback
    cb(msg)
  File "/home/hyeongseon/catkin_ws/src/lane_tracking_pkg/scripts/lane_tracking_node.py", line 99, in image_cb
    self.handle_frame(frame, msg.header)
  File "/home/hyeongseon/catkin_ws/src/lane_tracking_pkg/scripts/lane_tracking_node.py", line 111, in handle_frame
    lane_center, roi_overlay = detect_lane_center(edges, roi_color, self.debug)
  File "/home/hyeongseon/catkin_ws/src/lane_tracking_pkg/vision/detector.py", line 63, in detect_lane_center
    left_line = _fit_lane(np.vstack(left_points)) if left_points else None
TypeError: _fit_lane() missing 2 required positional arguments: 'y_bottom' and 'y_top'

[rosout][ERROR] 2025-09-20 13:14:58,483: bad callback: <bound method LaneTrackingNode.image_cb of <__main__.LaneTrackingNode object at 0x7f55bef5a1c0>>
Traceback (most recent call last):
  File "/opt/ros/noetic/lib/python3/dist-packages/rospy/topics.py", line 750, in _invoke_callback
    cb(msg)
  File "/home/hyeongseon/catkin_ws/src/lane_tracking_pkg/scripts/lane_tracking_node.py", line 99, in image_cb
    self.handle_frame(frame, msg.header)
  File "/home/hyeongseon/catkin_ws/src/lane_tracking_pkg/scripts/lane_tracking_node.py", line 111, in handle_frame
    lane_center, roi_overlay = detect_lane_center(edges, roi_color, self.debug)
  File "/home/hyeongseon/catkin_ws/src/lane_tracking_pkg/vision/detector.py", line 63, in detect_lane_center
    left_line = _fit_lane(np.vstack(left_points)) if left_points else None
TypeError: _fit_lane() missing 2 required positional arguments: 'y_bottom' and 'y_top'

[rosout][ERROR] 2025-09-20 13:14:58,516: bad callback: <bound method LaneTrackingNode.image_cb of <__main__.LaneTrackingNode object at 0x7f55bef5a1c0>>
Traceback (most recent call last):
  File "/opt/ros/noetic/lib/python3/dist-packages/rospy/topics.py", line 750, in _invoke_callback
    cb(msg)
  File "/home/hyeongseon/catkin_ws/src/lane_tracking_pkg/scripts/lane_tracking_node.py", line 99, in image_cb
    self.handle_frame(frame, msg.header)
  File "/home/hyeongseon/catkin_ws/src/lane_tracking_pkg/scripts/lane_tracking_node.py", line 111, in handle_frame
    lane_center, roi_overlay = detect_lane_center(edges, roi_color, self.debug)
  File "/home/hyeongseon/catkin_ws/src/lane_tracking_pkg/vision/detector.py", line 63, in detect_lane_center
    left_line = _fit_lane(np.vstack(left_points)) if left_points else None
TypeError: _fit_lane() missing 2 required positional arguments: 'y_bottom' and 'y_top'

[rosout][ERROR] 2025-09-20 13:14:58,542: bad callback: <bound method LaneTrackingNode.image_cb of <__main__.LaneTrackingNode object at 0x7f55bef5a1c0>>
Traceback (most recent call last):
  File "/opt/ros/noetic/lib/python3/dist-packages/rospy/topics.py", line 750, in _invoke_callback
    cb(msg)
  File "/home/hyeongseon/catkin_ws/src/lane_tracking_pkg/scripts/lane_tracking_node.py", line 99, in image_cb
    self.handle_frame(frame, msg.header)
  File "/home/hyeongseon/catkin_ws/src/lane_tracking_pkg/scripts/lane_tracking_node.py", line 111, in handle_frame
    lane_center, roi_overlay = detect_lane_center(edges, roi_color, self.debug)
  File "/home/hyeongseon/catkin_ws/src/lane_tracking_pkg/vision/detector.py", line 63, in detect_lane_center
    left_line = _fit_lane(np.vstack(left_points)) if left_points else None
TypeError: _fit_lane() missing 2 required positional arguments: 'y_bottom' and 'y_top'

[rosout][ERROR] 2025-09-20 13:14:58,571: bad callback: <bound method LaneTrackingNode.image_cb of <__main__.LaneTrackingNode object at 0x7f55bef5a1c0>>
Traceback (most recent call last):
  File "/opt/ros/noetic/lib/python3/dist-packages/rospy/topics.py", line 750, in _invoke_callback
    cb(msg)
  File "/home/hyeongseon/catkin_ws/src/lane_tracking_pkg/scripts/lane_tracking_node.py", line 99, in image_cb
    self.handle_frame(frame, msg.header)
  File "/home/hyeongseon/catkin_ws/src/lane_tracking_pkg/scripts/lane_tracking_node.py", line 111, in handle_frame
    lane_center, roi_overlay = detect_lane_center(edges, roi_color, self.debug)
  File "/home/hyeongseon/catkin_ws/src/lane_tracking_pkg/vision/detector.py", line 63, in detect_lane_center
    left_line = _fit_lane(np.vstack(left_points)) if left_points else None
TypeError: _fit_lane() missing 2 required positional arguments: 'y_bottom' and 'y_top'

[rosout][ERROR] 2025-09-20 13:14:58,598: bad callback: <bound method LaneTrackingNode.image_cb of <__main__.LaneTrackingNode object at 0x7f55bef5a1c0>>
Traceback (most recent call last):
  File "/opt/ros/noetic/lib/python3/dist-packages/rospy/topics.py", line 750, in _invoke_callback
    cb(msg)
  File "/home/hyeongseon/catkin_ws/src/lane_tracking_pkg/scripts/lane_tracking_node.py", line 99, in image_cb
    self.handle_frame(frame, msg.header)
  File "/home/hyeongseon/catkin_ws/src/lane_tracking_pkg/scripts/lane_tracking_node.py", line 111, in handle_frame
    lane_center, roi_overlay = detect_lane_center(edges, roi_color, self.debug)
  File "/home/hyeongseon/catkin_ws/src/lane_tracking_pkg/vision/detector.py", line 63, in detect_lane_center
    left_line = _fit_lane(np.vstack(left_points)) if left_points else None
TypeError: _fit_lane() missing 2 required positional arguments: 'y_bottom' and 'y_top'

[rosout][ERROR] 2025-09-20 13:14:58,631: bad callback: <bound method LaneTrackingNode.image_cb of <__main__.LaneTrackingNode object at 0x7f55bef5a1c0>>
Traceback (most recent call last):
  File "/opt/ros/noetic/lib/python3/dist-packages/rospy/topics.py", line 750, in _invoke_callback
    cb(msg)
  File "/home/hyeongseon/catkin_ws/src/lane_tracking_pkg/scripts/lane_tracking_node.py", line 99, in image_cb
    self.handle_frame(frame, msg.header)
  File "/home/hyeongseon/catkin_ws/src/lane_tracking_pkg/scripts/lane_tracking_node.py", line 111, in handle_frame
    lane_center, roi_overlay = detect_lane_center(edges, roi_color, self.debug)
  File "/home/hyeongseon/catkin_ws/src/lane_tracking_pkg/vision/detector.py", line 63, in detect_lane_center
    left_line = _fit_lane(np.vstack(left_points)) if left_points else None
TypeError: _fit_lane() missing 2 required positional arguments: 'y_bottom' and 'y_top'

[rosout][ERROR] 2025-09-20 13:14:58,663: bad callback: <bound method LaneTrackingNode.image_cb of <__main__.LaneTrackingNode object at 0x7f55bef5a1c0>>
Traceback (most recent call last):
  File "/opt/ros/noetic/lib/python3/dist-packages/rospy/topics.py", line 750, in _invoke_callback
    cb(msg)
  File "/home/hyeongseon/catkin_ws/src/lane_tracking_pkg/scripts/lane_tracking_node.py", line 99, in image_cb
    self.handle_frame(frame, msg.header)
  File "/home/hyeongseon/catkin_ws/src/lane_tracking_pkg/scripts/lane_tracking_node.py", line 111, in handle_frame
    lane_center, roi_overlay = detect_lane_center(edges, roi_color, self.debug)
  File "/home/hyeongseon/catkin_ws/src/lane_tracking_pkg/vision/detector.py", line 63, in detect_lane_center
    left_line = _fit_lane(np.vstack(left_points)) if left_points else None
TypeError: _fit_lane() missing 2 required positional arguments: 'y_bottom' and 'y_top'

[rosout][ERROR] 2025-09-20 13:14:58,683: bad callback: <bound method LaneTrackingNode.image_cb of <__main__.LaneTrackingNode object at 0x7f55bef5a1c0>>
Traceback (most recent call last):
  File "/opt/ros/noetic/lib/python3/dist-packages/rospy/topics.py", line 750, in _invoke_callback
    cb(msg)
  File "/home/hyeongseon/catkin_ws/src/lane_tracking_pkg/scripts/lane_tracking_node.py", line 99, in image_cb
    self.handle_frame(frame, msg.header)
  File "/home/hyeongseon/catkin_ws/src/lane_tracking_pkg/scripts/lane_tracking_node.py", line 111, in handle_frame
    lane_center, roi_overlay = detect_lane_center(edges, roi_color, self.debug)
  File "/home/hyeongseon/catkin_ws/src/lane_tracking_pkg/vision/detector.py", line 63, in detect_lane_center
    left_line = _fit_lane(np.vstack(left_points)) if left_points else None
TypeError: _fit_lane() missing 2 required positional arguments: 'y_bottom' and 'y_top'

[rosout][ERROR] 2025-09-20 13:14:58,700: bad callback: <bound method LaneTrackingNode.image_cb of <__main__.LaneTrackingNode object at 0x7f55bef5a1c0>>
Traceback (most recent call last):
  File "/opt/ros/noetic/lib/python3/dist-packages/rospy/topics.py", line 750, in _invoke_callback
    cb(msg)
  File "/home/hyeongseon/catkin_ws/src/lane_tracking_pkg/scripts/lane_tracking_node.py", line 99, in image_cb
    self.handle_frame(frame, msg.header)
  File "/home/hyeongseon/catkin_ws/src/lane_tracking_pkg/scripts/lane_tracking_node.py", line 111, in handle_frame
    lane_center, roi_overlay = detect_lane_center(edges, roi_color, self.debug)
  File "/home/hyeongseon/catkin_ws/src/lane_tracking_pkg/vision/detector.py", line 63, in detect_lane_center
    left_line = _fit_lane(np.vstack(left_points)) if left_points else None
TypeError: _fit_lane() missing 2 required positional arguments: 'y_bottom' and 'y_top'

[rosout][ERROR] 2025-09-20 13:14:58,724: bad callback: <bound method LaneTrackingNode.image_cb of <__main__.LaneTrackingNode object at 0x7f55bef5a1c0>>
Traceback (most recent call last):
  File "/opt/ros/noetic/lib/python3/dist-packages/rospy/topics.py", line 750, in _invoke_callback
    cb(msg)
  File "/home/hyeongseon/catkin_ws/src/lane_tracking_pkg/scripts/lane_tracking_node.py", line 99, in image_cb
    self.handle_frame(frame, msg.header)
  File "/home/hyeongseon/catkin_ws/src/lane_tracking_pkg/scripts/lane_tracking_node.py", line 111, in handle_frame
    lane_center, roi_overlay = detect_lane_center(edges, roi_color, self.debug)
  File "/home/hyeongseon/catkin_ws/src/lane_tracking_pkg/vision/detector.py", line 63, in detect_lane_center
    left_line = _fit_lane(np.vstack(left_points)) if left_points else None
TypeError: _fit_lane() missing 2 required positional arguments: 'y_bottom' and 'y_top'

[rosout][ERROR] 2025-09-20 13:14:58,778: bad callback: <bound method LaneTrackingNode.image_cb of <__main__.LaneTrackingNode object at 0x7f55bef5a1c0>>
Traceback (most recent call last):
  File "/opt/ros/noetic/lib/python3/dist-packages/rospy/topics.py", line 750, in _invoke_callback
    cb(msg)
  File "/home/hyeongseon/catkin_ws/src/lane_tracking_pkg/scripts/lane_tracking_node.py", line 99, in image_cb
    self.handle_frame(frame, msg.header)
  File "/home/hyeongseon/catkin_ws/src/lane_tracking_pkg/scripts/lane_tracking_node.py", line 111, in handle_frame
    lane_center, roi_overlay = detect_lane_center(edges, roi_color, self.debug)
  File "/home/hyeongseon/catkin_ws/src/lane_tracking_pkg/vision/detector.py", line 63, in detect_lane_center
    left_line = _fit_lane(np.vstack(left_points)) if left_points else None
TypeError: _fit_lane() missing 2 required positional arguments: 'y_bottom' and 'y_top'

[rosout][ERROR] 2025-09-20 13:14:58,827: bad callback: <bound method LaneTrackingNode.image_cb of <__main__.LaneTrackingNode object at 0x7f55bef5a1c0>>
Traceback (most recent call last):
  File "/opt/ros/noetic/lib/python3/dist-packages/rospy/topics.py", line 750, in _invoke_callback
    cb(msg)
  File "/home/hyeongseon/catkin_ws/src/lane_tracking_pkg/scripts/lane_tracking_node.py", line 99, in image_cb
    self.handle_frame(frame, msg.header)
  File "/home/hyeongseon/catkin_ws/src/lane_tracking_pkg/scripts/lane_tracking_node.py", line 111, in handle_frame
    lane_center, roi_overlay = detect_lane_center(edges, roi_color, self.debug)
  File "/home/hyeongseon/catkin_ws/src/lane_tracking_pkg/vision/detector.py", line 63, in detect_lane_center
    left_line = _fit_lane(np.vstack(left_points)) if left_points else None
TypeError: _fit_lane() missing 2 required positional arguments: 'y_bottom' and 'y_top'

[rosout][ERROR] 2025-09-20 13:14:58,840: bad callback: <bound method LaneTrackingNode.image_cb of <__main__.LaneTrackingNode object at 0x7f55bef5a1c0>>
Traceback (most recent call last):
  File "/opt/ros/noetic/lib/python3/dist-packages/rospy/topics.py", line 750, in _invoke_callback
    cb(msg)
  File "/home/hyeongseon/catkin_ws/src/lane_tracking_pkg/scripts/lane_tracking_node.py", line 99, in image_cb
    self.handle_frame(frame, msg.header)
  File "/home/hyeongseon/catkin_ws/src/lane_tracking_pkg/scripts/lane_tracking_node.py", line 111, in handle_frame
    lane_center, roi_overlay = detect_lane_center(edges, roi_color, self.debug)
  File "/home/hyeongseon/catkin_ws/src/lane_tracking_pkg/vision/detector.py", line 63, in detect_lane_center
    left_line = _fit_lane(np.vstack(left_points)) if left_points else None
TypeError: _fit_lane() missing 2 required positional arguments: 'y_bottom' and 'y_top'

[rosout][ERROR] 2025-09-20 13:14:58,855: bad callback: <bound method LaneTrackingNode.image_cb of <__main__.LaneTrackingNode object at 0x7f55bef5a1c0>>
Traceback (most recent call last):
  File "/opt/ros/noetic/lib/python3/dist-packages/rospy/topics.py", line 750, in _invoke_callback
    cb(msg)
  File "/home/hyeongseon/catkin_ws/src/lane_tracking_pkg/scripts/lane_tracking_node.py", line 99, in image_cb
    self.handle_frame(frame, msg.header)
  File "/home/hyeongseon/catkin_ws/src/lane_tracking_pkg/scripts/lane_tracking_node.py", line 111, in handle_frame
    lane_center, roi_overlay = detect_lane_center(edges, roi_color, self.debug)
  File "/home/hyeongseon/catkin_ws/src/lane_tracking_pkg/vision/detector.py", line 63, in detect_lane_center
    left_line = _fit_lane(np.vstack(left_points)) if left_points else None
TypeError: _fit_lane() missing 2 required positional arguments: 'y_bottom' and 'y_top'

[rosout][ERROR] 2025-09-20 13:14:58,881: bad callback: <bound method LaneTrackingNode.image_cb of <__main__.LaneTrackingNode object at 0x7f55bef5a1c0>>
Traceback (most recent call last):
  File "/opt/ros/noetic/lib/python3/dist-packages/rospy/topics.py", line 750, in _invoke_callback
    cb(msg)
  File "/home/hyeongseon/catkin_ws/src/lane_tracking_pkg/scripts/lane_tracking_node.py", line 99, in image_cb
    self.handle_frame(frame, msg.header)
  File "/home/hyeongseon/catkin_ws/src/lane_tracking_pkg/scripts/lane_tracking_node.py", line 111, in handle_frame
    lane_center, roi_overlay = detect_lane_center(edges, roi_color, self.debug)
  File "/home/hyeongseon/catkin_ws/src/lane_tracking_pkg/vision/detector.py", line 63, in detect_lane_center
    left_line = _fit_lane(np.vstack(left_points)) if left_points else None
TypeError: _fit_lane() missing 2 required positional arguments: 'y_bottom' and 'y_top'

[rosout][ERROR] 2025-09-20 13:14:58,937: bad callback: <bound method LaneTrackingNode.image_cb of <__main__.LaneTrackingNode object at 0x7f55bef5a1c0>>
Traceback (most recent call last):
  File "/opt/ros/noetic/lib/python3/dist-packages/rospy/topics.py", line 750, in _invoke_callback
    cb(msg)
  File "/home/hyeongseon/catkin_ws/src/lane_tracking_pkg/scripts/lane_tracking_node.py", line 99, in image_cb
    self.handle_frame(frame, msg.header)
  File "/home/hyeongseon/catkin_ws/src/lane_tracking_pkg/scripts/lane_tracking_node.py", line 111, in handle_frame
    lane_center, roi_overlay = detect_lane_center(edges, roi_color, self.debug)
  File "/home/hyeongseon/catkin_ws/src/lane_tracking_pkg/vision/detector.py", line 63, in detect_lane_center
    left_line = _fit_lane(np.vstack(left_points)) if left_points else None
TypeError: _fit_lane() missing 2 required positional arguments: 'y_bottom' and 'y_top'

[rosout][ERROR] 2025-09-20 13:14:58,976: bad callback: <bound method LaneTrackingNode.image_cb of <__main__.LaneTrackingNode object at 0x7f55bef5a1c0>>
Traceback (most recent call last):
  File "/opt/ros/noetic/lib/python3/dist-packages/rospy/topics.py", line 750, in _invoke_callback
    cb(msg)
  File "/home/hyeongseon/catkin_ws/src/lane_tracking_pkg/scripts/lane_tracking_node.py", line 99, in image_cb
    self.handle_frame(frame, msg.header)
  File "/home/hyeongseon/catkin_ws/src/lane_tracking_pkg/scripts/lane_tracking_node.py", line 111, in handle_frame
    lane_center, roi_overlay = detect_lane_center(edges, roi_color, self.debug)
  File "/home/hyeongseon/catkin_ws/src/lane_tracking_pkg/vision/detector.py", line 63, in detect_lane_center
    left_line = _fit_lane(np.vstack(left_points)) if left_points else None
TypeError: _fit_lane() missing 2 required positional arguments: 'y_bottom' and 'y_top'

[rosout][ERROR] 2025-09-20 13:14:59,000: bad callback: <bound method LaneTrackingNode.image_cb of <__main__.LaneTrackingNode object at 0x7f55bef5a1c0>>
Traceback (most recent call last):
  File "/opt/ros/noetic/lib/python3/dist-packages/rospy/topics.py", line 750, in _invoke_callback
    cb(msg)
  File "/home/hyeongseon/catkin_ws/src/lane_tracking_pkg/scripts/lane_tracking_node.py", line 99, in image_cb
    self.handle_frame(frame, msg.header)
  File "/home/hyeongseon/catkin_ws/src/lane_tracking_pkg/scripts/lane_tracking_node.py", line 111, in handle_frame
    lane_center, roi_overlay = detect_lane_center(edges, roi_color, self.debug)
  File "/home/hyeongseon/catkin_ws/src/lane_tracking_pkg/vision/detector.py", line 63, in detect_lane_center
    left_line = _fit_lane(np.vstack(left_points)) if left_points else None
TypeError: _fit_lane() missing 2 required positional arguments: 'y_bottom' and 'y_top'

[rosout][ERROR] 2025-09-20 13:14:59,034: bad callback: <bound method LaneTrackingNode.image_cb of <__main__.LaneTrackingNode object at 0x7f55bef5a1c0>>
Traceback (most recent call last):
  File "/opt/ros/noetic/lib/python3/dist-packages/rospy/topics.py", line 750, in _invoke_callback
    cb(msg)
  File "/home/hyeongseon/catkin_ws/src/lane_tracking_pkg/scripts/lane_tracking_node.py", line 99, in image_cb
    self.handle_frame(frame, msg.header)
  File "/home/hyeongseon/catkin_ws/src/lane_tracking_pkg/scripts/lane_tracking_node.py", line 111, in handle_frame
    lane_center, roi_overlay = detect_lane_center(edges, roi_color, self.debug)
  File "/home/hyeongseon/catkin_ws/src/lane_tracking_pkg/vision/detector.py", line 63, in detect_lane_center
    left_line = _fit_lane(np.vstack(left_points)) if left_points else None
TypeError: _fit_lane() missing 2 required positional arguments: 'y_bottom' and 'y_top'

[rosout][ERROR] 2025-09-20 13:14:59,048: bad callback: <bound method LaneTrackingNode.image_cb of <__main__.LaneTrackingNode object at 0x7f55bef5a1c0>>
Traceback (most recent call last):
  File "/opt/ros/noetic/lib/python3/dist-packages/rospy/topics.py", line 750, in _invoke_callback
    cb(msg)
  File "/home/hyeongseon/catkin_ws/src/lane_tracking_pkg/scripts/lane_tracking_node.py", line 99, in image_cb
    self.handle_frame(frame, msg.header)
  File "/home/hyeongseon/catkin_ws/src/lane_tracking_pkg/scripts/lane_tracking_node.py", line 111, in handle_frame
    lane_center, roi_overlay = detect_lane_center(edges, roi_color, self.debug)
  File "/home/hyeongseon/catkin_ws/src/lane_tracking_pkg/vision/detector.py", line 63, in detect_lane_center
    left_line = _fit_lane(np.vstack(left_points)) if left_points else None
TypeError: _fit_lane() missing 2 required positional arguments: 'y_bottom' and 'y_top'

[rosout][ERROR] 2025-09-20 13:14:59,104: bad callback: <bound method LaneTrackingNode.image_cb of <__main__.LaneTrackingNode object at 0x7f55bef5a1c0>>
Traceback (most recent call last):
  File "/opt/ros/noetic/lib/python3/dist-packages/rospy/topics.py", line 750, in _invoke_callback
    cb(msg)
  File "/home/hyeongseon/catkin_ws/src/lane_tracking_pkg/scripts/lane_tracking_node.py", line 99, in image_cb
    self.handle_frame(frame, msg.header)
  File "/home/hyeongseon/catkin_ws/src/lane_tracking_pkg/scripts/lane_tracking_node.py", line 111, in handle_frame
    lane_center, roi_overlay = detect_lane_center(edges, roi_color, self.debug)
  File "/home/hyeongseon/catkin_ws/src/lane_tracking_pkg/vision/detector.py", line 63, in detect_lane_center
    left_line = _fit_lane(np.vstack(left_points)) if left_points else None
TypeError: _fit_lane() missing 2 required positional arguments: 'y_bottom' and 'y_top'

[rosout][ERROR] 2025-09-20 13:14:59,140: bad callback: <bound method LaneTrackingNode.image_cb of <__main__.LaneTrackingNode object at 0x7f55bef5a1c0>>
Traceback (most recent call last):
  File "/opt/ros/noetic/lib/python3/dist-packages/rospy/topics.py", line 750, in _invoke_callback
    cb(msg)
  File "/home/hyeongseon/catkin_ws/src/lane_tracking_pkg/scripts/lane_tracking_node.py", line 99, in image_cb
    self.handle_frame(frame, msg.header)
  File "/home/hyeongseon/catkin_ws/src/lane_tracking_pkg/scripts/lane_tracking_node.py", line 111, in handle_frame
    lane_center, roi_overlay = detect_lane_center(edges, roi_color, self.debug)
  File "/home/hyeongseon/catkin_ws/src/lane_tracking_pkg/vision/detector.py", line 63, in detect_lane_center
    left_line = _fit_lane(np.vstack(left_points)) if left_points else None
TypeError: _fit_lane() missing 2 required positional arguments: 'y_bottom' and 'y_top'

[rosout][ERROR] 2025-09-20 13:14:59,175: bad callback: <bound method LaneTrackingNode.image_cb of <__main__.LaneTrackingNode object at 0x7f55bef5a1c0>>
Traceback (most recent call last):
  File "/opt/ros/noetic/lib/python3/dist-packages/rospy/topics.py", line 750, in _invoke_callback
    cb(msg)
  File "/home/hyeongseon/catkin_ws/src/lane_tracking_pkg/scripts/lane_tracking_node.py", line 99, in image_cb
    self.handle_frame(frame, msg.header)
  File "/home/hyeongseon/catkin_ws/src/lane_tracking_pkg/scripts/lane_tracking_node.py", line 111, in handle_frame
    lane_center, roi_overlay = detect_lane_center(edges, roi_color, self.debug)
  File "/home/hyeongseon/catkin_ws/src/lane_tracking_pkg/vision/detector.py", line 63, in detect_lane_center
    left_line = _fit_lane(np.vstack(left_points)) if left_points else None
TypeError: _fit_lane() missing 2 required positional arguments: 'y_bottom' and 'y_top'

[rosout][ERROR] 2025-09-20 13:14:59,187: bad callback: <bound method LaneTrackingNode.image_cb of <__main__.LaneTrackingNode object at 0x7f55bef5a1c0>>
Traceback (most recent call last):
  File "/opt/ros/noetic/lib/python3/dist-packages/rospy/topics.py", line 750, in _invoke_callback
    cb(msg)
  File "/home/hyeongseon/catkin_ws/src/lane_tracking_pkg/scripts/lane_tracking_node.py", line 99, in image_cb
    self.handle_frame(frame, msg.header)
  File "/home/hyeongseon/catkin_ws/src/lane_tracking_pkg/scripts/lane_tracking_node.py", line 111, in handle_frame
    lane_center, roi_overlay = detect_lane_center(edges, roi_color, self.debug)
  File "/home/hyeongseon/catkin_ws/src/lane_tracking_pkg/vision/detector.py", line 63, in detect_lane_center
    left_line = _fit_lane(np.vstack(left_points)) if left_points else None
TypeError: _fit_lane() missing 2 required positional arguments: 'y_bottom' and 'y_top'

[rosout][ERROR] 2025-09-20 13:14:59,241: bad callback: <bound method LaneTrackingNode.image_cb of <__main__.LaneTrackingNode object at 0x7f55bef5a1c0>>
Traceback (most recent call last):
  File "/opt/ros/noetic/lib/python3/dist-packages/rospy/topics.py", line 750, in _invoke_callback
    cb(msg)
  File "/home/hyeongseon/catkin_ws/src/lane_tracking_pkg/scripts/lane_tracking_node.py", line 99, in image_cb
    self.handle_frame(frame, msg.header)
  File "/home/hyeongseon/catkin_ws/src/lane_tracking_pkg/scripts/lane_tracking_node.py", line 111, in handle_frame
    lane_center, roi_overlay = detect_lane_center(edges, roi_color, self.debug)
  File "/home/hyeongseon/catkin_ws/src/lane_tracking_pkg/vision/detector.py", line 63, in detect_lane_center
    left_line = _fit_lane(np.vstack(left_points)) if left_points else None
TypeError: _fit_lane() missing 2 required positional arguments: 'y_bottom' and 'y_top'

[rosout][ERROR] 2025-09-20 13:14:59,311: bad callback: <bound method LaneTrackingNode.image_cb of <__main__.LaneTrackingNode object at 0x7f55bef5a1c0>>
Traceback (most recent call last):
  File "/opt/ros/noetic/lib/python3/dist-packages/rospy/topics.py", line 750, in _invoke_callback
    cb(msg)
  File "/home/hyeongseon/catkin_ws/src/lane_tracking_pkg/scripts/lane_tracking_node.py", line 99, in image_cb
    self.handle_frame(frame, msg.header)
  File "/home/hyeongseon/catkin_ws/src/lane_tracking_pkg/scripts/lane_tracking_node.py", line 111, in handle_frame
    lane_center, roi_overlay = detect_lane_center(edges, roi_color, self.debug)
  File "/home/hyeongseon/catkin_ws/src/lane_tracking_pkg/vision/detector.py", line 63, in detect_lane_center
    left_line = _fit_lane(np.vstack(left_points)) if left_points else None
TypeError: _fit_lane() missing 2 required positional arguments: 'y_bottom' and 'y_top'

[rosout][ERROR] 2025-09-20 13:14:59,330: bad callback: <bound method LaneTrackingNode.image_cb of <__main__.LaneTrackingNode object at 0x7f55bef5a1c0>>
Traceback (most recent call last):
  File "/opt/ros/noetic/lib/python3/dist-packages/rospy/topics.py", line 750, in _invoke_callback
    cb(msg)
  File "/home/hyeongseon/catkin_ws/src/lane_tracking_pkg/scripts/lane_tracking_node.py", line 99, in image_cb
    self.handle_frame(frame, msg.header)
  File "/home/hyeongseon/catkin_ws/src/lane_tracking_pkg/scripts/lane_tracking_node.py", line 111, in handle_frame
    lane_center, roi_overlay = detect_lane_center(edges, roi_color, self.debug)
  File "/home/hyeongseon/catkin_ws/src/lane_tracking_pkg/vision/detector.py", line 63, in detect_lane_center
    left_line = _fit_lane(np.vstack(left_points)) if left_points else None
TypeError: _fit_lane() missing 2 required positional arguments: 'y_bottom' and 'y_top'

[rosout][ERROR] 2025-09-20 13:14:59,354: bad callback: <bound method LaneTrackingNode.image_cb of <__main__.LaneTrackingNode object at 0x7f55bef5a1c0>>
Traceback (most recent call last):
  File "/opt/ros/noetic/lib/python3/dist-packages/rospy/topics.py", line 750, in _invoke_callback
    cb(msg)
  File "/home/hyeongseon/catkin_ws/src/lane_tracking_pkg/scripts/lane_tracking_node.py", line 99, in image_cb
    self.handle_frame(frame, msg.header)
  File "/home/hyeongseon/catkin_ws/src/lane_tracking_pkg/scripts/lane_tracking_node.py", line 111, in handle_frame
    lane_center, roi_overlay = detect_lane_center(edges, roi_color, self.debug)
  File "/home/hyeongseon/catkin_ws/src/lane_tracking_pkg/vision/detector.py", line 63, in detect_lane_center
    left_line = _fit_lane(np.vstack(left_points)) if left_points else None
TypeError: _fit_lane() missing 2 required positional arguments: 'y_bottom' and 'y_top'

[rosout][ERROR] 2025-09-20 13:14:59,389: bad callback: <bound method LaneTrackingNode.image_cb of <__main__.LaneTrackingNode object at 0x7f55bef5a1c0>>
Traceback (most recent call last):
  File "/opt/ros/noetic/lib/python3/dist-packages/rospy/topics.py", line 750, in _invoke_callback
    cb(msg)
  File "/home/hyeongseon/catkin_ws/src/lane_tracking_pkg/scripts/lane_tracking_node.py", line 99, in image_cb
    self.handle_frame(frame, msg.header)
  File "/home/hyeongseon/catkin_ws/src/lane_tracking_pkg/scripts/lane_tracking_node.py", line 111, in handle_frame
    lane_center, roi_overlay = detect_lane_center(edges, roi_color, self.debug)
  File "/home/hyeongseon/catkin_ws/src/lane_tracking_pkg/vision/detector.py", line 63, in detect_lane_center
    left_line = _fit_lane(np.vstack(left_points)) if left_points else None
TypeError: _fit_lane() missing 2 required positional arguments: 'y_bottom' and 'y_top'

[rosout][ERROR] 2025-09-20 13:14:59,413: bad callback: <bound method LaneTrackingNode.image_cb of <__main__.LaneTrackingNode object at 0x7f55bef5a1c0>>
Traceback (most recent call last):
  File "/opt/ros/noetic/lib/python3/dist-packages/rospy/topics.py", line 750, in _invoke_callback
    cb(msg)
  File "/home/hyeongseon/catkin_ws/src/lane_tracking_pkg/scripts/lane_tracking_node.py", line 99, in image_cb
    self.handle_frame(frame, msg.header)
  File "/home/hyeongseon/catkin_ws/src/lane_tracking_pkg/scripts/lane_tracking_node.py", line 111, in handle_frame
    lane_center, roi_overlay = detect_lane_center(edges, roi_color, self.debug)
  File "/home/hyeongseon/catkin_ws/src/lane_tracking_pkg/vision/detector.py", line 63, in detect_lane_center
    left_line = _fit_lane(np.vstack(left_points)) if left_points else None
TypeError: _fit_lane() missing 2 required positional arguments: 'y_bottom' and 'y_top'

[rosout][ERROR] 2025-09-20 13:14:59,438: bad callback: <bound method LaneTrackingNode.image_cb of <__main__.LaneTrackingNode object at 0x7f55bef5a1c0>>
Traceback (most recent call last):
  File "/opt/ros/noetic/lib/python3/dist-packages/rospy/topics.py", line 750, in _invoke_callback
    cb(msg)
  File "/home/hyeongseon/catkin_ws/src/lane_tracking_pkg/scripts/lane_tracking_node.py", line 99, in image_cb
    self.handle_frame(frame, msg.header)
  File "/home/hyeongseon/catkin_ws/src/lane_tracking_pkg/scripts/lane_tracking_node.py", line 111, in handle_frame
    lane_center, roi_overlay = detect_lane_center(edges, roi_color, self.debug)
  File "/home/hyeongseon/catkin_ws/src/lane_tracking_pkg/vision/detector.py", line 63, in detect_lane_center
    left_line = _fit_lane(np.vstack(left_points)) if left_points else None
TypeError: _fit_lane() missing 2 required positional arguments: 'y_bottom' and 'y_top'

[rosout][ERROR] 2025-09-20 13:14:59,497: bad callback: <bound method LaneTrackingNode.image_cb of <__main__.LaneTrackingNode object at 0x7f55bef5a1c0>>
Traceback (most recent call last):
  File "/opt/ros/noetic/lib/python3/dist-packages/rospy/topics.py", line 750, in _invoke_callback
    cb(msg)
  File "/home/hyeongseon/catkin_ws/src/lane_tracking_pkg/scripts/lane_tracking_node.py", line 99, in image_cb
    self.handle_frame(frame, msg.header)
  File "/home/hyeongseon/catkin_ws/src/lane_tracking_pkg/scripts/lane_tracking_node.py", line 111, in handle_frame
    lane_center, roi_overlay = detect_lane_center(edges, roi_color, self.debug)
  File "/home/hyeongseon/catkin_ws/src/lane_tracking_pkg/vision/detector.py", line 63, in detect_lane_center
    left_line = _fit_lane(np.vstack(left_points)) if left_points else None
TypeError: _fit_lane() missing 2 required positional arguments: 'y_bottom' and 'y_top'

[rosout][ERROR] 2025-09-20 13:14:59,525: bad callback: <bound method LaneTrackingNode.image_cb of <__main__.LaneTrackingNode object at 0x7f55bef5a1c0>>
Traceback (most recent call last):
  File "/opt/ros/noetic/lib/python3/dist-packages/rospy/topics.py", line 750, in _invoke_callback
    cb(msg)
  File "/home/hyeongseon/catkin_ws/src/lane_tracking_pkg/scripts/lane_tracking_node.py", line 99, in image_cb
    self.handle_frame(frame, msg.header)
  File "/home/hyeongseon/catkin_ws/src/lane_tracking_pkg/scripts/lane_tracking_node.py", line 111, in handle_frame
    lane_center, roi_overlay = detect_lane_center(edges, roi_color, self.debug)
  File "/home/hyeongseon/catkin_ws/src/lane_tracking_pkg/vision/detector.py", line 63, in detect_lane_center
    left_line = _fit_lane(np.vstack(left_points)) if left_points else None
TypeError: _fit_lane() missing 2 required positional arguments: 'y_bottom' and 'y_top'

[rosout][ERROR] 2025-09-20 13:14:59,550: bad callback: <bound method LaneTrackingNode.image_cb of <__main__.LaneTrackingNode object at 0x7f55bef5a1c0>>
Traceback (most recent call last):
  File "/opt/ros/noetic/lib/python3/dist-packages/rospy/topics.py", line 750, in _invoke_callback
    cb(msg)
  File "/home/hyeongseon/catkin_ws/src/lane_tracking_pkg/scripts/lane_tracking_node.py", line 99, in image_cb
    self.handle_frame(frame, msg.header)
  File "/home/hyeongseon/catkin_ws/src/lane_tracking_pkg/scripts/lane_tracking_node.py", line 111, in handle_frame
    lane_center, roi_overlay = detect_lane_center(edges, roi_color, self.debug)
  File "/home/hyeongseon/catkin_ws/src/lane_tracking_pkg/vision/detector.py", line 63, in detect_lane_center
    left_line = _fit_lane(np.vstack(left_points)) if left_points else None
TypeError: _fit_lane() missing 2 required positional arguments: 'y_bottom' and 'y_top'

[rosout][ERROR] 2025-09-20 13:14:59,572: bad callback: <bound method LaneTrackingNode.image_cb of <__main__.LaneTrackingNode object at 0x7f55bef5a1c0>>
Traceback (most recent call last):
  File "/opt/ros/noetic/lib/python3/dist-packages/rospy/topics.py", line 750, in _invoke_callback
    cb(msg)
  File "/home/hyeongseon/catkin_ws/src/lane_tracking_pkg/scripts/lane_tracking_node.py", line 99, in image_cb
    self.handle_frame(frame, msg.header)
  File "/home/hyeongseon/catkin_ws/src/lane_tracking_pkg/scripts/lane_tracking_node.py", line 111, in handle_frame
    lane_center, roi_overlay = detect_lane_center(edges, roi_color, self.debug)
  File "/home/hyeongseon/catkin_ws/src/lane_tracking_pkg/vision/detector.py", line 63, in detect_lane_center
    left_line = _fit_lane(np.vstack(left_points)) if left_points else None
TypeError: _fit_lane() missing 2 required positional arguments: 'y_bottom' and 'y_top'

[rosout][ERROR] 2025-09-20 13:14:59,644: bad callback: <bound method LaneTrackingNode.image_cb of <__main__.LaneTrackingNode object at 0x7f55bef5a1c0>>
Traceback (most recent call last):
  File "/opt/ros/noetic/lib/python3/dist-packages/rospy/topics.py", line 750, in _invoke_callback
    cb(msg)
  File "/home/hyeongseon/catkin_ws/src/lane_tracking_pkg/scripts/lane_tracking_node.py", line 99, in image_cb
    self.handle_frame(frame, msg.header)
  File "/home/hyeongseon/catkin_ws/src/lane_tracking_pkg/scripts/lane_tracking_node.py", line 111, in handle_frame
    lane_center, roi_overlay = detect_lane_center(edges, roi_color, self.debug)
  File "/home/hyeongseon/catkin_ws/src/lane_tracking_pkg/vision/detector.py", line 63, in detect_lane_center
    left_line = _fit_lane(np.vstack(left_points)) if left_points else None
TypeError: _fit_lane() missing 2 required positional arguments: 'y_bottom' and 'y_top'

[rosout][ERROR] 2025-09-20 13:14:59,685: bad callback: <bound method LaneTrackingNode.image_cb of <__main__.LaneTrackingNode object at 0x7f55bef5a1c0>>
Traceback (most recent call last):
  File "/opt/ros/noetic/lib/python3/dist-packages/rospy/topics.py", line 750, in _invoke_callback
    cb(msg)
  File "/home/hyeongseon/catkin_ws/src/lane_tracking_pkg/scripts/lane_tracking_node.py", line 99, in image_cb
    self.handle_frame(frame, msg.header)
  File "/home/hyeongseon/catkin_ws/src/lane_tracking_pkg/scripts/lane_tracking_node.py", line 111, in handle_frame
    lane_center, roi_overlay = detect_lane_center(edges, roi_color, self.debug)
  File "/home/hyeongseon/catkin_ws/src/lane_tracking_pkg/vision/detector.py", line 63, in detect_lane_center
    left_line = _fit_lane(np.vstack(left_points)) if left_points else None
TypeError: _fit_lane() missing 2 required positional arguments: 'y_bottom' and 'y_top'

[rosout][ERROR] 2025-09-20 13:14:59,708: bad callback: <bound method LaneTrackingNode.image_cb of <__main__.LaneTrackingNode object at 0x7f55bef5a1c0>>
Traceback (most recent call last):
  File "/opt/ros/noetic/lib/python3/dist-packages/rospy/topics.py", line 750, in _invoke_callback
    cb(msg)
  File "/home/hyeongseon/catkin_ws/src/lane_tracking_pkg/scripts/lane_tracking_node.py", line 99, in image_cb
    self.handle_frame(frame, msg.header)
  File "/home/hyeongseon/catkin_ws/src/lane_tracking_pkg/scripts/lane_tracking_node.py", line 111, in handle_frame
    lane_center, roi_overlay = detect_lane_center(edges, roi_color, self.debug)
  File "/home/hyeongseon/catkin_ws/src/lane_tracking_pkg/vision/detector.py", line 63, in detect_lane_center
    left_line = _fit_lane(np.vstack(left_points)) if left_points else None
TypeError: _fit_lane() missing 2 required positional arguments: 'y_bottom' and 'y_top'

[rosout][ERROR] 2025-09-20 13:14:59,748: bad callback: <bound method LaneTrackingNode.image_cb of <__main__.LaneTrackingNode object at 0x7f55bef5a1c0>>
Traceback (most recent call last):
  File "/opt/ros/noetic/lib/python3/dist-packages/rospy/topics.py", line 750, in _invoke_callback
    cb(msg)
  File "/home/hyeongseon/catkin_ws/src/lane_tracking_pkg/scripts/lane_tracking_node.py", line 99, in image_cb
    self.handle_frame(frame, msg.header)
  File "/home/hyeongseon/catkin_ws/src/lane_tracking_pkg/scripts/lane_tracking_node.py", line 111, in handle_frame
    lane_center, roi_overlay = detect_lane_center(edges, roi_color, self.debug)
  File "/home/hyeongseon/catkin_ws/src/lane_tracking_pkg/vision/detector.py", line 63, in detect_lane_center
    left_line = _fit_lane(np.vstack(left_points)) if left_points else None
TypeError: _fit_lane() missing 2 required positional arguments: 'y_bottom' and 'y_top'

[rosout][ERROR] 2025-09-20 13:14:59,774: bad callback: <bound method LaneTrackingNode.image_cb of <__main__.LaneTrackingNode object at 0x7f55bef5a1c0>>
Traceback (most recent call last):
  File "/opt/ros/noetic/lib/python3/dist-packages/rospy/topics.py", line 750, in _invoke_callback
    cb(msg)
  File "/home/hyeongseon/catkin_ws/src/lane_tracking_pkg/scripts/lane_tracking_node.py", line 99, in image_cb
    self.handle_frame(frame, msg.header)
  File "/home/hyeongseon/catkin_ws/src/lane_tracking_pkg/scripts/lane_tracking_node.py", line 111, in handle_frame
    lane_center, roi_overlay = detect_lane_center(edges, roi_color, self.debug)
  File "/home/hyeongseon/catkin_ws/src/lane_tracking_pkg/vision/detector.py", line 63, in detect_lane_center
    left_line = _fit_lane(np.vstack(left_points)) if left_points else None
TypeError: _fit_lane() missing 2 required positional arguments: 'y_bottom' and 'y_top'

[rosout][ERROR] 2025-09-20 13:14:59,787: bad callback: <bound method LaneTrackingNode.image_cb of <__main__.LaneTrackingNode object at 0x7f55bef5a1c0>>
Traceback (most recent call last):
  File "/opt/ros/noetic/lib/python3/dist-packages/rospy/topics.py", line 750, in _invoke_callback
    cb(msg)
  File "/home/hyeongseon/catkin_ws/src/lane_tracking_pkg/scripts/lane_tracking_node.py", line 99, in image_cb
    self.handle_frame(frame, msg.header)
  File "/home/hyeongseon/catkin_ws/src/lane_tracking_pkg/scripts/lane_tracking_node.py", line 111, in handle_frame
    lane_center, roi_overlay = detect_lane_center(edges, roi_color, self.debug)
  File "/home/hyeongseon/catkin_ws/src/lane_tracking_pkg/vision/detector.py", line 63, in detect_lane_center
    left_line = _fit_lane(np.vstack(left_points)) if left_points else None
TypeError: _fit_lane() missing 2 required positional arguments: 'y_bottom' and 'y_top'

[rosout][ERROR] 2025-09-20 13:14:59,817: bad callback: <bound method LaneTrackingNode.image_cb of <__main__.LaneTrackingNode object at 0x7f55bef5a1c0>>
Traceback (most recent call last):
  File "/opt/ros/noetic/lib/python3/dist-packages/rospy/topics.py", line 750, in _invoke_callback
    cb(msg)
  File "/home/hyeongseon/catkin_ws/src/lane_tracking_pkg/scripts/lane_tracking_node.py", line 99, in image_cb
    self.handle_frame(frame, msg.header)
  File "/home/hyeongseon/catkin_ws/src/lane_tracking_pkg/scripts/lane_tracking_node.py", line 111, in handle_frame
    lane_center, roi_overlay = detect_lane_center(edges, roi_color, self.debug)
  File "/home/hyeongseon/catkin_ws/src/lane_tracking_pkg/vision/detector.py", line 63, in detect_lane_center
    left_line = _fit_lane(np.vstack(left_points)) if left_points else None
TypeError: _fit_lane() missing 2 required positional arguments: 'y_bottom' and 'y_top'

[rosout][ERROR] 2025-09-20 13:14:59,880: bad callback: <bound method LaneTrackingNode.image_cb of <__main__.LaneTrackingNode object at 0x7f55bef5a1c0>>
Traceback (most recent call last):
  File "/opt/ros/noetic/lib/python3/dist-packages/rospy/topics.py", line 750, in _invoke_callback
    cb(msg)
  File "/home/hyeongseon/catkin_ws/src/lane_tracking_pkg/scripts/lane_tracking_node.py", line 99, in image_cb
    self.handle_frame(frame, msg.header)
  File "/home/hyeongseon/catkin_ws/src/lane_tracking_pkg/scripts/lane_tracking_node.py", line 111, in handle_frame
    lane_center, roi_overlay = detect_lane_center(edges, roi_color, self.debug)
  File "/home/hyeongseon/catkin_ws/src/lane_tracking_pkg/vision/detector.py", line 63, in detect_lane_center
    left_line = _fit_lane(np.vstack(left_points)) if left_points else None
TypeError: _fit_lane() missing 2 required positional arguments: 'y_bottom' and 'y_top'

[rosout][ERROR] 2025-09-20 13:14:59,927: bad callback: <bound method LaneTrackingNode.image_cb of <__main__.LaneTrackingNode object at 0x7f55bef5a1c0>>
Traceback (most recent call last):
  File "/opt/ros/noetic/lib/python3/dist-packages/rospy/topics.py", line 750, in _invoke_callback
    cb(msg)
  File "/home/hyeongseon/catkin_ws/src/lane_tracking_pkg/scripts/lane_tracking_node.py", line 99, in image_cb
    self.handle_frame(frame, msg.header)
  File "/home/hyeongseon/catkin_ws/src/lane_tracking_pkg/scripts/lane_tracking_node.py", line 111, in handle_frame
    lane_center, roi_overlay = detect_lane_center(edges, roi_color, self.debug)
  File "/home/hyeongseon/catkin_ws/src/lane_tracking_pkg/vision/detector.py", line 63, in detect_lane_center
    left_line = _fit_lane(np.vstack(left_points)) if left_points else None
TypeError: _fit_lane() missing 2 required positional arguments: 'y_bottom' and 'y_top'

[rosout][ERROR] 2025-09-20 13:14:59,945: bad callback: <bound method LaneTrackingNode.image_cb of <__main__.LaneTrackingNode object at 0x7f55bef5a1c0>>
Traceback (most recent call last):
  File "/opt/ros/noetic/lib/python3/dist-packages/rospy/topics.py", line 750, in _invoke_callback
    cb(msg)
  File "/home/hyeongseon/catkin_ws/src/lane_tracking_pkg/scripts/lane_tracking_node.py", line 99, in image_cb
    self.handle_frame(frame, msg.header)
  File "/home/hyeongseon/catkin_ws/src/lane_tracking_pkg/scripts/lane_tracking_node.py", line 111, in handle_frame
    lane_center, roi_overlay = detect_lane_center(edges, roi_color, self.debug)
  File "/home/hyeongseon/catkin_ws/src/lane_tracking_pkg/vision/detector.py", line 63, in detect_lane_center
    left_line = _fit_lane(np.vstack(left_points)) if left_points else None
TypeError: _fit_lane() missing 2 required positional arguments: 'y_bottom' and 'y_top'

[rosout][ERROR] 2025-09-20 13:14:59,980: bad callback: <bound method LaneTrackingNode.image_cb of <__main__.LaneTrackingNode object at 0x7f55bef5a1c0>>
Traceback (most recent call last):
  File "/opt/ros/noetic/lib/python3/dist-packages/rospy/topics.py", line 750, in _invoke_callback
    cb(msg)
  File "/home/hyeongseon/catkin_ws/src/lane_tracking_pkg/scripts/lane_tracking_node.py", line 99, in image_cb
    self.handle_frame(frame, msg.header)
  File "/home/hyeongseon/catkin_ws/src/lane_tracking_pkg/scripts/lane_tracking_node.py", line 111, in handle_frame
    lane_center, roi_overlay = detect_lane_center(edges, roi_color, self.debug)
  File "/home/hyeongseon/catkin_ws/src/lane_tracking_pkg/vision/detector.py", line 63, in detect_lane_center
    left_line = _fit_lane(np.vstack(left_points)) if left_points else None
TypeError: _fit_lane() missing 2 required positional arguments: 'y_bottom' and 'y_top'

[rosout][ERROR] 2025-09-20 13:15:00,007: bad callback: <bound method LaneTrackingNode.image_cb of <__main__.LaneTrackingNode object at 0x7f55bef5a1c0>>
Traceback (most recent call last):
  File "/opt/ros/noetic/lib/python3/dist-packages/rospy/topics.py", line 750, in _invoke_callback
    cb(msg)
  File "/home/hyeongseon/catkin_ws/src/lane_tracking_pkg/scripts/lane_tracking_node.py", line 99, in image_cb
    self.handle_frame(frame, msg.header)
  File "/home/hyeongseon/catkin_ws/src/lane_tracking_pkg/scripts/lane_tracking_node.py", line 111, in handle_frame
    lane_center, roi_overlay = detect_lane_center(edges, roi_color, self.debug)
  File "/home/hyeongseon/catkin_ws/src/lane_tracking_pkg/vision/detector.py", line 63, in detect_lane_center
    left_line = _fit_lane(np.vstack(left_points)) if left_points else None
TypeError: _fit_lane() missing 2 required positional arguments: 'y_bottom' and 'y_top'

[rosout][ERROR] 2025-09-20 13:15:00,050: bad callback: <bound method LaneTrackingNode.image_cb of <__main__.LaneTrackingNode object at 0x7f55bef5a1c0>>
Traceback (most recent call last):
  File "/opt/ros/noetic/lib/python3/dist-packages/rospy/topics.py", line 750, in _invoke_callback
    cb(msg)
  File "/home/hyeongseon/catkin_ws/src/lane_tracking_pkg/scripts/lane_tracking_node.py", line 99, in image_cb
    self.handle_frame(frame, msg.header)
  File "/home/hyeongseon/catkin_ws/src/lane_tracking_pkg/scripts/lane_tracking_node.py", line 111, in handle_frame
    lane_center, roi_overlay = detect_lane_center(edges, roi_color, self.debug)
  File "/home/hyeongseon/catkin_ws/src/lane_tracking_pkg/vision/detector.py", line 63, in detect_lane_center
    left_line = _fit_lane(np.vstack(left_points)) if left_points else None
TypeError: _fit_lane() missing 2 required positional arguments: 'y_bottom' and 'y_top'

[rosout][ERROR] 2025-09-20 13:15:00,063: bad callback: <bound method LaneTrackingNode.image_cb of <__main__.LaneTrackingNode object at 0x7f55bef5a1c0>>
Traceback (most recent call last):
  File "/opt/ros/noetic/lib/python3/dist-packages/rospy/topics.py", line 750, in _invoke_callback
    cb(msg)
  File "/home/hyeongseon/catkin_ws/src/lane_tracking_pkg/scripts/lane_tracking_node.py", line 99, in image_cb
    self.handle_frame(frame, msg.header)
  File "/home/hyeongseon/catkin_ws/src/lane_tracking_pkg/scripts/lane_tracking_node.py", line 111, in handle_frame
    lane_center, roi_overlay = detect_lane_center(edges, roi_color, self.debug)
  File "/home/hyeongseon/catkin_ws/src/lane_tracking_pkg/vision/detector.py", line 63, in detect_lane_center
    left_line = _fit_lane(np.vstack(left_points)) if left_points else None
TypeError: _fit_lane() missing 2 required positional arguments: 'y_bottom' and 'y_top'

[rosout][ERROR] 2025-09-20 13:15:00,090: bad callback: <bound method LaneTrackingNode.image_cb of <__main__.LaneTrackingNode object at 0x7f55bef5a1c0>>
Traceback (most recent call last):
  File "/opt/ros/noetic/lib/python3/dist-packages/rospy/topics.py", line 750, in _invoke_callback
    cb(msg)
  File "/home/hyeongseon/catkin_ws/src/lane_tracking_pkg/scripts/lane_tracking_node.py", line 99, in image_cb
    self.handle_frame(frame, msg.header)
  File "/home/hyeongseon/catkin_ws/src/lane_tracking_pkg/scripts/lane_tracking_node.py", line 111, in handle_frame
    lane_center, roi_overlay = detect_lane_center(edges, roi_color, self.debug)
  File "/home/hyeongseon/catkin_ws/src/lane_tracking_pkg/vision/detector.py", line 63, in detect_lane_center
    left_line = _fit_lane(np.vstack(left_points)) if left_points else None
TypeError: _fit_lane() missing 2 required positional arguments: 'y_bottom' and 'y_top'

[rosout][ERROR] 2025-09-20 13:15:00,110: bad callback: <bound method LaneTrackingNode.image_cb of <__main__.LaneTrackingNode object at 0x7f55bef5a1c0>>
Traceback (most recent call last):
  File "/opt/ros/noetic/lib/python3/dist-packages/rospy/topics.py", line 750, in _invoke_callback
    cb(msg)
  File "/home/hyeongseon/catkin_ws/src/lane_tracking_pkg/scripts/lane_tracking_node.py", line 99, in image_cb
    self.handle_frame(frame, msg.header)
  File "/home/hyeongseon/catkin_ws/src/lane_tracking_pkg/scripts/lane_tracking_node.py", line 111, in handle_frame
    lane_center, roi_overlay = detect_lane_center(edges, roi_color, self.debug)
  File "/home/hyeongseon/catkin_ws/src/lane_tracking_pkg/vision/detector.py", line 63, in detect_lane_center
    left_line = _fit_lane(np.vstack(left_points)) if left_points else None
TypeError: _fit_lane() missing 2 required positional arguments: 'y_bottom' and 'y_top'

[rosout][ERROR] 2025-09-20 13:15:00,152: bad callback: <bound method LaneTrackingNode.image_cb of <__main__.LaneTrackingNode object at 0x7f55bef5a1c0>>
Traceback (most recent call last):
  File "/opt/ros/noetic/lib/python3/dist-packages/rospy/topics.py", line 750, in _invoke_callback
    cb(msg)
  File "/home/hyeongseon/catkin_ws/src/lane_tracking_pkg/scripts/lane_tracking_node.py", line 99, in image_cb
    self.handle_frame(frame, msg.header)
  File "/home/hyeongseon/catkin_ws/src/lane_tracking_pkg/scripts/lane_tracking_node.py", line 111, in handle_frame
    lane_center, roi_overlay = detect_lane_center(edges, roi_color, self.debug)
  File "/home/hyeongseon/catkin_ws/src/lane_tracking_pkg/vision/detector.py", line 63, in detect_lane_center
    left_line = _fit_lane(np.vstack(left_points)) if left_points else None
TypeError: _fit_lane() missing 2 required positional arguments: 'y_bottom' and 'y_top'

[rosout][ERROR] 2025-09-20 13:15:00,185: bad callback: <bound method LaneTrackingNode.image_cb of <__main__.LaneTrackingNode object at 0x7f55bef5a1c0>>
Traceback (most recent call last):
  File "/opt/ros/noetic/lib/python3/dist-packages/rospy/topics.py", line 750, in _invoke_callback
    cb(msg)
  File "/home/hyeongseon/catkin_ws/src/lane_tracking_pkg/scripts/lane_tracking_node.py", line 99, in image_cb
    self.handle_frame(frame, msg.header)
  File "/home/hyeongseon/catkin_ws/src/lane_tracking_pkg/scripts/lane_tracking_node.py", line 111, in handle_frame
    lane_center, roi_overlay = detect_lane_center(edges, roi_color, self.debug)
  File "/home/hyeongseon/catkin_ws/src/lane_tracking_pkg/vision/detector.py", line 63, in detect_lane_center
    left_line = _fit_lane(np.vstack(left_points)) if left_points else None
TypeError: _fit_lane() missing 2 required positional arguments: 'y_bottom' and 'y_top'

[rosout][ERROR] 2025-09-20 13:15:00,214: bad callback: <bound method LaneTrackingNode.image_cb of <__main__.LaneTrackingNode object at 0x7f55bef5a1c0>>
Traceback (most recent call last):
  File "/opt/ros/noetic/lib/python3/dist-packages/rospy/topics.py", line 750, in _invoke_callback
    cb(msg)
  File "/home/hyeongseon/catkin_ws/src/lane_tracking_pkg/scripts/lane_tracking_node.py", line 99, in image_cb
    self.handle_frame(frame, msg.header)
  File "/home/hyeongseon/catkin_ws/src/lane_tracking_pkg/scripts/lane_tracking_node.py", line 111, in handle_frame
    lane_center, roi_overlay = detect_lane_center(edges, roi_color, self.debug)
  File "/home/hyeongseon/catkin_ws/src/lane_tracking_pkg/vision/detector.py", line 63, in detect_lane_center
    left_line = _fit_lane(np.vstack(left_points)) if left_points else None
TypeError: _fit_lane() missing 2 required positional arguments: 'y_bottom' and 'y_top'

[rosout][ERROR] 2025-09-20 13:15:00,245: bad callback: <bound method LaneTrackingNode.image_cb of <__main__.LaneTrackingNode object at 0x7f55bef5a1c0>>
Traceback (most recent call last):
  File "/opt/ros/noetic/lib/python3/dist-packages/rospy/topics.py", line 750, in _invoke_callback
    cb(msg)
  File "/home/hyeongseon/catkin_ws/src/lane_tracking_pkg/scripts/lane_tracking_node.py", line 99, in image_cb
    self.handle_frame(frame, msg.header)
  File "/home/hyeongseon/catkin_ws/src/lane_tracking_pkg/scripts/lane_tracking_node.py", line 111, in handle_frame
    lane_center, roi_overlay = detect_lane_center(edges, roi_color, self.debug)
  File "/home/hyeongseon/catkin_ws/src/lane_tracking_pkg/vision/detector.py", line 63, in detect_lane_center
    left_line = _fit_lane(np.vstack(left_points)) if left_points else None
TypeError: _fit_lane() missing 2 required positional arguments: 'y_bottom' and 'y_top'

[rosout][ERROR] 2025-09-20 13:15:00,266: bad callback: <bound method LaneTrackingNode.image_cb of <__main__.LaneTrackingNode object at 0x7f55bef5a1c0>>
Traceback (most recent call last):
  File "/opt/ros/noetic/lib/python3/dist-packages/rospy/topics.py", line 750, in _invoke_callback
    cb(msg)
  File "/home/hyeongseon/catkin_ws/src/lane_tracking_pkg/scripts/lane_tracking_node.py", line 99, in image_cb
    self.handle_frame(frame, msg.header)
  File "/home/hyeongseon/catkin_ws/src/lane_tracking_pkg/scripts/lane_tracking_node.py", line 111, in handle_frame
    lane_center, roi_overlay = detect_lane_center(edges, roi_color, self.debug)
  File "/home/hyeongseon/catkin_ws/src/lane_tracking_pkg/vision/detector.py", line 63, in detect_lane_center
    left_line = _fit_lane(np.vstack(left_points)) if left_points else None
TypeError: _fit_lane() missing 2 required positional arguments: 'y_bottom' and 'y_top'

[rosout][ERROR] 2025-09-20 13:15:00,302: bad callback: <bound method LaneTrackingNode.image_cb of <__main__.LaneTrackingNode object at 0x7f55bef5a1c0>>
Traceback (most recent call last):
  File "/opt/ros/noetic/lib/python3/dist-packages/rospy/topics.py", line 750, in _invoke_callback
    cb(msg)
  File "/home/hyeongseon/catkin_ws/src/lane_tracking_pkg/scripts/lane_tracking_node.py", line 99, in image_cb
    self.handle_frame(frame, msg.header)
  File "/home/hyeongseon/catkin_ws/src/lane_tracking_pkg/scripts/lane_tracking_node.py", line 111, in handle_frame
    lane_center, roi_overlay = detect_lane_center(edges, roi_color, self.debug)
  File "/home/hyeongseon/catkin_ws/src/lane_tracking_pkg/vision/detector.py", line 63, in detect_lane_center
    left_line = _fit_lane(np.vstack(left_points)) if left_points else None
TypeError: _fit_lane() missing 2 required positional arguments: 'y_bottom' and 'y_top'

[rosout][ERROR] 2025-09-20 13:15:00,351: bad callback: <bound method LaneTrackingNode.image_cb of <__main__.LaneTrackingNode object at 0x7f55bef5a1c0>>
Traceback (most recent call last):
  File "/opt/ros/noetic/lib/python3/dist-packages/rospy/topics.py", line 750, in _invoke_callback
    cb(msg)
  File "/home/hyeongseon/catkin_ws/src/lane_tracking_pkg/scripts/lane_tracking_node.py", line 99, in image_cb
    self.handle_frame(frame, msg.header)
  File "/home/hyeongseon/catkin_ws/src/lane_tracking_pkg/scripts/lane_tracking_node.py", line 111, in handle_frame
    lane_center, roi_overlay = detect_lane_center(edges, roi_color, self.debug)
  File "/home/hyeongseon/catkin_ws/src/lane_tracking_pkg/vision/detector.py", line 63, in detect_lane_center
    left_line = _fit_lane(np.vstack(left_points)) if left_points else None
TypeError: _fit_lane() missing 2 required positional arguments: 'y_bottom' and 'y_top'

[rosout][ERROR] 2025-09-20 13:15:00,383: bad callback: <bound method LaneTrackingNode.image_cb of <__main__.LaneTrackingNode object at 0x7f55bef5a1c0>>
Traceback (most recent call last):
  File "/opt/ros/noetic/lib/python3/dist-packages/rospy/topics.py", line 750, in _invoke_callback
    cb(msg)
  File "/home/hyeongseon/catkin_ws/src/lane_tracking_pkg/scripts/lane_tracking_node.py", line 99, in image_cb
    self.handle_frame(frame, msg.header)
  File "/home/hyeongseon/catkin_ws/src/lane_tracking_pkg/scripts/lane_tracking_node.py", line 111, in handle_frame
    lane_center, roi_overlay = detect_lane_center(edges, roi_color, self.debug)
  File "/home/hyeongseon/catkin_ws/src/lane_tracking_pkg/vision/detector.py", line 63, in detect_lane_center
    left_line = _fit_lane(np.vstack(left_points)) if left_points else None
TypeError: _fit_lane() missing 2 required positional arguments: 'y_bottom' and 'y_top'

[rosout][ERROR] 2025-09-20 13:15:00,405: bad callback: <bound method LaneTrackingNode.image_cb of <__main__.LaneTrackingNode object at 0x7f55bef5a1c0>>
Traceback (most recent call last):
  File "/opt/ros/noetic/lib/python3/dist-packages/rospy/topics.py", line 750, in _invoke_callback
    cb(msg)
  File "/home/hyeongseon/catkin_ws/src/lane_tracking_pkg/scripts/lane_tracking_node.py", line 99, in image_cb
    self.handle_frame(frame, msg.header)
  File "/home/hyeongseon/catkin_ws/src/lane_tracking_pkg/scripts/lane_tracking_node.py", line 111, in handle_frame
    lane_center, roi_overlay = detect_lane_center(edges, roi_color, self.debug)
  File "/home/hyeongseon/catkin_ws/src/lane_tracking_pkg/vision/detector.py", line 63, in detect_lane_center
    left_line = _fit_lane(np.vstack(left_points)) if left_points else None
TypeError: _fit_lane() missing 2 required positional arguments: 'y_bottom' and 'y_top'

[rosout][ERROR] 2025-09-20 13:15:00,455: bad callback: <bound method LaneTrackingNode.image_cb of <__main__.LaneTrackingNode object at 0x7f55bef5a1c0>>
Traceback (most recent call last):
  File "/opt/ros/noetic/lib/python3/dist-packages/rospy/topics.py", line 750, in _invoke_callback
    cb(msg)
  File "/home/hyeongseon/catkin_ws/src/lane_tracking_pkg/scripts/lane_tracking_node.py", line 99, in image_cb
    self.handle_frame(frame, msg.header)
  File "/home/hyeongseon/catkin_ws/src/lane_tracking_pkg/scripts/lane_tracking_node.py", line 111, in handle_frame
    lane_center, roi_overlay = detect_lane_center(edges, roi_color, self.debug)
  File "/home/hyeongseon/catkin_ws/src/lane_tracking_pkg/vision/detector.py", line 63, in detect_lane_center
    left_line = _fit_lane(np.vstack(left_points)) if left_points else None
TypeError: _fit_lane() missing 2 required positional arguments: 'y_bottom' and 'y_top'

[rosout][ERROR] 2025-09-20 13:15:00,497: bad callback: <bound method LaneTrackingNode.image_cb of <__main__.LaneTrackingNode object at 0x7f55bef5a1c0>>
Traceback (most recent call last):
  File "/opt/ros/noetic/lib/python3/dist-packages/rospy/topics.py", line 750, in _invoke_callback
    cb(msg)
  File "/home/hyeongseon/catkin_ws/src/lane_tracking_pkg/scripts/lane_tracking_node.py", line 99, in image_cb
    self.handle_frame(frame, msg.header)
  File "/home/hyeongseon/catkin_ws/src/lane_tracking_pkg/scripts/lane_tracking_node.py", line 111, in handle_frame
    lane_center, roi_overlay = detect_lane_center(edges, roi_color, self.debug)
  File "/home/hyeongseon/catkin_ws/src/lane_tracking_pkg/vision/detector.py", line 63, in detect_lane_center
    left_line = _fit_lane(np.vstack(left_points)) if left_points else None
TypeError: _fit_lane() missing 2 required positional arguments: 'y_bottom' and 'y_top'

[rosout][ERROR] 2025-09-20 13:15:00,520: bad callback: <bound method LaneTrackingNode.image_cb of <__main__.LaneTrackingNode object at 0x7f55bef5a1c0>>
Traceback (most recent call last):
  File "/opt/ros/noetic/lib/python3/dist-packages/rospy/topics.py", line 750, in _invoke_callback
    cb(msg)
  File "/home/hyeongseon/catkin_ws/src/lane_tracking_pkg/scripts/lane_tracking_node.py", line 99, in image_cb
    self.handle_frame(frame, msg.header)
  File "/home/hyeongseon/catkin_ws/src/lane_tracking_pkg/scripts/lane_tracking_node.py", line 111, in handle_frame
    lane_center, roi_overlay = detect_lane_center(edges, roi_color, self.debug)
  File "/home/hyeongseon/catkin_ws/src/lane_tracking_pkg/vision/detector.py", line 63, in detect_lane_center
    left_line = _fit_lane(np.vstack(left_points)) if left_points else None
TypeError: _fit_lane() missing 2 required positional arguments: 'y_bottom' and 'y_top'

[rosout][ERROR] 2025-09-20 13:15:00,560: bad callback: <bound method LaneTrackingNode.image_cb of <__main__.LaneTrackingNode object at 0x7f55bef5a1c0>>
Traceback (most recent call last):
  File "/opt/ros/noetic/lib/python3/dist-packages/rospy/topics.py", line 750, in _invoke_callback
    cb(msg)
  File "/home/hyeongseon/catkin_ws/src/lane_tracking_pkg/scripts/lane_tracking_node.py", line 99, in image_cb
    self.handle_frame(frame, msg.header)
  File "/home/hyeongseon/catkin_ws/src/lane_tracking_pkg/scripts/lane_tracking_node.py", line 111, in handle_frame
    lane_center, roi_overlay = detect_lane_center(edges, roi_color, self.debug)
  File "/home/hyeongseon/catkin_ws/src/lane_tracking_pkg/vision/detector.py", line 63, in detect_lane_center
    left_line = _fit_lane(np.vstack(left_points)) if left_points else None
TypeError: _fit_lane() missing 2 required positional arguments: 'y_bottom' and 'y_top'

[rosout][ERROR] 2025-09-20 13:15:00,582: bad callback: <bound method LaneTrackingNode.image_cb of <__main__.LaneTrackingNode object at 0x7f55bef5a1c0>>
Traceback (most recent call last):
  File "/opt/ros/noetic/lib/python3/dist-packages/rospy/topics.py", line 750, in _invoke_callback
    cb(msg)
  File "/home/hyeongseon/catkin_ws/src/lane_tracking_pkg/scripts/lane_tracking_node.py", line 99, in image_cb
    self.handle_frame(frame, msg.header)
  File "/home/hyeongseon/catkin_ws/src/lane_tracking_pkg/scripts/lane_tracking_node.py", line 111, in handle_frame
    lane_center, roi_overlay = detect_lane_center(edges, roi_color, self.debug)
  File "/home/hyeongseon/catkin_ws/src/lane_tracking_pkg/vision/detector.py", line 63, in detect_lane_center
    left_line = _fit_lane(np.vstack(left_points)) if left_points else None
TypeError: _fit_lane() missing 2 required positional arguments: 'y_bottom' and 'y_top'

[rosout][ERROR] 2025-09-20 13:15:00,634: bad callback: <bound method LaneTrackingNode.image_cb of <__main__.LaneTrackingNode object at 0x7f55bef5a1c0>>
Traceback (most recent call last):
  File "/opt/ros/noetic/lib/python3/dist-packages/rospy/topics.py", line 750, in _invoke_callback
    cb(msg)
  File "/home/hyeongseon/catkin_ws/src/lane_tracking_pkg/scripts/lane_tracking_node.py", line 99, in image_cb
    self.handle_frame(frame, msg.header)
  File "/home/hyeongseon/catkin_ws/src/lane_tracking_pkg/scripts/lane_tracking_node.py", line 111, in handle_frame
    lane_center, roi_overlay = detect_lane_center(edges, roi_color, self.debug)
  File "/home/hyeongseon/catkin_ws/src/lane_tracking_pkg/vision/detector.py", line 63, in detect_lane_center
    left_line = _fit_lane(np.vstack(left_points)) if left_points else None
TypeError: _fit_lane() missing 2 required positional arguments: 'y_bottom' and 'y_top'

[rosout][ERROR] 2025-09-20 13:15:00,650: bad callback: <bound method LaneTrackingNode.image_cb of <__main__.LaneTrackingNode object at 0x7f55bef5a1c0>>
Traceback (most recent call last):
  File "/opt/ros/noetic/lib/python3/dist-packages/rospy/topics.py", line 750, in _invoke_callback
    cb(msg)
  File "/home/hyeongseon/catkin_ws/src/lane_tracking_pkg/scripts/lane_tracking_node.py", line 99, in image_cb
    self.handle_frame(frame, msg.header)
  File "/home/hyeongseon/catkin_ws/src/lane_tracking_pkg/scripts/lane_tracking_node.py", line 111, in handle_frame
    lane_center, roi_overlay = detect_lane_center(edges, roi_color, self.debug)
  File "/home/hyeongseon/catkin_ws/src/lane_tracking_pkg/vision/detector.py", line 63, in detect_lane_center
    left_line = _fit_lane(np.vstack(left_points)) if left_points else None
TypeError: _fit_lane() missing 2 required positional arguments: 'y_bottom' and 'y_top'

[rosout][ERROR] 2025-09-20 13:15:00,679: bad callback: <bound method LaneTrackingNode.image_cb of <__main__.LaneTrackingNode object at 0x7f55bef5a1c0>>
Traceback (most recent call last):
  File "/opt/ros/noetic/lib/python3/dist-packages/rospy/topics.py", line 750, in _invoke_callback
    cb(msg)
  File "/home/hyeongseon/catkin_ws/src/lane_tracking_pkg/scripts/lane_tracking_node.py", line 99, in image_cb
    self.handle_frame(frame, msg.header)
  File "/home/hyeongseon/catkin_ws/src/lane_tracking_pkg/scripts/lane_tracking_node.py", line 111, in handle_frame
    lane_center, roi_overlay = detect_lane_center(edges, roi_color, self.debug)
  File "/home/hyeongseon/catkin_ws/src/lane_tracking_pkg/vision/detector.py", line 63, in detect_lane_center
    left_line = _fit_lane(np.vstack(left_points)) if left_points else None
TypeError: _fit_lane() missing 2 required positional arguments: 'y_bottom' and 'y_top'

[rosout][ERROR] 2025-09-20 13:15:00,737: bad callback: <bound method LaneTrackingNode.image_cb of <__main__.LaneTrackingNode object at 0x7f55bef5a1c0>>
Traceback (most recent call last):
  File "/opt/ros/noetic/lib/python3/dist-packages/rospy/topics.py", line 750, in _invoke_callback
    cb(msg)
  File "/home/hyeongseon/catkin_ws/src/lane_tracking_pkg/scripts/lane_tracking_node.py", line 99, in image_cb
    self.handle_frame(frame, msg.header)
  File "/home/hyeongseon/catkin_ws/src/lane_tracking_pkg/scripts/lane_tracking_node.py", line 111, in handle_frame
    lane_center, roi_overlay = detect_lane_center(edges, roi_color, self.debug)
  File "/home/hyeongseon/catkin_ws/src/lane_tracking_pkg/vision/detector.py", line 63, in detect_lane_center
    left_line = _fit_lane(np.vstack(left_points)) if left_points else None
TypeError: _fit_lane() missing 2 required positional arguments: 'y_bottom' and 'y_top'

[rosout][ERROR] 2025-09-20 13:15:00,783: bad callback: <bound method LaneTrackingNode.image_cb of <__main__.LaneTrackingNode object at 0x7f55bef5a1c0>>
Traceback (most recent call last):
  File "/opt/ros/noetic/lib/python3/dist-packages/rospy/topics.py", line 750, in _invoke_callback
    cb(msg)
  File "/home/hyeongseon/catkin_ws/src/lane_tracking_pkg/scripts/lane_tracking_node.py", line 99, in image_cb
    self.handle_frame(frame, msg.header)
  File "/home/hyeongseon/catkin_ws/src/lane_tracking_pkg/scripts/lane_tracking_node.py", line 111, in handle_frame
    lane_center, roi_overlay = detect_lane_center(edges, roi_color, self.debug)
  File "/home/hyeongseon/catkin_ws/src/lane_tracking_pkg/vision/detector.py", line 63, in detect_lane_center
    left_line = _fit_lane(np.vstack(left_points)) if left_points else None
TypeError: _fit_lane() missing 2 required positional arguments: 'y_bottom' and 'y_top'

[rosout][ERROR] 2025-09-20 13:15:00,820: bad callback: <bound method LaneTrackingNode.image_cb of <__main__.LaneTrackingNode object at 0x7f55bef5a1c0>>
Traceback (most recent call last):
  File "/opt/ros/noetic/lib/python3/dist-packages/rospy/topics.py", line 750, in _invoke_callback
    cb(msg)
  File "/home/hyeongseon/catkin_ws/src/lane_tracking_pkg/scripts/lane_tracking_node.py", line 99, in image_cb
    self.handle_frame(frame, msg.header)
  File "/home/hyeongseon/catkin_ws/src/lane_tracking_pkg/scripts/lane_tracking_node.py", line 111, in handle_frame
    lane_center, roi_overlay = detect_lane_center(edges, roi_color, self.debug)
  File "/home/hyeongseon/catkin_ws/src/lane_tracking_pkg/vision/detector.py", line 63, in detect_lane_center
    left_line = _fit_lane(np.vstack(left_points)) if left_points else None
TypeError: _fit_lane() missing 2 required positional arguments: 'y_bottom' and 'y_top'

[rosout][ERROR] 2025-09-20 13:15:00,870: bad callback: <bound method LaneTrackingNode.image_cb of <__main__.LaneTrackingNode object at 0x7f55bef5a1c0>>
Traceback (most recent call last):
  File "/opt/ros/noetic/lib/python3/dist-packages/rospy/topics.py", line 750, in _invoke_callback
    cb(msg)
  File "/home/hyeongseon/catkin_ws/src/lane_tracking_pkg/scripts/lane_tracking_node.py", line 99, in image_cb
    self.handle_frame(frame, msg.header)
  File "/home/hyeongseon/catkin_ws/src/lane_tracking_pkg/scripts/lane_tracking_node.py", line 111, in handle_frame
    lane_center, roi_overlay = detect_lane_center(edges, roi_color, self.debug)
  File "/home/hyeongseon/catkin_ws/src/lane_tracking_pkg/vision/detector.py", line 63, in detect_lane_center
    left_line = _fit_lane(np.vstack(left_points)) if left_points else None
TypeError: _fit_lane() missing 2 required positional arguments: 'y_bottom' and 'y_top'

[rosout][ERROR] 2025-09-20 13:15:00,886: bad callback: <bound method LaneTrackingNode.image_cb of <__main__.LaneTrackingNode object at 0x7f55bef5a1c0>>
Traceback (most recent call last):
  File "/opt/ros/noetic/lib/python3/dist-packages/rospy/topics.py", line 750, in _invoke_callback
    cb(msg)
  File "/home/hyeongseon/catkin_ws/src/lane_tracking_pkg/scripts/lane_tracking_node.py", line 99, in image_cb
    self.handle_frame(frame, msg.header)
  File "/home/hyeongseon/catkin_ws/src/lane_tracking_pkg/scripts/lane_tracking_node.py", line 111, in handle_frame
    lane_center, roi_overlay = detect_lane_center(edges, roi_color, self.debug)
  File "/home/hyeongseon/catkin_ws/src/lane_tracking_pkg/vision/detector.py", line 63, in detect_lane_center
    left_line = _fit_lane(np.vstack(left_points)) if left_points else None
TypeError: _fit_lane() missing 2 required positional arguments: 'y_bottom' and 'y_top'

[rosout][ERROR] 2025-09-20 13:15:00,923: bad callback: <bound method LaneTrackingNode.image_cb of <__main__.LaneTrackingNode object at 0x7f55bef5a1c0>>
Traceback (most recent call last):
  File "/opt/ros/noetic/lib/python3/dist-packages/rospy/topics.py", line 750, in _invoke_callback
    cb(msg)
  File "/home/hyeongseon/catkin_ws/src/lane_tracking_pkg/scripts/lane_tracking_node.py", line 99, in image_cb
    self.handle_frame(frame, msg.header)
  File "/home/hyeongseon/catkin_ws/src/lane_tracking_pkg/scripts/lane_tracking_node.py", line 111, in handle_frame
    lane_center, roi_overlay = detect_lane_center(edges, roi_color, self.debug)
  File "/home/hyeongseon/catkin_ws/src/lane_tracking_pkg/vision/detector.py", line 63, in detect_lane_center
    left_line = _fit_lane(np.vstack(left_points)) if left_points else None
TypeError: _fit_lane() missing 2 required positional arguments: 'y_bottom' and 'y_top'

[rosout][ERROR] 2025-09-20 13:15:00,957: bad callback: <bound method LaneTrackingNode.image_cb of <__main__.LaneTrackingNode object at 0x7f55bef5a1c0>>
Traceback (most recent call last):
  File "/opt/ros/noetic/lib/python3/dist-packages/rospy/topics.py", line 750, in _invoke_callback
    cb(msg)
  File "/home/hyeongseon/catkin_ws/src/lane_tracking_pkg/scripts/lane_tracking_node.py", line 99, in image_cb
    self.handle_frame(frame, msg.header)
  File "/home/hyeongseon/catkin_ws/src/lane_tracking_pkg/scripts/lane_tracking_node.py", line 111, in handle_frame
    lane_center, roi_overlay = detect_lane_center(edges, roi_color, self.debug)
  File "/home/hyeongseon/catkin_ws/src/lane_tracking_pkg/vision/detector.py", line 63, in detect_lane_center
    left_line = _fit_lane(np.vstack(left_points)) if left_points else None
TypeError: _fit_lane() missing 2 required positional arguments: 'y_bottom' and 'y_top'

[rosout][ERROR] 2025-09-20 13:15:01,004: bad callback: <bound method LaneTrackingNode.image_cb of <__main__.LaneTrackingNode object at 0x7f55bef5a1c0>>
Traceback (most recent call last):
  File "/opt/ros/noetic/lib/python3/dist-packages/rospy/topics.py", line 750, in _invoke_callback
    cb(msg)
  File "/home/hyeongseon/catkin_ws/src/lane_tracking_pkg/scripts/lane_tracking_node.py", line 99, in image_cb
    self.handle_frame(frame, msg.header)
  File "/home/hyeongseon/catkin_ws/src/lane_tracking_pkg/scripts/lane_tracking_node.py", line 111, in handle_frame
    lane_center, roi_overlay = detect_lane_center(edges, roi_color, self.debug)
  File "/home/hyeongseon/catkin_ws/src/lane_tracking_pkg/vision/detector.py", line 63, in detect_lane_center
    left_line = _fit_lane(np.vstack(left_points)) if left_points else None
TypeError: _fit_lane() missing 2 required positional arguments: 'y_bottom' and 'y_top'

[rosout][ERROR] 2025-09-20 13:15:01,021: bad callback: <bound method LaneTrackingNode.image_cb of <__main__.LaneTrackingNode object at 0x7f55bef5a1c0>>
Traceback (most recent call last):
  File "/opt/ros/noetic/lib/python3/dist-packages/rospy/topics.py", line 750, in _invoke_callback
    cb(msg)
  File "/home/hyeongseon/catkin_ws/src/lane_tracking_pkg/scripts/lane_tracking_node.py", line 99, in image_cb
    self.handle_frame(frame, msg.header)
  File "/home/hyeongseon/catkin_ws/src/lane_tracking_pkg/scripts/lane_tracking_node.py", line 111, in handle_frame
    lane_center, roi_overlay = detect_lane_center(edges, roi_color, self.debug)
  File "/home/hyeongseon/catkin_ws/src/lane_tracking_pkg/vision/detector.py", line 63, in detect_lane_center
    left_line = _fit_lane(np.vstack(left_points)) if left_points else None
TypeError: _fit_lane() missing 2 required positional arguments: 'y_bottom' and 'y_top'

[rosout][ERROR] 2025-09-20 13:15:01,079: bad callback: <bound method LaneTrackingNode.image_cb of <__main__.LaneTrackingNode object at 0x7f55bef5a1c0>>
Traceback (most recent call last):
  File "/opt/ros/noetic/lib/python3/dist-packages/rospy/topics.py", line 750, in _invoke_callback
    cb(msg)
  File "/home/hyeongseon/catkin_ws/src/lane_tracking_pkg/scripts/lane_tracking_node.py", line 99, in image_cb
    self.handle_frame(frame, msg.header)
  File "/home/hyeongseon/catkin_ws/src/lane_tracking_pkg/scripts/lane_tracking_node.py", line 111, in handle_frame
    lane_center, roi_overlay = detect_lane_center(edges, roi_color, self.debug)
  File "/home/hyeongseon/catkin_ws/src/lane_tracking_pkg/vision/detector.py", line 63, in detect_lane_center
    left_line = _fit_lane(np.vstack(left_points)) if left_points else None
TypeError: _fit_lane() missing 2 required positional arguments: 'y_bottom' and 'y_top'

[rosout][ERROR] 2025-09-20 13:15:01,098: bad callback: <bound method LaneTrackingNode.image_cb of <__main__.LaneTrackingNode object at 0x7f55bef5a1c0>>
Traceback (most recent call last):
  File "/opt/ros/noetic/lib/python3/dist-packages/rospy/topics.py", line 750, in _invoke_callback
    cb(msg)
  File "/home/hyeongseon/catkin_ws/src/lane_tracking_pkg/scripts/lane_tracking_node.py", line 99, in image_cb
    self.handle_frame(frame, msg.header)
  File "/home/hyeongseon/catkin_ws/src/lane_tracking_pkg/scripts/lane_tracking_node.py", line 111, in handle_frame
    lane_center, roi_overlay = detect_lane_center(edges, roi_color, self.debug)
  File "/home/hyeongseon/catkin_ws/src/lane_tracking_pkg/vision/detector.py", line 63, in detect_lane_center
    left_line = _fit_lane(np.vstack(left_points)) if left_points else None
TypeError: _fit_lane() missing 2 required positional arguments: 'y_bottom' and 'y_top'

[rosout][ERROR] 2025-09-20 13:15:01,139: bad callback: <bound method LaneTrackingNode.image_cb of <__main__.LaneTrackingNode object at 0x7f55bef5a1c0>>
Traceback (most recent call last):
  File "/opt/ros/noetic/lib/python3/dist-packages/rospy/topics.py", line 750, in _invoke_callback
    cb(msg)
  File "/home/hyeongseon/catkin_ws/src/lane_tracking_pkg/scripts/lane_tracking_node.py", line 99, in image_cb
    self.handle_frame(frame, msg.header)
  File "/home/hyeongseon/catkin_ws/src/lane_tracking_pkg/scripts/lane_tracking_node.py", line 111, in handle_frame
    lane_center, roi_overlay = detect_lane_center(edges, roi_color, self.debug)
  File "/home/hyeongseon/catkin_ws/src/lane_tracking_pkg/vision/detector.py", line 63, in detect_lane_center
    left_line = _fit_lane(np.vstack(left_points)) if left_points else None
TypeError: _fit_lane() missing 2 required positional arguments: 'y_bottom' and 'y_top'

[rosout][ERROR] 2025-09-20 13:15:01,179: bad callback: <bound method LaneTrackingNode.image_cb of <__main__.LaneTrackingNode object at 0x7f55bef5a1c0>>
Traceback (most recent call last):
  File "/opt/ros/noetic/lib/python3/dist-packages/rospy/topics.py", line 750, in _invoke_callback
    cb(msg)
  File "/home/hyeongseon/catkin_ws/src/lane_tracking_pkg/scripts/lane_tracking_node.py", line 99, in image_cb
    self.handle_frame(frame, msg.header)
  File "/home/hyeongseon/catkin_ws/src/lane_tracking_pkg/scripts/lane_tracking_node.py", line 111, in handle_frame
    lane_center, roi_overlay = detect_lane_center(edges, roi_color, self.debug)
  File "/home/hyeongseon/catkin_ws/src/lane_tracking_pkg/vision/detector.py", line 63, in detect_lane_center
    left_line = _fit_lane(np.vstack(left_points)) if left_points else None
TypeError: _fit_lane() missing 2 required positional arguments: 'y_bottom' and 'y_top'

[rosout][ERROR] 2025-09-20 13:15:01,217: bad callback: <bound method LaneTrackingNode.image_cb of <__main__.LaneTrackingNode object at 0x7f55bef5a1c0>>
Traceback (most recent call last):
  File "/opt/ros/noetic/lib/python3/dist-packages/rospy/topics.py", line 750, in _invoke_callback
    cb(msg)
  File "/home/hyeongseon/catkin_ws/src/lane_tracking_pkg/scripts/lane_tracking_node.py", line 99, in image_cb
    self.handle_frame(frame, msg.header)
  File "/home/hyeongseon/catkin_ws/src/lane_tracking_pkg/scripts/lane_tracking_node.py", line 111, in handle_frame
    lane_center, roi_overlay = detect_lane_center(edges, roi_color, self.debug)
  File "/home/hyeongseon/catkin_ws/src/lane_tracking_pkg/vision/detector.py", line 63, in detect_lane_center
    left_line = _fit_lane(np.vstack(left_points)) if left_points else None
TypeError: _fit_lane() missing 2 required positional arguments: 'y_bottom' and 'y_top'

[rosout][ERROR] 2025-09-20 13:15:01,251: bad callback: <bound method LaneTrackingNode.image_cb of <__main__.LaneTrackingNode object at 0x7f55bef5a1c0>>
Traceback (most recent call last):
  File "/opt/ros/noetic/lib/python3/dist-packages/rospy/topics.py", line 750, in _invoke_callback
    cb(msg)
  File "/home/hyeongseon/catkin_ws/src/lane_tracking_pkg/scripts/lane_tracking_node.py", line 99, in image_cb
    self.handle_frame(frame, msg.header)
  File "/home/hyeongseon/catkin_ws/src/lane_tracking_pkg/scripts/lane_tracking_node.py", line 111, in handle_frame
    lane_center, roi_overlay = detect_lane_center(edges, roi_color, self.debug)
  File "/home/hyeongseon/catkin_ws/src/lane_tracking_pkg/vision/detector.py", line 63, in detect_lane_center
    left_line = _fit_lane(np.vstack(left_points)) if left_points else None
TypeError: _fit_lane() missing 2 required positional arguments: 'y_bottom' and 'y_top'

[rosout][ERROR] 2025-09-20 13:15:01,311: bad callback: <bound method LaneTrackingNode.image_cb of <__main__.LaneTrackingNode object at 0x7f55bef5a1c0>>
Traceback (most recent call last):
  File "/opt/ros/noetic/lib/python3/dist-packages/rospy/topics.py", line 750, in _invoke_callback
    cb(msg)
  File "/home/hyeongseon/catkin_ws/src/lane_tracking_pkg/scripts/lane_tracking_node.py", line 99, in image_cb
    self.handle_frame(frame, msg.header)
  File "/home/hyeongseon/catkin_ws/src/lane_tracking_pkg/scripts/lane_tracking_node.py", line 111, in handle_frame
    lane_center, roi_overlay = detect_lane_center(edges, roi_color, self.debug)
  File "/home/hyeongseon/catkin_ws/src/lane_tracking_pkg/vision/detector.py", line 63, in detect_lane_center
    left_line = _fit_lane(np.vstack(left_points)) if left_points else None
TypeError: _fit_lane() missing 2 required positional arguments: 'y_bottom' and 'y_top'

[rosout][ERROR] 2025-09-20 13:15:01,330: bad callback: <bound method LaneTrackingNode.image_cb of <__main__.LaneTrackingNode object at 0x7f55bef5a1c0>>
Traceback (most recent call last):
  File "/opt/ros/noetic/lib/python3/dist-packages/rospy/topics.py", line 750, in _invoke_callback
    cb(msg)
  File "/home/hyeongseon/catkin_ws/src/lane_tracking_pkg/scripts/lane_tracking_node.py", line 99, in image_cb
    self.handle_frame(frame, msg.header)
  File "/home/hyeongseon/catkin_ws/src/lane_tracking_pkg/scripts/lane_tracking_node.py", line 111, in handle_frame
    lane_center, roi_overlay = detect_lane_center(edges, roi_color, self.debug)
  File "/home/hyeongseon/catkin_ws/src/lane_tracking_pkg/vision/detector.py", line 63, in detect_lane_center
    left_line = _fit_lane(np.vstack(left_points)) if left_points else None
TypeError: _fit_lane() missing 2 required positional arguments: 'y_bottom' and 'y_top'

[rosout][ERROR] 2025-09-20 13:15:01,377: bad callback: <bound method LaneTrackingNode.image_cb of <__main__.LaneTrackingNode object at 0x7f55bef5a1c0>>
Traceback (most recent call last):
  File "/opt/ros/noetic/lib/python3/dist-packages/rospy/topics.py", line 750, in _invoke_callback
    cb(msg)
  File "/home/hyeongseon/catkin_ws/src/lane_tracking_pkg/scripts/lane_tracking_node.py", line 99, in image_cb
    self.handle_frame(frame, msg.header)
  File "/home/hyeongseon/catkin_ws/src/lane_tracking_pkg/scripts/lane_tracking_node.py", line 111, in handle_frame
    lane_center, roi_overlay = detect_lane_center(edges, roi_color, self.debug)
  File "/home/hyeongseon/catkin_ws/src/lane_tracking_pkg/vision/detector.py", line 63, in detect_lane_center
    left_line = _fit_lane(np.vstack(left_points)) if left_points else None
TypeError: _fit_lane() missing 2 required positional arguments: 'y_bottom' and 'y_top'

[rosout][ERROR] 2025-09-20 13:15:01,429: bad callback: <bound method LaneTrackingNode.image_cb of <__main__.LaneTrackingNode object at 0x7f55bef5a1c0>>
Traceback (most recent call last):
  File "/opt/ros/noetic/lib/python3/dist-packages/rospy/topics.py", line 750, in _invoke_callback
    cb(msg)
  File "/home/hyeongseon/catkin_ws/src/lane_tracking_pkg/scripts/lane_tracking_node.py", line 99, in image_cb
    self.handle_frame(frame, msg.header)
  File "/home/hyeongseon/catkin_ws/src/lane_tracking_pkg/scripts/lane_tracking_node.py", line 111, in handle_frame
    lane_center, roi_overlay = detect_lane_center(edges, roi_color, self.debug)
  File "/home/hyeongseon/catkin_ws/src/lane_tracking_pkg/vision/detector.py", line 63, in detect_lane_center
    left_line = _fit_lane(np.vstack(left_points)) if left_points else None
TypeError: _fit_lane() missing 2 required positional arguments: 'y_bottom' and 'y_top'

[rosout][ERROR] 2025-09-20 13:15:01,494: bad callback: <bound method LaneTrackingNode.image_cb of <__main__.LaneTrackingNode object at 0x7f55bef5a1c0>>
Traceback (most recent call last):
  File "/opt/ros/noetic/lib/python3/dist-packages/rospy/topics.py", line 750, in _invoke_callback
    cb(msg)
  File "/home/hyeongseon/catkin_ws/src/lane_tracking_pkg/scripts/lane_tracking_node.py", line 99, in image_cb
    self.handle_frame(frame, msg.header)
  File "/home/hyeongseon/catkin_ws/src/lane_tracking_pkg/scripts/lane_tracking_node.py", line 111, in handle_frame
    lane_center, roi_overlay = detect_lane_center(edges, roi_color, self.debug)
  File "/home/hyeongseon/catkin_ws/src/lane_tracking_pkg/vision/detector.py", line 63, in detect_lane_center
    left_line = _fit_lane(np.vstack(left_points)) if left_points else None
TypeError: _fit_lane() missing 2 required positional arguments: 'y_bottom' and 'y_top'

[rosout][ERROR] 2025-09-20 13:15:01,522: bad callback: <bound method LaneTrackingNode.image_cb of <__main__.LaneTrackingNode object at 0x7f55bef5a1c0>>
Traceback (most recent call last):
  File "/opt/ros/noetic/lib/python3/dist-packages/rospy/topics.py", line 750, in _invoke_callback
    cb(msg)
  File "/home/hyeongseon/catkin_ws/src/lane_tracking_pkg/scripts/lane_tracking_node.py", line 99, in image_cb
    self.handle_frame(frame, msg.header)
  File "/home/hyeongseon/catkin_ws/src/lane_tracking_pkg/scripts/lane_tracking_node.py", line 111, in handle_frame
    lane_center, roi_overlay = detect_lane_center(edges, roi_color, self.debug)
  File "/home/hyeongseon/catkin_ws/src/lane_tracking_pkg/vision/detector.py", line 63, in detect_lane_center
    left_line = _fit_lane(np.vstack(left_points)) if left_points else None
TypeError: _fit_lane() missing 2 required positional arguments: 'y_bottom' and 'y_top'

[rosout][ERROR] 2025-09-20 13:15:01,596: bad callback: <bound method LaneTrackingNode.image_cb of <__main__.LaneTrackingNode object at 0x7f55bef5a1c0>>
Traceback (most recent call last):
  File "/opt/ros/noetic/lib/python3/dist-packages/rospy/topics.py", line 750, in _invoke_callback
    cb(msg)
  File "/home/hyeongseon/catkin_ws/src/lane_tracking_pkg/scripts/lane_tracking_node.py", line 99, in image_cb
    self.handle_frame(frame, msg.header)
  File "/home/hyeongseon/catkin_ws/src/lane_tracking_pkg/scripts/lane_tracking_node.py", line 111, in handle_frame
    lane_center, roi_overlay = detect_lane_center(edges, roi_color, self.debug)
  File "/home/hyeongseon/catkin_ws/src/lane_tracking_pkg/vision/detector.py", line 63, in detect_lane_center
    left_line = _fit_lane(np.vstack(left_points)) if left_points else None
TypeError: _fit_lane() missing 2 required positional arguments: 'y_bottom' and 'y_top'

[rosout][ERROR] 2025-09-20 13:15:01,613: bad callback: <bound method LaneTrackingNode.image_cb of <__main__.LaneTrackingNode object at 0x7f55bef5a1c0>>
Traceback (most recent call last):
  File "/opt/ros/noetic/lib/python3/dist-packages/rospy/topics.py", line 750, in _invoke_callback
    cb(msg)
  File "/home/hyeongseon/catkin_ws/src/lane_tracking_pkg/scripts/lane_tracking_node.py", line 99, in image_cb
    self.handle_frame(frame, msg.header)
  File "/home/hyeongseon/catkin_ws/src/lane_tracking_pkg/scripts/lane_tracking_node.py", line 111, in handle_frame
    lane_center, roi_overlay = detect_lane_center(edges, roi_color, self.debug)
  File "/home/hyeongseon/catkin_ws/src/lane_tracking_pkg/vision/detector.py", line 63, in detect_lane_center
    left_line = _fit_lane(np.vstack(left_points)) if left_points else None
TypeError: _fit_lane() missing 2 required positional arguments: 'y_bottom' and 'y_top'

[rosout][ERROR] 2025-09-20 13:15:01,663: bad callback: <bound method LaneTrackingNode.image_cb of <__main__.LaneTrackingNode object at 0x7f55bef5a1c0>>
Traceback (most recent call last):
  File "/opt/ros/noetic/lib/python3/dist-packages/rospy/topics.py", line 750, in _invoke_callback
    cb(msg)
  File "/home/hyeongseon/catkin_ws/src/lane_tracking_pkg/scripts/lane_tracking_node.py", line 99, in image_cb
    self.handle_frame(frame, msg.header)
  File "/home/hyeongseon/catkin_ws/src/lane_tracking_pkg/scripts/lane_tracking_node.py", line 111, in handle_frame
    lane_center, roi_overlay = detect_lane_center(edges, roi_color, self.debug)
  File "/home/hyeongseon/catkin_ws/src/lane_tracking_pkg/vision/detector.py", line 63, in detect_lane_center
    left_line = _fit_lane(np.vstack(left_points)) if left_points else None
TypeError: _fit_lane() missing 2 required positional arguments: 'y_bottom' and 'y_top'

[rosout][ERROR] 2025-09-20 13:15:01,700: bad callback: <bound method LaneTrackingNode.image_cb of <__main__.LaneTrackingNode object at 0x7f55bef5a1c0>>
Traceback (most recent call last):
  File "/opt/ros/noetic/lib/python3/dist-packages/rospy/topics.py", line 750, in _invoke_callback
    cb(msg)
  File "/home/hyeongseon/catkin_ws/src/lane_tracking_pkg/scripts/lane_tracking_node.py", line 99, in image_cb
    self.handle_frame(frame, msg.header)
  File "/home/hyeongseon/catkin_ws/src/lane_tracking_pkg/scripts/lane_tracking_node.py", line 111, in handle_frame
    lane_center, roi_overlay = detect_lane_center(edges, roi_color, self.debug)
  File "/home/hyeongseon/catkin_ws/src/lane_tracking_pkg/vision/detector.py", line 63, in detect_lane_center
    left_line = _fit_lane(np.vstack(left_points)) if left_points else None
TypeError: _fit_lane() missing 2 required positional arguments: 'y_bottom' and 'y_top'

[rosout][ERROR] 2025-09-20 13:15:01,750: bad callback: <bound method LaneTrackingNode.image_cb of <__main__.LaneTrackingNode object at 0x7f55bef5a1c0>>
Traceback (most recent call last):
  File "/opt/ros/noetic/lib/python3/dist-packages/rospy/topics.py", line 750, in _invoke_callback
    cb(msg)
  File "/home/hyeongseon/catkin_ws/src/lane_tracking_pkg/scripts/lane_tracking_node.py", line 99, in image_cb
    self.handle_frame(frame, msg.header)
  File "/home/hyeongseon/catkin_ws/src/lane_tracking_pkg/scripts/lane_tracking_node.py", line 111, in handle_frame
    lane_center, roi_overlay = detect_lane_center(edges, roi_color, self.debug)
  File "/home/hyeongseon/catkin_ws/src/lane_tracking_pkg/vision/detector.py", line 63, in detect_lane_center
    left_line = _fit_lane(np.vstack(left_points)) if left_points else None
TypeError: _fit_lane() missing 2 required positional arguments: 'y_bottom' and 'y_top'

[rosout][ERROR] 2025-09-20 13:15:01,773: bad callback: <bound method LaneTrackingNode.image_cb of <__main__.LaneTrackingNode object at 0x7f55bef5a1c0>>
Traceback (most recent call last):
  File "/opt/ros/noetic/lib/python3/dist-packages/rospy/topics.py", line 750, in _invoke_callback
    cb(msg)
  File "/home/hyeongseon/catkin_ws/src/lane_tracking_pkg/scripts/lane_tracking_node.py", line 99, in image_cb
    self.handle_frame(frame, msg.header)
  File "/home/hyeongseon/catkin_ws/src/lane_tracking_pkg/scripts/lane_tracking_node.py", line 111, in handle_frame
    lane_center, roi_overlay = detect_lane_center(edges, roi_color, self.debug)
  File "/home/hyeongseon/catkin_ws/src/lane_tracking_pkg/vision/detector.py", line 63, in detect_lane_center
    left_line = _fit_lane(np.vstack(left_points)) if left_points else None
TypeError: _fit_lane() missing 2 required positional arguments: 'y_bottom' and 'y_top'

[rosout][ERROR] 2025-09-20 13:15:01,812: bad callback: <bound method LaneTrackingNode.image_cb of <__main__.LaneTrackingNode object at 0x7f55bef5a1c0>>
Traceback (most recent call last):
  File "/opt/ros/noetic/lib/python3/dist-packages/rospy/topics.py", line 750, in _invoke_callback
    cb(msg)
  File "/home/hyeongseon/catkin_ws/src/lane_tracking_pkg/scripts/lane_tracking_node.py", line 99, in image_cb
    self.handle_frame(frame, msg.header)
  File "/home/hyeongseon/catkin_ws/src/lane_tracking_pkg/scripts/lane_tracking_node.py", line 111, in handle_frame
    lane_center, roi_overlay = detect_lane_center(edges, roi_color, self.debug)
  File "/home/hyeongseon/catkin_ws/src/lane_tracking_pkg/vision/detector.py", line 63, in detect_lane_center
    left_line = _fit_lane(np.vstack(left_points)) if left_points else None
TypeError: _fit_lane() missing 2 required positional arguments: 'y_bottom' and 'y_top'

[rosout][ERROR] 2025-09-20 13:15:01,855: bad callback: <bound method LaneTrackingNode.image_cb of <__main__.LaneTrackingNode object at 0x7f55bef5a1c0>>
Traceback (most recent call last):
  File "/opt/ros/noetic/lib/python3/dist-packages/rospy/topics.py", line 750, in _invoke_callback
    cb(msg)
  File "/home/hyeongseon/catkin_ws/src/lane_tracking_pkg/scripts/lane_tracking_node.py", line 99, in image_cb
    self.handle_frame(frame, msg.header)
  File "/home/hyeongseon/catkin_ws/src/lane_tracking_pkg/scripts/lane_tracking_node.py", line 111, in handle_frame
    lane_center, roi_overlay = detect_lane_center(edges, roi_color, self.debug)
  File "/home/hyeongseon/catkin_ws/src/lane_tracking_pkg/vision/detector.py", line 63, in detect_lane_center
    left_line = _fit_lane(np.vstack(left_points)) if left_points else None
TypeError: _fit_lane() missing 2 required positional arguments: 'y_bottom' and 'y_top'

[rosout][ERROR] 2025-09-20 13:15:01,878: bad callback: <bound method LaneTrackingNode.image_cb of <__main__.LaneTrackingNode object at 0x7f55bef5a1c0>>
Traceback (most recent call last):
  File "/opt/ros/noetic/lib/python3/dist-packages/rospy/topics.py", line 750, in _invoke_callback
    cb(msg)
  File "/home/hyeongseon/catkin_ws/src/lane_tracking_pkg/scripts/lane_tracking_node.py", line 99, in image_cb
    self.handle_frame(frame, msg.header)
  File "/home/hyeongseon/catkin_ws/src/lane_tracking_pkg/scripts/lane_tracking_node.py", line 111, in handle_frame
    lane_center, roi_overlay = detect_lane_center(edges, roi_color, self.debug)
  File "/home/hyeongseon/catkin_ws/src/lane_tracking_pkg/vision/detector.py", line 63, in detect_lane_center
    left_line = _fit_lane(np.vstack(left_points)) if left_points else None
TypeError: _fit_lane() missing 2 required positional arguments: 'y_bottom' and 'y_top'

[rosout][ERROR] 2025-09-20 13:15:01,904: bad callback: <bound method LaneTrackingNode.image_cb of <__main__.LaneTrackingNode object at 0x7f55bef5a1c0>>
Traceback (most recent call last):
  File "/opt/ros/noetic/lib/python3/dist-packages/rospy/topics.py", line 750, in _invoke_callback
    cb(msg)
  File "/home/hyeongseon/catkin_ws/src/lane_tracking_pkg/scripts/lane_tracking_node.py", line 99, in image_cb
    self.handle_frame(frame, msg.header)
  File "/home/hyeongseon/catkin_ws/src/lane_tracking_pkg/scripts/lane_tracking_node.py", line 111, in handle_frame
    lane_center, roi_overlay = detect_lane_center(edges, roi_color, self.debug)
  File "/home/hyeongseon/catkin_ws/src/lane_tracking_pkg/vision/detector.py", line 63, in detect_lane_center
    left_line = _fit_lane(np.vstack(left_points)) if left_points else None
TypeError: _fit_lane() missing 2 required positional arguments: 'y_bottom' and 'y_top'

[rosout][ERROR] 2025-09-20 13:15:01,944: bad callback: <bound method LaneTrackingNode.image_cb of <__main__.LaneTrackingNode object at 0x7f55bef5a1c0>>
Traceback (most recent call last):
  File "/opt/ros/noetic/lib/python3/dist-packages/rospy/topics.py", line 750, in _invoke_callback
    cb(msg)
  File "/home/hyeongseon/catkin_ws/src/lane_tracking_pkg/scripts/lane_tracking_node.py", line 99, in image_cb
    self.handle_frame(frame, msg.header)
  File "/home/hyeongseon/catkin_ws/src/lane_tracking_pkg/scripts/lane_tracking_node.py", line 111, in handle_frame
    lane_center, roi_overlay = detect_lane_center(edges, roi_color, self.debug)
  File "/home/hyeongseon/catkin_ws/src/lane_tracking_pkg/vision/detector.py", line 63, in detect_lane_center
    left_line = _fit_lane(np.vstack(left_points)) if left_points else None
TypeError: _fit_lane() missing 2 required positional arguments: 'y_bottom' and 'y_top'

[rosout][ERROR] 2025-09-20 13:15:01,987: bad callback: <bound method LaneTrackingNode.image_cb of <__main__.LaneTrackingNode object at 0x7f55bef5a1c0>>
Traceback (most recent call last):
  File "/opt/ros/noetic/lib/python3/dist-packages/rospy/topics.py", line 750, in _invoke_callback
    cb(msg)
  File "/home/hyeongseon/catkin_ws/src/lane_tracking_pkg/scripts/lane_tracking_node.py", line 99, in image_cb
    self.handle_frame(frame, msg.header)
  File "/home/hyeongseon/catkin_ws/src/lane_tracking_pkg/scripts/lane_tracking_node.py", line 111, in handle_frame
    lane_center, roi_overlay = detect_lane_center(edges, roi_color, self.debug)
  File "/home/hyeongseon/catkin_ws/src/lane_tracking_pkg/vision/detector.py", line 63, in detect_lane_center
    left_line = _fit_lane(np.vstack(left_points)) if left_points else None
TypeError: _fit_lane() missing 2 required positional arguments: 'y_bottom' and 'y_top'

[rosout][ERROR] 2025-09-20 13:15:02,011: bad callback: <bound method LaneTrackingNode.image_cb of <__main__.LaneTrackingNode object at 0x7f55bef5a1c0>>
Traceback (most recent call last):
  File "/opt/ros/noetic/lib/python3/dist-packages/rospy/topics.py", line 750, in _invoke_callback
    cb(msg)
  File "/home/hyeongseon/catkin_ws/src/lane_tracking_pkg/scripts/lane_tracking_node.py", line 99, in image_cb
    self.handle_frame(frame, msg.header)
  File "/home/hyeongseon/catkin_ws/src/lane_tracking_pkg/scripts/lane_tracking_node.py", line 111, in handle_frame
    lane_center, roi_overlay = detect_lane_center(edges, roi_color, self.debug)
  File "/home/hyeongseon/catkin_ws/src/lane_tracking_pkg/vision/detector.py", line 63, in detect_lane_center
    left_line = _fit_lane(np.vstack(left_points)) if left_points else None
TypeError: _fit_lane() missing 2 required positional arguments: 'y_bottom' and 'y_top'

[rosout][ERROR] 2025-09-20 13:15:02,041: bad callback: <bound method LaneTrackingNode.image_cb of <__main__.LaneTrackingNode object at 0x7f55bef5a1c0>>
Traceback (most recent call last):
  File "/opt/ros/noetic/lib/python3/dist-packages/rospy/topics.py", line 750, in _invoke_callback
    cb(msg)
  File "/home/hyeongseon/catkin_ws/src/lane_tracking_pkg/scripts/lane_tracking_node.py", line 99, in image_cb
    self.handle_frame(frame, msg.header)
  File "/home/hyeongseon/catkin_ws/src/lane_tracking_pkg/scripts/lane_tracking_node.py", line 111, in handle_frame
    lane_center, roi_overlay = detect_lane_center(edges, roi_color, self.debug)
  File "/home/hyeongseon/catkin_ws/src/lane_tracking_pkg/vision/detector.py", line 63, in detect_lane_center
    left_line = _fit_lane(np.vstack(left_points)) if left_points else None
TypeError: _fit_lane() missing 2 required positional arguments: 'y_bottom' and 'y_top'

[rosout][ERROR] 2025-09-20 13:15:02,058: bad callback: <bound method LaneTrackingNode.image_cb of <__main__.LaneTrackingNode object at 0x7f55bef5a1c0>>
Traceback (most recent call last):
  File "/opt/ros/noetic/lib/python3/dist-packages/rospy/topics.py", line 750, in _invoke_callback
    cb(msg)
  File "/home/hyeongseon/catkin_ws/src/lane_tracking_pkg/scripts/lane_tracking_node.py", line 99, in image_cb
    self.handle_frame(frame, msg.header)
  File "/home/hyeongseon/catkin_ws/src/lane_tracking_pkg/scripts/lane_tracking_node.py", line 111, in handle_frame
    lane_center, roi_overlay = detect_lane_center(edges, roi_color, self.debug)
  File "/home/hyeongseon/catkin_ws/src/lane_tracking_pkg/vision/detector.py", line 63, in detect_lane_center
    left_line = _fit_lane(np.vstack(left_points)) if left_points else None
TypeError: _fit_lane() missing 2 required positional arguments: 'y_bottom' and 'y_top'

[rosout][ERROR] 2025-09-20 13:15:02,093: bad callback: <bound method LaneTrackingNode.image_cb of <__main__.LaneTrackingNode object at 0x7f55bef5a1c0>>
Traceback (most recent call last):
  File "/opt/ros/noetic/lib/python3/dist-packages/rospy/topics.py", line 750, in _invoke_callback
    cb(msg)
  File "/home/hyeongseon/catkin_ws/src/lane_tracking_pkg/scripts/lane_tracking_node.py", line 99, in image_cb
    self.handle_frame(frame, msg.header)
  File "/home/hyeongseon/catkin_ws/src/lane_tracking_pkg/scripts/lane_tracking_node.py", line 111, in handle_frame
    lane_center, roi_overlay = detect_lane_center(edges, roi_color, self.debug)
  File "/home/hyeongseon/catkin_ws/src/lane_tracking_pkg/vision/detector.py", line 63, in detect_lane_center
    left_line = _fit_lane(np.vstack(left_points)) if left_points else None
TypeError: _fit_lane() missing 2 required positional arguments: 'y_bottom' and 'y_top'

[rosout][ERROR] 2025-09-20 13:15:02,107: bad callback: <bound method LaneTrackingNode.image_cb of <__main__.LaneTrackingNode object at 0x7f55bef5a1c0>>
Traceback (most recent call last):
  File "/opt/ros/noetic/lib/python3/dist-packages/rospy/topics.py", line 750, in _invoke_callback
    cb(msg)
  File "/home/hyeongseon/catkin_ws/src/lane_tracking_pkg/scripts/lane_tracking_node.py", line 99, in image_cb
    self.handle_frame(frame, msg.header)
  File "/home/hyeongseon/catkin_ws/src/lane_tracking_pkg/scripts/lane_tracking_node.py", line 111, in handle_frame
    lane_center, roi_overlay = detect_lane_center(edges, roi_color, self.debug)
  File "/home/hyeongseon/catkin_ws/src/lane_tracking_pkg/vision/detector.py", line 63, in detect_lane_center
    left_line = _fit_lane(np.vstack(left_points)) if left_points else None
TypeError: _fit_lane() missing 2 required positional arguments: 'y_bottom' and 'y_top'

[rosout][ERROR] 2025-09-20 13:15:02,141: bad callback: <bound method LaneTrackingNode.image_cb of <__main__.LaneTrackingNode object at 0x7f55bef5a1c0>>
Traceback (most recent call last):
  File "/opt/ros/noetic/lib/python3/dist-packages/rospy/topics.py", line 750, in _invoke_callback
    cb(msg)
  File "/home/hyeongseon/catkin_ws/src/lane_tracking_pkg/scripts/lane_tracking_node.py", line 99, in image_cb
    self.handle_frame(frame, msg.header)
  File "/home/hyeongseon/catkin_ws/src/lane_tracking_pkg/scripts/lane_tracking_node.py", line 111, in handle_frame
    lane_center, roi_overlay = detect_lane_center(edges, roi_color, self.debug)
  File "/home/hyeongseon/catkin_ws/src/lane_tracking_pkg/vision/detector.py", line 63, in detect_lane_center
    left_line = _fit_lane(np.vstack(left_points)) if left_points else None
TypeError: _fit_lane() missing 2 required positional arguments: 'y_bottom' and 'y_top'

[rosout][ERROR] 2025-09-20 13:15:02,178: bad callback: <bound method LaneTrackingNode.image_cb of <__main__.LaneTrackingNode object at 0x7f55bef5a1c0>>
Traceback (most recent call last):
  File "/opt/ros/noetic/lib/python3/dist-packages/rospy/topics.py", line 750, in _invoke_callback
    cb(msg)
  File "/home/hyeongseon/catkin_ws/src/lane_tracking_pkg/scripts/lane_tracking_node.py", line 99, in image_cb
    self.handle_frame(frame, msg.header)
  File "/home/hyeongseon/catkin_ws/src/lane_tracking_pkg/scripts/lane_tracking_node.py", line 111, in handle_frame
    lane_center, roi_overlay = detect_lane_center(edges, roi_color, self.debug)
  File "/home/hyeongseon/catkin_ws/src/lane_tracking_pkg/vision/detector.py", line 63, in detect_lane_center
    left_line = _fit_lane(np.vstack(left_points)) if left_points else None
TypeError: _fit_lane() missing 2 required positional arguments: 'y_bottom' and 'y_top'

[rosout][ERROR] 2025-09-20 13:15:02,192: bad callback: <bound method LaneTrackingNode.image_cb of <__main__.LaneTrackingNode object at 0x7f55bef5a1c0>>
Traceback (most recent call last):
  File "/opt/ros/noetic/lib/python3/dist-packages/rospy/topics.py", line 750, in _invoke_callback
    cb(msg)
  File "/home/hyeongseon/catkin_ws/src/lane_tracking_pkg/scripts/lane_tracking_node.py", line 99, in image_cb
    self.handle_frame(frame, msg.header)
  File "/home/hyeongseon/catkin_ws/src/lane_tracking_pkg/scripts/lane_tracking_node.py", line 111, in handle_frame
    lane_center, roi_overlay = detect_lane_center(edges, roi_color, self.debug)
  File "/home/hyeongseon/catkin_ws/src/lane_tracking_pkg/vision/detector.py", line 63, in detect_lane_center
    left_line = _fit_lane(np.vstack(left_points)) if left_points else None
TypeError: _fit_lane() missing 2 required positional arguments: 'y_bottom' and 'y_top'

[rosout][ERROR] 2025-09-20 13:15:02,217: bad callback: <bound method LaneTrackingNode.image_cb of <__main__.LaneTrackingNode object at 0x7f55bef5a1c0>>
Traceback (most recent call last):
  File "/opt/ros/noetic/lib/python3/dist-packages/rospy/topics.py", line 750, in _invoke_callback
    cb(msg)
  File "/home/hyeongseon/catkin_ws/src/lane_tracking_pkg/scripts/lane_tracking_node.py", line 99, in image_cb
    self.handle_frame(frame, msg.header)
  File "/home/hyeongseon/catkin_ws/src/lane_tracking_pkg/scripts/lane_tracking_node.py", line 111, in handle_frame
    lane_center, roi_overlay = detect_lane_center(edges, roi_color, self.debug)
  File "/home/hyeongseon/catkin_ws/src/lane_tracking_pkg/vision/detector.py", line 63, in detect_lane_center
    left_line = _fit_lane(np.vstack(left_points)) if left_points else None
TypeError: _fit_lane() missing 2 required positional arguments: 'y_bottom' and 'y_top'

[rosout][ERROR] 2025-09-20 13:15:02,248: bad callback: <bound method LaneTrackingNode.image_cb of <__main__.LaneTrackingNode object at 0x7f55bef5a1c0>>
Traceback (most recent call last):
  File "/opt/ros/noetic/lib/python3/dist-packages/rospy/topics.py", line 750, in _invoke_callback
    cb(msg)
  File "/home/hyeongseon/catkin_ws/src/lane_tracking_pkg/scripts/lane_tracking_node.py", line 99, in image_cb
    self.handle_frame(frame, msg.header)
  File "/home/hyeongseon/catkin_ws/src/lane_tracking_pkg/scripts/lane_tracking_node.py", line 111, in handle_frame
    lane_center, roi_overlay = detect_lane_center(edges, roi_color, self.debug)
  File "/home/hyeongseon/catkin_ws/src/lane_tracking_pkg/vision/detector.py", line 63, in detect_lane_center
    left_line = _fit_lane(np.vstack(left_points)) if left_points else None
TypeError: _fit_lane() missing 2 required positional arguments: 'y_bottom' and 'y_top'

[rosout][ERROR] 2025-09-20 13:15:02,268: bad callback: <bound method LaneTrackingNode.image_cb of <__main__.LaneTrackingNode object at 0x7f55bef5a1c0>>
Traceback (most recent call last):
  File "/opt/ros/noetic/lib/python3/dist-packages/rospy/topics.py", line 750, in _invoke_callback
    cb(msg)
  File "/home/hyeongseon/catkin_ws/src/lane_tracking_pkg/scripts/lane_tracking_node.py", line 99, in image_cb
    self.handle_frame(frame, msg.header)
  File "/home/hyeongseon/catkin_ws/src/lane_tracking_pkg/scripts/lane_tracking_node.py", line 111, in handle_frame
    lane_center, roi_overlay = detect_lane_center(edges, roi_color, self.debug)
  File "/home/hyeongseon/catkin_ws/src/lane_tracking_pkg/vision/detector.py", line 63, in detect_lane_center
    left_line = _fit_lane(np.vstack(left_points)) if left_points else None
TypeError: _fit_lane() missing 2 required positional arguments: 'y_bottom' and 'y_top'

[rosout][ERROR] 2025-09-20 13:15:02,304: bad callback: <bound method LaneTrackingNode.image_cb of <__main__.LaneTrackingNode object at 0x7f55bef5a1c0>>
Traceback (most recent call last):
  File "/opt/ros/noetic/lib/python3/dist-packages/rospy/topics.py", line 750, in _invoke_callback
    cb(msg)
  File "/home/hyeongseon/catkin_ws/src/lane_tracking_pkg/scripts/lane_tracking_node.py", line 99, in image_cb
    self.handle_frame(frame, msg.header)
  File "/home/hyeongseon/catkin_ws/src/lane_tracking_pkg/scripts/lane_tracking_node.py", line 111, in handle_frame
    lane_center, roi_overlay = detect_lane_center(edges, roi_color, self.debug)
  File "/home/hyeongseon/catkin_ws/src/lane_tracking_pkg/vision/detector.py", line 63, in detect_lane_center
    left_line = _fit_lane(np.vstack(left_points)) if left_points else None
TypeError: _fit_lane() missing 2 required positional arguments: 'y_bottom' and 'y_top'

[rosout][ERROR] 2025-09-20 13:15:02,333: bad callback: <bound method LaneTrackingNode.image_cb of <__main__.LaneTrackingNode object at 0x7f55bef5a1c0>>
Traceback (most recent call last):
  File "/opt/ros/noetic/lib/python3/dist-packages/rospy/topics.py", line 750, in _invoke_callback
    cb(msg)
  File "/home/hyeongseon/catkin_ws/src/lane_tracking_pkg/scripts/lane_tracking_node.py", line 99, in image_cb
    self.handle_frame(frame, msg.header)
  File "/home/hyeongseon/catkin_ws/src/lane_tracking_pkg/scripts/lane_tracking_node.py", line 111, in handle_frame
    lane_center, roi_overlay = detect_lane_center(edges, roi_color, self.debug)
  File "/home/hyeongseon/catkin_ws/src/lane_tracking_pkg/vision/detector.py", line 63, in detect_lane_center
    left_line = _fit_lane(np.vstack(left_points)) if left_points else None
TypeError: _fit_lane() missing 2 required positional arguments: 'y_bottom' and 'y_top'

[rosout][ERROR] 2025-09-20 13:15:02,359: bad callback: <bound method LaneTrackingNode.image_cb of <__main__.LaneTrackingNode object at 0x7f55bef5a1c0>>
Traceback (most recent call last):
  File "/opt/ros/noetic/lib/python3/dist-packages/rospy/topics.py", line 750, in _invoke_callback
    cb(msg)
  File "/home/hyeongseon/catkin_ws/src/lane_tracking_pkg/scripts/lane_tracking_node.py", line 99, in image_cb
    self.handle_frame(frame, msg.header)
  File "/home/hyeongseon/catkin_ws/src/lane_tracking_pkg/scripts/lane_tracking_node.py", line 111, in handle_frame
    lane_center, roi_overlay = detect_lane_center(edges, roi_color, self.debug)
  File "/home/hyeongseon/catkin_ws/src/lane_tracking_pkg/vision/detector.py", line 63, in detect_lane_center
    left_line = _fit_lane(np.vstack(left_points)) if left_points else None
TypeError: _fit_lane() missing 2 required positional arguments: 'y_bottom' and 'y_top'

[rosout][ERROR] 2025-09-20 13:15:02,385: bad callback: <bound method LaneTrackingNode.image_cb of <__main__.LaneTrackingNode object at 0x7f55bef5a1c0>>
Traceback (most recent call last):
  File "/opt/ros/noetic/lib/python3/dist-packages/rospy/topics.py", line 750, in _invoke_callback
    cb(msg)
  File "/home/hyeongseon/catkin_ws/src/lane_tracking_pkg/scripts/lane_tracking_node.py", line 99, in image_cb
    self.handle_frame(frame, msg.header)
  File "/home/hyeongseon/catkin_ws/src/lane_tracking_pkg/scripts/lane_tracking_node.py", line 111, in handle_frame
    lane_center, roi_overlay = detect_lane_center(edges, roi_color, self.debug)
  File "/home/hyeongseon/catkin_ws/src/lane_tracking_pkg/vision/detector.py", line 63, in detect_lane_center
    left_line = _fit_lane(np.vstack(left_points)) if left_points else None
TypeError: _fit_lane() missing 2 required positional arguments: 'y_bottom' and 'y_top'

[rosout][ERROR] 2025-09-20 13:15:02,412: bad callback: <bound method LaneTrackingNode.image_cb of <__main__.LaneTrackingNode object at 0x7f55bef5a1c0>>
Traceback (most recent call last):
  File "/opt/ros/noetic/lib/python3/dist-packages/rospy/topics.py", line 750, in _invoke_callback
    cb(msg)
  File "/home/hyeongseon/catkin_ws/src/lane_tracking_pkg/scripts/lane_tracking_node.py", line 99, in image_cb
    self.handle_frame(frame, msg.header)
  File "/home/hyeongseon/catkin_ws/src/lane_tracking_pkg/scripts/lane_tracking_node.py", line 111, in handle_frame
    lane_center, roi_overlay = detect_lane_center(edges, roi_color, self.debug)
  File "/home/hyeongseon/catkin_ws/src/lane_tracking_pkg/vision/detector.py", line 63, in detect_lane_center
    left_line = _fit_lane(np.vstack(left_points)) if left_points else None
TypeError: _fit_lane() missing 2 required positional arguments: 'y_bottom' and 'y_top'

[rosout][ERROR] 2025-09-20 13:15:02,441: bad callback: <bound method LaneTrackingNode.image_cb of <__main__.LaneTrackingNode object at 0x7f55bef5a1c0>>
Traceback (most recent call last):
  File "/opt/ros/noetic/lib/python3/dist-packages/rospy/topics.py", line 750, in _invoke_callback
    cb(msg)
  File "/home/hyeongseon/catkin_ws/src/lane_tracking_pkg/scripts/lane_tracking_node.py", line 99, in image_cb
    self.handle_frame(frame, msg.header)
  File "/home/hyeongseon/catkin_ws/src/lane_tracking_pkg/scripts/lane_tracking_node.py", line 111, in handle_frame
    lane_center, roi_overlay = detect_lane_center(edges, roi_color, self.debug)
  File "/home/hyeongseon/catkin_ws/src/lane_tracking_pkg/vision/detector.py", line 63, in detect_lane_center
    left_line = _fit_lane(np.vstack(left_points)) if left_points else None
TypeError: _fit_lane() missing 2 required positional arguments: 'y_bottom' and 'y_top'

[rosout][ERROR] 2025-09-20 13:15:02,468: bad callback: <bound method LaneTrackingNode.image_cb of <__main__.LaneTrackingNode object at 0x7f55bef5a1c0>>
Traceback (most recent call last):
  File "/opt/ros/noetic/lib/python3/dist-packages/rospy/topics.py", line 750, in _invoke_callback
    cb(msg)
  File "/home/hyeongseon/catkin_ws/src/lane_tracking_pkg/scripts/lane_tracking_node.py", line 99, in image_cb
    self.handle_frame(frame, msg.header)
  File "/home/hyeongseon/catkin_ws/src/lane_tracking_pkg/scripts/lane_tracking_node.py", line 111, in handle_frame
    lane_center, roi_overlay = detect_lane_center(edges, roi_color, self.debug)
  File "/home/hyeongseon/catkin_ws/src/lane_tracking_pkg/vision/detector.py", line 63, in detect_lane_center
    left_line = _fit_lane(np.vstack(left_points)) if left_points else None
TypeError: _fit_lane() missing 2 required positional arguments: 'y_bottom' and 'y_top'

[rosout][ERROR] 2025-09-20 13:15:02,489: bad callback: <bound method LaneTrackingNode.image_cb of <__main__.LaneTrackingNode object at 0x7f55bef5a1c0>>
Traceback (most recent call last):
  File "/opt/ros/noetic/lib/python3/dist-packages/rospy/topics.py", line 750, in _invoke_callback
    cb(msg)
  File "/home/hyeongseon/catkin_ws/src/lane_tracking_pkg/scripts/lane_tracking_node.py", line 99, in image_cb
    self.handle_frame(frame, msg.header)
  File "/home/hyeongseon/catkin_ws/src/lane_tracking_pkg/scripts/lane_tracking_node.py", line 111, in handle_frame
    lane_center, roi_overlay = detect_lane_center(edges, roi_color, self.debug)
  File "/home/hyeongseon/catkin_ws/src/lane_tracking_pkg/vision/detector.py", line 63, in detect_lane_center
    left_line = _fit_lane(np.vstack(left_points)) if left_points else None
TypeError: _fit_lane() missing 2 required positional arguments: 'y_bottom' and 'y_top'

[rosout][ERROR] 2025-09-20 13:15:02,521: bad callback: <bound method LaneTrackingNode.image_cb of <__main__.LaneTrackingNode object at 0x7f55bef5a1c0>>
Traceback (most recent call last):
  File "/opt/ros/noetic/lib/python3/dist-packages/rospy/topics.py", line 750, in _invoke_callback
    cb(msg)
  File "/home/hyeongseon/catkin_ws/src/lane_tracking_pkg/scripts/lane_tracking_node.py", line 99, in image_cb
    self.handle_frame(frame, msg.header)
  File "/home/hyeongseon/catkin_ws/src/lane_tracking_pkg/scripts/lane_tracking_node.py", line 111, in handle_frame
    lane_center, roi_overlay = detect_lane_center(edges, roi_color, self.debug)
  File "/home/hyeongseon/catkin_ws/src/lane_tracking_pkg/vision/detector.py", line 63, in detect_lane_center
    left_line = _fit_lane(np.vstack(left_points)) if left_points else None
TypeError: _fit_lane() missing 2 required positional arguments: 'y_bottom' and 'y_top'

[rosout][ERROR] 2025-09-20 13:15:02,539: bad callback: <bound method LaneTrackingNode.image_cb of <__main__.LaneTrackingNode object at 0x7f55bef5a1c0>>
Traceback (most recent call last):
  File "/opt/ros/noetic/lib/python3/dist-packages/rospy/topics.py", line 750, in _invoke_callback
    cb(msg)
  File "/home/hyeongseon/catkin_ws/src/lane_tracking_pkg/scripts/lane_tracking_node.py", line 99, in image_cb
    self.handle_frame(frame, msg.header)
  File "/home/hyeongseon/catkin_ws/src/lane_tracking_pkg/scripts/lane_tracking_node.py", line 111, in handle_frame
    lane_center, roi_overlay = detect_lane_center(edges, roi_color, self.debug)
  File "/home/hyeongseon/catkin_ws/src/lane_tracking_pkg/vision/detector.py", line 63, in detect_lane_center
    left_line = _fit_lane(np.vstack(left_points)) if left_points else None
TypeError: _fit_lane() missing 2 required positional arguments: 'y_bottom' and 'y_top'

[rosout][ERROR] 2025-09-20 13:15:02,568: bad callback: <bound method LaneTrackingNode.image_cb of <__main__.LaneTrackingNode object at 0x7f55bef5a1c0>>
Traceback (most recent call last):
  File "/opt/ros/noetic/lib/python3/dist-packages/rospy/topics.py", line 750, in _invoke_callback
    cb(msg)
  File "/home/hyeongseon/catkin_ws/src/lane_tracking_pkg/scripts/lane_tracking_node.py", line 99, in image_cb
    self.handle_frame(frame, msg.header)
  File "/home/hyeongseon/catkin_ws/src/lane_tracking_pkg/scripts/lane_tracking_node.py", line 111, in handle_frame
    lane_center, roi_overlay = detect_lane_center(edges, roi_color, self.debug)
  File "/home/hyeongseon/catkin_ws/src/lane_tracking_pkg/vision/detector.py", line 63, in detect_lane_center
    left_line = _fit_lane(np.vstack(left_points)) if left_points else None
TypeError: _fit_lane() missing 2 required positional arguments: 'y_bottom' and 'y_top'

[rosout][ERROR] 2025-09-20 13:15:02,603: bad callback: <bound method LaneTrackingNode.image_cb of <__main__.LaneTrackingNode object at 0x7f55bef5a1c0>>
Traceback (most recent call last):
  File "/opt/ros/noetic/lib/python3/dist-packages/rospy/topics.py", line 750, in _invoke_callback
    cb(msg)
  File "/home/hyeongseon/catkin_ws/src/lane_tracking_pkg/scripts/lane_tracking_node.py", line 99, in image_cb
    self.handle_frame(frame, msg.header)
  File "/home/hyeongseon/catkin_ws/src/lane_tracking_pkg/scripts/lane_tracking_node.py", line 111, in handle_frame
    lane_center, roi_overlay = detect_lane_center(edges, roi_color, self.debug)
  File "/home/hyeongseon/catkin_ws/src/lane_tracking_pkg/vision/detector.py", line 63, in detect_lane_center
    left_line = _fit_lane(np.vstack(left_points)) if left_points else None
TypeError: _fit_lane() missing 2 required positional arguments: 'y_bottom' and 'y_top'

[rosout][ERROR] 2025-09-20 13:15:02,615: bad callback: <bound method LaneTrackingNode.image_cb of <__main__.LaneTrackingNode object at 0x7f55bef5a1c0>>
Traceback (most recent call last):
  File "/opt/ros/noetic/lib/python3/dist-packages/rospy/topics.py", line 750, in _invoke_callback
    cb(msg)
  File "/home/hyeongseon/catkin_ws/src/lane_tracking_pkg/scripts/lane_tracking_node.py", line 99, in image_cb
    self.handle_frame(frame, msg.header)
  File "/home/hyeongseon/catkin_ws/src/lane_tracking_pkg/scripts/lane_tracking_node.py", line 111, in handle_frame
    lane_center, roi_overlay = detect_lane_center(edges, roi_color, self.debug)
  File "/home/hyeongseon/catkin_ws/src/lane_tracking_pkg/vision/detector.py", line 63, in detect_lane_center
    left_line = _fit_lane(np.vstack(left_points)) if left_points else None
TypeError: _fit_lane() missing 2 required positional arguments: 'y_bottom' and 'y_top'

[rosout][ERROR] 2025-09-20 13:15:02,641: bad callback: <bound method LaneTrackingNode.image_cb of <__main__.LaneTrackingNode object at 0x7f55bef5a1c0>>
Traceback (most recent call last):
  File "/opt/ros/noetic/lib/python3/dist-packages/rospy/topics.py", line 750, in _invoke_callback
    cb(msg)
  File "/home/hyeongseon/catkin_ws/src/lane_tracking_pkg/scripts/lane_tracking_node.py", line 99, in image_cb
    self.handle_frame(frame, msg.header)
  File "/home/hyeongseon/catkin_ws/src/lane_tracking_pkg/scripts/lane_tracking_node.py", line 111, in handle_frame
    lane_center, roi_overlay = detect_lane_center(edges, roi_color, self.debug)
  File "/home/hyeongseon/catkin_ws/src/lane_tracking_pkg/vision/detector.py", line 63, in detect_lane_center
    left_line = _fit_lane(np.vstack(left_points)) if left_points else None
TypeError: _fit_lane() missing 2 required positional arguments: 'y_bottom' and 'y_top'

[rosout][ERROR] 2025-09-20 13:15:02,672: bad callback: <bound method LaneTrackingNode.image_cb of <__main__.LaneTrackingNode object at 0x7f55bef5a1c0>>
Traceback (most recent call last):
  File "/opt/ros/noetic/lib/python3/dist-packages/rospy/topics.py", line 750, in _invoke_callback
    cb(msg)
  File "/home/hyeongseon/catkin_ws/src/lane_tracking_pkg/scripts/lane_tracking_node.py", line 99, in image_cb
    self.handle_frame(frame, msg.header)
  File "/home/hyeongseon/catkin_ws/src/lane_tracking_pkg/scripts/lane_tracking_node.py", line 111, in handle_frame
    lane_center, roi_overlay = detect_lane_center(edges, roi_color, self.debug)
  File "/home/hyeongseon/catkin_ws/src/lane_tracking_pkg/vision/detector.py", line 63, in detect_lane_center
    left_line = _fit_lane(np.vstack(left_points)) if left_points else None
TypeError: _fit_lane() missing 2 required positional arguments: 'y_bottom' and 'y_top'

[rosout][ERROR] 2025-09-20 13:15:02,697: bad callback: <bound method LaneTrackingNode.image_cb of <__main__.LaneTrackingNode object at 0x7f55bef5a1c0>>
Traceback (most recent call last):
  File "/opt/ros/noetic/lib/python3/dist-packages/rospy/topics.py", line 750, in _invoke_callback
    cb(msg)
  File "/home/hyeongseon/catkin_ws/src/lane_tracking_pkg/scripts/lane_tracking_node.py", line 99, in image_cb
    self.handle_frame(frame, msg.header)
  File "/home/hyeongseon/catkin_ws/src/lane_tracking_pkg/scripts/lane_tracking_node.py", line 111, in handle_frame
    lane_center, roi_overlay = detect_lane_center(edges, roi_color, self.debug)
  File "/home/hyeongseon/catkin_ws/src/lane_tracking_pkg/vision/detector.py", line 63, in detect_lane_center
    left_line = _fit_lane(np.vstack(left_points)) if left_points else None
TypeError: _fit_lane() missing 2 required positional arguments: 'y_bottom' and 'y_top'

[rosout][ERROR] 2025-09-20 13:15:02,729: bad callback: <bound method LaneTrackingNode.image_cb of <__main__.LaneTrackingNode object at 0x7f55bef5a1c0>>
Traceback (most recent call last):
  File "/opt/ros/noetic/lib/python3/dist-packages/rospy/topics.py", line 750, in _invoke_callback
    cb(msg)
  File "/home/hyeongseon/catkin_ws/src/lane_tracking_pkg/scripts/lane_tracking_node.py", line 99, in image_cb
    self.handle_frame(frame, msg.header)
  File "/home/hyeongseon/catkin_ws/src/lane_tracking_pkg/scripts/lane_tracking_node.py", line 111, in handle_frame
    lane_center, roi_overlay = detect_lane_center(edges, roi_color, self.debug)
  File "/home/hyeongseon/catkin_ws/src/lane_tracking_pkg/vision/detector.py", line 63, in detect_lane_center
    left_line = _fit_lane(np.vstack(left_points)) if left_points else None
TypeError: _fit_lane() missing 2 required positional arguments: 'y_bottom' and 'y_top'

[rosout][ERROR] 2025-09-20 13:15:02,749: bad callback: <bound method LaneTrackingNode.image_cb of <__main__.LaneTrackingNode object at 0x7f55bef5a1c0>>
Traceback (most recent call last):
  File "/opt/ros/noetic/lib/python3/dist-packages/rospy/topics.py", line 750, in _invoke_callback
    cb(msg)
  File "/home/hyeongseon/catkin_ws/src/lane_tracking_pkg/scripts/lane_tracking_node.py", line 99, in image_cb
    self.handle_frame(frame, msg.header)
  File "/home/hyeongseon/catkin_ws/src/lane_tracking_pkg/scripts/lane_tracking_node.py", line 111, in handle_frame
    lane_center, roi_overlay = detect_lane_center(edges, roi_color, self.debug)
  File "/home/hyeongseon/catkin_ws/src/lane_tracking_pkg/vision/detector.py", line 63, in detect_lane_center
    left_line = _fit_lane(np.vstack(left_points)) if left_points else None
TypeError: _fit_lane() missing 2 required positional arguments: 'y_bottom' and 'y_top'

[rosout][ERROR] 2025-09-20 13:15:02,771: bad callback: <bound method LaneTrackingNode.image_cb of <__main__.LaneTrackingNode object at 0x7f55bef5a1c0>>
Traceback (most recent call last):
  File "/opt/ros/noetic/lib/python3/dist-packages/rospy/topics.py", line 750, in _invoke_callback
    cb(msg)
  File "/home/hyeongseon/catkin_ws/src/lane_tracking_pkg/scripts/lane_tracking_node.py", line 99, in image_cb
    self.handle_frame(frame, msg.header)
  File "/home/hyeongseon/catkin_ws/src/lane_tracking_pkg/scripts/lane_tracking_node.py", line 111, in handle_frame
    lane_center, roi_overlay = detect_lane_center(edges, roi_color, self.debug)
  File "/home/hyeongseon/catkin_ws/src/lane_tracking_pkg/vision/detector.py", line 63, in detect_lane_center
    left_line = _fit_lane(np.vstack(left_points)) if left_points else None
TypeError: _fit_lane() missing 2 required positional arguments: 'y_bottom' and 'y_top'

[rosout][ERROR] 2025-09-20 13:15:02,809: bad callback: <bound method LaneTrackingNode.image_cb of <__main__.LaneTrackingNode object at 0x7f55bef5a1c0>>
Traceback (most recent call last):
  File "/opt/ros/noetic/lib/python3/dist-packages/rospy/topics.py", line 750, in _invoke_callback
    cb(msg)
  File "/home/hyeongseon/catkin_ws/src/lane_tracking_pkg/scripts/lane_tracking_node.py", line 99, in image_cb
    self.handle_frame(frame, msg.header)
  File "/home/hyeongseon/catkin_ws/src/lane_tracking_pkg/scripts/lane_tracking_node.py", line 111, in handle_frame
    lane_center, roi_overlay = detect_lane_center(edges, roi_color, self.debug)
  File "/home/hyeongseon/catkin_ws/src/lane_tracking_pkg/vision/detector.py", line 63, in detect_lane_center
    left_line = _fit_lane(np.vstack(left_points)) if left_points else None
TypeError: _fit_lane() missing 2 required positional arguments: 'y_bottom' and 'y_top'

[rosout][ERROR] 2025-09-20 13:15:02,855: bad callback: <bound method LaneTrackingNode.image_cb of <__main__.LaneTrackingNode object at 0x7f55bef5a1c0>>
Traceback (most recent call last):
  File "/opt/ros/noetic/lib/python3/dist-packages/rospy/topics.py", line 750, in _invoke_callback
    cb(msg)
  File "/home/hyeongseon/catkin_ws/src/lane_tracking_pkg/scripts/lane_tracking_node.py", line 99, in image_cb
    self.handle_frame(frame, msg.header)
  File "/home/hyeongseon/catkin_ws/src/lane_tracking_pkg/scripts/lane_tracking_node.py", line 111, in handle_frame
    lane_center, roi_overlay = detect_lane_center(edges, roi_color, self.debug)
  File "/home/hyeongseon/catkin_ws/src/lane_tracking_pkg/vision/detector.py", line 63, in detect_lane_center
    left_line = _fit_lane(np.vstack(left_points)) if left_points else None
TypeError: _fit_lane() missing 2 required positional arguments: 'y_bottom' and 'y_top'

[rosout][ERROR] 2025-09-20 13:15:02,890: bad callback: <bound method LaneTrackingNode.image_cb of <__main__.LaneTrackingNode object at 0x7f55bef5a1c0>>
Traceback (most recent call last):
  File "/opt/ros/noetic/lib/python3/dist-packages/rospy/topics.py", line 750, in _invoke_callback
    cb(msg)
  File "/home/hyeongseon/catkin_ws/src/lane_tracking_pkg/scripts/lane_tracking_node.py", line 99, in image_cb
    self.handle_frame(frame, msg.header)
  File "/home/hyeongseon/catkin_ws/src/lane_tracking_pkg/scripts/lane_tracking_node.py", line 111, in handle_frame
    lane_center, roi_overlay = detect_lane_center(edges, roi_color, self.debug)
  File "/home/hyeongseon/catkin_ws/src/lane_tracking_pkg/vision/detector.py", line 63, in detect_lane_center
    left_line = _fit_lane(np.vstack(left_points)) if left_points else None
TypeError: _fit_lane() missing 2 required positional arguments: 'y_bottom' and 'y_top'

[rosout][ERROR] 2025-09-20 13:15:02,905: bad callback: <bound method LaneTrackingNode.image_cb of <__main__.LaneTrackingNode object at 0x7f55bef5a1c0>>
Traceback (most recent call last):
  File "/opt/ros/noetic/lib/python3/dist-packages/rospy/topics.py", line 750, in _invoke_callback
    cb(msg)
  File "/home/hyeongseon/catkin_ws/src/lane_tracking_pkg/scripts/lane_tracking_node.py", line 99, in image_cb
    self.handle_frame(frame, msg.header)
  File "/home/hyeongseon/catkin_ws/src/lane_tracking_pkg/scripts/lane_tracking_node.py", line 111, in handle_frame
    lane_center, roi_overlay = detect_lane_center(edges, roi_color, self.debug)
  File "/home/hyeongseon/catkin_ws/src/lane_tracking_pkg/vision/detector.py", line 63, in detect_lane_center
    left_line = _fit_lane(np.vstack(left_points)) if left_points else None
TypeError: _fit_lane() missing 2 required positional arguments: 'y_bottom' and 'y_top'

[rosout][ERROR] 2025-09-20 13:15:02,960: bad callback: <bound method LaneTrackingNode.image_cb of <__main__.LaneTrackingNode object at 0x7f55bef5a1c0>>
Traceback (most recent call last):
  File "/opt/ros/noetic/lib/python3/dist-packages/rospy/topics.py", line 750, in _invoke_callback
    cb(msg)
  File "/home/hyeongseon/catkin_ws/src/lane_tracking_pkg/scripts/lane_tracking_node.py", line 99, in image_cb
    self.handle_frame(frame, msg.header)
  File "/home/hyeongseon/catkin_ws/src/lane_tracking_pkg/scripts/lane_tracking_node.py", line 111, in handle_frame
    lane_center, roi_overlay = detect_lane_center(edges, roi_color, self.debug)
  File "/home/hyeongseon/catkin_ws/src/lane_tracking_pkg/vision/detector.py", line 63, in detect_lane_center
    left_line = _fit_lane(np.vstack(left_points)) if left_points else None
TypeError: _fit_lane() missing 2 required positional arguments: 'y_bottom' and 'y_top'

[rosout][ERROR] 2025-09-20 13:15:03,011: bad callback: <bound method LaneTrackingNode.image_cb of <__main__.LaneTrackingNode object at 0x7f55bef5a1c0>>
Traceback (most recent call last):
  File "/opt/ros/noetic/lib/python3/dist-packages/rospy/topics.py", line 750, in _invoke_callback
    cb(msg)
  File "/home/hyeongseon/catkin_ws/src/lane_tracking_pkg/scripts/lane_tracking_node.py", line 99, in image_cb
    self.handle_frame(frame, msg.header)
  File "/home/hyeongseon/catkin_ws/src/lane_tracking_pkg/scripts/lane_tracking_node.py", line 111, in handle_frame
    lane_center, roi_overlay = detect_lane_center(edges, roi_color, self.debug)
  File "/home/hyeongseon/catkin_ws/src/lane_tracking_pkg/vision/detector.py", line 63, in detect_lane_center
    left_line = _fit_lane(np.vstack(left_points)) if left_points else None
TypeError: _fit_lane() missing 2 required positional arguments: 'y_bottom' and 'y_top'

[rosout][ERROR] 2025-09-20 13:15:03,026: bad callback: <bound method LaneTrackingNode.image_cb of <__main__.LaneTrackingNode object at 0x7f55bef5a1c0>>
Traceback (most recent call last):
  File "/opt/ros/noetic/lib/python3/dist-packages/rospy/topics.py", line 750, in _invoke_callback
    cb(msg)
  File "/home/hyeongseon/catkin_ws/src/lane_tracking_pkg/scripts/lane_tracking_node.py", line 99, in image_cb
    self.handle_frame(frame, msg.header)
  File "/home/hyeongseon/catkin_ws/src/lane_tracking_pkg/scripts/lane_tracking_node.py", line 111, in handle_frame
    lane_center, roi_overlay = detect_lane_center(edges, roi_color, self.debug)
  File "/home/hyeongseon/catkin_ws/src/lane_tracking_pkg/vision/detector.py", line 63, in detect_lane_center
    left_line = _fit_lane(np.vstack(left_points)) if left_points else None
TypeError: _fit_lane() missing 2 required positional arguments: 'y_bottom' and 'y_top'

[rosout][ERROR] 2025-09-20 13:15:03,065: bad callback: <bound method LaneTrackingNode.image_cb of <__main__.LaneTrackingNode object at 0x7f55bef5a1c0>>
Traceback (most recent call last):
  File "/opt/ros/noetic/lib/python3/dist-packages/rospy/topics.py", line 750, in _invoke_callback
    cb(msg)
  File "/home/hyeongseon/catkin_ws/src/lane_tracking_pkg/scripts/lane_tracking_node.py", line 99, in image_cb
    self.handle_frame(frame, msg.header)
  File "/home/hyeongseon/catkin_ws/src/lane_tracking_pkg/scripts/lane_tracking_node.py", line 111, in handle_frame
    lane_center, roi_overlay = detect_lane_center(edges, roi_color, self.debug)
  File "/home/hyeongseon/catkin_ws/src/lane_tracking_pkg/vision/detector.py", line 63, in detect_lane_center
    left_line = _fit_lane(np.vstack(left_points)) if left_points else None
TypeError: _fit_lane() missing 2 required positional arguments: 'y_bottom' and 'y_top'

[rosout][ERROR] 2025-09-20 13:15:03,104: bad callback: <bound method LaneTrackingNode.image_cb of <__main__.LaneTrackingNode object at 0x7f55bef5a1c0>>
Traceback (most recent call last):
  File "/opt/ros/noetic/lib/python3/dist-packages/rospy/topics.py", line 750, in _invoke_callback
    cb(msg)
  File "/home/hyeongseon/catkin_ws/src/lane_tracking_pkg/scripts/lane_tracking_node.py", line 99, in image_cb
    self.handle_frame(frame, msg.header)
  File "/home/hyeongseon/catkin_ws/src/lane_tracking_pkg/scripts/lane_tracking_node.py", line 111, in handle_frame
    lane_center, roi_overlay = detect_lane_center(edges, roi_color, self.debug)
  File "/home/hyeongseon/catkin_ws/src/lane_tracking_pkg/vision/detector.py", line 63, in detect_lane_center
    left_line = _fit_lane(np.vstack(left_points)) if left_points else None
TypeError: _fit_lane() missing 2 required positional arguments: 'y_bottom' and 'y_top'

[rosout][ERROR] 2025-09-20 13:15:03,119: bad callback: <bound method LaneTrackingNode.image_cb of <__main__.LaneTrackingNode object at 0x7f55bef5a1c0>>
Traceback (most recent call last):
  File "/opt/ros/noetic/lib/python3/dist-packages/rospy/topics.py", line 750, in _invoke_callback
    cb(msg)
  File "/home/hyeongseon/catkin_ws/src/lane_tracking_pkg/scripts/lane_tracking_node.py", line 99, in image_cb
    self.handle_frame(frame, msg.header)
  File "/home/hyeongseon/catkin_ws/src/lane_tracking_pkg/scripts/lane_tracking_node.py", line 111, in handle_frame
    lane_center, roi_overlay = detect_lane_center(edges, roi_color, self.debug)
  File "/home/hyeongseon/catkin_ws/src/lane_tracking_pkg/vision/detector.py", line 63, in detect_lane_center
    left_line = _fit_lane(np.vstack(left_points)) if left_points else None
TypeError: _fit_lane() missing 2 required positional arguments: 'y_bottom' and 'y_top'

[rosout][ERROR] 2025-09-20 13:15:03,152: bad callback: <bound method LaneTrackingNode.image_cb of <__main__.LaneTrackingNode object at 0x7f55bef5a1c0>>
Traceback (most recent call last):
  File "/opt/ros/noetic/lib/python3/dist-packages/rospy/topics.py", line 750, in _invoke_callback
    cb(msg)
  File "/home/hyeongseon/catkin_ws/src/lane_tracking_pkg/scripts/lane_tracking_node.py", line 99, in image_cb
    self.handle_frame(frame, msg.header)
  File "/home/hyeongseon/catkin_ws/src/lane_tracking_pkg/scripts/lane_tracking_node.py", line 111, in handle_frame
    lane_center, roi_overlay = detect_lane_center(edges, roi_color, self.debug)
  File "/home/hyeongseon/catkin_ws/src/lane_tracking_pkg/vision/detector.py", line 63, in detect_lane_center
    left_line = _fit_lane(np.vstack(left_points)) if left_points else None
TypeError: _fit_lane() missing 2 required positional arguments: 'y_bottom' and 'y_top'

[rosout][ERROR] 2025-09-20 13:15:03,203: bad callback: <bound method LaneTrackingNode.image_cb of <__main__.LaneTrackingNode object at 0x7f55bef5a1c0>>
Traceback (most recent call last):
  File "/opt/ros/noetic/lib/python3/dist-packages/rospy/topics.py", line 750, in _invoke_callback
    cb(msg)
  File "/home/hyeongseon/catkin_ws/src/lane_tracking_pkg/scripts/lane_tracking_node.py", line 99, in image_cb
    self.handle_frame(frame, msg.header)
  File "/home/hyeongseon/catkin_ws/src/lane_tracking_pkg/scripts/lane_tracking_node.py", line 111, in handle_frame
    lane_center, roi_overlay = detect_lane_center(edges, roi_color, self.debug)
  File "/home/hyeongseon/catkin_ws/src/lane_tracking_pkg/vision/detector.py", line 63, in detect_lane_center
    left_line = _fit_lane(np.vstack(left_points)) if left_points else None
TypeError: _fit_lane() missing 2 required positional arguments: 'y_bottom' and 'y_top'

[rosout][ERROR] 2025-09-20 13:15:03,219: bad callback: <bound method LaneTrackingNode.image_cb of <__main__.LaneTrackingNode object at 0x7f55bef5a1c0>>
Traceback (most recent call last):
  File "/opt/ros/noetic/lib/python3/dist-packages/rospy/topics.py", line 750, in _invoke_callback
    cb(msg)
  File "/home/hyeongseon/catkin_ws/src/lane_tracking_pkg/scripts/lane_tracking_node.py", line 99, in image_cb
    self.handle_frame(frame, msg.header)
  File "/home/hyeongseon/catkin_ws/src/lane_tracking_pkg/scripts/lane_tracking_node.py", line 111, in handle_frame
    lane_center, roi_overlay = detect_lane_center(edges, roi_color, self.debug)
  File "/home/hyeongseon/catkin_ws/src/lane_tracking_pkg/vision/detector.py", line 63, in detect_lane_center
    left_line = _fit_lane(np.vstack(left_points)) if left_points else None
TypeError: _fit_lane() missing 2 required positional arguments: 'y_bottom' and 'y_top'

[rosout][ERROR] 2025-09-20 13:15:03,251: bad callback: <bound method LaneTrackingNode.image_cb of <__main__.LaneTrackingNode object at 0x7f55bef5a1c0>>
Traceback (most recent call last):
  File "/opt/ros/noetic/lib/python3/dist-packages/rospy/topics.py", line 750, in _invoke_callback
    cb(msg)
  File "/home/hyeongseon/catkin_ws/src/lane_tracking_pkg/scripts/lane_tracking_node.py", line 99, in image_cb
    self.handle_frame(frame, msg.header)
  File "/home/hyeongseon/catkin_ws/src/lane_tracking_pkg/scripts/lane_tracking_node.py", line 111, in handle_frame
    lane_center, roi_overlay = detect_lane_center(edges, roi_color, self.debug)
  File "/home/hyeongseon/catkin_ws/src/lane_tracking_pkg/vision/detector.py", line 63, in detect_lane_center
    left_line = _fit_lane(np.vstack(left_points)) if left_points else None
TypeError: _fit_lane() missing 2 required positional arguments: 'y_bottom' and 'y_top'

[rosout][ERROR] 2025-09-20 13:15:03,307: bad callback: <bound method LaneTrackingNode.image_cb of <__main__.LaneTrackingNode object at 0x7f55bef5a1c0>>
Traceback (most recent call last):
  File "/opt/ros/noetic/lib/python3/dist-packages/rospy/topics.py", line 750, in _invoke_callback
    cb(msg)
  File "/home/hyeongseon/catkin_ws/src/lane_tracking_pkg/scripts/lane_tracking_node.py", line 99, in image_cb
    self.handle_frame(frame, msg.header)
  File "/home/hyeongseon/catkin_ws/src/lane_tracking_pkg/scripts/lane_tracking_node.py", line 111, in handle_frame
    lane_center, roi_overlay = detect_lane_center(edges, roi_color, self.debug)
  File "/home/hyeongseon/catkin_ws/src/lane_tracking_pkg/vision/detector.py", line 63, in detect_lane_center
    left_line = _fit_lane(np.vstack(left_points)) if left_points else None
TypeError: _fit_lane() missing 2 required positional arguments: 'y_bottom' and 'y_top'

[rosout][ERROR] 2025-09-20 13:15:03,320: bad callback: <bound method LaneTrackingNode.image_cb of <__main__.LaneTrackingNode object at 0x7f55bef5a1c0>>
Traceback (most recent call last):
  File "/opt/ros/noetic/lib/python3/dist-packages/rospy/topics.py", line 750, in _invoke_callback
    cb(msg)
  File "/home/hyeongseon/catkin_ws/src/lane_tracking_pkg/scripts/lane_tracking_node.py", line 99, in image_cb
    self.handle_frame(frame, msg.header)
  File "/home/hyeongseon/catkin_ws/src/lane_tracking_pkg/scripts/lane_tracking_node.py", line 111, in handle_frame
    lane_center, roi_overlay = detect_lane_center(edges, roi_color, self.debug)
  File "/home/hyeongseon/catkin_ws/src/lane_tracking_pkg/vision/detector.py", line 63, in detect_lane_center
    left_line = _fit_lane(np.vstack(left_points)) if left_points else None
TypeError: _fit_lane() missing 2 required positional arguments: 'y_bottom' and 'y_top'

[rosout][ERROR] 2025-09-20 13:15:03,346: bad callback: <bound method LaneTrackingNode.image_cb of <__main__.LaneTrackingNode object at 0x7f55bef5a1c0>>
Traceback (most recent call last):
  File "/opt/ros/noetic/lib/python3/dist-packages/rospy/topics.py", line 750, in _invoke_callback
    cb(msg)
  File "/home/hyeongseon/catkin_ws/src/lane_tracking_pkg/scripts/lane_tracking_node.py", line 99, in image_cb
    self.handle_frame(frame, msg.header)
  File "/home/hyeongseon/catkin_ws/src/lane_tracking_pkg/scripts/lane_tracking_node.py", line 111, in handle_frame
    lane_center, roi_overlay = detect_lane_center(edges, roi_color, self.debug)
  File "/home/hyeongseon/catkin_ws/src/lane_tracking_pkg/vision/detector.py", line 63, in detect_lane_center
    left_line = _fit_lane(np.vstack(left_points)) if left_points else None
TypeError: _fit_lane() missing 2 required positional arguments: 'y_bottom' and 'y_top'

[rosout][ERROR] 2025-09-20 13:15:03,384: bad callback: <bound method LaneTrackingNode.image_cb of <__main__.LaneTrackingNode object at 0x7f55bef5a1c0>>
Traceback (most recent call last):
  File "/opt/ros/noetic/lib/python3/dist-packages/rospy/topics.py", line 750, in _invoke_callback
    cb(msg)
  File "/home/hyeongseon/catkin_ws/src/lane_tracking_pkg/scripts/lane_tracking_node.py", line 99, in image_cb
    self.handle_frame(frame, msg.header)
  File "/home/hyeongseon/catkin_ws/src/lane_tracking_pkg/scripts/lane_tracking_node.py", line 111, in handle_frame
    lane_center, roi_overlay = detect_lane_center(edges, roi_color, self.debug)
  File "/home/hyeongseon/catkin_ws/src/lane_tracking_pkg/vision/detector.py", line 63, in detect_lane_center
    left_line = _fit_lane(np.vstack(left_points)) if left_points else None
TypeError: _fit_lane() missing 2 required positional arguments: 'y_bottom' and 'y_top'

[rosout][ERROR] 2025-09-20 13:15:03,416: bad callback: <bound method LaneTrackingNode.image_cb of <__main__.LaneTrackingNode object at 0x7f55bef5a1c0>>
Traceback (most recent call last):
  File "/opt/ros/noetic/lib/python3/dist-packages/rospy/topics.py", line 750, in _invoke_callback
    cb(msg)
  File "/home/hyeongseon/catkin_ws/src/lane_tracking_pkg/scripts/lane_tracking_node.py", line 99, in image_cb
    self.handle_frame(frame, msg.header)
  File "/home/hyeongseon/catkin_ws/src/lane_tracking_pkg/scripts/lane_tracking_node.py", line 111, in handle_frame
    lane_center, roi_overlay = detect_lane_center(edges, roi_color, self.debug)
  File "/home/hyeongseon/catkin_ws/src/lane_tracking_pkg/vision/detector.py", line 63, in detect_lane_center
    left_line = _fit_lane(np.vstack(left_points)) if left_points else None
TypeError: _fit_lane() missing 2 required positional arguments: 'y_bottom' and 'y_top'

[rosout][ERROR] 2025-09-20 13:15:03,441: bad callback: <bound method LaneTrackingNode.image_cb of <__main__.LaneTrackingNode object at 0x7f55bef5a1c0>>
Traceback (most recent call last):
  File "/opt/ros/noetic/lib/python3/dist-packages/rospy/topics.py", line 750, in _invoke_callback
    cb(msg)
  File "/home/hyeongseon/catkin_ws/src/lane_tracking_pkg/scripts/lane_tracking_node.py", line 99, in image_cb
    self.handle_frame(frame, msg.header)
  File "/home/hyeongseon/catkin_ws/src/lane_tracking_pkg/scripts/lane_tracking_node.py", line 111, in handle_frame
    lane_center, roi_overlay = detect_lane_center(edges, roi_color, self.debug)
  File "/home/hyeongseon/catkin_ws/src/lane_tracking_pkg/vision/detector.py", line 63, in detect_lane_center
    left_line = _fit_lane(np.vstack(left_points)) if left_points else None
TypeError: _fit_lane() missing 2 required positional arguments: 'y_bottom' and 'y_top'

[rosout][ERROR] 2025-09-20 13:15:03,480: bad callback: <bound method LaneTrackingNode.image_cb of <__main__.LaneTrackingNode object at 0x7f55bef5a1c0>>
Traceback (most recent call last):
  File "/opt/ros/noetic/lib/python3/dist-packages/rospy/topics.py", line 750, in _invoke_callback
    cb(msg)
  File "/home/hyeongseon/catkin_ws/src/lane_tracking_pkg/scripts/lane_tracking_node.py", line 99, in image_cb
    self.handle_frame(frame, msg.header)
  File "/home/hyeongseon/catkin_ws/src/lane_tracking_pkg/scripts/lane_tracking_node.py", line 111, in handle_frame
    lane_center, roi_overlay = detect_lane_center(edges, roi_color, self.debug)
  File "/home/hyeongseon/catkin_ws/src/lane_tracking_pkg/vision/detector.py", line 63, in detect_lane_center
    left_line = _fit_lane(np.vstack(left_points)) if left_points else None
TypeError: _fit_lane() missing 2 required positional arguments: 'y_bottom' and 'y_top'

[rosout][ERROR] 2025-09-20 13:15:03,506: bad callback: <bound method LaneTrackingNode.image_cb of <__main__.LaneTrackingNode object at 0x7f55bef5a1c0>>
Traceback (most recent call last):
  File "/opt/ros/noetic/lib/python3/dist-packages/rospy/topics.py", line 750, in _invoke_callback
    cb(msg)
  File "/home/hyeongseon/catkin_ws/src/lane_tracking_pkg/scripts/lane_tracking_node.py", line 99, in image_cb
    self.handle_frame(frame, msg.header)
  File "/home/hyeongseon/catkin_ws/src/lane_tracking_pkg/scripts/lane_tracking_node.py", line 111, in handle_frame
    lane_center, roi_overlay = detect_lane_center(edges, roi_color, self.debug)
  File "/home/hyeongseon/catkin_ws/src/lane_tracking_pkg/vision/detector.py", line 63, in detect_lane_center
    left_line = _fit_lane(np.vstack(left_points)) if left_points else None
TypeError: _fit_lane() missing 2 required positional arguments: 'y_bottom' and 'y_top'

[rosout][ERROR] 2025-09-20 13:15:03,543: bad callback: <bound method LaneTrackingNode.image_cb of <__main__.LaneTrackingNode object at 0x7f55bef5a1c0>>
Traceback (most recent call last):
  File "/opt/ros/noetic/lib/python3/dist-packages/rospy/topics.py", line 750, in _invoke_callback
    cb(msg)
  File "/home/hyeongseon/catkin_ws/src/lane_tracking_pkg/scripts/lane_tracking_node.py", line 99, in image_cb
    self.handle_frame(frame, msg.header)
  File "/home/hyeongseon/catkin_ws/src/lane_tracking_pkg/scripts/lane_tracking_node.py", line 111, in handle_frame
    lane_center, roi_overlay = detect_lane_center(edges, roi_color, self.debug)
  File "/home/hyeongseon/catkin_ws/src/lane_tracking_pkg/vision/detector.py", line 63, in detect_lane_center
    left_line = _fit_lane(np.vstack(left_points)) if left_points else None
TypeError: _fit_lane() missing 2 required positional arguments: 'y_bottom' and 'y_top'

[rosout][ERROR] 2025-09-20 13:15:03,571: bad callback: <bound method LaneTrackingNode.image_cb of <__main__.LaneTrackingNode object at 0x7f55bef5a1c0>>
Traceback (most recent call last):
  File "/opt/ros/noetic/lib/python3/dist-packages/rospy/topics.py", line 750, in _invoke_callback
    cb(msg)
  File "/home/hyeongseon/catkin_ws/src/lane_tracking_pkg/scripts/lane_tracking_node.py", line 99, in image_cb
    self.handle_frame(frame, msg.header)
  File "/home/hyeongseon/catkin_ws/src/lane_tracking_pkg/scripts/lane_tracking_node.py", line 111, in handle_frame
    lane_center, roi_overlay = detect_lane_center(edges, roi_color, self.debug)
  File "/home/hyeongseon/catkin_ws/src/lane_tracking_pkg/vision/detector.py", line 63, in detect_lane_center
    left_line = _fit_lane(np.vstack(left_points)) if left_points else None
TypeError: _fit_lane() missing 2 required positional arguments: 'y_bottom' and 'y_top'

[rosout][ERROR] 2025-09-20 13:15:03,605: bad callback: <bound method LaneTrackingNode.image_cb of <__main__.LaneTrackingNode object at 0x7f55bef5a1c0>>
Traceback (most recent call last):
  File "/opt/ros/noetic/lib/python3/dist-packages/rospy/topics.py", line 750, in _invoke_callback
    cb(msg)
  File "/home/hyeongseon/catkin_ws/src/lane_tracking_pkg/scripts/lane_tracking_node.py", line 99, in image_cb
    self.handle_frame(frame, msg.header)
  File "/home/hyeongseon/catkin_ws/src/lane_tracking_pkg/scripts/lane_tracking_node.py", line 111, in handle_frame
    lane_center, roi_overlay = detect_lane_center(edges, roi_color, self.debug)
  File "/home/hyeongseon/catkin_ws/src/lane_tracking_pkg/vision/detector.py", line 63, in detect_lane_center
    left_line = _fit_lane(np.vstack(left_points)) if left_points else None
TypeError: _fit_lane() missing 2 required positional arguments: 'y_bottom' and 'y_top'

[rosout][ERROR] 2025-09-20 13:15:03,626: bad callback: <bound method LaneTrackingNode.image_cb of <__main__.LaneTrackingNode object at 0x7f55bef5a1c0>>
Traceback (most recent call last):
  File "/opt/ros/noetic/lib/python3/dist-packages/rospy/topics.py", line 750, in _invoke_callback
    cb(msg)
  File "/home/hyeongseon/catkin_ws/src/lane_tracking_pkg/scripts/lane_tracking_node.py", line 99, in image_cb
    self.handle_frame(frame, msg.header)
  File "/home/hyeongseon/catkin_ws/src/lane_tracking_pkg/scripts/lane_tracking_node.py", line 111, in handle_frame
    lane_center, roi_overlay = detect_lane_center(edges, roi_color, self.debug)
  File "/home/hyeongseon/catkin_ws/src/lane_tracking_pkg/vision/detector.py", line 63, in detect_lane_center
    left_line = _fit_lane(np.vstack(left_points)) if left_points else None
TypeError: _fit_lane() missing 2 required positional arguments: 'y_bottom' and 'y_top'

[rosout][ERROR] 2025-09-20 13:15:03,677: bad callback: <bound method LaneTrackingNode.image_cb of <__main__.LaneTrackingNode object at 0x7f55bef5a1c0>>
Traceback (most recent call last):
  File "/opt/ros/noetic/lib/python3/dist-packages/rospy/topics.py", line 750, in _invoke_callback
    cb(msg)
  File "/home/hyeongseon/catkin_ws/src/lane_tracking_pkg/scripts/lane_tracking_node.py", line 99, in image_cb
    self.handle_frame(frame, msg.header)
  File "/home/hyeongseon/catkin_ws/src/lane_tracking_pkg/scripts/lane_tracking_node.py", line 111, in handle_frame
    lane_center, roi_overlay = detect_lane_center(edges, roi_color, self.debug)
  File "/home/hyeongseon/catkin_ws/src/lane_tracking_pkg/vision/detector.py", line 63, in detect_lane_center
    left_line = _fit_lane(np.vstack(left_points)) if left_points else None
TypeError: _fit_lane() missing 2 required positional arguments: 'y_bottom' and 'y_top'

[rosout][ERROR] 2025-09-20 13:15:03,707: bad callback: <bound method LaneTrackingNode.image_cb of <__main__.LaneTrackingNode object at 0x7f55bef5a1c0>>
Traceback (most recent call last):
  File "/opt/ros/noetic/lib/python3/dist-packages/rospy/topics.py", line 750, in _invoke_callback
    cb(msg)
  File "/home/hyeongseon/catkin_ws/src/lane_tracking_pkg/scripts/lane_tracking_node.py", line 99, in image_cb
    self.handle_frame(frame, msg.header)
  File "/home/hyeongseon/catkin_ws/src/lane_tracking_pkg/scripts/lane_tracking_node.py", line 111, in handle_frame
    lane_center, roi_overlay = detect_lane_center(edges, roi_color, self.debug)
  File "/home/hyeongseon/catkin_ws/src/lane_tracking_pkg/vision/detector.py", line 63, in detect_lane_center
    left_line = _fit_lane(np.vstack(left_points)) if left_points else None
TypeError: _fit_lane() missing 2 required positional arguments: 'y_bottom' and 'y_top'

[rosout][ERROR] 2025-09-20 13:15:03,753: bad callback: <bound method LaneTrackingNode.image_cb of <__main__.LaneTrackingNode object at 0x7f55bef5a1c0>>
Traceback (most recent call last):
  File "/opt/ros/noetic/lib/python3/dist-packages/rospy/topics.py", line 750, in _invoke_callback
    cb(msg)
  File "/home/hyeongseon/catkin_ws/src/lane_tracking_pkg/scripts/lane_tracking_node.py", line 99, in image_cb
    self.handle_frame(frame, msg.header)
  File "/home/hyeongseon/catkin_ws/src/lane_tracking_pkg/scripts/lane_tracking_node.py", line 111, in handle_frame
    lane_center, roi_overlay = detect_lane_center(edges, roi_color, self.debug)
  File "/home/hyeongseon/catkin_ws/src/lane_tracking_pkg/vision/detector.py", line 63, in detect_lane_center
    left_line = _fit_lane(np.vstack(left_points)) if left_points else None
TypeError: _fit_lane() missing 2 required positional arguments: 'y_bottom' and 'y_top'

[rosout][ERROR] 2025-09-20 13:15:03,777: bad callback: <bound method LaneTrackingNode.image_cb of <__main__.LaneTrackingNode object at 0x7f55bef5a1c0>>
Traceback (most recent call last):
  File "/opt/ros/noetic/lib/python3/dist-packages/rospy/topics.py", line 750, in _invoke_callback
    cb(msg)
  File "/home/hyeongseon/catkin_ws/src/lane_tracking_pkg/scripts/lane_tracking_node.py", line 99, in image_cb
    self.handle_frame(frame, msg.header)
  File "/home/hyeongseon/catkin_ws/src/lane_tracking_pkg/scripts/lane_tracking_node.py", line 111, in handle_frame
    lane_center, roi_overlay = detect_lane_center(edges, roi_color, self.debug)
  File "/home/hyeongseon/catkin_ws/src/lane_tracking_pkg/vision/detector.py", line 63, in detect_lane_center
    left_line = _fit_lane(np.vstack(left_points)) if left_points else None
TypeError: _fit_lane() missing 2 required positional arguments: 'y_bottom' and 'y_top'

[rosout][ERROR] 2025-09-20 13:15:03,790: bad callback: <bound method LaneTrackingNode.image_cb of <__main__.LaneTrackingNode object at 0x7f55bef5a1c0>>
Traceback (most recent call last):
  File "/opt/ros/noetic/lib/python3/dist-packages/rospy/topics.py", line 750, in _invoke_callback
    cb(msg)
  File "/home/hyeongseon/catkin_ws/src/lane_tracking_pkg/scripts/lane_tracking_node.py", line 99, in image_cb
    self.handle_frame(frame, msg.header)
  File "/home/hyeongseon/catkin_ws/src/lane_tracking_pkg/scripts/lane_tracking_node.py", line 111, in handle_frame
    lane_center, roi_overlay = detect_lane_center(edges, roi_color, self.debug)
  File "/home/hyeongseon/catkin_ws/src/lane_tracking_pkg/vision/detector.py", line 63, in detect_lane_center
    left_line = _fit_lane(np.vstack(left_points)) if left_points else None
TypeError: _fit_lane() missing 2 required positional arguments: 'y_bottom' and 'y_top'

[rosout][ERROR] 2025-09-20 13:15:03,845: bad callback: <bound method LaneTrackingNode.image_cb of <__main__.LaneTrackingNode object at 0x7f55bef5a1c0>>
Traceback (most recent call last):
  File "/opt/ros/noetic/lib/python3/dist-packages/rospy/topics.py", line 750, in _invoke_callback
    cb(msg)
  File "/home/hyeongseon/catkin_ws/src/lane_tracking_pkg/scripts/lane_tracking_node.py", line 99, in image_cb
    self.handle_frame(frame, msg.header)
  File "/home/hyeongseon/catkin_ws/src/lane_tracking_pkg/scripts/lane_tracking_node.py", line 111, in handle_frame
    lane_center, roi_overlay = detect_lane_center(edges, roi_color, self.debug)
  File "/home/hyeongseon/catkin_ws/src/lane_tracking_pkg/vision/detector.py", line 63, in detect_lane_center
    left_line = _fit_lane(np.vstack(left_points)) if left_points else None
TypeError: _fit_lane() missing 2 required positional arguments: 'y_bottom' and 'y_top'

[rosout][ERROR] 2025-09-20 13:15:03,897: bad callback: <bound method LaneTrackingNode.image_cb of <__main__.LaneTrackingNode object at 0x7f55bef5a1c0>>
Traceback (most recent call last):
  File "/opt/ros/noetic/lib/python3/dist-packages/rospy/topics.py", line 750, in _invoke_callback
    cb(msg)
  File "/home/hyeongseon/catkin_ws/src/lane_tracking_pkg/scripts/lane_tracking_node.py", line 99, in image_cb
    self.handle_frame(frame, msg.header)
  File "/home/hyeongseon/catkin_ws/src/lane_tracking_pkg/scripts/lane_tracking_node.py", line 111, in handle_frame
    lane_center, roi_overlay = detect_lane_center(edges, roi_color, self.debug)
  File "/home/hyeongseon/catkin_ws/src/lane_tracking_pkg/vision/detector.py", line 63, in detect_lane_center
    left_line = _fit_lane(np.vstack(left_points)) if left_points else None
TypeError: _fit_lane() missing 2 required positional arguments: 'y_bottom' and 'y_top'

[rosout][ERROR] 2025-09-20 13:15:03,910: bad callback: <bound method LaneTrackingNode.image_cb of <__main__.LaneTrackingNode object at 0x7f55bef5a1c0>>
Traceback (most recent call last):
  File "/opt/ros/noetic/lib/python3/dist-packages/rospy/topics.py", line 750, in _invoke_callback
    cb(msg)
  File "/home/hyeongseon/catkin_ws/src/lane_tracking_pkg/scripts/lane_tracking_node.py", line 99, in image_cb
    self.handle_frame(frame, msg.header)
  File "/home/hyeongseon/catkin_ws/src/lane_tracking_pkg/scripts/lane_tracking_node.py", line 111, in handle_frame
    lane_center, roi_overlay = detect_lane_center(edges, roi_color, self.debug)
  File "/home/hyeongseon/catkin_ws/src/lane_tracking_pkg/vision/detector.py", line 63, in detect_lane_center
    left_line = _fit_lane(np.vstack(left_points)) if left_points else None
TypeError: _fit_lane() missing 2 required positional arguments: 'y_bottom' and 'y_top'

[rosout][ERROR] 2025-09-20 13:15:03,939: bad callback: <bound method LaneTrackingNode.image_cb of <__main__.LaneTrackingNode object at 0x7f55bef5a1c0>>
Traceback (most recent call last):
  File "/opt/ros/noetic/lib/python3/dist-packages/rospy/topics.py", line 750, in _invoke_callback
    cb(msg)
  File "/home/hyeongseon/catkin_ws/src/lane_tracking_pkg/scripts/lane_tracking_node.py", line 99, in image_cb
    self.handle_frame(frame, msg.header)
  File "/home/hyeongseon/catkin_ws/src/lane_tracking_pkg/scripts/lane_tracking_node.py", line 111, in handle_frame
    lane_center, roi_overlay = detect_lane_center(edges, roi_color, self.debug)
  File "/home/hyeongseon/catkin_ws/src/lane_tracking_pkg/vision/detector.py", line 63, in detect_lane_center
    left_line = _fit_lane(np.vstack(left_points)) if left_points else None
TypeError: _fit_lane() missing 2 required positional arguments: 'y_bottom' and 'y_top'

[rosout][ERROR] 2025-09-20 13:15:03,968: bad callback: <bound method LaneTrackingNode.image_cb of <__main__.LaneTrackingNode object at 0x7f55bef5a1c0>>
Traceback (most recent call last):
  File "/opt/ros/noetic/lib/python3/dist-packages/rospy/topics.py", line 750, in _invoke_callback
    cb(msg)
  File "/home/hyeongseon/catkin_ws/src/lane_tracking_pkg/scripts/lane_tracking_node.py", line 99, in image_cb
    self.handle_frame(frame, msg.header)
  File "/home/hyeongseon/catkin_ws/src/lane_tracking_pkg/scripts/lane_tracking_node.py", line 111, in handle_frame
    lane_center, roi_overlay = detect_lane_center(edges, roi_color, self.debug)
  File "/home/hyeongseon/catkin_ws/src/lane_tracking_pkg/vision/detector.py", line 63, in detect_lane_center
    left_line = _fit_lane(np.vstack(left_points)) if left_points else None
TypeError: _fit_lane() missing 2 required positional arguments: 'y_bottom' and 'y_top'

[rosout][ERROR] 2025-09-20 13:15:04,018: bad callback: <bound method LaneTrackingNode.image_cb of <__main__.LaneTrackingNode object at 0x7f55bef5a1c0>>
Traceback (most recent call last):
  File "/opt/ros/noetic/lib/python3/dist-packages/rospy/topics.py", line 750, in _invoke_callback
    cb(msg)
  File "/home/hyeongseon/catkin_ws/src/lane_tracking_pkg/scripts/lane_tracking_node.py", line 99, in image_cb
    self.handle_frame(frame, msg.header)
  File "/home/hyeongseon/catkin_ws/src/lane_tracking_pkg/scripts/lane_tracking_node.py", line 111, in handle_frame
    lane_center, roi_overlay = detect_lane_center(edges, roi_color, self.debug)
  File "/home/hyeongseon/catkin_ws/src/lane_tracking_pkg/vision/detector.py", line 63, in detect_lane_center
    left_line = _fit_lane(np.vstack(left_points)) if left_points else None
TypeError: _fit_lane() missing 2 required positional arguments: 'y_bottom' and 'y_top'

[rosout][ERROR] 2025-09-20 13:15:04,053: bad callback: <bound method LaneTrackingNode.image_cb of <__main__.LaneTrackingNode object at 0x7f55bef5a1c0>>
Traceback (most recent call last):
  File "/opt/ros/noetic/lib/python3/dist-packages/rospy/topics.py", line 750, in _invoke_callback
    cb(msg)
  File "/home/hyeongseon/catkin_ws/src/lane_tracking_pkg/scripts/lane_tracking_node.py", line 99, in image_cb
    self.handle_frame(frame, msg.header)
  File "/home/hyeongseon/catkin_ws/src/lane_tracking_pkg/scripts/lane_tracking_node.py", line 111, in handle_frame
    lane_center, roi_overlay = detect_lane_center(edges, roi_color, self.debug)
  File "/home/hyeongseon/catkin_ws/src/lane_tracking_pkg/vision/detector.py", line 63, in detect_lane_center
    left_line = _fit_lane(np.vstack(left_points)) if left_points else None
TypeError: _fit_lane() missing 2 required positional arguments: 'y_bottom' and 'y_top'

[rosout][ERROR] 2025-09-20 13:15:04,116: bad callback: <bound method LaneTrackingNode.image_cb of <__main__.LaneTrackingNode object at 0x7f55bef5a1c0>>
Traceback (most recent call last):
  File "/opt/ros/noetic/lib/python3/dist-packages/rospy/topics.py", line 750, in _invoke_callback
    cb(msg)
  File "/home/hyeongseon/catkin_ws/src/lane_tracking_pkg/scripts/lane_tracking_node.py", line 99, in image_cb
    self.handle_frame(frame, msg.header)
  File "/home/hyeongseon/catkin_ws/src/lane_tracking_pkg/scripts/lane_tracking_node.py", line 111, in handle_frame
    lane_center, roi_overlay = detect_lane_center(edges, roi_color, self.debug)
  File "/home/hyeongseon/catkin_ws/src/lane_tracking_pkg/vision/detector.py", line 63, in detect_lane_center
    left_line = _fit_lane(np.vstack(left_points)) if left_points else None
TypeError: _fit_lane() missing 2 required positional arguments: 'y_bottom' and 'y_top'

[rosout][ERROR] 2025-09-20 13:15:04,154: bad callback: <bound method LaneTrackingNode.image_cb of <__main__.LaneTrackingNode object at 0x7f55bef5a1c0>>
Traceback (most recent call last):
  File "/opt/ros/noetic/lib/python3/dist-packages/rospy/topics.py", line 750, in _invoke_callback
    cb(msg)
  File "/home/hyeongseon/catkin_ws/src/lane_tracking_pkg/scripts/lane_tracking_node.py", line 99, in image_cb
    self.handle_frame(frame, msg.header)
  File "/home/hyeongseon/catkin_ws/src/lane_tracking_pkg/scripts/lane_tracking_node.py", line 111, in handle_frame
    lane_center, roi_overlay = detect_lane_center(edges, roi_color, self.debug)
  File "/home/hyeongseon/catkin_ws/src/lane_tracking_pkg/vision/detector.py", line 63, in detect_lane_center
    left_line = _fit_lane(np.vstack(left_points)) if left_points else None
TypeError: _fit_lane() missing 2 required positional arguments: 'y_bottom' and 'y_top'

[rosout][ERROR] 2025-09-20 13:15:04,178: bad callback: <bound method LaneTrackingNode.image_cb of <__main__.LaneTrackingNode object at 0x7f55bef5a1c0>>
Traceback (most recent call last):
  File "/opt/ros/noetic/lib/python3/dist-packages/rospy/topics.py", line 750, in _invoke_callback
    cb(msg)
  File "/home/hyeongseon/catkin_ws/src/lane_tracking_pkg/scripts/lane_tracking_node.py", line 99, in image_cb
    self.handle_frame(frame, msg.header)
  File "/home/hyeongseon/catkin_ws/src/lane_tracking_pkg/scripts/lane_tracking_node.py", line 111, in handle_frame
    lane_center, roi_overlay = detect_lane_center(edges, roi_color, self.debug)
  File "/home/hyeongseon/catkin_ws/src/lane_tracking_pkg/vision/detector.py", line 63, in detect_lane_center
    left_line = _fit_lane(np.vstack(left_points)) if left_points else None
TypeError: _fit_lane() missing 2 required positional arguments: 'y_bottom' and 'y_top'

[rosout][ERROR] 2025-09-20 13:15:04,208: bad callback: <bound method LaneTrackingNode.image_cb of <__main__.LaneTrackingNode object at 0x7f55bef5a1c0>>
Traceback (most recent call last):
  File "/opt/ros/noetic/lib/python3/dist-packages/rospy/topics.py", line 750, in _invoke_callback
    cb(msg)
  File "/home/hyeongseon/catkin_ws/src/lane_tracking_pkg/scripts/lane_tracking_node.py", line 99, in image_cb
    self.handle_frame(frame, msg.header)
  File "/home/hyeongseon/catkin_ws/src/lane_tracking_pkg/scripts/lane_tracking_node.py", line 111, in handle_frame
    lane_center, roi_overlay = detect_lane_center(edges, roi_color, self.debug)
  File "/home/hyeongseon/catkin_ws/src/lane_tracking_pkg/vision/detector.py", line 63, in detect_lane_center
    left_line = _fit_lane(np.vstack(left_points)) if left_points else None
TypeError: _fit_lane() missing 2 required positional arguments: 'y_bottom' and 'y_top'

[rosout][ERROR] 2025-09-20 13:15:04,222: bad callback: <bound method LaneTrackingNode.image_cb of <__main__.LaneTrackingNode object at 0x7f55bef5a1c0>>
Traceback (most recent call last):
  File "/opt/ros/noetic/lib/python3/dist-packages/rospy/topics.py", line 750, in _invoke_callback
    cb(msg)
  File "/home/hyeongseon/catkin_ws/src/lane_tracking_pkg/scripts/lane_tracking_node.py", line 99, in image_cb
    self.handle_frame(frame, msg.header)
  File "/home/hyeongseon/catkin_ws/src/lane_tracking_pkg/scripts/lane_tracking_node.py", line 111, in handle_frame
    lane_center, roi_overlay = detect_lane_center(edges, roi_color, self.debug)
  File "/home/hyeongseon/catkin_ws/src/lane_tracking_pkg/vision/detector.py", line 63, in detect_lane_center
    left_line = _fit_lane(np.vstack(left_points)) if left_points else None
TypeError: _fit_lane() missing 2 required positional arguments: 'y_bottom' and 'y_top'

[rosout][ERROR] 2025-09-20 13:15:04,244: bad callback: <bound method LaneTrackingNode.image_cb of <__main__.LaneTrackingNode object at 0x7f55bef5a1c0>>
Traceback (most recent call last):
  File "/opt/ros/noetic/lib/python3/dist-packages/rospy/topics.py", line 750, in _invoke_callback
    cb(msg)
  File "/home/hyeongseon/catkin_ws/src/lane_tracking_pkg/scripts/lane_tracking_node.py", line 99, in image_cb
    self.handle_frame(frame, msg.header)
  File "/home/hyeongseon/catkin_ws/src/lane_tracking_pkg/scripts/lane_tracking_node.py", line 111, in handle_frame
    lane_center, roi_overlay = detect_lane_center(edges, roi_color, self.debug)
  File "/home/hyeongseon/catkin_ws/src/lane_tracking_pkg/vision/detector.py", line 63, in detect_lane_center
    left_line = _fit_lane(np.vstack(left_points)) if left_points else None
TypeError: _fit_lane() missing 2 required positional arguments: 'y_bottom' and 'y_top'

[rosout][ERROR] 2025-09-20 13:15:04,278: bad callback: <bound method LaneTrackingNode.image_cb of <__main__.LaneTrackingNode object at 0x7f55bef5a1c0>>
Traceback (most recent call last):
  File "/opt/ros/noetic/lib/python3/dist-packages/rospy/topics.py", line 750, in _invoke_callback
    cb(msg)
  File "/home/hyeongseon/catkin_ws/src/lane_tracking_pkg/scripts/lane_tracking_node.py", line 99, in image_cb
    self.handle_frame(frame, msg.header)
  File "/home/hyeongseon/catkin_ws/src/lane_tracking_pkg/scripts/lane_tracking_node.py", line 111, in handle_frame
    lane_center, roi_overlay = detect_lane_center(edges, roi_color, self.debug)
  File "/home/hyeongseon/catkin_ws/src/lane_tracking_pkg/vision/detector.py", line 63, in detect_lane_center
    left_line = _fit_lane(np.vstack(left_points)) if left_points else None
TypeError: _fit_lane() missing 2 required positional arguments: 'y_bottom' and 'y_top'

[rosout][ERROR] 2025-09-20 13:15:04,314: bad callback: <bound method LaneTrackingNode.image_cb of <__main__.LaneTrackingNode object at 0x7f55bef5a1c0>>
Traceback (most recent call last):
  File "/opt/ros/noetic/lib/python3/dist-packages/rospy/topics.py", line 750, in _invoke_callback
    cb(msg)
  File "/home/hyeongseon/catkin_ws/src/lane_tracking_pkg/scripts/lane_tracking_node.py", line 99, in image_cb
    self.handle_frame(frame, msg.header)
  File "/home/hyeongseon/catkin_ws/src/lane_tracking_pkg/scripts/lane_tracking_node.py", line 111, in handle_frame
    lane_center, roi_overlay = detect_lane_center(edges, roi_color, self.debug)
  File "/home/hyeongseon/catkin_ws/src/lane_tracking_pkg/vision/detector.py", line 63, in detect_lane_center
    left_line = _fit_lane(np.vstack(left_points)) if left_points else None
TypeError: _fit_lane() missing 2 required positional arguments: 'y_bottom' and 'y_top'

[rosout][ERROR] 2025-09-20 13:15:04,337: bad callback: <bound method LaneTrackingNode.image_cb of <__main__.LaneTrackingNode object at 0x7f55bef5a1c0>>
Traceback (most recent call last):
  File "/opt/ros/noetic/lib/python3/dist-packages/rospy/topics.py", line 750, in _invoke_callback
    cb(msg)
  File "/home/hyeongseon/catkin_ws/src/lane_tracking_pkg/scripts/lane_tracking_node.py", line 99, in image_cb
    self.handle_frame(frame, msg.header)
  File "/home/hyeongseon/catkin_ws/src/lane_tracking_pkg/scripts/lane_tracking_node.py", line 111, in handle_frame
    lane_center, roi_overlay = detect_lane_center(edges, roi_color, self.debug)
  File "/home/hyeongseon/catkin_ws/src/lane_tracking_pkg/vision/detector.py", line 63, in detect_lane_center
    left_line = _fit_lane(np.vstack(left_points)) if left_points else None
TypeError: _fit_lane() missing 2 required positional arguments: 'y_bottom' and 'y_top'

[rosout][ERROR] 2025-09-20 13:15:04,366: bad callback: <bound method LaneTrackingNode.image_cb of <__main__.LaneTrackingNode object at 0x7f55bef5a1c0>>
Traceback (most recent call last):
  File "/opt/ros/noetic/lib/python3/dist-packages/rospy/topics.py", line 750, in _invoke_callback
    cb(msg)
  File "/home/hyeongseon/catkin_ws/src/lane_tracking_pkg/scripts/lane_tracking_node.py", line 99, in image_cb
    self.handle_frame(frame, msg.header)
  File "/home/hyeongseon/catkin_ws/src/lane_tracking_pkg/scripts/lane_tracking_node.py", line 111, in handle_frame
    lane_center, roi_overlay = detect_lane_center(edges, roi_color, self.debug)
  File "/home/hyeongseon/catkin_ws/src/lane_tracking_pkg/vision/detector.py", line 63, in detect_lane_center
    left_line = _fit_lane(np.vstack(left_points)) if left_points else None
TypeError: _fit_lane() missing 2 required positional arguments: 'y_bottom' and 'y_top'

[rosout][ERROR] 2025-09-20 13:15:04,409: bad callback: <bound method LaneTrackingNode.image_cb of <__main__.LaneTrackingNode object at 0x7f55bef5a1c0>>
Traceback (most recent call last):
  File "/opt/ros/noetic/lib/python3/dist-packages/rospy/topics.py", line 750, in _invoke_callback
    cb(msg)
  File "/home/hyeongseon/catkin_ws/src/lane_tracking_pkg/scripts/lane_tracking_node.py", line 99, in image_cb
    self.handle_frame(frame, msg.header)
  File "/home/hyeongseon/catkin_ws/src/lane_tracking_pkg/scripts/lane_tracking_node.py", line 111, in handle_frame
    lane_center, roi_overlay = detect_lane_center(edges, roi_color, self.debug)
  File "/home/hyeongseon/catkin_ws/src/lane_tracking_pkg/vision/detector.py", line 63, in detect_lane_center
    left_line = _fit_lane(np.vstack(left_points)) if left_points else None
TypeError: _fit_lane() missing 2 required positional arguments: 'y_bottom' and 'y_top'

[rosout][ERROR] 2025-09-20 13:15:04,438: bad callback: <bound method LaneTrackingNode.image_cb of <__main__.LaneTrackingNode object at 0x7f55bef5a1c0>>
Traceback (most recent call last):
  File "/opt/ros/noetic/lib/python3/dist-packages/rospy/topics.py", line 750, in _invoke_callback
    cb(msg)
  File "/home/hyeongseon/catkin_ws/src/lane_tracking_pkg/scripts/lane_tracking_node.py", line 99, in image_cb
    self.handle_frame(frame, msg.header)
  File "/home/hyeongseon/catkin_ws/src/lane_tracking_pkg/scripts/lane_tracking_node.py", line 111, in handle_frame
    lane_center, roi_overlay = detect_lane_center(edges, roi_color, self.debug)
  File "/home/hyeongseon/catkin_ws/src/lane_tracking_pkg/vision/detector.py", line 63, in detect_lane_center
    left_line = _fit_lane(np.vstack(left_points)) if left_points else None
TypeError: _fit_lane() missing 2 required positional arguments: 'y_bottom' and 'y_top'

[rosout][ERROR] 2025-09-20 13:15:04,490: bad callback: <bound method LaneTrackingNode.image_cb of <__main__.LaneTrackingNode object at 0x7f55bef5a1c0>>
Traceback (most recent call last):
  File "/opt/ros/noetic/lib/python3/dist-packages/rospy/topics.py", line 750, in _invoke_callback
    cb(msg)
  File "/home/hyeongseon/catkin_ws/src/lane_tracking_pkg/scripts/lane_tracking_node.py", line 99, in image_cb
    self.handle_frame(frame, msg.header)
  File "/home/hyeongseon/catkin_ws/src/lane_tracking_pkg/scripts/lane_tracking_node.py", line 111, in handle_frame
    lane_center, roi_overlay = detect_lane_center(edges, roi_color, self.debug)
  File "/home/hyeongseon/catkin_ws/src/lane_tracking_pkg/vision/detector.py", line 63, in detect_lane_center
    left_line = _fit_lane(np.vstack(left_points)) if left_points else None
TypeError: _fit_lane() missing 2 required positional arguments: 'y_bottom' and 'y_top'

[rosout][ERROR] 2025-09-20 13:15:04,504: bad callback: <bound method LaneTrackingNode.image_cb of <__main__.LaneTrackingNode object at 0x7f55bef5a1c0>>
Traceback (most recent call last):
  File "/opt/ros/noetic/lib/python3/dist-packages/rospy/topics.py", line 750, in _invoke_callback
    cb(msg)
  File "/home/hyeongseon/catkin_ws/src/lane_tracking_pkg/scripts/lane_tracking_node.py", line 99, in image_cb
    self.handle_frame(frame, msg.header)
  File "/home/hyeongseon/catkin_ws/src/lane_tracking_pkg/scripts/lane_tracking_node.py", line 111, in handle_frame
    lane_center, roi_overlay = detect_lane_center(edges, roi_color, self.debug)
  File "/home/hyeongseon/catkin_ws/src/lane_tracking_pkg/vision/detector.py", line 63, in detect_lane_center
    left_line = _fit_lane(np.vstack(left_points)) if left_points else None
TypeError: _fit_lane() missing 2 required positional arguments: 'y_bottom' and 'y_top'

[rosout][ERROR] 2025-09-20 13:15:04,531: bad callback: <bound method LaneTrackingNode.image_cb of <__main__.LaneTrackingNode object at 0x7f55bef5a1c0>>
Traceback (most recent call last):
  File "/opt/ros/noetic/lib/python3/dist-packages/rospy/topics.py", line 750, in _invoke_callback
    cb(msg)
  File "/home/hyeongseon/catkin_ws/src/lane_tracking_pkg/scripts/lane_tracking_node.py", line 99, in image_cb
    self.handle_frame(frame, msg.header)
  File "/home/hyeongseon/catkin_ws/src/lane_tracking_pkg/scripts/lane_tracking_node.py", line 111, in handle_frame
    lane_center, roi_overlay = detect_lane_center(edges, roi_color, self.debug)
  File "/home/hyeongseon/catkin_ws/src/lane_tracking_pkg/vision/detector.py", line 63, in detect_lane_center
    left_line = _fit_lane(np.vstack(left_points)) if left_points else None
TypeError: _fit_lane() missing 2 required positional arguments: 'y_bottom' and 'y_top'

[rosout][ERROR] 2025-09-20 13:15:04,582: bad callback: <bound method LaneTrackingNode.image_cb of <__main__.LaneTrackingNode object at 0x7f55bef5a1c0>>
Traceback (most recent call last):
  File "/opt/ros/noetic/lib/python3/dist-packages/rospy/topics.py", line 750, in _invoke_callback
    cb(msg)
  File "/home/hyeongseon/catkin_ws/src/lane_tracking_pkg/scripts/lane_tracking_node.py", line 99, in image_cb
    self.handle_frame(frame, msg.header)
  File "/home/hyeongseon/catkin_ws/src/lane_tracking_pkg/scripts/lane_tracking_node.py", line 111, in handle_frame
    lane_center, roi_overlay = detect_lane_center(edges, roi_color, self.debug)
  File "/home/hyeongseon/catkin_ws/src/lane_tracking_pkg/vision/detector.py", line 63, in detect_lane_center
    left_line = _fit_lane(np.vstack(left_points)) if left_points else None
TypeError: _fit_lane() missing 2 required positional arguments: 'y_bottom' and 'y_top'

[rosout][ERROR] 2025-09-20 13:15:04,618: bad callback: <bound method LaneTrackingNode.image_cb of <__main__.LaneTrackingNode object at 0x7f55bef5a1c0>>
Traceback (most recent call last):
  File "/opt/ros/noetic/lib/python3/dist-packages/rospy/topics.py", line 750, in _invoke_callback
    cb(msg)
  File "/home/hyeongseon/catkin_ws/src/lane_tracking_pkg/scripts/lane_tracking_node.py", line 99, in image_cb
    self.handle_frame(frame, msg.header)
  File "/home/hyeongseon/catkin_ws/src/lane_tracking_pkg/scripts/lane_tracking_node.py", line 111, in handle_frame
    lane_center, roi_overlay = detect_lane_center(edges, roi_color, self.debug)
  File "/home/hyeongseon/catkin_ws/src/lane_tracking_pkg/vision/detector.py", line 63, in detect_lane_center
    left_line = _fit_lane(np.vstack(left_points)) if left_points else None
TypeError: _fit_lane() missing 2 required positional arguments: 'y_bottom' and 'y_top'

[rosout][ERROR] 2025-09-20 13:15:04,659: bad callback: <bound method LaneTrackingNode.image_cb of <__main__.LaneTrackingNode object at 0x7f55bef5a1c0>>
Traceback (most recent call last):
  File "/opt/ros/noetic/lib/python3/dist-packages/rospy/topics.py", line 750, in _invoke_callback
    cb(msg)
  File "/home/hyeongseon/catkin_ws/src/lane_tracking_pkg/scripts/lane_tracking_node.py", line 99, in image_cb
    self.handle_frame(frame, msg.header)
  File "/home/hyeongseon/catkin_ws/src/lane_tracking_pkg/scripts/lane_tracking_node.py", line 111, in handle_frame
    lane_center, roi_overlay = detect_lane_center(edges, roi_color, self.debug)
  File "/home/hyeongseon/catkin_ws/src/lane_tracking_pkg/vision/detector.py", line 63, in detect_lane_center
    left_line = _fit_lane(np.vstack(left_points)) if left_points else None
TypeError: _fit_lane() missing 2 required positional arguments: 'y_bottom' and 'y_top'

[rosout][ERROR] 2025-09-20 13:15:04,680: bad callback: <bound method LaneTrackingNode.image_cb of <__main__.LaneTrackingNode object at 0x7f55bef5a1c0>>
Traceback (most recent call last):
  File "/opt/ros/noetic/lib/python3/dist-packages/rospy/topics.py", line 750, in _invoke_callback
    cb(msg)
  File "/home/hyeongseon/catkin_ws/src/lane_tracking_pkg/scripts/lane_tracking_node.py", line 99, in image_cb
    self.handle_frame(frame, msg.header)
  File "/home/hyeongseon/catkin_ws/src/lane_tracking_pkg/scripts/lane_tracking_node.py", line 111, in handle_frame
    lane_center, roi_overlay = detect_lane_center(edges, roi_color, self.debug)
  File "/home/hyeongseon/catkin_ws/src/lane_tracking_pkg/vision/detector.py", line 63, in detect_lane_center
    left_line = _fit_lane(np.vstack(left_points)) if left_points else None
TypeError: _fit_lane() missing 2 required positional arguments: 'y_bottom' and 'y_top'

[rosout][ERROR] 2025-09-20 13:15:04,728: bad callback: <bound method LaneTrackingNode.image_cb of <__main__.LaneTrackingNode object at 0x7f55bef5a1c0>>
Traceback (most recent call last):
  File "/opt/ros/noetic/lib/python3/dist-packages/rospy/topics.py", line 750, in _invoke_callback
    cb(msg)
  File "/home/hyeongseon/catkin_ws/src/lane_tracking_pkg/scripts/lane_tracking_node.py", line 99, in image_cb
    self.handle_frame(frame, msg.header)
  File "/home/hyeongseon/catkin_ws/src/lane_tracking_pkg/scripts/lane_tracking_node.py", line 111, in handle_frame
    lane_center, roi_overlay = detect_lane_center(edges, roi_color, self.debug)
  File "/home/hyeongseon/catkin_ws/src/lane_tracking_pkg/vision/detector.py", line 63, in detect_lane_center
    left_line = _fit_lane(np.vstack(left_points)) if left_points else None
TypeError: _fit_lane() missing 2 required positional arguments: 'y_bottom' and 'y_top'

[rosout][ERROR] 2025-09-20 13:15:04,743: bad callback: <bound method LaneTrackingNode.image_cb of <__main__.LaneTrackingNode object at 0x7f55bef5a1c0>>
Traceback (most recent call last):
  File "/opt/ros/noetic/lib/python3/dist-packages/rospy/topics.py", line 750, in _invoke_callback
    cb(msg)
  File "/home/hyeongseon/catkin_ws/src/lane_tracking_pkg/scripts/lane_tracking_node.py", line 99, in image_cb
    self.handle_frame(frame, msg.header)
  File "/home/hyeongseon/catkin_ws/src/lane_tracking_pkg/scripts/lane_tracking_node.py", line 111, in handle_frame
    lane_center, roi_overlay = detect_lane_center(edges, roi_color, self.debug)
  File "/home/hyeongseon/catkin_ws/src/lane_tracking_pkg/vision/detector.py", line 63, in detect_lane_center
    left_line = _fit_lane(np.vstack(left_points)) if left_points else None
TypeError: _fit_lane() missing 2 required positional arguments: 'y_bottom' and 'y_top'

[rosout][ERROR] 2025-09-20 13:15:04,804: bad callback: <bound method LaneTrackingNode.image_cb of <__main__.LaneTrackingNode object at 0x7f55bef5a1c0>>
Traceback (most recent call last):
  File "/opt/ros/noetic/lib/python3/dist-packages/rospy/topics.py", line 750, in _invoke_callback
    cb(msg)
  File "/home/hyeongseon/catkin_ws/src/lane_tracking_pkg/scripts/lane_tracking_node.py", line 99, in image_cb
    self.handle_frame(frame, msg.header)
  File "/home/hyeongseon/catkin_ws/src/lane_tracking_pkg/scripts/lane_tracking_node.py", line 111, in handle_frame
    lane_center, roi_overlay = detect_lane_center(edges, roi_color, self.debug)
  File "/home/hyeongseon/catkin_ws/src/lane_tracking_pkg/vision/detector.py", line 63, in detect_lane_center
    left_line = _fit_lane(np.vstack(left_points)) if left_points else None
TypeError: _fit_lane() missing 2 required positional arguments: 'y_bottom' and 'y_top'

[rosout][ERROR] 2025-09-20 13:15:04,819: bad callback: <bound method LaneTrackingNode.image_cb of <__main__.LaneTrackingNode object at 0x7f55bef5a1c0>>
Traceback (most recent call last):
  File "/opt/ros/noetic/lib/python3/dist-packages/rospy/topics.py", line 750, in _invoke_callback
    cb(msg)
  File "/home/hyeongseon/catkin_ws/src/lane_tracking_pkg/scripts/lane_tracking_node.py", line 99, in image_cb
    self.handle_frame(frame, msg.header)
  File "/home/hyeongseon/catkin_ws/src/lane_tracking_pkg/scripts/lane_tracking_node.py", line 111, in handle_frame
    lane_center, roi_overlay = detect_lane_center(edges, roi_color, self.debug)
  File "/home/hyeongseon/catkin_ws/src/lane_tracking_pkg/vision/detector.py", line 63, in detect_lane_center
    left_line = _fit_lane(np.vstack(left_points)) if left_points else None
TypeError: _fit_lane() missing 2 required positional arguments: 'y_bottom' and 'y_top'

[rosout][ERROR] 2025-09-20 13:15:04,845: bad callback: <bound method LaneTrackingNode.image_cb of <__main__.LaneTrackingNode object at 0x7f55bef5a1c0>>
Traceback (most recent call last):
  File "/opt/ros/noetic/lib/python3/dist-packages/rospy/topics.py", line 750, in _invoke_callback
    cb(msg)
  File "/home/hyeongseon/catkin_ws/src/lane_tracking_pkg/scripts/lane_tracking_node.py", line 99, in image_cb
    self.handle_frame(frame, msg.header)
  File "/home/hyeongseon/catkin_ws/src/lane_tracking_pkg/scripts/lane_tracking_node.py", line 111, in handle_frame
    lane_center, roi_overlay = detect_lane_center(edges, roi_color, self.debug)
  File "/home/hyeongseon/catkin_ws/src/lane_tracking_pkg/vision/detector.py", line 63, in detect_lane_center
    left_line = _fit_lane(np.vstack(left_points)) if left_points else None
TypeError: _fit_lane() missing 2 required positional arguments: 'y_bottom' and 'y_top'

[rosout][ERROR] 2025-09-20 13:15:04,890: bad callback: <bound method LaneTrackingNode.image_cb of <__main__.LaneTrackingNode object at 0x7f55bef5a1c0>>
Traceback (most recent call last):
  File "/opt/ros/noetic/lib/python3/dist-packages/rospy/topics.py", line 750, in _invoke_callback
    cb(msg)
  File "/home/hyeongseon/catkin_ws/src/lane_tracking_pkg/scripts/lane_tracking_node.py", line 99, in image_cb
    self.handle_frame(frame, msg.header)
  File "/home/hyeongseon/catkin_ws/src/lane_tracking_pkg/scripts/lane_tracking_node.py", line 111, in handle_frame
    lane_center, roi_overlay = detect_lane_center(edges, roi_color, self.debug)
  File "/home/hyeongseon/catkin_ws/src/lane_tracking_pkg/vision/detector.py", line 63, in detect_lane_center
    left_line = _fit_lane(np.vstack(left_points)) if left_points else None
TypeError: _fit_lane() missing 2 required positional arguments: 'y_bottom' and 'y_top'

[rosout][ERROR] 2025-09-20 13:15:04,940: bad callback: <bound method LaneTrackingNode.image_cb of <__main__.LaneTrackingNode object at 0x7f55bef5a1c0>>
Traceback (most recent call last):
  File "/opt/ros/noetic/lib/python3/dist-packages/rospy/topics.py", line 750, in _invoke_callback
    cb(msg)
  File "/home/hyeongseon/catkin_ws/src/lane_tracking_pkg/scripts/lane_tracking_node.py", line 99, in image_cb
    self.handle_frame(frame, msg.header)
  File "/home/hyeongseon/catkin_ws/src/lane_tracking_pkg/scripts/lane_tracking_node.py", line 111, in handle_frame
    lane_center, roi_overlay = detect_lane_center(edges, roi_color, self.debug)
  File "/home/hyeongseon/catkin_ws/src/lane_tracking_pkg/vision/detector.py", line 63, in detect_lane_center
    left_line = _fit_lane(np.vstack(left_points)) if left_points else None
TypeError: _fit_lane() missing 2 required positional arguments: 'y_bottom' and 'y_top'

[rosout][ERROR] 2025-09-20 13:15:04,962: bad callback: <bound method LaneTrackingNode.image_cb of <__main__.LaneTrackingNode object at 0x7f55bef5a1c0>>
Traceback (most recent call last):
  File "/opt/ros/noetic/lib/python3/dist-packages/rospy/topics.py", line 750, in _invoke_callback
    cb(msg)
  File "/home/hyeongseon/catkin_ws/src/lane_tracking_pkg/scripts/lane_tracking_node.py", line 99, in image_cb
    self.handle_frame(frame, msg.header)
  File "/home/hyeongseon/catkin_ws/src/lane_tracking_pkg/scripts/lane_tracking_node.py", line 111, in handle_frame
    lane_center, roi_overlay = detect_lane_center(edges, roi_color, self.debug)
  File "/home/hyeongseon/catkin_ws/src/lane_tracking_pkg/vision/detector.py", line 63, in detect_lane_center
    left_line = _fit_lane(np.vstack(left_points)) if left_points else None
TypeError: _fit_lane() missing 2 required positional arguments: 'y_bottom' and 'y_top'

[rosout][ERROR] 2025-09-20 13:15:05,000: bad callback: <bound method LaneTrackingNode.image_cb of <__main__.LaneTrackingNode object at 0x7f55bef5a1c0>>
Traceback (most recent call last):
  File "/opt/ros/noetic/lib/python3/dist-packages/rospy/topics.py", line 750, in _invoke_callback
    cb(msg)
  File "/home/hyeongseon/catkin_ws/src/lane_tracking_pkg/scripts/lane_tracking_node.py", line 99, in image_cb
    self.handle_frame(frame, msg.header)
  File "/home/hyeongseon/catkin_ws/src/lane_tracking_pkg/scripts/lane_tracking_node.py", line 111, in handle_frame
    lane_center, roi_overlay = detect_lane_center(edges, roi_color, self.debug)
  File "/home/hyeongseon/catkin_ws/src/lane_tracking_pkg/vision/detector.py", line 63, in detect_lane_center
    left_line = _fit_lane(np.vstack(left_points)) if left_points else None
TypeError: _fit_lane() missing 2 required positional arguments: 'y_bottom' and 'y_top'

[rosout][ERROR] 2025-09-20 13:15:05,035: bad callback: <bound method LaneTrackingNode.image_cb of <__main__.LaneTrackingNode object at 0x7f55bef5a1c0>>
Traceback (most recent call last):
  File "/opt/ros/noetic/lib/python3/dist-packages/rospy/topics.py", line 750, in _invoke_callback
    cb(msg)
  File "/home/hyeongseon/catkin_ws/src/lane_tracking_pkg/scripts/lane_tracking_node.py", line 99, in image_cb
    self.handle_frame(frame, msg.header)
  File "/home/hyeongseon/catkin_ws/src/lane_tracking_pkg/scripts/lane_tracking_node.py", line 111, in handle_frame
    lane_center, roi_overlay = detect_lane_center(edges, roi_color, self.debug)
  File "/home/hyeongseon/catkin_ws/src/lane_tracking_pkg/vision/detector.py", line 63, in detect_lane_center
    left_line = _fit_lane(np.vstack(left_points)) if left_points else None
TypeError: _fit_lane() missing 2 required positional arguments: 'y_bottom' and 'y_top'

[rosout][ERROR] 2025-09-20 13:15:05,079: bad callback: <bound method LaneTrackingNode.image_cb of <__main__.LaneTrackingNode object at 0x7f55bef5a1c0>>
Traceback (most recent call last):
  File "/opt/ros/noetic/lib/python3/dist-packages/rospy/topics.py", line 750, in _invoke_callback
    cb(msg)
  File "/home/hyeongseon/catkin_ws/src/lane_tracking_pkg/scripts/lane_tracking_node.py", line 99, in image_cb
    self.handle_frame(frame, msg.header)
  File "/home/hyeongseon/catkin_ws/src/lane_tracking_pkg/scripts/lane_tracking_node.py", line 111, in handle_frame
    lane_center, roi_overlay = detect_lane_center(edges, roi_color, self.debug)
  File "/home/hyeongseon/catkin_ws/src/lane_tracking_pkg/vision/detector.py", line 63, in detect_lane_center
    left_line = _fit_lane(np.vstack(left_points)) if left_points else None
TypeError: _fit_lane() missing 2 required positional arguments: 'y_bottom' and 'y_top'

[rosout][ERROR] 2025-09-20 13:15:05,105: bad callback: <bound method LaneTrackingNode.image_cb of <__main__.LaneTrackingNode object at 0x7f55bef5a1c0>>
Traceback (most recent call last):
  File "/opt/ros/noetic/lib/python3/dist-packages/rospy/topics.py", line 750, in _invoke_callback
    cb(msg)
  File "/home/hyeongseon/catkin_ws/src/lane_tracking_pkg/scripts/lane_tracking_node.py", line 99, in image_cb
    self.handle_frame(frame, msg.header)
  File "/home/hyeongseon/catkin_ws/src/lane_tracking_pkg/scripts/lane_tracking_node.py", line 111, in handle_frame
    lane_center, roi_overlay = detect_lane_center(edges, roi_color, self.debug)
  File "/home/hyeongseon/catkin_ws/src/lane_tracking_pkg/vision/detector.py", line 63, in detect_lane_center
    left_line = _fit_lane(np.vstack(left_points)) if left_points else None
TypeError: _fit_lane() missing 2 required positional arguments: 'y_bottom' and 'y_top'

[rosout][ERROR] 2025-09-20 13:15:05,144: bad callback: <bound method LaneTrackingNode.image_cb of <__main__.LaneTrackingNode object at 0x7f55bef5a1c0>>
Traceback (most recent call last):
  File "/opt/ros/noetic/lib/python3/dist-packages/rospy/topics.py", line 750, in _invoke_callback
    cb(msg)
  File "/home/hyeongseon/catkin_ws/src/lane_tracking_pkg/scripts/lane_tracking_node.py", line 99, in image_cb
    self.handle_frame(frame, msg.header)
  File "/home/hyeongseon/catkin_ws/src/lane_tracking_pkg/scripts/lane_tracking_node.py", line 111, in handle_frame
    lane_center, roi_overlay = detect_lane_center(edges, roi_color, self.debug)
  File "/home/hyeongseon/catkin_ws/src/lane_tracking_pkg/vision/detector.py", line 63, in detect_lane_center
    left_line = _fit_lane(np.vstack(left_points)) if left_points else None
TypeError: _fit_lane() missing 2 required positional arguments: 'y_bottom' and 'y_top'

[rosout][ERROR] 2025-09-20 13:15:05,179: bad callback: <bound method LaneTrackingNode.image_cb of <__main__.LaneTrackingNode object at 0x7f55bef5a1c0>>
Traceback (most recent call last):
  File "/opt/ros/noetic/lib/python3/dist-packages/rospy/topics.py", line 750, in _invoke_callback
    cb(msg)
  File "/home/hyeongseon/catkin_ws/src/lane_tracking_pkg/scripts/lane_tracking_node.py", line 99, in image_cb
    self.handle_frame(frame, msg.header)
  File "/home/hyeongseon/catkin_ws/src/lane_tracking_pkg/scripts/lane_tracking_node.py", line 111, in handle_frame
    lane_center, roi_overlay = detect_lane_center(edges, roi_color, self.debug)
  File "/home/hyeongseon/catkin_ws/src/lane_tracking_pkg/vision/detector.py", line 63, in detect_lane_center
    left_line = _fit_lane(np.vstack(left_points)) if left_points else None
TypeError: _fit_lane() missing 2 required positional arguments: 'y_bottom' and 'y_top'

[rosout][ERROR] 2025-09-20 13:15:05,217: bad callback: <bound method LaneTrackingNode.image_cb of <__main__.LaneTrackingNode object at 0x7f55bef5a1c0>>
Traceback (most recent call last):
  File "/opt/ros/noetic/lib/python3/dist-packages/rospy/topics.py", line 750, in _invoke_callback
    cb(msg)
  File "/home/hyeongseon/catkin_ws/src/lane_tracking_pkg/scripts/lane_tracking_node.py", line 99, in image_cb
    self.handle_frame(frame, msg.header)
  File "/home/hyeongseon/catkin_ws/src/lane_tracking_pkg/scripts/lane_tracking_node.py", line 111, in handle_frame
    lane_center, roi_overlay = detect_lane_center(edges, roi_color, self.debug)
  File "/home/hyeongseon/catkin_ws/src/lane_tracking_pkg/vision/detector.py", line 63, in detect_lane_center
    left_line = _fit_lane(np.vstack(left_points)) if left_points else None
TypeError: _fit_lane() missing 2 required positional arguments: 'y_bottom' and 'y_top'

[rosout][ERROR] 2025-09-20 13:15:05,275: bad callback: <bound method LaneTrackingNode.image_cb of <__main__.LaneTrackingNode object at 0x7f55bef5a1c0>>
Traceback (most recent call last):
  File "/opt/ros/noetic/lib/python3/dist-packages/rospy/topics.py", line 750, in _invoke_callback
    cb(msg)
  File "/home/hyeongseon/catkin_ws/src/lane_tracking_pkg/scripts/lane_tracking_node.py", line 99, in image_cb
    self.handle_frame(frame, msg.header)
  File "/home/hyeongseon/catkin_ws/src/lane_tracking_pkg/scripts/lane_tracking_node.py", line 111, in handle_frame
    lane_center, roi_overlay = detect_lane_center(edges, roi_color, self.debug)
  File "/home/hyeongseon/catkin_ws/src/lane_tracking_pkg/vision/detector.py", line 63, in detect_lane_center
    left_line = _fit_lane(np.vstack(left_points)) if left_points else None
TypeError: _fit_lane() missing 2 required positional arguments: 'y_bottom' and 'y_top'

[rosout][ERROR] 2025-09-20 13:15:05,297: bad callback: <bound method LaneTrackingNode.image_cb of <__main__.LaneTrackingNode object at 0x7f55bef5a1c0>>
Traceback (most recent call last):
  File "/opt/ros/noetic/lib/python3/dist-packages/rospy/topics.py", line 750, in _invoke_callback
    cb(msg)
  File "/home/hyeongseon/catkin_ws/src/lane_tracking_pkg/scripts/lane_tracking_node.py", line 99, in image_cb
    self.handle_frame(frame, msg.header)
  File "/home/hyeongseon/catkin_ws/src/lane_tracking_pkg/scripts/lane_tracking_node.py", line 111, in handle_frame
    lane_center, roi_overlay = detect_lane_center(edges, roi_color, self.debug)
  File "/home/hyeongseon/catkin_ws/src/lane_tracking_pkg/vision/detector.py", line 63, in detect_lane_center
    left_line = _fit_lane(np.vstack(left_points)) if left_points else None
TypeError: _fit_lane() missing 2 required positional arguments: 'y_bottom' and 'y_top'

[rosout][ERROR] 2025-09-20 13:15:05,331: bad callback: <bound method LaneTrackingNode.image_cb of <__main__.LaneTrackingNode object at 0x7f55bef5a1c0>>
Traceback (most recent call last):
  File "/opt/ros/noetic/lib/python3/dist-packages/rospy/topics.py", line 750, in _invoke_callback
    cb(msg)
  File "/home/hyeongseon/catkin_ws/src/lane_tracking_pkg/scripts/lane_tracking_node.py", line 99, in image_cb
    self.handle_frame(frame, msg.header)
  File "/home/hyeongseon/catkin_ws/src/lane_tracking_pkg/scripts/lane_tracking_node.py", line 111, in handle_frame
    lane_center, roi_overlay = detect_lane_center(edges, roi_color, self.debug)
  File "/home/hyeongseon/catkin_ws/src/lane_tracking_pkg/vision/detector.py", line 63, in detect_lane_center
    left_line = _fit_lane(np.vstack(left_points)) if left_points else None
TypeError: _fit_lane() missing 2 required positional arguments: 'y_bottom' and 'y_top'

[rosout][ERROR] 2025-09-20 13:15:05,371: bad callback: <bound method LaneTrackingNode.image_cb of <__main__.LaneTrackingNode object at 0x7f55bef5a1c0>>
Traceback (most recent call last):
  File "/opt/ros/noetic/lib/python3/dist-packages/rospy/topics.py", line 750, in _invoke_callback
    cb(msg)
  File "/home/hyeongseon/catkin_ws/src/lane_tracking_pkg/scripts/lane_tracking_node.py", line 99, in image_cb
    self.handle_frame(frame, msg.header)
  File "/home/hyeongseon/catkin_ws/src/lane_tracking_pkg/scripts/lane_tracking_node.py", line 111, in handle_frame
    lane_center, roi_overlay = detect_lane_center(edges, roi_color, self.debug)
  File "/home/hyeongseon/catkin_ws/src/lane_tracking_pkg/vision/detector.py", line 63, in detect_lane_center
    left_line = _fit_lane(np.vstack(left_points)) if left_points else None
TypeError: _fit_lane() missing 2 required positional arguments: 'y_bottom' and 'y_top'

[rosout][ERROR] 2025-09-20 13:15:05,423: bad callback: <bound method LaneTrackingNode.image_cb of <__main__.LaneTrackingNode object at 0x7f55bef5a1c0>>
Traceback (most recent call last):
  File "/opt/ros/noetic/lib/python3/dist-packages/rospy/topics.py", line 750, in _invoke_callback
    cb(msg)
  File "/home/hyeongseon/catkin_ws/src/lane_tracking_pkg/scripts/lane_tracking_node.py", line 99, in image_cb
    self.handle_frame(frame, msg.header)
  File "/home/hyeongseon/catkin_ws/src/lane_tracking_pkg/scripts/lane_tracking_node.py", line 111, in handle_frame
    lane_center, roi_overlay = detect_lane_center(edges, roi_color, self.debug)
  File "/home/hyeongseon/catkin_ws/src/lane_tracking_pkg/vision/detector.py", line 63, in detect_lane_center
    left_line = _fit_lane(np.vstack(left_points)) if left_points else None
TypeError: _fit_lane() missing 2 required positional arguments: 'y_bottom' and 'y_top'

[rosout][ERROR] 2025-09-20 13:15:05,448: bad callback: <bound method LaneTrackingNode.image_cb of <__main__.LaneTrackingNode object at 0x7f55bef5a1c0>>
Traceback (most recent call last):
  File "/opt/ros/noetic/lib/python3/dist-packages/rospy/topics.py", line 750, in _invoke_callback
    cb(msg)
  File "/home/hyeongseon/catkin_ws/src/lane_tracking_pkg/scripts/lane_tracking_node.py", line 99, in image_cb
    self.handle_frame(frame, msg.header)
  File "/home/hyeongseon/catkin_ws/src/lane_tracking_pkg/scripts/lane_tracking_node.py", line 111, in handle_frame
    lane_center, roi_overlay = detect_lane_center(edges, roi_color, self.debug)
  File "/home/hyeongseon/catkin_ws/src/lane_tracking_pkg/vision/detector.py", line 63, in detect_lane_center
    left_line = _fit_lane(np.vstack(left_points)) if left_points else None
TypeError: _fit_lane() missing 2 required positional arguments: 'y_bottom' and 'y_top'

[rosout][ERROR] 2025-09-20 13:15:05,485: bad callback: <bound method LaneTrackingNode.image_cb of <__main__.LaneTrackingNode object at 0x7f55bef5a1c0>>
Traceback (most recent call last):
  File "/opt/ros/noetic/lib/python3/dist-packages/rospy/topics.py", line 750, in _invoke_callback
    cb(msg)
  File "/home/hyeongseon/catkin_ws/src/lane_tracking_pkg/scripts/lane_tracking_node.py", line 99, in image_cb
    self.handle_frame(frame, msg.header)
  File "/home/hyeongseon/catkin_ws/src/lane_tracking_pkg/scripts/lane_tracking_node.py", line 111, in handle_frame
    lane_center, roi_overlay = detect_lane_center(edges, roi_color, self.debug)
  File "/home/hyeongseon/catkin_ws/src/lane_tracking_pkg/vision/detector.py", line 63, in detect_lane_center
    left_line = _fit_lane(np.vstack(left_points)) if left_points else None
TypeError: _fit_lane() missing 2 required positional arguments: 'y_bottom' and 'y_top'

[rosout][ERROR] 2025-09-20 13:15:05,526: bad callback: <bound method LaneTrackingNode.image_cb of <__main__.LaneTrackingNode object at 0x7f55bef5a1c0>>
Traceback (most recent call last):
  File "/opt/ros/noetic/lib/python3/dist-packages/rospy/topics.py", line 750, in _invoke_callback
    cb(msg)
  File "/home/hyeongseon/catkin_ws/src/lane_tracking_pkg/scripts/lane_tracking_node.py", line 99, in image_cb
    self.handle_frame(frame, msg.header)
  File "/home/hyeongseon/catkin_ws/src/lane_tracking_pkg/scripts/lane_tracking_node.py", line 111, in handle_frame
    lane_center, roi_overlay = detect_lane_center(edges, roi_color, self.debug)
  File "/home/hyeongseon/catkin_ws/src/lane_tracking_pkg/vision/detector.py", line 63, in detect_lane_center
    left_line = _fit_lane(np.vstack(left_points)) if left_points else None
TypeError: _fit_lane() missing 2 required positional arguments: 'y_bottom' and 'y_top'

[rosout][ERROR] 2025-09-20 13:15:05,556: bad callback: <bound method LaneTrackingNode.image_cb of <__main__.LaneTrackingNode object at 0x7f55bef5a1c0>>
Traceback (most recent call last):
  File "/opt/ros/noetic/lib/python3/dist-packages/rospy/topics.py", line 750, in _invoke_callback
    cb(msg)
  File "/home/hyeongseon/catkin_ws/src/lane_tracking_pkg/scripts/lane_tracking_node.py", line 99, in image_cb
    self.handle_frame(frame, msg.header)
  File "/home/hyeongseon/catkin_ws/src/lane_tracking_pkg/scripts/lane_tracking_node.py", line 111, in handle_frame
    lane_center, roi_overlay = detect_lane_center(edges, roi_color, self.debug)
  File "/home/hyeongseon/catkin_ws/src/lane_tracking_pkg/vision/detector.py", line 63, in detect_lane_center
    left_line = _fit_lane(np.vstack(left_points)) if left_points else None
TypeError: _fit_lane() missing 2 required positional arguments: 'y_bottom' and 'y_top'

[rosout][ERROR] 2025-09-20 13:15:05,589: bad callback: <bound method LaneTrackingNode.image_cb of <__main__.LaneTrackingNode object at 0x7f55bef5a1c0>>
Traceback (most recent call last):
  File "/opt/ros/noetic/lib/python3/dist-packages/rospy/topics.py", line 750, in _invoke_callback
    cb(msg)
  File "/home/hyeongseon/catkin_ws/src/lane_tracking_pkg/scripts/lane_tracking_node.py", line 99, in image_cb
    self.handle_frame(frame, msg.header)
  File "/home/hyeongseon/catkin_ws/src/lane_tracking_pkg/scripts/lane_tracking_node.py", line 111, in handle_frame
    lane_center, roi_overlay = detect_lane_center(edges, roi_color, self.debug)
  File "/home/hyeongseon/catkin_ws/src/lane_tracking_pkg/vision/detector.py", line 63, in detect_lane_center
    left_line = _fit_lane(np.vstack(left_points)) if left_points else None
TypeError: _fit_lane() missing 2 required positional arguments: 'y_bottom' and 'y_top'

[rosout][ERROR] 2025-09-20 13:15:05,616: bad callback: <bound method LaneTrackingNode.image_cb of <__main__.LaneTrackingNode object at 0x7f55bef5a1c0>>
Traceback (most recent call last):
  File "/opt/ros/noetic/lib/python3/dist-packages/rospy/topics.py", line 750, in _invoke_callback
    cb(msg)
  File "/home/hyeongseon/catkin_ws/src/lane_tracking_pkg/scripts/lane_tracking_node.py", line 99, in image_cb
    self.handle_frame(frame, msg.header)
  File "/home/hyeongseon/catkin_ws/src/lane_tracking_pkg/scripts/lane_tracking_node.py", line 111, in handle_frame
    lane_center, roi_overlay = detect_lane_center(edges, roi_color, self.debug)
  File "/home/hyeongseon/catkin_ws/src/lane_tracking_pkg/vision/detector.py", line 63, in detect_lane_center
    left_line = _fit_lane(np.vstack(left_points)) if left_points else None
TypeError: _fit_lane() missing 2 required positional arguments: 'y_bottom' and 'y_top'

[rosout][ERROR] 2025-09-20 13:15:05,651: bad callback: <bound method LaneTrackingNode.image_cb of <__main__.LaneTrackingNode object at 0x7f55bef5a1c0>>
Traceback (most recent call last):
  File "/opt/ros/noetic/lib/python3/dist-packages/rospy/topics.py", line 750, in _invoke_callback
    cb(msg)
  File "/home/hyeongseon/catkin_ws/src/lane_tracking_pkg/scripts/lane_tracking_node.py", line 99, in image_cb
    self.handle_frame(frame, msg.header)
  File "/home/hyeongseon/catkin_ws/src/lane_tracking_pkg/scripts/lane_tracking_node.py", line 111, in handle_frame
    lane_center, roi_overlay = detect_lane_center(edges, roi_color, self.debug)
  File "/home/hyeongseon/catkin_ws/src/lane_tracking_pkg/vision/detector.py", line 63, in detect_lane_center
    left_line = _fit_lane(np.vstack(left_points)) if left_points else None
TypeError: _fit_lane() missing 2 required positional arguments: 'y_bottom' and 'y_top'

[rosout][ERROR] 2025-09-20 13:15:05,675: bad callback: <bound method LaneTrackingNode.image_cb of <__main__.LaneTrackingNode object at 0x7f55bef5a1c0>>
Traceback (most recent call last):
  File "/opt/ros/noetic/lib/python3/dist-packages/rospy/topics.py", line 750, in _invoke_callback
    cb(msg)
  File "/home/hyeongseon/catkin_ws/src/lane_tracking_pkg/scripts/lane_tracking_node.py", line 99, in image_cb
    self.handle_frame(frame, msg.header)
  File "/home/hyeongseon/catkin_ws/src/lane_tracking_pkg/scripts/lane_tracking_node.py", line 111, in handle_frame
    lane_center, roi_overlay = detect_lane_center(edges, roi_color, self.debug)
  File "/home/hyeongseon/catkin_ws/src/lane_tracking_pkg/vision/detector.py", line 63, in detect_lane_center
    left_line = _fit_lane(np.vstack(left_points)) if left_points else None
TypeError: _fit_lane() missing 2 required positional arguments: 'y_bottom' and 'y_top'

[rosout][ERROR] 2025-09-20 13:15:05,711: bad callback: <bound method LaneTrackingNode.image_cb of <__main__.LaneTrackingNode object at 0x7f55bef5a1c0>>
Traceback (most recent call last):
  File "/opt/ros/noetic/lib/python3/dist-packages/rospy/topics.py", line 750, in _invoke_callback
    cb(msg)
  File "/home/hyeongseon/catkin_ws/src/lane_tracking_pkg/scripts/lane_tracking_node.py", line 99, in image_cb
    self.handle_frame(frame, msg.header)
  File "/home/hyeongseon/catkin_ws/src/lane_tracking_pkg/scripts/lane_tracking_node.py", line 111, in handle_frame
    lane_center, roi_overlay = detect_lane_center(edges, roi_color, self.debug)
  File "/home/hyeongseon/catkin_ws/src/lane_tracking_pkg/vision/detector.py", line 63, in detect_lane_center
    left_line = _fit_lane(np.vstack(left_points)) if left_points else None
TypeError: _fit_lane() missing 2 required positional arguments: 'y_bottom' and 'y_top'

[rosout][ERROR] 2025-09-20 13:15:05,743: bad callback: <bound method LaneTrackingNode.image_cb of <__main__.LaneTrackingNode object at 0x7f55bef5a1c0>>
Traceback (most recent call last):
  File "/opt/ros/noetic/lib/python3/dist-packages/rospy/topics.py", line 750, in _invoke_callback
    cb(msg)
  File "/home/hyeongseon/catkin_ws/src/lane_tracking_pkg/scripts/lane_tracking_node.py", line 99, in image_cb
    self.handle_frame(frame, msg.header)
  File "/home/hyeongseon/catkin_ws/src/lane_tracking_pkg/scripts/lane_tracking_node.py", line 111, in handle_frame
    lane_center, roi_overlay = detect_lane_center(edges, roi_color, self.debug)
  File "/home/hyeongseon/catkin_ws/src/lane_tracking_pkg/vision/detector.py", line 63, in detect_lane_center
    left_line = _fit_lane(np.vstack(left_points)) if left_points else None
TypeError: _fit_lane() missing 2 required positional arguments: 'y_bottom' and 'y_top'

[rosout][ERROR] 2025-09-20 13:15:05,776: bad callback: <bound method LaneTrackingNode.image_cb of <__main__.LaneTrackingNode object at 0x7f55bef5a1c0>>
Traceback (most recent call last):
  File "/opt/ros/noetic/lib/python3/dist-packages/rospy/topics.py", line 750, in _invoke_callback
    cb(msg)
  File "/home/hyeongseon/catkin_ws/src/lane_tracking_pkg/scripts/lane_tracking_node.py", line 99, in image_cb
    self.handle_frame(frame, msg.header)
  File "/home/hyeongseon/catkin_ws/src/lane_tracking_pkg/scripts/lane_tracking_node.py", line 111, in handle_frame
    lane_center, roi_overlay = detect_lane_center(edges, roi_color, self.debug)
  File "/home/hyeongseon/catkin_ws/src/lane_tracking_pkg/vision/detector.py", line 63, in detect_lane_center
    left_line = _fit_lane(np.vstack(left_points)) if left_points else None
TypeError: _fit_lane() missing 2 required positional arguments: 'y_bottom' and 'y_top'

[rosout][ERROR] 2025-09-20 13:15:05,802: bad callback: <bound method LaneTrackingNode.image_cb of <__main__.LaneTrackingNode object at 0x7f55bef5a1c0>>
Traceback (most recent call last):
  File "/opt/ros/noetic/lib/python3/dist-packages/rospy/topics.py", line 750, in _invoke_callback
    cb(msg)
  File "/home/hyeongseon/catkin_ws/src/lane_tracking_pkg/scripts/lane_tracking_node.py", line 99, in image_cb
    self.handle_frame(frame, msg.header)
  File "/home/hyeongseon/catkin_ws/src/lane_tracking_pkg/scripts/lane_tracking_node.py", line 111, in handle_frame
    lane_center, roi_overlay = detect_lane_center(edges, roi_color, self.debug)
  File "/home/hyeongseon/catkin_ws/src/lane_tracking_pkg/vision/detector.py", line 63, in detect_lane_center
    left_line = _fit_lane(np.vstack(left_points)) if left_points else None
TypeError: _fit_lane() missing 2 required positional arguments: 'y_bottom' and 'y_top'

[rosout][ERROR] 2025-09-20 13:15:05,828: bad callback: <bound method LaneTrackingNode.image_cb of <__main__.LaneTrackingNode object at 0x7f55bef5a1c0>>
Traceback (most recent call last):
  File "/opt/ros/noetic/lib/python3/dist-packages/rospy/topics.py", line 750, in _invoke_callback
    cb(msg)
  File "/home/hyeongseon/catkin_ws/src/lane_tracking_pkg/scripts/lane_tracking_node.py", line 99, in image_cb
    self.handle_frame(frame, msg.header)
  File "/home/hyeongseon/catkin_ws/src/lane_tracking_pkg/scripts/lane_tracking_node.py", line 111, in handle_frame
    lane_center, roi_overlay = detect_lane_center(edges, roi_color, self.debug)
  File "/home/hyeongseon/catkin_ws/src/lane_tracking_pkg/vision/detector.py", line 63, in detect_lane_center
    left_line = _fit_lane(np.vstack(left_points)) if left_points else None
TypeError: _fit_lane() missing 2 required positional arguments: 'y_bottom' and 'y_top'

[rosout][ERROR] 2025-09-20 13:15:05,868: bad callback: <bound method LaneTrackingNode.image_cb of <__main__.LaneTrackingNode object at 0x7f55bef5a1c0>>
Traceback (most recent call last):
  File "/opt/ros/noetic/lib/python3/dist-packages/rospy/topics.py", line 750, in _invoke_callback
    cb(msg)
  File "/home/hyeongseon/catkin_ws/src/lane_tracking_pkg/scripts/lane_tracking_node.py", line 99, in image_cb
    self.handle_frame(frame, msg.header)
  File "/home/hyeongseon/catkin_ws/src/lane_tracking_pkg/scripts/lane_tracking_node.py", line 111, in handle_frame
    lane_center, roi_overlay = detect_lane_center(edges, roi_color, self.debug)
  File "/home/hyeongseon/catkin_ws/src/lane_tracking_pkg/vision/detector.py", line 63, in detect_lane_center
    left_line = _fit_lane(np.vstack(left_points)) if left_points else None
TypeError: _fit_lane() missing 2 required positional arguments: 'y_bottom' and 'y_top'

[rosout][ERROR] 2025-09-20 13:15:05,884: bad callback: <bound method LaneTrackingNode.image_cb of <__main__.LaneTrackingNode object at 0x7f55bef5a1c0>>
Traceback (most recent call last):
  File "/opt/ros/noetic/lib/python3/dist-packages/rospy/topics.py", line 750, in _invoke_callback
    cb(msg)
  File "/home/hyeongseon/catkin_ws/src/lane_tracking_pkg/scripts/lane_tracking_node.py", line 99, in image_cb
    self.handle_frame(frame, msg.header)
  File "/home/hyeongseon/catkin_ws/src/lane_tracking_pkg/scripts/lane_tracking_node.py", line 111, in handle_frame
    lane_center, roi_overlay = detect_lane_center(edges, roi_color, self.debug)
  File "/home/hyeongseon/catkin_ws/src/lane_tracking_pkg/vision/detector.py", line 63, in detect_lane_center
    left_line = _fit_lane(np.vstack(left_points)) if left_points else None
TypeError: _fit_lane() missing 2 required positional arguments: 'y_bottom' and 'y_top'

[rosout][ERROR] 2025-09-20 13:15:05,928: bad callback: <bound method LaneTrackingNode.image_cb of <__main__.LaneTrackingNode object at 0x7f55bef5a1c0>>
Traceback (most recent call last):
  File "/opt/ros/noetic/lib/python3/dist-packages/rospy/topics.py", line 750, in _invoke_callback
    cb(msg)
  File "/home/hyeongseon/catkin_ws/src/lane_tracking_pkg/scripts/lane_tracking_node.py", line 99, in image_cb
    self.handle_frame(frame, msg.header)
  File "/home/hyeongseon/catkin_ws/src/lane_tracking_pkg/scripts/lane_tracking_node.py", line 111, in handle_frame
    lane_center, roi_overlay = detect_lane_center(edges, roi_color, self.debug)
  File "/home/hyeongseon/catkin_ws/src/lane_tracking_pkg/vision/detector.py", line 63, in detect_lane_center
    left_line = _fit_lane(np.vstack(left_points)) if left_points else None
TypeError: _fit_lane() missing 2 required positional arguments: 'y_bottom' and 'y_top'

[rosout][ERROR] 2025-09-20 13:15:05,961: bad callback: <bound method LaneTrackingNode.image_cb of <__main__.LaneTrackingNode object at 0x7f55bef5a1c0>>
Traceback (most recent call last):
  File "/opt/ros/noetic/lib/python3/dist-packages/rospy/topics.py", line 750, in _invoke_callback
    cb(msg)
  File "/home/hyeongseon/catkin_ws/src/lane_tracking_pkg/scripts/lane_tracking_node.py", line 99, in image_cb
    self.handle_frame(frame, msg.header)
  File "/home/hyeongseon/catkin_ws/src/lane_tracking_pkg/scripts/lane_tracking_node.py", line 111, in handle_frame
    lane_center, roi_overlay = detect_lane_center(edges, roi_color, self.debug)
  File "/home/hyeongseon/catkin_ws/src/lane_tracking_pkg/vision/detector.py", line 63, in detect_lane_center
    left_line = _fit_lane(np.vstack(left_points)) if left_points else None
TypeError: _fit_lane() missing 2 required positional arguments: 'y_bottom' and 'y_top'

[rosout][ERROR] 2025-09-20 13:15:05,993: bad callback: <bound method LaneTrackingNode.image_cb of <__main__.LaneTrackingNode object at 0x7f55bef5a1c0>>
Traceback (most recent call last):
  File "/opt/ros/noetic/lib/python3/dist-packages/rospy/topics.py", line 750, in _invoke_callback
    cb(msg)
  File "/home/hyeongseon/catkin_ws/src/lane_tracking_pkg/scripts/lane_tracking_node.py", line 99, in image_cb
    self.handle_frame(frame, msg.header)
  File "/home/hyeongseon/catkin_ws/src/lane_tracking_pkg/scripts/lane_tracking_node.py", line 111, in handle_frame
    lane_center, roi_overlay = detect_lane_center(edges, roi_color, self.debug)
  File "/home/hyeongseon/catkin_ws/src/lane_tracking_pkg/vision/detector.py", line 63, in detect_lane_center
    left_line = _fit_lane(np.vstack(left_points)) if left_points else None
TypeError: _fit_lane() missing 2 required positional arguments: 'y_bottom' and 'y_top'

[rosout][ERROR] 2025-09-20 13:15:06,008: bad callback: <bound method LaneTrackingNode.image_cb of <__main__.LaneTrackingNode object at 0x7f55bef5a1c0>>
Traceback (most recent call last):
  File "/opt/ros/noetic/lib/python3/dist-packages/rospy/topics.py", line 750, in _invoke_callback
    cb(msg)
  File "/home/hyeongseon/catkin_ws/src/lane_tracking_pkg/scripts/lane_tracking_node.py", line 99, in image_cb
    self.handle_frame(frame, msg.header)
  File "/home/hyeongseon/catkin_ws/src/lane_tracking_pkg/scripts/lane_tracking_node.py", line 111, in handle_frame
    lane_center, roi_overlay = detect_lane_center(edges, roi_color, self.debug)
  File "/home/hyeongseon/catkin_ws/src/lane_tracking_pkg/vision/detector.py", line 63, in detect_lane_center
    left_line = _fit_lane(np.vstack(left_points)) if left_points else None
TypeError: _fit_lane() missing 2 required positional arguments: 'y_bottom' and 'y_top'

[rosout][ERROR] 2025-09-20 13:15:06,045: bad callback: <bound method LaneTrackingNode.image_cb of <__main__.LaneTrackingNode object at 0x7f55bef5a1c0>>
Traceback (most recent call last):
  File "/opt/ros/noetic/lib/python3/dist-packages/rospy/topics.py", line 750, in _invoke_callback
    cb(msg)
  File "/home/hyeongseon/catkin_ws/src/lane_tracking_pkg/scripts/lane_tracking_node.py", line 99, in image_cb
    self.handle_frame(frame, msg.header)
  File "/home/hyeongseon/catkin_ws/src/lane_tracking_pkg/scripts/lane_tracking_node.py", line 111, in handle_frame
    lane_center, roi_overlay = detect_lane_center(edges, roi_color, self.debug)
  File "/home/hyeongseon/catkin_ws/src/lane_tracking_pkg/vision/detector.py", line 63, in detect_lane_center
    left_line = _fit_lane(np.vstack(left_points)) if left_points else None
TypeError: _fit_lane() missing 2 required positional arguments: 'y_bottom' and 'y_top'

[rosout][ERROR] 2025-09-20 13:15:06,069: bad callback: <bound method LaneTrackingNode.image_cb of <__main__.LaneTrackingNode object at 0x7f55bef5a1c0>>
Traceback (most recent call last):
  File "/opt/ros/noetic/lib/python3/dist-packages/rospy/topics.py", line 750, in _invoke_callback
    cb(msg)
  File "/home/hyeongseon/catkin_ws/src/lane_tracking_pkg/scripts/lane_tracking_node.py", line 99, in image_cb
    self.handle_frame(frame, msg.header)
  File "/home/hyeongseon/catkin_ws/src/lane_tracking_pkg/scripts/lane_tracking_node.py", line 111, in handle_frame
    lane_center, roi_overlay = detect_lane_center(edges, roi_color, self.debug)
  File "/home/hyeongseon/catkin_ws/src/lane_tracking_pkg/vision/detector.py", line 63, in detect_lane_center
    left_line = _fit_lane(np.vstack(left_points)) if left_points else None
TypeError: _fit_lane() missing 2 required positional arguments: 'y_bottom' and 'y_top'

[rosout][ERROR] 2025-09-20 13:15:06,116: bad callback: <bound method LaneTrackingNode.image_cb of <__main__.LaneTrackingNode object at 0x7f55bef5a1c0>>
Traceback (most recent call last):
  File "/opt/ros/noetic/lib/python3/dist-packages/rospy/topics.py", line 750, in _invoke_callback
    cb(msg)
  File "/home/hyeongseon/catkin_ws/src/lane_tracking_pkg/scripts/lane_tracking_node.py", line 99, in image_cb
    self.handle_frame(frame, msg.header)
  File "/home/hyeongseon/catkin_ws/src/lane_tracking_pkg/scripts/lane_tracking_node.py", line 111, in handle_frame
    lane_center, roi_overlay = detect_lane_center(edges, roi_color, self.debug)
  File "/home/hyeongseon/catkin_ws/src/lane_tracking_pkg/vision/detector.py", line 63, in detect_lane_center
    left_line = _fit_lane(np.vstack(left_points)) if left_points else None
TypeError: _fit_lane() missing 2 required positional arguments: 'y_bottom' and 'y_top'

[rosout][ERROR] 2025-09-20 13:15:06,130: bad callback: <bound method LaneTrackingNode.image_cb of <__main__.LaneTrackingNode object at 0x7f55bef5a1c0>>
Traceback (most recent call last):
  File "/opt/ros/noetic/lib/python3/dist-packages/rospy/topics.py", line 750, in _invoke_callback
    cb(msg)
  File "/home/hyeongseon/catkin_ws/src/lane_tracking_pkg/scripts/lane_tracking_node.py", line 99, in image_cb
    self.handle_frame(frame, msg.header)
  File "/home/hyeongseon/catkin_ws/src/lane_tracking_pkg/scripts/lane_tracking_node.py", line 111, in handle_frame
    lane_center, roi_overlay = detect_lane_center(edges, roi_color, self.debug)
  File "/home/hyeongseon/catkin_ws/src/lane_tracking_pkg/vision/detector.py", line 63, in detect_lane_center
    left_line = _fit_lane(np.vstack(left_points)) if left_points else None
TypeError: _fit_lane() missing 2 required positional arguments: 'y_bottom' and 'y_top'

[rosout][ERROR] 2025-09-20 13:15:06,159: bad callback: <bound method LaneTrackingNode.image_cb of <__main__.LaneTrackingNode object at 0x7f55bef5a1c0>>
Traceback (most recent call last):
  File "/opt/ros/noetic/lib/python3/dist-packages/rospy/topics.py", line 750, in _invoke_callback
    cb(msg)
  File "/home/hyeongseon/catkin_ws/src/lane_tracking_pkg/scripts/lane_tracking_node.py", line 99, in image_cb
    self.handle_frame(frame, msg.header)
  File "/home/hyeongseon/catkin_ws/src/lane_tracking_pkg/scripts/lane_tracking_node.py", line 111, in handle_frame
    lane_center, roi_overlay = detect_lane_center(edges, roi_color, self.debug)
  File "/home/hyeongseon/catkin_ws/src/lane_tracking_pkg/vision/detector.py", line 63, in detect_lane_center
    left_line = _fit_lane(np.vstack(left_points)) if left_points else None
TypeError: _fit_lane() missing 2 required positional arguments: 'y_bottom' and 'y_top'

[rosout][ERROR] 2025-09-20 13:15:06,201: bad callback: <bound method LaneTrackingNode.image_cb of <__main__.LaneTrackingNode object at 0x7f55bef5a1c0>>
Traceback (most recent call last):
  File "/opt/ros/noetic/lib/python3/dist-packages/rospy/topics.py", line 750, in _invoke_callback
    cb(msg)
  File "/home/hyeongseon/catkin_ws/src/lane_tracking_pkg/scripts/lane_tracking_node.py", line 99, in image_cb
    self.handle_frame(frame, msg.header)
  File "/home/hyeongseon/catkin_ws/src/lane_tracking_pkg/scripts/lane_tracking_node.py", line 111, in handle_frame
    lane_center, roi_overlay = detect_lane_center(edges, roi_color, self.debug)
  File "/home/hyeongseon/catkin_ws/src/lane_tracking_pkg/vision/detector.py", line 63, in detect_lane_center
    left_line = _fit_lane(np.vstack(left_points)) if left_points else None
TypeError: _fit_lane() missing 2 required positional arguments: 'y_bottom' and 'y_top'

[rosout][ERROR] 2025-09-20 13:15:06,221: bad callback: <bound method LaneTrackingNode.image_cb of <__main__.LaneTrackingNode object at 0x7f55bef5a1c0>>
Traceback (most recent call last):
  File "/opt/ros/noetic/lib/python3/dist-packages/rospy/topics.py", line 750, in _invoke_callback
    cb(msg)
  File "/home/hyeongseon/catkin_ws/src/lane_tracking_pkg/scripts/lane_tracking_node.py", line 99, in image_cb
    self.handle_frame(frame, msg.header)
  File "/home/hyeongseon/catkin_ws/src/lane_tracking_pkg/scripts/lane_tracking_node.py", line 111, in handle_frame
    lane_center, roi_overlay = detect_lane_center(edges, roi_color, self.debug)
  File "/home/hyeongseon/catkin_ws/src/lane_tracking_pkg/vision/detector.py", line 63, in detect_lane_center
    left_line = _fit_lane(np.vstack(left_points)) if left_points else None
TypeError: _fit_lane() missing 2 required positional arguments: 'y_bottom' and 'y_top'

[rosout][ERROR] 2025-09-20 13:15:06,272: bad callback: <bound method LaneTrackingNode.image_cb of <__main__.LaneTrackingNode object at 0x7f55bef5a1c0>>
Traceback (most recent call last):
  File "/opt/ros/noetic/lib/python3/dist-packages/rospy/topics.py", line 750, in _invoke_callback
    cb(msg)
  File "/home/hyeongseon/catkin_ws/src/lane_tracking_pkg/scripts/lane_tracking_node.py", line 99, in image_cb
    self.handle_frame(frame, msg.header)
  File "/home/hyeongseon/catkin_ws/src/lane_tracking_pkg/scripts/lane_tracking_node.py", line 111, in handle_frame
    lane_center, roi_overlay = detect_lane_center(edges, roi_color, self.debug)
  File "/home/hyeongseon/catkin_ws/src/lane_tracking_pkg/vision/detector.py", line 63, in detect_lane_center
    left_line = _fit_lane(np.vstack(left_points)) if left_points else None
TypeError: _fit_lane() missing 2 required positional arguments: 'y_bottom' and 'y_top'

[rosout][ERROR] 2025-09-20 13:15:06,299: bad callback: <bound method LaneTrackingNode.image_cb of <__main__.LaneTrackingNode object at 0x7f55bef5a1c0>>
Traceback (most recent call last):
  File "/opt/ros/noetic/lib/python3/dist-packages/rospy/topics.py", line 750, in _invoke_callback
    cb(msg)
  File "/home/hyeongseon/catkin_ws/src/lane_tracking_pkg/scripts/lane_tracking_node.py", line 99, in image_cb
    self.handle_frame(frame, msg.header)
  File "/home/hyeongseon/catkin_ws/src/lane_tracking_pkg/scripts/lane_tracking_node.py", line 111, in handle_frame
    lane_center, roi_overlay = detect_lane_center(edges, roi_color, self.debug)
  File "/home/hyeongseon/catkin_ws/src/lane_tracking_pkg/vision/detector.py", line 63, in detect_lane_center
    left_line = _fit_lane(np.vstack(left_points)) if left_points else None
TypeError: _fit_lane() missing 2 required positional arguments: 'y_bottom' and 'y_top'

[rosout][ERROR] 2025-09-20 13:15:06,344: bad callback: <bound method LaneTrackingNode.image_cb of <__main__.LaneTrackingNode object at 0x7f55bef5a1c0>>
Traceback (most recent call last):
  File "/opt/ros/noetic/lib/python3/dist-packages/rospy/topics.py", line 750, in _invoke_callback
    cb(msg)
  File "/home/hyeongseon/catkin_ws/src/lane_tracking_pkg/scripts/lane_tracking_node.py", line 99, in image_cb
    self.handle_frame(frame, msg.header)
  File "/home/hyeongseon/catkin_ws/src/lane_tracking_pkg/scripts/lane_tracking_node.py", line 111, in handle_frame
    lane_center, roi_overlay = detect_lane_center(edges, roi_color, self.debug)
  File "/home/hyeongseon/catkin_ws/src/lane_tracking_pkg/vision/detector.py", line 63, in detect_lane_center
    left_line = _fit_lane(np.vstack(left_points)) if left_points else None
TypeError: _fit_lane() missing 2 required positional arguments: 'y_bottom' and 'y_top'

[rosout][ERROR] 2025-09-20 13:15:06,361: bad callback: <bound method LaneTrackingNode.image_cb of <__main__.LaneTrackingNode object at 0x7f55bef5a1c0>>
Traceback (most recent call last):
  File "/opt/ros/noetic/lib/python3/dist-packages/rospy/topics.py", line 750, in _invoke_callback
    cb(msg)
  File "/home/hyeongseon/catkin_ws/src/lane_tracking_pkg/scripts/lane_tracking_node.py", line 99, in image_cb
    self.handle_frame(frame, msg.header)
  File "/home/hyeongseon/catkin_ws/src/lane_tracking_pkg/scripts/lane_tracking_node.py", line 111, in handle_frame
    lane_center, roi_overlay = detect_lane_center(edges, roi_color, self.debug)
  File "/home/hyeongseon/catkin_ws/src/lane_tracking_pkg/vision/detector.py", line 63, in detect_lane_center
    left_line = _fit_lane(np.vstack(left_points)) if left_points else None
TypeError: _fit_lane() missing 2 required positional arguments: 'y_bottom' and 'y_top'

[rosout][ERROR] 2025-09-20 13:15:06,386: bad callback: <bound method LaneTrackingNode.image_cb of <__main__.LaneTrackingNode object at 0x7f55bef5a1c0>>
Traceback (most recent call last):
  File "/opt/ros/noetic/lib/python3/dist-packages/rospy/topics.py", line 750, in _invoke_callback
    cb(msg)
  File "/home/hyeongseon/catkin_ws/src/lane_tracking_pkg/scripts/lane_tracking_node.py", line 99, in image_cb
    self.handle_frame(frame, msg.header)
  File "/home/hyeongseon/catkin_ws/src/lane_tracking_pkg/scripts/lane_tracking_node.py", line 111, in handle_frame
    lane_center, roi_overlay = detect_lane_center(edges, roi_color, self.debug)
  File "/home/hyeongseon/catkin_ws/src/lane_tracking_pkg/vision/detector.py", line 63, in detect_lane_center
    left_line = _fit_lane(np.vstack(left_points)) if left_points else None
TypeError: _fit_lane() missing 2 required positional arguments: 'y_bottom' and 'y_top'

[rosout][ERROR] 2025-09-20 13:15:06,427: bad callback: <bound method LaneTrackingNode.image_cb of <__main__.LaneTrackingNode object at 0x7f55bef5a1c0>>
Traceback (most recent call last):
  File "/opt/ros/noetic/lib/python3/dist-packages/rospy/topics.py", line 750, in _invoke_callback
    cb(msg)
  File "/home/hyeongseon/catkin_ws/src/lane_tracking_pkg/scripts/lane_tracking_node.py", line 99, in image_cb
    self.handle_frame(frame, msg.header)
  File "/home/hyeongseon/catkin_ws/src/lane_tracking_pkg/scripts/lane_tracking_node.py", line 111, in handle_frame
    lane_center, roi_overlay = detect_lane_center(edges, roi_color, self.debug)
  File "/home/hyeongseon/catkin_ws/src/lane_tracking_pkg/vision/detector.py", line 63, in detect_lane_center
    left_line = _fit_lane(np.vstack(left_points)) if left_points else None
TypeError: _fit_lane() missing 2 required positional arguments: 'y_bottom' and 'y_top'

[rosout][ERROR] 2025-09-20 13:15:06,448: bad callback: <bound method LaneTrackingNode.image_cb of <__main__.LaneTrackingNode object at 0x7f55bef5a1c0>>
Traceback (most recent call last):
  File "/opt/ros/noetic/lib/python3/dist-packages/rospy/topics.py", line 750, in _invoke_callback
    cb(msg)
  File "/home/hyeongseon/catkin_ws/src/lane_tracking_pkg/scripts/lane_tracking_node.py", line 99, in image_cb
    self.handle_frame(frame, msg.header)
  File "/home/hyeongseon/catkin_ws/src/lane_tracking_pkg/scripts/lane_tracking_node.py", line 111, in handle_frame
    lane_center, roi_overlay = detect_lane_center(edges, roi_color, self.debug)
  File "/home/hyeongseon/catkin_ws/src/lane_tracking_pkg/vision/detector.py", line 63, in detect_lane_center
    left_line = _fit_lane(np.vstack(left_points)) if left_points else None
TypeError: _fit_lane() missing 2 required positional arguments: 'y_bottom' and 'y_top'

[rosout][ERROR] 2025-09-20 13:15:06,489: bad callback: <bound method LaneTrackingNode.image_cb of <__main__.LaneTrackingNode object at 0x7f55bef5a1c0>>
Traceback (most recent call last):
  File "/opt/ros/noetic/lib/python3/dist-packages/rospy/topics.py", line 750, in _invoke_callback
    cb(msg)
  File "/home/hyeongseon/catkin_ws/src/lane_tracking_pkg/scripts/lane_tracking_node.py", line 99, in image_cb
    self.handle_frame(frame, msg.header)
  File "/home/hyeongseon/catkin_ws/src/lane_tracking_pkg/scripts/lane_tracking_node.py", line 111, in handle_frame
    lane_center, roi_overlay = detect_lane_center(edges, roi_color, self.debug)
  File "/home/hyeongseon/catkin_ws/src/lane_tracking_pkg/vision/detector.py", line 63, in detect_lane_center
    left_line = _fit_lane(np.vstack(left_points)) if left_points else None
TypeError: _fit_lane() missing 2 required positional arguments: 'y_bottom' and 'y_top'

[rosout][ERROR] 2025-09-20 13:15:06,514: bad callback: <bound method LaneTrackingNode.image_cb of <__main__.LaneTrackingNode object at 0x7f55bef5a1c0>>
Traceback (most recent call last):
  File "/opt/ros/noetic/lib/python3/dist-packages/rospy/topics.py", line 750, in _invoke_callback
    cb(msg)
  File "/home/hyeongseon/catkin_ws/src/lane_tracking_pkg/scripts/lane_tracking_node.py", line 99, in image_cb
    self.handle_frame(frame, msg.header)
  File "/home/hyeongseon/catkin_ws/src/lane_tracking_pkg/scripts/lane_tracking_node.py", line 111, in handle_frame
    lane_center, roi_overlay = detect_lane_center(edges, roi_color, self.debug)
  File "/home/hyeongseon/catkin_ws/src/lane_tracking_pkg/vision/detector.py", line 63, in detect_lane_center
    left_line = _fit_lane(np.vstack(left_points)) if left_points else None
TypeError: _fit_lane() missing 2 required positional arguments: 'y_bottom' and 'y_top'

[rosout][ERROR] 2025-09-20 13:15:06,544: bad callback: <bound method LaneTrackingNode.image_cb of <__main__.LaneTrackingNode object at 0x7f55bef5a1c0>>
Traceback (most recent call last):
  File "/opt/ros/noetic/lib/python3/dist-packages/rospy/topics.py", line 750, in _invoke_callback
    cb(msg)
  File "/home/hyeongseon/catkin_ws/src/lane_tracking_pkg/scripts/lane_tracking_node.py", line 99, in image_cb
    self.handle_frame(frame, msg.header)
  File "/home/hyeongseon/catkin_ws/src/lane_tracking_pkg/scripts/lane_tracking_node.py", line 111, in handle_frame
    lane_center, roi_overlay = detect_lane_center(edges, roi_color, self.debug)
  File "/home/hyeongseon/catkin_ws/src/lane_tracking_pkg/vision/detector.py", line 63, in detect_lane_center
    left_line = _fit_lane(np.vstack(left_points)) if left_points else None
TypeError: _fit_lane() missing 2 required positional arguments: 'y_bottom' and 'y_top'

[rosout][ERROR] 2025-09-20 13:15:06,575: bad callback: <bound method LaneTrackingNode.image_cb of <__main__.LaneTrackingNode object at 0x7f55bef5a1c0>>
Traceback (most recent call last):
  File "/opt/ros/noetic/lib/python3/dist-packages/rospy/topics.py", line 750, in _invoke_callback
    cb(msg)
  File "/home/hyeongseon/catkin_ws/src/lane_tracking_pkg/scripts/lane_tracking_node.py", line 99, in image_cb
    self.handle_frame(frame, msg.header)
  File "/home/hyeongseon/catkin_ws/src/lane_tracking_pkg/scripts/lane_tracking_node.py", line 111, in handle_frame
    lane_center, roi_overlay = detect_lane_center(edges, roi_color, self.debug)
  File "/home/hyeongseon/catkin_ws/src/lane_tracking_pkg/vision/detector.py", line 63, in detect_lane_center
    left_line = _fit_lane(np.vstack(left_points)) if left_points else None
TypeError: _fit_lane() missing 2 required positional arguments: 'y_bottom' and 'y_top'

[rosout][ERROR] 2025-09-20 13:15:06,608: bad callback: <bound method LaneTrackingNode.image_cb of <__main__.LaneTrackingNode object at 0x7f55bef5a1c0>>
Traceback (most recent call last):
  File "/opt/ros/noetic/lib/python3/dist-packages/rospy/topics.py", line 750, in _invoke_callback
    cb(msg)
  File "/home/hyeongseon/catkin_ws/src/lane_tracking_pkg/scripts/lane_tracking_node.py", line 99, in image_cb
    self.handle_frame(frame, msg.header)
  File "/home/hyeongseon/catkin_ws/src/lane_tracking_pkg/scripts/lane_tracking_node.py", line 111, in handle_frame
    lane_center, roi_overlay = detect_lane_center(edges, roi_color, self.debug)
  File "/home/hyeongseon/catkin_ws/src/lane_tracking_pkg/vision/detector.py", line 63, in detect_lane_center
    left_line = _fit_lane(np.vstack(left_points)) if left_points else None
TypeError: _fit_lane() missing 2 required positional arguments: 'y_bottom' and 'y_top'

[rosout][ERROR] 2025-09-20 13:15:06,644: bad callback: <bound method LaneTrackingNode.image_cb of <__main__.LaneTrackingNode object at 0x7f55bef5a1c0>>
Traceback (most recent call last):
  File "/opt/ros/noetic/lib/python3/dist-packages/rospy/topics.py", line 750, in _invoke_callback
    cb(msg)
  File "/home/hyeongseon/catkin_ws/src/lane_tracking_pkg/scripts/lane_tracking_node.py", line 99, in image_cb
    self.handle_frame(frame, msg.header)
  File "/home/hyeongseon/catkin_ws/src/lane_tracking_pkg/scripts/lane_tracking_node.py", line 111, in handle_frame
    lane_center, roi_overlay = detect_lane_center(edges, roi_color, self.debug)
  File "/home/hyeongseon/catkin_ws/src/lane_tracking_pkg/vision/detector.py", line 63, in detect_lane_center
    left_line = _fit_lane(np.vstack(left_points)) if left_points else None
TypeError: _fit_lane() missing 2 required positional arguments: 'y_bottom' and 'y_top'

[rosout][ERROR] 2025-09-20 13:15:06,659: bad callback: <bound method LaneTrackingNode.image_cb of <__main__.LaneTrackingNode object at 0x7f55bef5a1c0>>
Traceback (most recent call last):
  File "/opt/ros/noetic/lib/python3/dist-packages/rospy/topics.py", line 750, in _invoke_callback
    cb(msg)
  File "/home/hyeongseon/catkin_ws/src/lane_tracking_pkg/scripts/lane_tracking_node.py", line 99, in image_cb
    self.handle_frame(frame, msg.header)
  File "/home/hyeongseon/catkin_ws/src/lane_tracking_pkg/scripts/lane_tracking_node.py", line 111, in handle_frame
    lane_center, roi_overlay = detect_lane_center(edges, roi_color, self.debug)
  File "/home/hyeongseon/catkin_ws/src/lane_tracking_pkg/vision/detector.py", line 63, in detect_lane_center
    left_line = _fit_lane(np.vstack(left_points)) if left_points else None
TypeError: _fit_lane() missing 2 required positional arguments: 'y_bottom' and 'y_top'

[rosout][ERROR] 2025-09-20 13:15:06,713: bad callback: <bound method LaneTrackingNode.image_cb of <__main__.LaneTrackingNode object at 0x7f55bef5a1c0>>
Traceback (most recent call last):
  File "/opt/ros/noetic/lib/python3/dist-packages/rospy/topics.py", line 750, in _invoke_callback
    cb(msg)
  File "/home/hyeongseon/catkin_ws/src/lane_tracking_pkg/scripts/lane_tracking_node.py", line 99, in image_cb
    self.handle_frame(frame, msg.header)
  File "/home/hyeongseon/catkin_ws/src/lane_tracking_pkg/scripts/lane_tracking_node.py", line 111, in handle_frame
    lane_center, roi_overlay = detect_lane_center(edges, roi_color, self.debug)
  File "/home/hyeongseon/catkin_ws/src/lane_tracking_pkg/vision/detector.py", line 63, in detect_lane_center
    left_line = _fit_lane(np.vstack(left_points)) if left_points else None
TypeError: _fit_lane() missing 2 required positional arguments: 'y_bottom' and 'y_top'

[rosout][ERROR] 2025-09-20 13:15:06,759: bad callback: <bound method LaneTrackingNode.image_cb of <__main__.LaneTrackingNode object at 0x7f55bef5a1c0>>
Traceback (most recent call last):
  File "/opt/ros/noetic/lib/python3/dist-packages/rospy/topics.py", line 750, in _invoke_callback
    cb(msg)
  File "/home/hyeongseon/catkin_ws/src/lane_tracking_pkg/scripts/lane_tracking_node.py", line 99, in image_cb
    self.handle_frame(frame, msg.header)
  File "/home/hyeongseon/catkin_ws/src/lane_tracking_pkg/scripts/lane_tracking_node.py", line 111, in handle_frame
    lane_center, roi_overlay = detect_lane_center(edges, roi_color, self.debug)
  File "/home/hyeongseon/catkin_ws/src/lane_tracking_pkg/vision/detector.py", line 63, in detect_lane_center
    left_line = _fit_lane(np.vstack(left_points)) if left_points else None
TypeError: _fit_lane() missing 2 required positional arguments: 'y_bottom' and 'y_top'

[rosout][ERROR] 2025-09-20 13:15:06,788: bad callback: <bound method LaneTrackingNode.image_cb of <__main__.LaneTrackingNode object at 0x7f55bef5a1c0>>
Traceback (most recent call last):
  File "/opt/ros/noetic/lib/python3/dist-packages/rospy/topics.py", line 750, in _invoke_callback
    cb(msg)
  File "/home/hyeongseon/catkin_ws/src/lane_tracking_pkg/scripts/lane_tracking_node.py", line 99, in image_cb
    self.handle_frame(frame, msg.header)
  File "/home/hyeongseon/catkin_ws/src/lane_tracking_pkg/scripts/lane_tracking_node.py", line 111, in handle_frame
    lane_center, roi_overlay = detect_lane_center(edges, roi_color, self.debug)
  File "/home/hyeongseon/catkin_ws/src/lane_tracking_pkg/vision/detector.py", line 63, in detect_lane_center
    left_line = _fit_lane(np.vstack(left_points)) if left_points else None
TypeError: _fit_lane() missing 2 required positional arguments: 'y_bottom' and 'y_top'

[rosout][ERROR] 2025-09-20 13:15:06,803: bad callback: <bound method LaneTrackingNode.image_cb of <__main__.LaneTrackingNode object at 0x7f55bef5a1c0>>
Traceback (most recent call last):
  File "/opt/ros/noetic/lib/python3/dist-packages/rospy/topics.py", line 750, in _invoke_callback
    cb(msg)
  File "/home/hyeongseon/catkin_ws/src/lane_tracking_pkg/scripts/lane_tracking_node.py", line 99, in image_cb
    self.handle_frame(frame, msg.header)
  File "/home/hyeongseon/catkin_ws/src/lane_tracking_pkg/scripts/lane_tracking_node.py", line 111, in handle_frame
    lane_center, roi_overlay = detect_lane_center(edges, roi_color, self.debug)
  File "/home/hyeongseon/catkin_ws/src/lane_tracking_pkg/vision/detector.py", line 63, in detect_lane_center
    left_line = _fit_lane(np.vstack(left_points)) if left_points else None
TypeError: _fit_lane() missing 2 required positional arguments: 'y_bottom' and 'y_top'

[rosout][ERROR] 2025-09-20 13:15:06,868: bad callback: <bound method LaneTrackingNode.image_cb of <__main__.LaneTrackingNode object at 0x7f55bef5a1c0>>
Traceback (most recent call last):
  File "/opt/ros/noetic/lib/python3/dist-packages/rospy/topics.py", line 750, in _invoke_callback
    cb(msg)
  File "/home/hyeongseon/catkin_ws/src/lane_tracking_pkg/scripts/lane_tracking_node.py", line 99, in image_cb
    self.handle_frame(frame, msg.header)
  File "/home/hyeongseon/catkin_ws/src/lane_tracking_pkg/scripts/lane_tracking_node.py", line 111, in handle_frame
    lane_center, roi_overlay = detect_lane_center(edges, roi_color, self.debug)
  File "/home/hyeongseon/catkin_ws/src/lane_tracking_pkg/vision/detector.py", line 63, in detect_lane_center
    left_line = _fit_lane(np.vstack(left_points)) if left_points else None
TypeError: _fit_lane() missing 2 required positional arguments: 'y_bottom' and 'y_top'

[rosout][ERROR] 2025-09-20 13:15:06,902: bad callback: <bound method LaneTrackingNode.image_cb of <__main__.LaneTrackingNode object at 0x7f55bef5a1c0>>
Traceback (most recent call last):
  File "/opt/ros/noetic/lib/python3/dist-packages/rospy/topics.py", line 750, in _invoke_callback
    cb(msg)
  File "/home/hyeongseon/catkin_ws/src/lane_tracking_pkg/scripts/lane_tracking_node.py", line 99, in image_cb
    self.handle_frame(frame, msg.header)
  File "/home/hyeongseon/catkin_ws/src/lane_tracking_pkg/scripts/lane_tracking_node.py", line 111, in handle_frame
    lane_center, roi_overlay = detect_lane_center(edges, roi_color, self.debug)
  File "/home/hyeongseon/catkin_ws/src/lane_tracking_pkg/vision/detector.py", line 63, in detect_lane_center
    left_line = _fit_lane(np.vstack(left_points)) if left_points else None
TypeError: _fit_lane() missing 2 required positional arguments: 'y_bottom' and 'y_top'

[rosout][ERROR] 2025-09-20 13:15:06,938: bad callback: <bound method LaneTrackingNode.image_cb of <__main__.LaneTrackingNode object at 0x7f55bef5a1c0>>
Traceback (most recent call last):
  File "/opt/ros/noetic/lib/python3/dist-packages/rospy/topics.py", line 750, in _invoke_callback
    cb(msg)
  File "/home/hyeongseon/catkin_ws/src/lane_tracking_pkg/scripts/lane_tracking_node.py", line 99, in image_cb
    self.handle_frame(frame, msg.header)
  File "/home/hyeongseon/catkin_ws/src/lane_tracking_pkg/scripts/lane_tracking_node.py", line 111, in handle_frame
    lane_center, roi_overlay = detect_lane_center(edges, roi_color, self.debug)
  File "/home/hyeongseon/catkin_ws/src/lane_tracking_pkg/vision/detector.py", line 63, in detect_lane_center
    left_line = _fit_lane(np.vstack(left_points)) if left_points else None
TypeError: _fit_lane() missing 2 required positional arguments: 'y_bottom' and 'y_top'

[rosout][ERROR] 2025-09-20 13:15:06,957: bad callback: <bound method LaneTrackingNode.image_cb of <__main__.LaneTrackingNode object at 0x7f55bef5a1c0>>
Traceback (most recent call last):
  File "/opt/ros/noetic/lib/python3/dist-packages/rospy/topics.py", line 750, in _invoke_callback
    cb(msg)
  File "/home/hyeongseon/catkin_ws/src/lane_tracking_pkg/scripts/lane_tracking_node.py", line 99, in image_cb
    self.handle_frame(frame, msg.header)
  File "/home/hyeongseon/catkin_ws/src/lane_tracking_pkg/scripts/lane_tracking_node.py", line 111, in handle_frame
    lane_center, roi_overlay = detect_lane_center(edges, roi_color, self.debug)
  File "/home/hyeongseon/catkin_ws/src/lane_tracking_pkg/vision/detector.py", line 63, in detect_lane_center
    left_line = _fit_lane(np.vstack(left_points)) if left_points else None
TypeError: _fit_lane() missing 2 required positional arguments: 'y_bottom' and 'y_top'

[rosout][ERROR] 2025-09-20 13:15:06,995: bad callback: <bound method LaneTrackingNode.image_cb of <__main__.LaneTrackingNode object at 0x7f55bef5a1c0>>
Traceback (most recent call last):
  File "/opt/ros/noetic/lib/python3/dist-packages/rospy/topics.py", line 750, in _invoke_callback
    cb(msg)
  File "/home/hyeongseon/catkin_ws/src/lane_tracking_pkg/scripts/lane_tracking_node.py", line 99, in image_cb
    self.handle_frame(frame, msg.header)
  File "/home/hyeongseon/catkin_ws/src/lane_tracking_pkg/scripts/lane_tracking_node.py", line 111, in handle_frame
    lane_center, roi_overlay = detect_lane_center(edges, roi_color, self.debug)
  File "/home/hyeongseon/catkin_ws/src/lane_tracking_pkg/vision/detector.py", line 63, in detect_lane_center
    left_line = _fit_lane(np.vstack(left_points)) if left_points else None
TypeError: _fit_lane() missing 2 required positional arguments: 'y_bottom' and 'y_top'

[rosout][ERROR] 2025-09-20 13:15:07,035: bad callback: <bound method LaneTrackingNode.image_cb of <__main__.LaneTrackingNode object at 0x7f55bef5a1c0>>
Traceback (most recent call last):
  File "/opt/ros/noetic/lib/python3/dist-packages/rospy/topics.py", line 750, in _invoke_callback
    cb(msg)
  File "/home/hyeongseon/catkin_ws/src/lane_tracking_pkg/scripts/lane_tracking_node.py", line 99, in image_cb
    self.handle_frame(frame, msg.header)
  File "/home/hyeongseon/catkin_ws/src/lane_tracking_pkg/scripts/lane_tracking_node.py", line 111, in handle_frame
    lane_center, roi_overlay = detect_lane_center(edges, roi_color, self.debug)
  File "/home/hyeongseon/catkin_ws/src/lane_tracking_pkg/vision/detector.py", line 63, in detect_lane_center
    left_line = _fit_lane(np.vstack(left_points)) if left_points else None
TypeError: _fit_lane() missing 2 required positional arguments: 'y_bottom' and 'y_top'

[rosout][ERROR] 2025-09-20 13:15:07,062: bad callback: <bound method LaneTrackingNode.image_cb of <__main__.LaneTrackingNode object at 0x7f55bef5a1c0>>
Traceback (most recent call last):
  File "/opt/ros/noetic/lib/python3/dist-packages/rospy/topics.py", line 750, in _invoke_callback
    cb(msg)
  File "/home/hyeongseon/catkin_ws/src/lane_tracking_pkg/scripts/lane_tracking_node.py", line 99, in image_cb
    self.handle_frame(frame, msg.header)
  File "/home/hyeongseon/catkin_ws/src/lane_tracking_pkg/scripts/lane_tracking_node.py", line 111, in handle_frame
    lane_center, roi_overlay = detect_lane_center(edges, roi_color, self.debug)
  File "/home/hyeongseon/catkin_ws/src/lane_tracking_pkg/vision/detector.py", line 63, in detect_lane_center
    left_line = _fit_lane(np.vstack(left_points)) if left_points else None
TypeError: _fit_lane() missing 2 required positional arguments: 'y_bottom' and 'y_top'

[rosout][ERROR] 2025-09-20 13:15:07,118: bad callback: <bound method LaneTrackingNode.image_cb of <__main__.LaneTrackingNode object at 0x7f55bef5a1c0>>
Traceback (most recent call last):
  File "/opt/ros/noetic/lib/python3/dist-packages/rospy/topics.py", line 750, in _invoke_callback
    cb(msg)
  File "/home/hyeongseon/catkin_ws/src/lane_tracking_pkg/scripts/lane_tracking_node.py", line 99, in image_cb
    self.handle_frame(frame, msg.header)
  File "/home/hyeongseon/catkin_ws/src/lane_tracking_pkg/scripts/lane_tracking_node.py", line 111, in handle_frame
    lane_center, roi_overlay = detect_lane_center(edges, roi_color, self.debug)
  File "/home/hyeongseon/catkin_ws/src/lane_tracking_pkg/vision/detector.py", line 63, in detect_lane_center
    left_line = _fit_lane(np.vstack(left_points)) if left_points else None
TypeError: _fit_lane() missing 2 required positional arguments: 'y_bottom' and 'y_top'

[rosout][ERROR] 2025-09-20 13:15:07,139: bad callback: <bound method LaneTrackingNode.image_cb of <__main__.LaneTrackingNode object at 0x7f55bef5a1c0>>
Traceback (most recent call last):
  File "/opt/ros/noetic/lib/python3/dist-packages/rospy/topics.py", line 750, in _invoke_callback
    cb(msg)
  File "/home/hyeongseon/catkin_ws/src/lane_tracking_pkg/scripts/lane_tracking_node.py", line 99, in image_cb
    self.handle_frame(frame, msg.header)
  File "/home/hyeongseon/catkin_ws/src/lane_tracking_pkg/scripts/lane_tracking_node.py", line 111, in handle_frame
    lane_center, roi_overlay = detect_lane_center(edges, roi_color, self.debug)
  File "/home/hyeongseon/catkin_ws/src/lane_tracking_pkg/vision/detector.py", line 63, in detect_lane_center
    left_line = _fit_lane(np.vstack(left_points)) if left_points else None
TypeError: _fit_lane() missing 2 required positional arguments: 'y_bottom' and 'y_top'

[rosout][ERROR] 2025-09-20 13:15:07,167: bad callback: <bound method LaneTrackingNode.image_cb of <__main__.LaneTrackingNode object at 0x7f55bef5a1c0>>
Traceback (most recent call last):
  File "/opt/ros/noetic/lib/python3/dist-packages/rospy/topics.py", line 750, in _invoke_callback
    cb(msg)
  File "/home/hyeongseon/catkin_ws/src/lane_tracking_pkg/scripts/lane_tracking_node.py", line 99, in image_cb
    self.handle_frame(frame, msg.header)
  File "/home/hyeongseon/catkin_ws/src/lane_tracking_pkg/scripts/lane_tracking_node.py", line 111, in handle_frame
    lane_center, roi_overlay = detect_lane_center(edges, roi_color, self.debug)
  File "/home/hyeongseon/catkin_ws/src/lane_tracking_pkg/vision/detector.py", line 63, in detect_lane_center
    left_line = _fit_lane(np.vstack(left_points)) if left_points else None
TypeError: _fit_lane() missing 2 required positional arguments: 'y_bottom' and 'y_top'

[rosout][ERROR] 2025-09-20 13:15:07,208: bad callback: <bound method LaneTrackingNode.image_cb of <__main__.LaneTrackingNode object at 0x7f55bef5a1c0>>
Traceback (most recent call last):
  File "/opt/ros/noetic/lib/python3/dist-packages/rospy/topics.py", line 750, in _invoke_callback
    cb(msg)
  File "/home/hyeongseon/catkin_ws/src/lane_tracking_pkg/scripts/lane_tracking_node.py", line 99, in image_cb
    self.handle_frame(frame, msg.header)
  File "/home/hyeongseon/catkin_ws/src/lane_tracking_pkg/scripts/lane_tracking_node.py", line 111, in handle_frame
    lane_center, roi_overlay = detect_lane_center(edges, roi_color, self.debug)
  File "/home/hyeongseon/catkin_ws/src/lane_tracking_pkg/vision/detector.py", line 63, in detect_lane_center
    left_line = _fit_lane(np.vstack(left_points)) if left_points else None
TypeError: _fit_lane() missing 2 required positional arguments: 'y_bottom' and 'y_top'

[rosout][ERROR] 2025-09-20 13:15:07,223: bad callback: <bound method LaneTrackingNode.image_cb of <__main__.LaneTrackingNode object at 0x7f55bef5a1c0>>
Traceback (most recent call last):
  File "/opt/ros/noetic/lib/python3/dist-packages/rospy/topics.py", line 750, in _invoke_callback
    cb(msg)
  File "/home/hyeongseon/catkin_ws/src/lane_tracking_pkg/scripts/lane_tracking_node.py", line 99, in image_cb
    self.handle_frame(frame, msg.header)
  File "/home/hyeongseon/catkin_ws/src/lane_tracking_pkg/scripts/lane_tracking_node.py", line 111, in handle_frame
    lane_center, roi_overlay = detect_lane_center(edges, roi_color, self.debug)
  File "/home/hyeongseon/catkin_ws/src/lane_tracking_pkg/vision/detector.py", line 63, in detect_lane_center
    left_line = _fit_lane(np.vstack(left_points)) if left_points else None
TypeError: _fit_lane() missing 2 required positional arguments: 'y_bottom' and 'y_top'

[rosout][ERROR] 2025-09-20 13:15:07,253: bad callback: <bound method LaneTrackingNode.image_cb of <__main__.LaneTrackingNode object at 0x7f55bef5a1c0>>
Traceback (most recent call last):
  File "/opt/ros/noetic/lib/python3/dist-packages/rospy/topics.py", line 750, in _invoke_callback
    cb(msg)
  File "/home/hyeongseon/catkin_ws/src/lane_tracking_pkg/scripts/lane_tracking_node.py", line 99, in image_cb
    self.handle_frame(frame, msg.header)
  File "/home/hyeongseon/catkin_ws/src/lane_tracking_pkg/scripts/lane_tracking_node.py", line 111, in handle_frame
    lane_center, roi_overlay = detect_lane_center(edges, roi_color, self.debug)
  File "/home/hyeongseon/catkin_ws/src/lane_tracking_pkg/vision/detector.py", line 63, in detect_lane_center
    left_line = _fit_lane(np.vstack(left_points)) if left_points else None
TypeError: _fit_lane() missing 2 required positional arguments: 'y_bottom' and 'y_top'

[rosout][ERROR] 2025-09-20 13:15:07,279: bad callback: <bound method LaneTrackingNode.image_cb of <__main__.LaneTrackingNode object at 0x7f55bef5a1c0>>
Traceback (most recent call last):
  File "/opt/ros/noetic/lib/python3/dist-packages/rospy/topics.py", line 750, in _invoke_callback
    cb(msg)
  File "/home/hyeongseon/catkin_ws/src/lane_tracking_pkg/scripts/lane_tracking_node.py", line 99, in image_cb
    self.handle_frame(frame, msg.header)
  File "/home/hyeongseon/catkin_ws/src/lane_tracking_pkg/scripts/lane_tracking_node.py", line 111, in handle_frame
    lane_center, roi_overlay = detect_lane_center(edges, roi_color, self.debug)
  File "/home/hyeongseon/catkin_ws/src/lane_tracking_pkg/vision/detector.py", line 63, in detect_lane_center
    left_line = _fit_lane(np.vstack(left_points)) if left_points else None
TypeError: _fit_lane() missing 2 required positional arguments: 'y_bottom' and 'y_top'

[rosout][ERROR] 2025-09-20 13:15:07,310: bad callback: <bound method LaneTrackingNode.image_cb of <__main__.LaneTrackingNode object at 0x7f55bef5a1c0>>
Traceback (most recent call last):
  File "/opt/ros/noetic/lib/python3/dist-packages/rospy/topics.py", line 750, in _invoke_callback
    cb(msg)
  File "/home/hyeongseon/catkin_ws/src/lane_tracking_pkg/scripts/lane_tracking_node.py", line 99, in image_cb
    self.handle_frame(frame, msg.header)
  File "/home/hyeongseon/catkin_ws/src/lane_tracking_pkg/scripts/lane_tracking_node.py", line 111, in handle_frame
    lane_center, roi_overlay = detect_lane_center(edges, roi_color, self.debug)
  File "/home/hyeongseon/catkin_ws/src/lane_tracking_pkg/vision/detector.py", line 63, in detect_lane_center
    left_line = _fit_lane(np.vstack(left_points)) if left_points else None
TypeError: _fit_lane() missing 2 required positional arguments: 'y_bottom' and 'y_top'

[rosout][ERROR] 2025-09-20 13:15:07,372: bad callback: <bound method LaneTrackingNode.image_cb of <__main__.LaneTrackingNode object at 0x7f55bef5a1c0>>
Traceback (most recent call last):
  File "/opt/ros/noetic/lib/python3/dist-packages/rospy/topics.py", line 750, in _invoke_callback
    cb(msg)
  File "/home/hyeongseon/catkin_ws/src/lane_tracking_pkg/scripts/lane_tracking_node.py", line 99, in image_cb
    self.handle_frame(frame, msg.header)
  File "/home/hyeongseon/catkin_ws/src/lane_tracking_pkg/scripts/lane_tracking_node.py", line 111, in handle_frame
    lane_center, roi_overlay = detect_lane_center(edges, roi_color, self.debug)
  File "/home/hyeongseon/catkin_ws/src/lane_tracking_pkg/vision/detector.py", line 63, in detect_lane_center
    left_line = _fit_lane(np.vstack(left_points)) if left_points else None
TypeError: _fit_lane() missing 2 required positional arguments: 'y_bottom' and 'y_top'

[rosout][ERROR] 2025-09-20 13:15:07,404: bad callback: <bound method LaneTrackingNode.image_cb of <__main__.LaneTrackingNode object at 0x7f55bef5a1c0>>
Traceback (most recent call last):
  File "/opt/ros/noetic/lib/python3/dist-packages/rospy/topics.py", line 750, in _invoke_callback
    cb(msg)
  File "/home/hyeongseon/catkin_ws/src/lane_tracking_pkg/scripts/lane_tracking_node.py", line 99, in image_cb
    self.handle_frame(frame, msg.header)
  File "/home/hyeongseon/catkin_ws/src/lane_tracking_pkg/scripts/lane_tracking_node.py", line 111, in handle_frame
    lane_center, roi_overlay = detect_lane_center(edges, roi_color, self.debug)
  File "/home/hyeongseon/catkin_ws/src/lane_tracking_pkg/vision/detector.py", line 63, in detect_lane_center
    left_line = _fit_lane(np.vstack(left_points)) if left_points else None
TypeError: _fit_lane() missing 2 required positional arguments: 'y_bottom' and 'y_top'

[rosout][ERROR] 2025-09-20 13:15:07,441: bad callback: <bound method LaneTrackingNode.image_cb of <__main__.LaneTrackingNode object at 0x7f55bef5a1c0>>
Traceback (most recent call last):
  File "/opt/ros/noetic/lib/python3/dist-packages/rospy/topics.py", line 750, in _invoke_callback
    cb(msg)
  File "/home/hyeongseon/catkin_ws/src/lane_tracking_pkg/scripts/lane_tracking_node.py", line 99, in image_cb
    self.handle_frame(frame, msg.header)
  File "/home/hyeongseon/catkin_ws/src/lane_tracking_pkg/scripts/lane_tracking_node.py", line 111, in handle_frame
    lane_center, roi_overlay = detect_lane_center(edges, roi_color, self.debug)
  File "/home/hyeongseon/catkin_ws/src/lane_tracking_pkg/vision/detector.py", line 63, in detect_lane_center
    left_line = _fit_lane(np.vstack(left_points)) if left_points else None
TypeError: _fit_lane() missing 2 required positional arguments: 'y_bottom' and 'y_top'

[rosout][ERROR] 2025-09-20 13:15:07,471: bad callback: <bound method LaneTrackingNode.image_cb of <__main__.LaneTrackingNode object at 0x7f55bef5a1c0>>
Traceback (most recent call last):
  File "/opt/ros/noetic/lib/python3/dist-packages/rospy/topics.py", line 750, in _invoke_callback
    cb(msg)
  File "/home/hyeongseon/catkin_ws/src/lane_tracking_pkg/scripts/lane_tracking_node.py", line 99, in image_cb
    self.handle_frame(frame, msg.header)
  File "/home/hyeongseon/catkin_ws/src/lane_tracking_pkg/scripts/lane_tracking_node.py", line 111, in handle_frame
    lane_center, roi_overlay = detect_lane_center(edges, roi_color, self.debug)
  File "/home/hyeongseon/catkin_ws/src/lane_tracking_pkg/vision/detector.py", line 63, in detect_lane_center
    left_line = _fit_lane(np.vstack(left_points)) if left_points else None
TypeError: _fit_lane() missing 2 required positional arguments: 'y_bottom' and 'y_top'

[rosout][ERROR] 2025-09-20 13:15:07,509: bad callback: <bound method LaneTrackingNode.image_cb of <__main__.LaneTrackingNode object at 0x7f55bef5a1c0>>
Traceback (most recent call last):
  File "/opt/ros/noetic/lib/python3/dist-packages/rospy/topics.py", line 750, in _invoke_callback
    cb(msg)
  File "/home/hyeongseon/catkin_ws/src/lane_tracking_pkg/scripts/lane_tracking_node.py", line 99, in image_cb
    self.handle_frame(frame, msg.header)
  File "/home/hyeongseon/catkin_ws/src/lane_tracking_pkg/scripts/lane_tracking_node.py", line 111, in handle_frame
    lane_center, roi_overlay = detect_lane_center(edges, roi_color, self.debug)
  File "/home/hyeongseon/catkin_ws/src/lane_tracking_pkg/vision/detector.py", line 63, in detect_lane_center
    left_line = _fit_lane(np.vstack(left_points)) if left_points else None
TypeError: _fit_lane() missing 2 required positional arguments: 'y_bottom' and 'y_top'

[rosout][ERROR] 2025-09-20 13:15:07,547: bad callback: <bound method LaneTrackingNode.image_cb of <__main__.LaneTrackingNode object at 0x7f55bef5a1c0>>
Traceback (most recent call last):
  File "/opt/ros/noetic/lib/python3/dist-packages/rospy/topics.py", line 750, in _invoke_callback
    cb(msg)
  File "/home/hyeongseon/catkin_ws/src/lane_tracking_pkg/scripts/lane_tracking_node.py", line 99, in image_cb
    self.handle_frame(frame, msg.header)
  File "/home/hyeongseon/catkin_ws/src/lane_tracking_pkg/scripts/lane_tracking_node.py", line 111, in handle_frame
    lane_center, roi_overlay = detect_lane_center(edges, roi_color, self.debug)
  File "/home/hyeongseon/catkin_ws/src/lane_tracking_pkg/vision/detector.py", line 63, in detect_lane_center
    left_line = _fit_lane(np.vstack(left_points)) if left_points else None
TypeError: _fit_lane() missing 2 required positional arguments: 'y_bottom' and 'y_top'

[rosout][ERROR] 2025-09-20 13:15:07,572: bad callback: <bound method LaneTrackingNode.image_cb of <__main__.LaneTrackingNode object at 0x7f55bef5a1c0>>
Traceback (most recent call last):
  File "/opt/ros/noetic/lib/python3/dist-packages/rospy/topics.py", line 750, in _invoke_callback
    cb(msg)
  File "/home/hyeongseon/catkin_ws/src/lane_tracking_pkg/scripts/lane_tracking_node.py", line 99, in image_cb
    self.handle_frame(frame, msg.header)
  File "/home/hyeongseon/catkin_ws/src/lane_tracking_pkg/scripts/lane_tracking_node.py", line 111, in handle_frame
    lane_center, roi_overlay = detect_lane_center(edges, roi_color, self.debug)
  File "/home/hyeongseon/catkin_ws/src/lane_tracking_pkg/vision/detector.py", line 63, in detect_lane_center
    left_line = _fit_lane(np.vstack(left_points)) if left_points else None
TypeError: _fit_lane() missing 2 required positional arguments: 'y_bottom' and 'y_top'

[rosout][ERROR] 2025-09-20 13:15:07,602: bad callback: <bound method LaneTrackingNode.image_cb of <__main__.LaneTrackingNode object at 0x7f55bef5a1c0>>
Traceback (most recent call last):
  File "/opt/ros/noetic/lib/python3/dist-packages/rospy/topics.py", line 750, in _invoke_callback
    cb(msg)
  File "/home/hyeongseon/catkin_ws/src/lane_tracking_pkg/scripts/lane_tracking_node.py", line 99, in image_cb
    self.handle_frame(frame, msg.header)
  File "/home/hyeongseon/catkin_ws/src/lane_tracking_pkg/scripts/lane_tracking_node.py", line 111, in handle_frame
    lane_center, roi_overlay = detect_lane_center(edges, roi_color, self.debug)
  File "/home/hyeongseon/catkin_ws/src/lane_tracking_pkg/vision/detector.py", line 63, in detect_lane_center
    left_line = _fit_lane(np.vstack(left_points)) if left_points else None
TypeError: _fit_lane() missing 2 required positional arguments: 'y_bottom' and 'y_top'

[rosout][ERROR] 2025-09-20 13:15:07,631: bad callback: <bound method LaneTrackingNode.image_cb of <__main__.LaneTrackingNode object at 0x7f55bef5a1c0>>
Traceback (most recent call last):
  File "/opt/ros/noetic/lib/python3/dist-packages/rospy/topics.py", line 750, in _invoke_callback
    cb(msg)
  File "/home/hyeongseon/catkin_ws/src/lane_tracking_pkg/scripts/lane_tracking_node.py", line 99, in image_cb
    self.handle_frame(frame, msg.header)
  File "/home/hyeongseon/catkin_ws/src/lane_tracking_pkg/scripts/lane_tracking_node.py", line 111, in handle_frame
    lane_center, roi_overlay = detect_lane_center(edges, roi_color, self.debug)
  File "/home/hyeongseon/catkin_ws/src/lane_tracking_pkg/vision/detector.py", line 63, in detect_lane_center
    left_line = _fit_lane(np.vstack(left_points)) if left_points else None
TypeError: _fit_lane() missing 2 required positional arguments: 'y_bottom' and 'y_top'

[rosout][ERROR] 2025-09-20 13:15:07,677: bad callback: <bound method LaneTrackingNode.image_cb of <__main__.LaneTrackingNode object at 0x7f55bef5a1c0>>
Traceback (most recent call last):
  File "/opt/ros/noetic/lib/python3/dist-packages/rospy/topics.py", line 750, in _invoke_callback
    cb(msg)
  File "/home/hyeongseon/catkin_ws/src/lane_tracking_pkg/scripts/lane_tracking_node.py", line 99, in image_cb
    self.handle_frame(frame, msg.header)
  File "/home/hyeongseon/catkin_ws/src/lane_tracking_pkg/scripts/lane_tracking_node.py", line 111, in handle_frame
    lane_center, roi_overlay = detect_lane_center(edges, roi_color, self.debug)
  File "/home/hyeongseon/catkin_ws/src/lane_tracking_pkg/vision/detector.py", line 63, in detect_lane_center
    left_line = _fit_lane(np.vstack(left_points)) if left_points else None
TypeError: _fit_lane() missing 2 required positional arguments: 'y_bottom' and 'y_top'

[rosout][ERROR] 2025-09-20 13:15:07,691: bad callback: <bound method LaneTrackingNode.image_cb of <__main__.LaneTrackingNode object at 0x7f55bef5a1c0>>
Traceback (most recent call last):
  File "/opt/ros/noetic/lib/python3/dist-packages/rospy/topics.py", line 750, in _invoke_callback
    cb(msg)
  File "/home/hyeongseon/catkin_ws/src/lane_tracking_pkg/scripts/lane_tracking_node.py", line 99, in image_cb
    self.handle_frame(frame, msg.header)
  File "/home/hyeongseon/catkin_ws/src/lane_tracking_pkg/scripts/lane_tracking_node.py", line 111, in handle_frame
    lane_center, roi_overlay = detect_lane_center(edges, roi_color, self.debug)
  File "/home/hyeongseon/catkin_ws/src/lane_tracking_pkg/vision/detector.py", line 63, in detect_lane_center
    left_line = _fit_lane(np.vstack(left_points)) if left_points else None
TypeError: _fit_lane() missing 2 required positional arguments: 'y_bottom' and 'y_top'

[rosout][ERROR] 2025-09-20 13:15:07,734: bad callback: <bound method LaneTrackingNode.image_cb of <__main__.LaneTrackingNode object at 0x7f55bef5a1c0>>
Traceback (most recent call last):
  File "/opt/ros/noetic/lib/python3/dist-packages/rospy/topics.py", line 750, in _invoke_callback
    cb(msg)
  File "/home/hyeongseon/catkin_ws/src/lane_tracking_pkg/scripts/lane_tracking_node.py", line 99, in image_cb
    self.handle_frame(frame, msg.header)
  File "/home/hyeongseon/catkin_ws/src/lane_tracking_pkg/scripts/lane_tracking_node.py", line 111, in handle_frame
    lane_center, roi_overlay = detect_lane_center(edges, roi_color, self.debug)
  File "/home/hyeongseon/catkin_ws/src/lane_tracking_pkg/vision/detector.py", line 63, in detect_lane_center
    left_line = _fit_lane(np.vstack(left_points)) if left_points else None
TypeError: _fit_lane() missing 2 required positional arguments: 'y_bottom' and 'y_top'

[rosout][ERROR] 2025-09-20 13:15:07,747: bad callback: <bound method LaneTrackingNode.image_cb of <__main__.LaneTrackingNode object at 0x7f55bef5a1c0>>
Traceback (most recent call last):
  File "/opt/ros/noetic/lib/python3/dist-packages/rospy/topics.py", line 750, in _invoke_callback
    cb(msg)
  File "/home/hyeongseon/catkin_ws/src/lane_tracking_pkg/scripts/lane_tracking_node.py", line 99, in image_cb
    self.handle_frame(frame, msg.header)
  File "/home/hyeongseon/catkin_ws/src/lane_tracking_pkg/scripts/lane_tracking_node.py", line 111, in handle_frame
    lane_center, roi_overlay = detect_lane_center(edges, roi_color, self.debug)
  File "/home/hyeongseon/catkin_ws/src/lane_tracking_pkg/vision/detector.py", line 63, in detect_lane_center
    left_line = _fit_lane(np.vstack(left_points)) if left_points else None
TypeError: _fit_lane() missing 2 required positional arguments: 'y_bottom' and 'y_top'

[rosout][ERROR] 2025-09-20 13:15:07,789: bad callback: <bound method LaneTrackingNode.image_cb of <__main__.LaneTrackingNode object at 0x7f55bef5a1c0>>
Traceback (most recent call last):
  File "/opt/ros/noetic/lib/python3/dist-packages/rospy/topics.py", line 750, in _invoke_callback
    cb(msg)
  File "/home/hyeongseon/catkin_ws/src/lane_tracking_pkg/scripts/lane_tracking_node.py", line 99, in image_cb
    self.handle_frame(frame, msg.header)
  File "/home/hyeongseon/catkin_ws/src/lane_tracking_pkg/scripts/lane_tracking_node.py", line 111, in handle_frame
    lane_center, roi_overlay = detect_lane_center(edges, roi_color, self.debug)
  File "/home/hyeongseon/catkin_ws/src/lane_tracking_pkg/vision/detector.py", line 63, in detect_lane_center
    left_line = _fit_lane(np.vstack(left_points)) if left_points else None
TypeError: _fit_lane() missing 2 required positional arguments: 'y_bottom' and 'y_top'

[rosout][ERROR] 2025-09-20 13:15:07,820: bad callback: <bound method LaneTrackingNode.image_cb of <__main__.LaneTrackingNode object at 0x7f55bef5a1c0>>
Traceback (most recent call last):
  File "/opt/ros/noetic/lib/python3/dist-packages/rospy/topics.py", line 750, in _invoke_callback
    cb(msg)
  File "/home/hyeongseon/catkin_ws/src/lane_tracking_pkg/scripts/lane_tracking_node.py", line 99, in image_cb
    self.handle_frame(frame, msg.header)
  File "/home/hyeongseon/catkin_ws/src/lane_tracking_pkg/scripts/lane_tracking_node.py", line 111, in handle_frame
    lane_center, roi_overlay = detect_lane_center(edges, roi_color, self.debug)
  File "/home/hyeongseon/catkin_ws/src/lane_tracking_pkg/vision/detector.py", line 63, in detect_lane_center
    left_line = _fit_lane(np.vstack(left_points)) if left_points else None
TypeError: _fit_lane() missing 2 required positional arguments: 'y_bottom' and 'y_top'

[rosout][ERROR] 2025-09-20 13:15:07,843: bad callback: <bound method LaneTrackingNode.image_cb of <__main__.LaneTrackingNode object at 0x7f55bef5a1c0>>
Traceback (most recent call last):
  File "/opt/ros/noetic/lib/python3/dist-packages/rospy/topics.py", line 750, in _invoke_callback
    cb(msg)
  File "/home/hyeongseon/catkin_ws/src/lane_tracking_pkg/scripts/lane_tracking_node.py", line 99, in image_cb
    self.handle_frame(frame, msg.header)
  File "/home/hyeongseon/catkin_ws/src/lane_tracking_pkg/scripts/lane_tracking_node.py", line 111, in handle_frame
    lane_center, roi_overlay = detect_lane_center(edges, roi_color, self.debug)
  File "/home/hyeongseon/catkin_ws/src/lane_tracking_pkg/vision/detector.py", line 63, in detect_lane_center
    left_line = _fit_lane(np.vstack(left_points)) if left_points else None
TypeError: _fit_lane() missing 2 required positional arguments: 'y_bottom' and 'y_top'

[rosout][ERROR] 2025-09-20 13:15:07,878: bad callback: <bound method LaneTrackingNode.image_cb of <__main__.LaneTrackingNode object at 0x7f55bef5a1c0>>
Traceback (most recent call last):
  File "/opt/ros/noetic/lib/python3/dist-packages/rospy/topics.py", line 750, in _invoke_callback
    cb(msg)
  File "/home/hyeongseon/catkin_ws/src/lane_tracking_pkg/scripts/lane_tracking_node.py", line 99, in image_cb
    self.handle_frame(frame, msg.header)
  File "/home/hyeongseon/catkin_ws/src/lane_tracking_pkg/scripts/lane_tracking_node.py", line 111, in handle_frame
    lane_center, roi_overlay = detect_lane_center(edges, roi_color, self.debug)
  File "/home/hyeongseon/catkin_ws/src/lane_tracking_pkg/vision/detector.py", line 63, in detect_lane_center
    left_line = _fit_lane(np.vstack(left_points)) if left_points else None
TypeError: _fit_lane() missing 2 required positional arguments: 'y_bottom' and 'y_top'

[rosout][ERROR] 2025-09-20 13:15:07,901: bad callback: <bound method LaneTrackingNode.image_cb of <__main__.LaneTrackingNode object at 0x7f55bef5a1c0>>
Traceback (most recent call last):
  File "/opt/ros/noetic/lib/python3/dist-packages/rospy/topics.py", line 750, in _invoke_callback
    cb(msg)
  File "/home/hyeongseon/catkin_ws/src/lane_tracking_pkg/scripts/lane_tracking_node.py", line 99, in image_cb
    self.handle_frame(frame, msg.header)
  File "/home/hyeongseon/catkin_ws/src/lane_tracking_pkg/scripts/lane_tracking_node.py", line 111, in handle_frame
    lane_center, roi_overlay = detect_lane_center(edges, roi_color, self.debug)
  File "/home/hyeongseon/catkin_ws/src/lane_tracking_pkg/vision/detector.py", line 63, in detect_lane_center
    left_line = _fit_lane(np.vstack(left_points)) if left_points else None
TypeError: _fit_lane() missing 2 required positional arguments: 'y_bottom' and 'y_top'

[rosout][ERROR] 2025-09-20 13:15:07,925: bad callback: <bound method LaneTrackingNode.image_cb of <__main__.LaneTrackingNode object at 0x7f55bef5a1c0>>
Traceback (most recent call last):
  File "/opt/ros/noetic/lib/python3/dist-packages/rospy/topics.py", line 750, in _invoke_callback
    cb(msg)
  File "/home/hyeongseon/catkin_ws/src/lane_tracking_pkg/scripts/lane_tracking_node.py", line 99, in image_cb
    self.handle_frame(frame, msg.header)
  File "/home/hyeongseon/catkin_ws/src/lane_tracking_pkg/scripts/lane_tracking_node.py", line 111, in handle_frame
    lane_center, roi_overlay = detect_lane_center(edges, roi_color, self.debug)
  File "/home/hyeongseon/catkin_ws/src/lane_tracking_pkg/vision/detector.py", line 63, in detect_lane_center
    left_line = _fit_lane(np.vstack(left_points)) if left_points else None
TypeError: _fit_lane() missing 2 required positional arguments: 'y_bottom' and 'y_top'

[rosout][ERROR] 2025-09-20 13:15:07,976: bad callback: <bound method LaneTrackingNode.image_cb of <__main__.LaneTrackingNode object at 0x7f55bef5a1c0>>
Traceback (most recent call last):
  File "/opt/ros/noetic/lib/python3/dist-packages/rospy/topics.py", line 750, in _invoke_callback
    cb(msg)
  File "/home/hyeongseon/catkin_ws/src/lane_tracking_pkg/scripts/lane_tracking_node.py", line 99, in image_cb
    self.handle_frame(frame, msg.header)
  File "/home/hyeongseon/catkin_ws/src/lane_tracking_pkg/scripts/lane_tracking_node.py", line 111, in handle_frame
    lane_center, roi_overlay = detect_lane_center(edges, roi_color, self.debug)
  File "/home/hyeongseon/catkin_ws/src/lane_tracking_pkg/vision/detector.py", line 63, in detect_lane_center
    left_line = _fit_lane(np.vstack(left_points)) if left_points else None
TypeError: _fit_lane() missing 2 required positional arguments: 'y_bottom' and 'y_top'

[rosout][ERROR] 2025-09-20 13:15:08,005: bad callback: <bound method LaneTrackingNode.image_cb of <__main__.LaneTrackingNode object at 0x7f55bef5a1c0>>
Traceback (most recent call last):
  File "/opt/ros/noetic/lib/python3/dist-packages/rospy/topics.py", line 750, in _invoke_callback
    cb(msg)
  File "/home/hyeongseon/catkin_ws/src/lane_tracking_pkg/scripts/lane_tracking_node.py", line 99, in image_cb
    self.handle_frame(frame, msg.header)
  File "/home/hyeongseon/catkin_ws/src/lane_tracking_pkg/scripts/lane_tracking_node.py", line 111, in handle_frame
    lane_center, roi_overlay = detect_lane_center(edges, roi_color, self.debug)
  File "/home/hyeongseon/catkin_ws/src/lane_tracking_pkg/vision/detector.py", line 63, in detect_lane_center
    left_line = _fit_lane(np.vstack(left_points)) if left_points else None
TypeError: _fit_lane() missing 2 required positional arguments: 'y_bottom' and 'y_top'

[rosout][ERROR] 2025-09-20 13:15:08,038: bad callback: <bound method LaneTrackingNode.image_cb of <__main__.LaneTrackingNode object at 0x7f55bef5a1c0>>
Traceback (most recent call last):
  File "/opt/ros/noetic/lib/python3/dist-packages/rospy/topics.py", line 750, in _invoke_callback
    cb(msg)
  File "/home/hyeongseon/catkin_ws/src/lane_tracking_pkg/scripts/lane_tracking_node.py", line 99, in image_cb
    self.handle_frame(frame, msg.header)
  File "/home/hyeongseon/catkin_ws/src/lane_tracking_pkg/scripts/lane_tracking_node.py", line 111, in handle_frame
    lane_center, roi_overlay = detect_lane_center(edges, roi_color, self.debug)
  File "/home/hyeongseon/catkin_ws/src/lane_tracking_pkg/vision/detector.py", line 63, in detect_lane_center
    left_line = _fit_lane(np.vstack(left_points)) if left_points else None
TypeError: _fit_lane() missing 2 required positional arguments: 'y_bottom' and 'y_top'

[rosout][ERROR] 2025-09-20 13:15:08,069: bad callback: <bound method LaneTrackingNode.image_cb of <__main__.LaneTrackingNode object at 0x7f55bef5a1c0>>
Traceback (most recent call last):
  File "/opt/ros/noetic/lib/python3/dist-packages/rospy/topics.py", line 750, in _invoke_callback
    cb(msg)
  File "/home/hyeongseon/catkin_ws/src/lane_tracking_pkg/scripts/lane_tracking_node.py", line 99, in image_cb
    self.handle_frame(frame, msg.header)
  File "/home/hyeongseon/catkin_ws/src/lane_tracking_pkg/scripts/lane_tracking_node.py", line 111, in handle_frame
    lane_center, roi_overlay = detect_lane_center(edges, roi_color, self.debug)
  File "/home/hyeongseon/catkin_ws/src/lane_tracking_pkg/vision/detector.py", line 63, in detect_lane_center
    left_line = _fit_lane(np.vstack(left_points)) if left_points else None
TypeError: _fit_lane() missing 2 required positional arguments: 'y_bottom' and 'y_top'

[rosout][ERROR] 2025-09-20 13:15:08,086: bad callback: <bound method LaneTrackingNode.image_cb of <__main__.LaneTrackingNode object at 0x7f55bef5a1c0>>
Traceback (most recent call last):
  File "/opt/ros/noetic/lib/python3/dist-packages/rospy/topics.py", line 750, in _invoke_callback
    cb(msg)
  File "/home/hyeongseon/catkin_ws/src/lane_tracking_pkg/scripts/lane_tracking_node.py", line 99, in image_cb
    self.handle_frame(frame, msg.header)
  File "/home/hyeongseon/catkin_ws/src/lane_tracking_pkg/scripts/lane_tracking_node.py", line 111, in handle_frame
    lane_center, roi_overlay = detect_lane_center(edges, roi_color, self.debug)
  File "/home/hyeongseon/catkin_ws/src/lane_tracking_pkg/vision/detector.py", line 63, in detect_lane_center
    left_line = _fit_lane(np.vstack(left_points)) if left_points else None
TypeError: _fit_lane() missing 2 required positional arguments: 'y_bottom' and 'y_top'

[rosout][ERROR] 2025-09-20 13:15:08,139: bad callback: <bound method LaneTrackingNode.image_cb of <__main__.LaneTrackingNode object at 0x7f55bef5a1c0>>
Traceback (most recent call last):
  File "/opt/ros/noetic/lib/python3/dist-packages/rospy/topics.py", line 750, in _invoke_callback
    cb(msg)
  File "/home/hyeongseon/catkin_ws/src/lane_tracking_pkg/scripts/lane_tracking_node.py", line 99, in image_cb
    self.handle_frame(frame, msg.header)
  File "/home/hyeongseon/catkin_ws/src/lane_tracking_pkg/scripts/lane_tracking_node.py", line 111, in handle_frame
    lane_center, roi_overlay = detect_lane_center(edges, roi_color, self.debug)
  File "/home/hyeongseon/catkin_ws/src/lane_tracking_pkg/vision/detector.py", line 63, in detect_lane_center
    left_line = _fit_lane(np.vstack(left_points)) if left_points else None
TypeError: _fit_lane() missing 2 required positional arguments: 'y_bottom' and 'y_top'

[rosout][ERROR] 2025-09-20 13:15:08,179: bad callback: <bound method LaneTrackingNode.image_cb of <__main__.LaneTrackingNode object at 0x7f55bef5a1c0>>
Traceback (most recent call last):
  File "/opt/ros/noetic/lib/python3/dist-packages/rospy/topics.py", line 750, in _invoke_callback
    cb(msg)
  File "/home/hyeongseon/catkin_ws/src/lane_tracking_pkg/scripts/lane_tracking_node.py", line 99, in image_cb
    self.handle_frame(frame, msg.header)
  File "/home/hyeongseon/catkin_ws/src/lane_tracking_pkg/scripts/lane_tracking_node.py", line 111, in handle_frame
    lane_center, roi_overlay = detect_lane_center(edges, roi_color, self.debug)
  File "/home/hyeongseon/catkin_ws/src/lane_tracking_pkg/vision/detector.py", line 63, in detect_lane_center
    left_line = _fit_lane(np.vstack(left_points)) if left_points else None
TypeError: _fit_lane() missing 2 required positional arguments: 'y_bottom' and 'y_top'

[rosout][ERROR] 2025-09-20 13:15:08,200: bad callback: <bound method LaneTrackingNode.image_cb of <__main__.LaneTrackingNode object at 0x7f55bef5a1c0>>
Traceback (most recent call last):
  File "/opt/ros/noetic/lib/python3/dist-packages/rospy/topics.py", line 750, in _invoke_callback
    cb(msg)
  File "/home/hyeongseon/catkin_ws/src/lane_tracking_pkg/scripts/lane_tracking_node.py", line 99, in image_cb
    self.handle_frame(frame, msg.header)
  File "/home/hyeongseon/catkin_ws/src/lane_tracking_pkg/scripts/lane_tracking_node.py", line 111, in handle_frame
    lane_center, roi_overlay = detect_lane_center(edges, roi_color, self.debug)
  File "/home/hyeongseon/catkin_ws/src/lane_tracking_pkg/vision/detector.py", line 63, in detect_lane_center
    left_line = _fit_lane(np.vstack(left_points)) if left_points else None
TypeError: _fit_lane() missing 2 required positional arguments: 'y_bottom' and 'y_top'

[rosout][ERROR] 2025-09-20 13:15:08,228: bad callback: <bound method LaneTrackingNode.image_cb of <__main__.LaneTrackingNode object at 0x7f55bef5a1c0>>
Traceback (most recent call last):
  File "/opt/ros/noetic/lib/python3/dist-packages/rospy/topics.py", line 750, in _invoke_callback
    cb(msg)
  File "/home/hyeongseon/catkin_ws/src/lane_tracking_pkg/scripts/lane_tracking_node.py", line 99, in image_cb
    self.handle_frame(frame, msg.header)
  File "/home/hyeongseon/catkin_ws/src/lane_tracking_pkg/scripts/lane_tracking_node.py", line 111, in handle_frame
    lane_center, roi_overlay = detect_lane_center(edges, roi_color, self.debug)
  File "/home/hyeongseon/catkin_ws/src/lane_tracking_pkg/vision/detector.py", line 63, in detect_lane_center
    left_line = _fit_lane(np.vstack(left_points)) if left_points else None
TypeError: _fit_lane() missing 2 required positional arguments: 'y_bottom' and 'y_top'

[rosout][ERROR] 2025-09-20 13:15:08,285: bad callback: <bound method LaneTrackingNode.image_cb of <__main__.LaneTrackingNode object at 0x7f55bef5a1c0>>
Traceback (most recent call last):
  File "/opt/ros/noetic/lib/python3/dist-packages/rospy/topics.py", line 750, in _invoke_callback
    cb(msg)
  File "/home/hyeongseon/catkin_ws/src/lane_tracking_pkg/scripts/lane_tracking_node.py", line 99, in image_cb
    self.handle_frame(frame, msg.header)
  File "/home/hyeongseon/catkin_ws/src/lane_tracking_pkg/scripts/lane_tracking_node.py", line 111, in handle_frame
    lane_center, roi_overlay = detect_lane_center(edges, roi_color, self.debug)
  File "/home/hyeongseon/catkin_ws/src/lane_tracking_pkg/vision/detector.py", line 63, in detect_lane_center
    left_line = _fit_lane(np.vstack(left_points)) if left_points else None
TypeError: _fit_lane() missing 2 required positional arguments: 'y_bottom' and 'y_top'

[rosout][ERROR] 2025-09-20 13:15:08,331: bad callback: <bound method LaneTrackingNode.image_cb of <__main__.LaneTrackingNode object at 0x7f55bef5a1c0>>
Traceback (most recent call last):
  File "/opt/ros/noetic/lib/python3/dist-packages/rospy/topics.py", line 750, in _invoke_callback
    cb(msg)
  File "/home/hyeongseon/catkin_ws/src/lane_tracking_pkg/scripts/lane_tracking_node.py", line 99, in image_cb
    self.handle_frame(frame, msg.header)
  File "/home/hyeongseon/catkin_ws/src/lane_tracking_pkg/scripts/lane_tracking_node.py", line 111, in handle_frame
    lane_center, roi_overlay = detect_lane_center(edges, roi_color, self.debug)
  File "/home/hyeongseon/catkin_ws/src/lane_tracking_pkg/vision/detector.py", line 63, in detect_lane_center
    left_line = _fit_lane(np.vstack(left_points)) if left_points else None
TypeError: _fit_lane() missing 2 required positional arguments: 'y_bottom' and 'y_top'

[rosout][ERROR] 2025-09-20 13:15:08,363: bad callback: <bound method LaneTrackingNode.image_cb of <__main__.LaneTrackingNode object at 0x7f55bef5a1c0>>
Traceback (most recent call last):
  File "/opt/ros/noetic/lib/python3/dist-packages/rospy/topics.py", line 750, in _invoke_callback
    cb(msg)
  File "/home/hyeongseon/catkin_ws/src/lane_tracking_pkg/scripts/lane_tracking_node.py", line 99, in image_cb
    self.handle_frame(frame, msg.header)
  File "/home/hyeongseon/catkin_ws/src/lane_tracking_pkg/scripts/lane_tracking_node.py", line 111, in handle_frame
    lane_center, roi_overlay = detect_lane_center(edges, roi_color, self.debug)
  File "/home/hyeongseon/catkin_ws/src/lane_tracking_pkg/vision/detector.py", line 63, in detect_lane_center
    left_line = _fit_lane(np.vstack(left_points)) if left_points else None
TypeError: _fit_lane() missing 2 required positional arguments: 'y_bottom' and 'y_top'

[rosout][ERROR] 2025-09-20 13:15:08,390: bad callback: <bound method LaneTrackingNode.image_cb of <__main__.LaneTrackingNode object at 0x7f55bef5a1c0>>
Traceback (most recent call last):
  File "/opt/ros/noetic/lib/python3/dist-packages/rospy/topics.py", line 750, in _invoke_callback
    cb(msg)
  File "/home/hyeongseon/catkin_ws/src/lane_tracking_pkg/scripts/lane_tracking_node.py", line 99, in image_cb
    self.handle_frame(frame, msg.header)
  File "/home/hyeongseon/catkin_ws/src/lane_tracking_pkg/scripts/lane_tracking_node.py", line 111, in handle_frame
    lane_center, roi_overlay = detect_lane_center(edges, roi_color, self.debug)
  File "/home/hyeongseon/catkin_ws/src/lane_tracking_pkg/vision/detector.py", line 63, in detect_lane_center
    left_line = _fit_lane(np.vstack(left_points)) if left_points else None
TypeError: _fit_lane() missing 2 required positional arguments: 'y_bottom' and 'y_top'

[rosout][ERROR] 2025-09-20 13:15:08,415: bad callback: <bound method LaneTrackingNode.image_cb of <__main__.LaneTrackingNode object at 0x7f55bef5a1c0>>
Traceback (most recent call last):
  File "/opt/ros/noetic/lib/python3/dist-packages/rospy/topics.py", line 750, in _invoke_callback
    cb(msg)
  File "/home/hyeongseon/catkin_ws/src/lane_tracking_pkg/scripts/lane_tracking_node.py", line 99, in image_cb
    self.handle_frame(frame, msg.header)
  File "/home/hyeongseon/catkin_ws/src/lane_tracking_pkg/scripts/lane_tracking_node.py", line 111, in handle_frame
    lane_center, roi_overlay = detect_lane_center(edges, roi_color, self.debug)
  File "/home/hyeongseon/catkin_ws/src/lane_tracking_pkg/vision/detector.py", line 63, in detect_lane_center
    left_line = _fit_lane(np.vstack(left_points)) if left_points else None
TypeError: _fit_lane() missing 2 required positional arguments: 'y_bottom' and 'y_top'

[rosout][ERROR] 2025-09-20 13:15:08,462: bad callback: <bound method LaneTrackingNode.image_cb of <__main__.LaneTrackingNode object at 0x7f55bef5a1c0>>
Traceback (most recent call last):
  File "/opt/ros/noetic/lib/python3/dist-packages/rospy/topics.py", line 750, in _invoke_callback
    cb(msg)
  File "/home/hyeongseon/catkin_ws/src/lane_tracking_pkg/scripts/lane_tracking_node.py", line 99, in image_cb
    self.handle_frame(frame, msg.header)
  File "/home/hyeongseon/catkin_ws/src/lane_tracking_pkg/scripts/lane_tracking_node.py", line 111, in handle_frame
    lane_center, roi_overlay = detect_lane_center(edges, roi_color, self.debug)
  File "/home/hyeongseon/catkin_ws/src/lane_tracking_pkg/vision/detector.py", line 63, in detect_lane_center
    left_line = _fit_lane(np.vstack(left_points)) if left_points else None
TypeError: _fit_lane() missing 2 required positional arguments: 'y_bottom' and 'y_top'

[rosout][ERROR] 2025-09-20 13:15:08,476: bad callback: <bound method LaneTrackingNode.image_cb of <__main__.LaneTrackingNode object at 0x7f55bef5a1c0>>
Traceback (most recent call last):
  File "/opt/ros/noetic/lib/python3/dist-packages/rospy/topics.py", line 750, in _invoke_callback
    cb(msg)
  File "/home/hyeongseon/catkin_ws/src/lane_tracking_pkg/scripts/lane_tracking_node.py", line 99, in image_cb
    self.handle_frame(frame, msg.header)
  File "/home/hyeongseon/catkin_ws/src/lane_tracking_pkg/scripts/lane_tracking_node.py", line 111, in handle_frame
    lane_center, roi_overlay = detect_lane_center(edges, roi_color, self.debug)
  File "/home/hyeongseon/catkin_ws/src/lane_tracking_pkg/vision/detector.py", line 63, in detect_lane_center
    left_line = _fit_lane(np.vstack(left_points)) if left_points else None
TypeError: _fit_lane() missing 2 required positional arguments: 'y_bottom' and 'y_top'

[rosout][ERROR] 2025-09-20 13:15:08,516: bad callback: <bound method LaneTrackingNode.image_cb of <__main__.LaneTrackingNode object at 0x7f55bef5a1c0>>
Traceback (most recent call last):
  File "/opt/ros/noetic/lib/python3/dist-packages/rospy/topics.py", line 750, in _invoke_callback
    cb(msg)
  File "/home/hyeongseon/catkin_ws/src/lane_tracking_pkg/scripts/lane_tracking_node.py", line 99, in image_cb
    self.handle_frame(frame, msg.header)
  File "/home/hyeongseon/catkin_ws/src/lane_tracking_pkg/scripts/lane_tracking_node.py", line 111, in handle_frame
    lane_center, roi_overlay = detect_lane_center(edges, roi_color, self.debug)
  File "/home/hyeongseon/catkin_ws/src/lane_tracking_pkg/vision/detector.py", line 63, in detect_lane_center
    left_line = _fit_lane(np.vstack(left_points)) if left_points else None
TypeError: _fit_lane() missing 2 required positional arguments: 'y_bottom' and 'y_top'

[rosout][ERROR] 2025-09-20 13:15:08,543: bad callback: <bound method LaneTrackingNode.image_cb of <__main__.LaneTrackingNode object at 0x7f55bef5a1c0>>
Traceback (most recent call last):
  File "/opt/ros/noetic/lib/python3/dist-packages/rospy/topics.py", line 750, in _invoke_callback
    cb(msg)
  File "/home/hyeongseon/catkin_ws/src/lane_tracking_pkg/scripts/lane_tracking_node.py", line 99, in image_cb
    self.handle_frame(frame, msg.header)
  File "/home/hyeongseon/catkin_ws/src/lane_tracking_pkg/scripts/lane_tracking_node.py", line 111, in handle_frame
    lane_center, roi_overlay = detect_lane_center(edges, roi_color, self.debug)
  File "/home/hyeongseon/catkin_ws/src/lane_tracking_pkg/vision/detector.py", line 63, in detect_lane_center
    left_line = _fit_lane(np.vstack(left_points)) if left_points else None
TypeError: _fit_lane() missing 2 required positional arguments: 'y_bottom' and 'y_top'

[rosout][ERROR] 2025-09-20 13:15:08,574: bad callback: <bound method LaneTrackingNode.image_cb of <__main__.LaneTrackingNode object at 0x7f55bef5a1c0>>
Traceback (most recent call last):
  File "/opt/ros/noetic/lib/python3/dist-packages/rospy/topics.py", line 750, in _invoke_callback
    cb(msg)
  File "/home/hyeongseon/catkin_ws/src/lane_tracking_pkg/scripts/lane_tracking_node.py", line 99, in image_cb
    self.handle_frame(frame, msg.header)
  File "/home/hyeongseon/catkin_ws/src/lane_tracking_pkg/scripts/lane_tracking_node.py", line 111, in handle_frame
    lane_center, roi_overlay = detect_lane_center(edges, roi_color, self.debug)
  File "/home/hyeongseon/catkin_ws/src/lane_tracking_pkg/vision/detector.py", line 63, in detect_lane_center
    left_line = _fit_lane(np.vstack(left_points)) if left_points else None
TypeError: _fit_lane() missing 2 required positional arguments: 'y_bottom' and 'y_top'

[rosout][ERROR] 2025-09-20 13:15:08,628: bad callback: <bound method LaneTrackingNode.image_cb of <__main__.LaneTrackingNode object at 0x7f55bef5a1c0>>
Traceback (most recent call last):
  File "/opt/ros/noetic/lib/python3/dist-packages/rospy/topics.py", line 750, in _invoke_callback
    cb(msg)
  File "/home/hyeongseon/catkin_ws/src/lane_tracking_pkg/scripts/lane_tracking_node.py", line 99, in image_cb
    self.handle_frame(frame, msg.header)
  File "/home/hyeongseon/catkin_ws/src/lane_tracking_pkg/scripts/lane_tracking_node.py", line 111, in handle_frame
    lane_center, roi_overlay = detect_lane_center(edges, roi_color, self.debug)
  File "/home/hyeongseon/catkin_ws/src/lane_tracking_pkg/vision/detector.py", line 63, in detect_lane_center
    left_line = _fit_lane(np.vstack(left_points)) if left_points else None
TypeError: _fit_lane() missing 2 required positional arguments: 'y_bottom' and 'y_top'

[rosout][ERROR] 2025-09-20 13:15:08,649: bad callback: <bound method LaneTrackingNode.image_cb of <__main__.LaneTrackingNode object at 0x7f55bef5a1c0>>
Traceback (most recent call last):
  File "/opt/ros/noetic/lib/python3/dist-packages/rospy/topics.py", line 750, in _invoke_callback
    cb(msg)
  File "/home/hyeongseon/catkin_ws/src/lane_tracking_pkg/scripts/lane_tracking_node.py", line 99, in image_cb
    self.handle_frame(frame, msg.header)
  File "/home/hyeongseon/catkin_ws/src/lane_tracking_pkg/scripts/lane_tracking_node.py", line 111, in handle_frame
    lane_center, roi_overlay = detect_lane_center(edges, roi_color, self.debug)
  File "/home/hyeongseon/catkin_ws/src/lane_tracking_pkg/vision/detector.py", line 63, in detect_lane_center
    left_line = _fit_lane(np.vstack(left_points)) if left_points else None
TypeError: _fit_lane() missing 2 required positional arguments: 'y_bottom' and 'y_top'

[rosout][ERROR] 2025-09-20 13:15:08,666: bad callback: <bound method LaneTrackingNode.image_cb of <__main__.LaneTrackingNode object at 0x7f55bef5a1c0>>
Traceback (most recent call last):
  File "/opt/ros/noetic/lib/python3/dist-packages/rospy/topics.py", line 750, in _invoke_callback
    cb(msg)
  File "/home/hyeongseon/catkin_ws/src/lane_tracking_pkg/scripts/lane_tracking_node.py", line 99, in image_cb
    self.handle_frame(frame, msg.header)
  File "/home/hyeongseon/catkin_ws/src/lane_tracking_pkg/scripts/lane_tracking_node.py", line 111, in handle_frame
    lane_center, roi_overlay = detect_lane_center(edges, roi_color, self.debug)
  File "/home/hyeongseon/catkin_ws/src/lane_tracking_pkg/vision/detector.py", line 63, in detect_lane_center
    left_line = _fit_lane(np.vstack(left_points)) if left_points else None
TypeError: _fit_lane() missing 2 required positional arguments: 'y_bottom' and 'y_top'

[rosout][ERROR] 2025-09-20 13:15:08,735: bad callback: <bound method LaneTrackingNode.image_cb of <__main__.LaneTrackingNode object at 0x7f55bef5a1c0>>
Traceback (most recent call last):
  File "/opt/ros/noetic/lib/python3/dist-packages/rospy/topics.py", line 750, in _invoke_callback
    cb(msg)
  File "/home/hyeongseon/catkin_ws/src/lane_tracking_pkg/scripts/lane_tracking_node.py", line 99, in image_cb
    self.handle_frame(frame, msg.header)
  File "/home/hyeongseon/catkin_ws/src/lane_tracking_pkg/scripts/lane_tracking_node.py", line 111, in handle_frame
    lane_center, roi_overlay = detect_lane_center(edges, roi_color, self.debug)
  File "/home/hyeongseon/catkin_ws/src/lane_tracking_pkg/vision/detector.py", line 63, in detect_lane_center
    left_line = _fit_lane(np.vstack(left_points)) if left_points else None
TypeError: _fit_lane() missing 2 required positional arguments: 'y_bottom' and 'y_top'

[rosout][ERROR] 2025-09-20 13:15:08,751: bad callback: <bound method LaneTrackingNode.image_cb of <__main__.LaneTrackingNode object at 0x7f55bef5a1c0>>
Traceback (most recent call last):
  File "/opt/ros/noetic/lib/python3/dist-packages/rospy/topics.py", line 750, in _invoke_callback
    cb(msg)
  File "/home/hyeongseon/catkin_ws/src/lane_tracking_pkg/scripts/lane_tracking_node.py", line 99, in image_cb
    self.handle_frame(frame, msg.header)
  File "/home/hyeongseon/catkin_ws/src/lane_tracking_pkg/scripts/lane_tracking_node.py", line 111, in handle_frame
    lane_center, roi_overlay = detect_lane_center(edges, roi_color, self.debug)
  File "/home/hyeongseon/catkin_ws/src/lane_tracking_pkg/vision/detector.py", line 63, in detect_lane_center
    left_line = _fit_lane(np.vstack(left_points)) if left_points else None
TypeError: _fit_lane() missing 2 required positional arguments: 'y_bottom' and 'y_top'

[rosout][ERROR] 2025-09-20 13:15:08,791: bad callback: <bound method LaneTrackingNode.image_cb of <__main__.LaneTrackingNode object at 0x7f55bef5a1c0>>
Traceback (most recent call last):
  File "/opt/ros/noetic/lib/python3/dist-packages/rospy/topics.py", line 750, in _invoke_callback
    cb(msg)
  File "/home/hyeongseon/catkin_ws/src/lane_tracking_pkg/scripts/lane_tracking_node.py", line 99, in image_cb
    self.handle_frame(frame, msg.header)
  File "/home/hyeongseon/catkin_ws/src/lane_tracking_pkg/scripts/lane_tracking_node.py", line 111, in handle_frame
    lane_center, roi_overlay = detect_lane_center(edges, roi_color, self.debug)
  File "/home/hyeongseon/catkin_ws/src/lane_tracking_pkg/vision/detector.py", line 63, in detect_lane_center
    left_line = _fit_lane(np.vstack(left_points)) if left_points else None
TypeError: _fit_lane() missing 2 required positional arguments: 'y_bottom' and 'y_top'

[rosout][ERROR] 2025-09-20 13:15:08,819: bad callback: <bound method LaneTrackingNode.image_cb of <__main__.LaneTrackingNode object at 0x7f55bef5a1c0>>
Traceback (most recent call last):
  File "/opt/ros/noetic/lib/python3/dist-packages/rospy/topics.py", line 750, in _invoke_callback
    cb(msg)
  File "/home/hyeongseon/catkin_ws/src/lane_tracking_pkg/scripts/lane_tracking_node.py", line 99, in image_cb
    self.handle_frame(frame, msg.header)
  File "/home/hyeongseon/catkin_ws/src/lane_tracking_pkg/scripts/lane_tracking_node.py", line 111, in handle_frame
    lane_center, roi_overlay = detect_lane_center(edges, roi_color, self.debug)
  File "/home/hyeongseon/catkin_ws/src/lane_tracking_pkg/vision/detector.py", line 63, in detect_lane_center
    left_line = _fit_lane(np.vstack(left_points)) if left_points else None
TypeError: _fit_lane() missing 2 required positional arguments: 'y_bottom' and 'y_top'

[rosout][ERROR] 2025-09-20 13:15:08,835: bad callback: <bound method LaneTrackingNode.image_cb of <__main__.LaneTrackingNode object at 0x7f55bef5a1c0>>
Traceback (most recent call last):
  File "/opt/ros/noetic/lib/python3/dist-packages/rospy/topics.py", line 750, in _invoke_callback
    cb(msg)
  File "/home/hyeongseon/catkin_ws/src/lane_tracking_pkg/scripts/lane_tracking_node.py", line 99, in image_cb
    self.handle_frame(frame, msg.header)
  File "/home/hyeongseon/catkin_ws/src/lane_tracking_pkg/scripts/lane_tracking_node.py", line 111, in handle_frame
    lane_center, roi_overlay = detect_lane_center(edges, roi_color, self.debug)
  File "/home/hyeongseon/catkin_ws/src/lane_tracking_pkg/vision/detector.py", line 63, in detect_lane_center
    left_line = _fit_lane(np.vstack(left_points)) if left_points else None
TypeError: _fit_lane() missing 2 required positional arguments: 'y_bottom' and 'y_top'

[rosout][ERROR] 2025-09-20 13:15:08,888: bad callback: <bound method LaneTrackingNode.image_cb of <__main__.LaneTrackingNode object at 0x7f55bef5a1c0>>
Traceback (most recent call last):
  File "/opt/ros/noetic/lib/python3/dist-packages/rospy/topics.py", line 750, in _invoke_callback
    cb(msg)
  File "/home/hyeongseon/catkin_ws/src/lane_tracking_pkg/scripts/lane_tracking_node.py", line 99, in image_cb
    self.handle_frame(frame, msg.header)
  File "/home/hyeongseon/catkin_ws/src/lane_tracking_pkg/scripts/lane_tracking_node.py", line 111, in handle_frame
    lane_center, roi_overlay = detect_lane_center(edges, roi_color, self.debug)
  File "/home/hyeongseon/catkin_ws/src/lane_tracking_pkg/vision/detector.py", line 63, in detect_lane_center
    left_line = _fit_lane(np.vstack(left_points)) if left_points else None
TypeError: _fit_lane() missing 2 required positional arguments: 'y_bottom' and 'y_top'

[rosout][ERROR] 2025-09-20 13:15:08,927: bad callback: <bound method LaneTrackingNode.image_cb of <__main__.LaneTrackingNode object at 0x7f55bef5a1c0>>
Traceback (most recent call last):
  File "/opt/ros/noetic/lib/python3/dist-packages/rospy/topics.py", line 750, in _invoke_callback
    cb(msg)
  File "/home/hyeongseon/catkin_ws/src/lane_tracking_pkg/scripts/lane_tracking_node.py", line 99, in image_cb
    self.handle_frame(frame, msg.header)
  File "/home/hyeongseon/catkin_ws/src/lane_tracking_pkg/scripts/lane_tracking_node.py", line 111, in handle_frame
    lane_center, roi_overlay = detect_lane_center(edges, roi_color, self.debug)
  File "/home/hyeongseon/catkin_ws/src/lane_tracking_pkg/vision/detector.py", line 63, in detect_lane_center
    left_line = _fit_lane(np.vstack(left_points)) if left_points else None
TypeError: _fit_lane() missing 2 required positional arguments: 'y_bottom' and 'y_top'

[rosout][ERROR] 2025-09-20 13:15:08,948: bad callback: <bound method LaneTrackingNode.image_cb of <__main__.LaneTrackingNode object at 0x7f55bef5a1c0>>
Traceback (most recent call last):
  File "/opt/ros/noetic/lib/python3/dist-packages/rospy/topics.py", line 750, in _invoke_callback
    cb(msg)
  File "/home/hyeongseon/catkin_ws/src/lane_tracking_pkg/scripts/lane_tracking_node.py", line 99, in image_cb
    self.handle_frame(frame, msg.header)
  File "/home/hyeongseon/catkin_ws/src/lane_tracking_pkg/scripts/lane_tracking_node.py", line 111, in handle_frame
    lane_center, roi_overlay = detect_lane_center(edges, roi_color, self.debug)
  File "/home/hyeongseon/catkin_ws/src/lane_tracking_pkg/vision/detector.py", line 63, in detect_lane_center
    left_line = _fit_lane(np.vstack(left_points)) if left_points else None
TypeError: _fit_lane() missing 2 required positional arguments: 'y_bottom' and 'y_top'

[rosout][ERROR] 2025-09-20 13:15:08,978: bad callback: <bound method LaneTrackingNode.image_cb of <__main__.LaneTrackingNode object at 0x7f55bef5a1c0>>
Traceback (most recent call last):
  File "/opt/ros/noetic/lib/python3/dist-packages/rospy/topics.py", line 750, in _invoke_callback
    cb(msg)
  File "/home/hyeongseon/catkin_ws/src/lane_tracking_pkg/scripts/lane_tracking_node.py", line 99, in image_cb
    self.handle_frame(frame, msg.header)
  File "/home/hyeongseon/catkin_ws/src/lane_tracking_pkg/scripts/lane_tracking_node.py", line 111, in handle_frame
    lane_center, roi_overlay = detect_lane_center(edges, roi_color, self.debug)
  File "/home/hyeongseon/catkin_ws/src/lane_tracking_pkg/vision/detector.py", line 63, in detect_lane_center
    left_line = _fit_lane(np.vstack(left_points)) if left_points else None
TypeError: _fit_lane() missing 2 required positional arguments: 'y_bottom' and 'y_top'

[rosout][ERROR] 2025-09-20 13:15:09,007: bad callback: <bound method LaneTrackingNode.image_cb of <__main__.LaneTrackingNode object at 0x7f55bef5a1c0>>
Traceback (most recent call last):
  File "/opt/ros/noetic/lib/python3/dist-packages/rospy/topics.py", line 750, in _invoke_callback
    cb(msg)
  File "/home/hyeongseon/catkin_ws/src/lane_tracking_pkg/scripts/lane_tracking_node.py", line 99, in image_cb
    self.handle_frame(frame, msg.header)
  File "/home/hyeongseon/catkin_ws/src/lane_tracking_pkg/scripts/lane_tracking_node.py", line 111, in handle_frame
    lane_center, roi_overlay = detect_lane_center(edges, roi_color, self.debug)
  File "/home/hyeongseon/catkin_ws/src/lane_tracking_pkg/vision/detector.py", line 63, in detect_lane_center
    left_line = _fit_lane(np.vstack(left_points)) if left_points else None
TypeError: _fit_lane() missing 2 required positional arguments: 'y_bottom' and 'y_top'

[rosout][ERROR] 2025-09-20 13:15:09,047: bad callback: <bound method LaneTrackingNode.image_cb of <__main__.LaneTrackingNode object at 0x7f55bef5a1c0>>
Traceback (most recent call last):
  File "/opt/ros/noetic/lib/python3/dist-packages/rospy/topics.py", line 750, in _invoke_callback
    cb(msg)
  File "/home/hyeongseon/catkin_ws/src/lane_tracking_pkg/scripts/lane_tracking_node.py", line 99, in image_cb
    self.handle_frame(frame, msg.header)
  File "/home/hyeongseon/catkin_ws/src/lane_tracking_pkg/scripts/lane_tracking_node.py", line 111, in handle_frame
    lane_center, roi_overlay = detect_lane_center(edges, roi_color, self.debug)
  File "/home/hyeongseon/catkin_ws/src/lane_tracking_pkg/vision/detector.py", line 63, in detect_lane_center
    left_line = _fit_lane(np.vstack(left_points)) if left_points else None
TypeError: _fit_lane() missing 2 required positional arguments: 'y_bottom' and 'y_top'

[rosout][ERROR] 2025-09-20 13:15:09,086: bad callback: <bound method LaneTrackingNode.image_cb of <__main__.LaneTrackingNode object at 0x7f55bef5a1c0>>
Traceback (most recent call last):
  File "/opt/ros/noetic/lib/python3/dist-packages/rospy/topics.py", line 750, in _invoke_callback
    cb(msg)
  File "/home/hyeongseon/catkin_ws/src/lane_tracking_pkg/scripts/lane_tracking_node.py", line 99, in image_cb
    self.handle_frame(frame, msg.header)
  File "/home/hyeongseon/catkin_ws/src/lane_tracking_pkg/scripts/lane_tracking_node.py", line 111, in handle_frame
    lane_center, roi_overlay = detect_lane_center(edges, roi_color, self.debug)
  File "/home/hyeongseon/catkin_ws/src/lane_tracking_pkg/vision/detector.py", line 63, in detect_lane_center
    left_line = _fit_lane(np.vstack(left_points)) if left_points else None
TypeError: _fit_lane() missing 2 required positional arguments: 'y_bottom' and 'y_top'

[rosout][ERROR] 2025-09-20 13:15:09,099: bad callback: <bound method LaneTrackingNode.image_cb of <__main__.LaneTrackingNode object at 0x7f55bef5a1c0>>
Traceback (most recent call last):
  File "/opt/ros/noetic/lib/python3/dist-packages/rospy/topics.py", line 750, in _invoke_callback
    cb(msg)
  File "/home/hyeongseon/catkin_ws/src/lane_tracking_pkg/scripts/lane_tracking_node.py", line 99, in image_cb
    self.handle_frame(frame, msg.header)
  File "/home/hyeongseon/catkin_ws/src/lane_tracking_pkg/scripts/lane_tracking_node.py", line 111, in handle_frame
    lane_center, roi_overlay = detect_lane_center(edges, roi_color, self.debug)
  File "/home/hyeongseon/catkin_ws/src/lane_tracking_pkg/vision/detector.py", line 63, in detect_lane_center
    left_line = _fit_lane(np.vstack(left_points)) if left_points else None
TypeError: _fit_lane() missing 2 required positional arguments: 'y_bottom' and 'y_top'

[rosout][ERROR] 2025-09-20 13:15:09,179: bad callback: <bound method LaneTrackingNode.image_cb of <__main__.LaneTrackingNode object at 0x7f55bef5a1c0>>
Traceback (most recent call last):
  File "/opt/ros/noetic/lib/python3/dist-packages/rospy/topics.py", line 750, in _invoke_callback
    cb(msg)
  File "/home/hyeongseon/catkin_ws/src/lane_tracking_pkg/scripts/lane_tracking_node.py", line 99, in image_cb
    self.handle_frame(frame, msg.header)
  File "/home/hyeongseon/catkin_ws/src/lane_tracking_pkg/scripts/lane_tracking_node.py", line 111, in handle_frame
    lane_center, roi_overlay = detect_lane_center(edges, roi_color, self.debug)
  File "/home/hyeongseon/catkin_ws/src/lane_tracking_pkg/vision/detector.py", line 63, in detect_lane_center
    left_line = _fit_lane(np.vstack(left_points)) if left_points else None
TypeError: _fit_lane() missing 2 required positional arguments: 'y_bottom' and 'y_top'

[rosout][ERROR] 2025-09-20 13:15:09,208: bad callback: <bound method LaneTrackingNode.image_cb of <__main__.LaneTrackingNode object at 0x7f55bef5a1c0>>
Traceback (most recent call last):
  File "/opt/ros/noetic/lib/python3/dist-packages/rospy/topics.py", line 750, in _invoke_callback
    cb(msg)
  File "/home/hyeongseon/catkin_ws/src/lane_tracking_pkg/scripts/lane_tracking_node.py", line 99, in image_cb
    self.handle_frame(frame, msg.header)
  File "/home/hyeongseon/catkin_ws/src/lane_tracking_pkg/scripts/lane_tracking_node.py", line 111, in handle_frame
    lane_center, roi_overlay = detect_lane_center(edges, roi_color, self.debug)
  File "/home/hyeongseon/catkin_ws/src/lane_tracking_pkg/vision/detector.py", line 63, in detect_lane_center
    left_line = _fit_lane(np.vstack(left_points)) if left_points else None
TypeError: _fit_lane() missing 2 required positional arguments: 'y_bottom' and 'y_top'

[rosout][ERROR] 2025-09-20 13:15:09,230: bad callback: <bound method LaneTrackingNode.image_cb of <__main__.LaneTrackingNode object at 0x7f55bef5a1c0>>
Traceback (most recent call last):
  File "/opt/ros/noetic/lib/python3/dist-packages/rospy/topics.py", line 750, in _invoke_callback
    cb(msg)
  File "/home/hyeongseon/catkin_ws/src/lane_tracking_pkg/scripts/lane_tracking_node.py", line 99, in image_cb
    self.handle_frame(frame, msg.header)
  File "/home/hyeongseon/catkin_ws/src/lane_tracking_pkg/scripts/lane_tracking_node.py", line 111, in handle_frame
    lane_center, roi_overlay = detect_lane_center(edges, roi_color, self.debug)
  File "/home/hyeongseon/catkin_ws/src/lane_tracking_pkg/vision/detector.py", line 63, in detect_lane_center
    left_line = _fit_lane(np.vstack(left_points)) if left_points else None
TypeError: _fit_lane() missing 2 required positional arguments: 'y_bottom' and 'y_top'

[rosout][ERROR] 2025-09-20 13:15:09,257: bad callback: <bound method LaneTrackingNode.image_cb of <__main__.LaneTrackingNode object at 0x7f55bef5a1c0>>
Traceback (most recent call last):
  File "/opt/ros/noetic/lib/python3/dist-packages/rospy/topics.py", line 750, in _invoke_callback
    cb(msg)
  File "/home/hyeongseon/catkin_ws/src/lane_tracking_pkg/scripts/lane_tracking_node.py", line 99, in image_cb
    self.handle_frame(frame, msg.header)
  File "/home/hyeongseon/catkin_ws/src/lane_tracking_pkg/scripts/lane_tracking_node.py", line 111, in handle_frame
    lane_center, roi_overlay = detect_lane_center(edges, roi_color, self.debug)
  File "/home/hyeongseon/catkin_ws/src/lane_tracking_pkg/vision/detector.py", line 63, in detect_lane_center
    left_line = _fit_lane(np.vstack(left_points)) if left_points else None
TypeError: _fit_lane() missing 2 required positional arguments: 'y_bottom' and 'y_top'

[rosout][ERROR] 2025-09-20 13:15:09,282: bad callback: <bound method LaneTrackingNode.image_cb of <__main__.LaneTrackingNode object at 0x7f55bef5a1c0>>
Traceback (most recent call last):
  File "/opt/ros/noetic/lib/python3/dist-packages/rospy/topics.py", line 750, in _invoke_callback
    cb(msg)
  File "/home/hyeongseon/catkin_ws/src/lane_tracking_pkg/scripts/lane_tracking_node.py", line 99, in image_cb
    self.handle_frame(frame, msg.header)
  File "/home/hyeongseon/catkin_ws/src/lane_tracking_pkg/scripts/lane_tracking_node.py", line 111, in handle_frame
    lane_center, roi_overlay = detect_lane_center(edges, roi_color, self.debug)
  File "/home/hyeongseon/catkin_ws/src/lane_tracking_pkg/vision/detector.py", line 63, in detect_lane_center
    left_line = _fit_lane(np.vstack(left_points)) if left_points else None
TypeError: _fit_lane() missing 2 required positional arguments: 'y_bottom' and 'y_top'

[rosout][ERROR] 2025-09-20 13:15:09,295: bad callback: <bound method LaneTrackingNode.image_cb of <__main__.LaneTrackingNode object at 0x7f55bef5a1c0>>
Traceback (most recent call last):
  File "/opt/ros/noetic/lib/python3/dist-packages/rospy/topics.py", line 750, in _invoke_callback
    cb(msg)
  File "/home/hyeongseon/catkin_ws/src/lane_tracking_pkg/scripts/lane_tracking_node.py", line 99, in image_cb
    self.handle_frame(frame, msg.header)
  File "/home/hyeongseon/catkin_ws/src/lane_tracking_pkg/scripts/lane_tracking_node.py", line 111, in handle_frame
    lane_center, roi_overlay = detect_lane_center(edges, roi_color, self.debug)
  File "/home/hyeongseon/catkin_ws/src/lane_tracking_pkg/vision/detector.py", line 63, in detect_lane_center
    left_line = _fit_lane(np.vstack(left_points)) if left_points else None
TypeError: _fit_lane() missing 2 required positional arguments: 'y_bottom' and 'y_top'

[rosout][ERROR] 2025-09-20 13:15:09,342: bad callback: <bound method LaneTrackingNode.image_cb of <__main__.LaneTrackingNode object at 0x7f55bef5a1c0>>
Traceback (most recent call last):
  File "/opt/ros/noetic/lib/python3/dist-packages/rospy/topics.py", line 750, in _invoke_callback
    cb(msg)
  File "/home/hyeongseon/catkin_ws/src/lane_tracking_pkg/scripts/lane_tracking_node.py", line 99, in image_cb
    self.handle_frame(frame, msg.header)
  File "/home/hyeongseon/catkin_ws/src/lane_tracking_pkg/scripts/lane_tracking_node.py", line 111, in handle_frame
    lane_center, roi_overlay = detect_lane_center(edges, roi_color, self.debug)
  File "/home/hyeongseon/catkin_ws/src/lane_tracking_pkg/vision/detector.py", line 63, in detect_lane_center
    left_line = _fit_lane(np.vstack(left_points)) if left_points else None
TypeError: _fit_lane() missing 2 required positional arguments: 'y_bottom' and 'y_top'

[rosout][ERROR] 2025-09-20 13:15:09,369: bad callback: <bound method LaneTrackingNode.image_cb of <__main__.LaneTrackingNode object at 0x7f55bef5a1c0>>
Traceback (most recent call last):
  File "/opt/ros/noetic/lib/python3/dist-packages/rospy/topics.py", line 750, in _invoke_callback
    cb(msg)
  File "/home/hyeongseon/catkin_ws/src/lane_tracking_pkg/scripts/lane_tracking_node.py", line 99, in image_cb
    self.handle_frame(frame, msg.header)
  File "/home/hyeongseon/catkin_ws/src/lane_tracking_pkg/scripts/lane_tracking_node.py", line 111, in handle_frame
    lane_center, roi_overlay = detect_lane_center(edges, roi_color, self.debug)
  File "/home/hyeongseon/catkin_ws/src/lane_tracking_pkg/vision/detector.py", line 63, in detect_lane_center
    left_line = _fit_lane(np.vstack(left_points)) if left_points else None
TypeError: _fit_lane() missing 2 required positional arguments: 'y_bottom' and 'y_top'

[rosout][ERROR] 2025-09-20 13:15:09,403: bad callback: <bound method LaneTrackingNode.image_cb of <__main__.LaneTrackingNode object at 0x7f55bef5a1c0>>
Traceback (most recent call last):
  File "/opt/ros/noetic/lib/python3/dist-packages/rospy/topics.py", line 750, in _invoke_callback
    cb(msg)
  File "/home/hyeongseon/catkin_ws/src/lane_tracking_pkg/scripts/lane_tracking_node.py", line 99, in image_cb
    self.handle_frame(frame, msg.header)
  File "/home/hyeongseon/catkin_ws/src/lane_tracking_pkg/scripts/lane_tracking_node.py", line 111, in handle_frame
    lane_center, roi_overlay = detect_lane_center(edges, roi_color, self.debug)
  File "/home/hyeongseon/catkin_ws/src/lane_tracking_pkg/vision/detector.py", line 63, in detect_lane_center
    left_line = _fit_lane(np.vstack(left_points)) if left_points else None
TypeError: _fit_lane() missing 2 required positional arguments: 'y_bottom' and 'y_top'

[rosout][ERROR] 2025-09-20 13:15:09,419: bad callback: <bound method LaneTrackingNode.image_cb of <__main__.LaneTrackingNode object at 0x7f55bef5a1c0>>
Traceback (most recent call last):
  File "/opt/ros/noetic/lib/python3/dist-packages/rospy/topics.py", line 750, in _invoke_callback
    cb(msg)
  File "/home/hyeongseon/catkin_ws/src/lane_tracking_pkg/scripts/lane_tracking_node.py", line 99, in image_cb
    self.handle_frame(frame, msg.header)
  File "/home/hyeongseon/catkin_ws/src/lane_tracking_pkg/scripts/lane_tracking_node.py", line 111, in handle_frame
    lane_center, roi_overlay = detect_lane_center(edges, roi_color, self.debug)
  File "/home/hyeongseon/catkin_ws/src/lane_tracking_pkg/vision/detector.py", line 63, in detect_lane_center
    left_line = _fit_lane(np.vstack(left_points)) if left_points else None
TypeError: _fit_lane() missing 2 required positional arguments: 'y_bottom' and 'y_top'

[rosout][ERROR] 2025-09-20 13:15:09,458: bad callback: <bound method LaneTrackingNode.image_cb of <__main__.LaneTrackingNode object at 0x7f55bef5a1c0>>
Traceback (most recent call last):
  File "/opt/ros/noetic/lib/python3/dist-packages/rospy/topics.py", line 750, in _invoke_callback
    cb(msg)
  File "/home/hyeongseon/catkin_ws/src/lane_tracking_pkg/scripts/lane_tracking_node.py", line 99, in image_cb
    self.handle_frame(frame, msg.header)
  File "/home/hyeongseon/catkin_ws/src/lane_tracking_pkg/scripts/lane_tracking_node.py", line 111, in handle_frame
    lane_center, roi_overlay = detect_lane_center(edges, roi_color, self.debug)
  File "/home/hyeongseon/catkin_ws/src/lane_tracking_pkg/vision/detector.py", line 63, in detect_lane_center
    left_line = _fit_lane(np.vstack(left_points)) if left_points else None
TypeError: _fit_lane() missing 2 required positional arguments: 'y_bottom' and 'y_top'

[rosout][ERROR] 2025-09-20 13:15:09,504: bad callback: <bound method LaneTrackingNode.image_cb of <__main__.LaneTrackingNode object at 0x7f55bef5a1c0>>
Traceback (most recent call last):
  File "/opt/ros/noetic/lib/python3/dist-packages/rospy/topics.py", line 750, in _invoke_callback
    cb(msg)
  File "/home/hyeongseon/catkin_ws/src/lane_tracking_pkg/scripts/lane_tracking_node.py", line 99, in image_cb
    self.handle_frame(frame, msg.header)
  File "/home/hyeongseon/catkin_ws/src/lane_tracking_pkg/scripts/lane_tracking_node.py", line 111, in handle_frame
    lane_center, roi_overlay = detect_lane_center(edges, roi_color, self.debug)
  File "/home/hyeongseon/catkin_ws/src/lane_tracking_pkg/vision/detector.py", line 63, in detect_lane_center
    left_line = _fit_lane(np.vstack(left_points)) if left_points else None
TypeError: _fit_lane() missing 2 required positional arguments: 'y_bottom' and 'y_top'

[rosout][ERROR] 2025-09-20 13:15:09,555: bad callback: <bound method LaneTrackingNode.image_cb of <__main__.LaneTrackingNode object at 0x7f55bef5a1c0>>
Traceback (most recent call last):
  File "/opt/ros/noetic/lib/python3/dist-packages/rospy/topics.py", line 750, in _invoke_callback
    cb(msg)
  File "/home/hyeongseon/catkin_ws/src/lane_tracking_pkg/scripts/lane_tracking_node.py", line 99, in image_cb
    self.handle_frame(frame, msg.header)
  File "/home/hyeongseon/catkin_ws/src/lane_tracking_pkg/scripts/lane_tracking_node.py", line 111, in handle_frame
    lane_center, roi_overlay = detect_lane_center(edges, roi_color, self.debug)
  File "/home/hyeongseon/catkin_ws/src/lane_tracking_pkg/vision/detector.py", line 63, in detect_lane_center
    left_line = _fit_lane(np.vstack(left_points)) if left_points else None
TypeError: _fit_lane() missing 2 required positional arguments: 'y_bottom' and 'y_top'

[rosout][ERROR] 2025-09-20 13:15:09,581: bad callback: <bound method LaneTrackingNode.image_cb of <__main__.LaneTrackingNode object at 0x7f55bef5a1c0>>
Traceback (most recent call last):
  File "/opt/ros/noetic/lib/python3/dist-packages/rospy/topics.py", line 750, in _invoke_callback
    cb(msg)
  File "/home/hyeongseon/catkin_ws/src/lane_tracking_pkg/scripts/lane_tracking_node.py", line 99, in image_cb
    self.handle_frame(frame, msg.header)
  File "/home/hyeongseon/catkin_ws/src/lane_tracking_pkg/scripts/lane_tracking_node.py", line 111, in handle_frame
    lane_center, roi_overlay = detect_lane_center(edges, roi_color, self.debug)
  File "/home/hyeongseon/catkin_ws/src/lane_tracking_pkg/vision/detector.py", line 63, in detect_lane_center
    left_line = _fit_lane(np.vstack(left_points)) if left_points else None
TypeError: _fit_lane() missing 2 required positional arguments: 'y_bottom' and 'y_top'

[rosout][ERROR] 2025-09-20 13:15:09,593: bad callback: <bound method LaneTrackingNode.image_cb of <__main__.LaneTrackingNode object at 0x7f55bef5a1c0>>
Traceback (most recent call last):
  File "/opt/ros/noetic/lib/python3/dist-packages/rospy/topics.py", line 750, in _invoke_callback
    cb(msg)
  File "/home/hyeongseon/catkin_ws/src/lane_tracking_pkg/scripts/lane_tracking_node.py", line 99, in image_cb
    self.handle_frame(frame, msg.header)
  File "/home/hyeongseon/catkin_ws/src/lane_tracking_pkg/scripts/lane_tracking_node.py", line 111, in handle_frame
    lane_center, roi_overlay = detect_lane_center(edges, roi_color, self.debug)
  File "/home/hyeongseon/catkin_ws/src/lane_tracking_pkg/vision/detector.py", line 63, in detect_lane_center
    left_line = _fit_lane(np.vstack(left_points)) if left_points else None
TypeError: _fit_lane() missing 2 required positional arguments: 'y_bottom' and 'y_top'

[rosout][ERROR] 2025-09-20 13:15:09,637: bad callback: <bound method LaneTrackingNode.image_cb of <__main__.LaneTrackingNode object at 0x7f55bef5a1c0>>
Traceback (most recent call last):
  File "/opt/ros/noetic/lib/python3/dist-packages/rospy/topics.py", line 750, in _invoke_callback
    cb(msg)
  File "/home/hyeongseon/catkin_ws/src/lane_tracking_pkg/scripts/lane_tracking_node.py", line 99, in image_cb
    self.handle_frame(frame, msg.header)
  File "/home/hyeongseon/catkin_ws/src/lane_tracking_pkg/scripts/lane_tracking_node.py", line 111, in handle_frame
    lane_center, roi_overlay = detect_lane_center(edges, roi_color, self.debug)
  File "/home/hyeongseon/catkin_ws/src/lane_tracking_pkg/vision/detector.py", line 63, in detect_lane_center
    left_line = _fit_lane(np.vstack(left_points)) if left_points else None
TypeError: _fit_lane() missing 2 required positional arguments: 'y_bottom' and 'y_top'

[rosout][ERROR] 2025-09-20 13:15:09,677: bad callback: <bound method LaneTrackingNode.image_cb of <__main__.LaneTrackingNode object at 0x7f55bef5a1c0>>
Traceback (most recent call last):
  File "/opt/ros/noetic/lib/python3/dist-packages/rospy/topics.py", line 750, in _invoke_callback
    cb(msg)
  File "/home/hyeongseon/catkin_ws/src/lane_tracking_pkg/scripts/lane_tracking_node.py", line 99, in image_cb
    self.handle_frame(frame, msg.header)
  File "/home/hyeongseon/catkin_ws/src/lane_tracking_pkg/scripts/lane_tracking_node.py", line 111, in handle_frame
    lane_center, roi_overlay = detect_lane_center(edges, roi_color, self.debug)
  File "/home/hyeongseon/catkin_ws/src/lane_tracking_pkg/vision/detector.py", line 63, in detect_lane_center
    left_line = _fit_lane(np.vstack(left_points)) if left_points else None
TypeError: _fit_lane() missing 2 required positional arguments: 'y_bottom' and 'y_top'

[rosout][ERROR] 2025-09-20 13:15:09,693: bad callback: <bound method LaneTrackingNode.image_cb of <__main__.LaneTrackingNode object at 0x7f55bef5a1c0>>
Traceback (most recent call last):
  File "/opt/ros/noetic/lib/python3/dist-packages/rospy/topics.py", line 750, in _invoke_callback
    cb(msg)
  File "/home/hyeongseon/catkin_ws/src/lane_tracking_pkg/scripts/lane_tracking_node.py", line 99, in image_cb
    self.handle_frame(frame, msg.header)
  File "/home/hyeongseon/catkin_ws/src/lane_tracking_pkg/scripts/lane_tracking_node.py", line 111, in handle_frame
    lane_center, roi_overlay = detect_lane_center(edges, roi_color, self.debug)
  File "/home/hyeongseon/catkin_ws/src/lane_tracking_pkg/vision/detector.py", line 63, in detect_lane_center
    left_line = _fit_lane(np.vstack(left_points)) if left_points else None
TypeError: _fit_lane() missing 2 required positional arguments: 'y_bottom' and 'y_top'

[rosout][ERROR] 2025-09-20 13:15:09,716: bad callback: <bound method LaneTrackingNode.image_cb of <__main__.LaneTrackingNode object at 0x7f55bef5a1c0>>
Traceback (most recent call last):
  File "/opt/ros/noetic/lib/python3/dist-packages/rospy/topics.py", line 750, in _invoke_callback
    cb(msg)
  File "/home/hyeongseon/catkin_ws/src/lane_tracking_pkg/scripts/lane_tracking_node.py", line 99, in image_cb
    self.handle_frame(frame, msg.header)
  File "/home/hyeongseon/catkin_ws/src/lane_tracking_pkg/scripts/lane_tracking_node.py", line 111, in handle_frame
    lane_center, roi_overlay = detect_lane_center(edges, roi_color, self.debug)
  File "/home/hyeongseon/catkin_ws/src/lane_tracking_pkg/vision/detector.py", line 63, in detect_lane_center
    left_line = _fit_lane(np.vstack(left_points)) if left_points else None
TypeError: _fit_lane() missing 2 required positional arguments: 'y_bottom' and 'y_top'

[rosout][ERROR] 2025-09-20 13:15:09,772: bad callback: <bound method LaneTrackingNode.image_cb of <__main__.LaneTrackingNode object at 0x7f55bef5a1c0>>
Traceback (most recent call last):
  File "/opt/ros/noetic/lib/python3/dist-packages/rospy/topics.py", line 750, in _invoke_callback
    cb(msg)
  File "/home/hyeongseon/catkin_ws/src/lane_tracking_pkg/scripts/lane_tracking_node.py", line 99, in image_cb
    self.handle_frame(frame, msg.header)
  File "/home/hyeongseon/catkin_ws/src/lane_tracking_pkg/scripts/lane_tracking_node.py", line 111, in handle_frame
    lane_center, roi_overlay = detect_lane_center(edges, roi_color, self.debug)
  File "/home/hyeongseon/catkin_ws/src/lane_tracking_pkg/vision/detector.py", line 63, in detect_lane_center
    left_line = _fit_lane(np.vstack(left_points)) if left_points else None
TypeError: _fit_lane() missing 2 required positional arguments: 'y_bottom' and 'y_top'

[rosout][ERROR] 2025-09-20 13:15:09,802: bad callback: <bound method LaneTrackingNode.image_cb of <__main__.LaneTrackingNode object at 0x7f55bef5a1c0>>
Traceback (most recent call last):
  File "/opt/ros/noetic/lib/python3/dist-packages/rospy/topics.py", line 750, in _invoke_callback
    cb(msg)
  File "/home/hyeongseon/catkin_ws/src/lane_tracking_pkg/scripts/lane_tracking_node.py", line 99, in image_cb
    self.handle_frame(frame, msg.header)
  File "/home/hyeongseon/catkin_ws/src/lane_tracking_pkg/scripts/lane_tracking_node.py", line 111, in handle_frame
    lane_center, roi_overlay = detect_lane_center(edges, roi_color, self.debug)
  File "/home/hyeongseon/catkin_ws/src/lane_tracking_pkg/vision/detector.py", line 63, in detect_lane_center
    left_line = _fit_lane(np.vstack(left_points)) if left_points else None
TypeError: _fit_lane() missing 2 required positional arguments: 'y_bottom' and 'y_top'

[rosout][ERROR] 2025-09-20 13:15:09,834: bad callback: <bound method LaneTrackingNode.image_cb of <__main__.LaneTrackingNode object at 0x7f55bef5a1c0>>
Traceback (most recent call last):
  File "/opt/ros/noetic/lib/python3/dist-packages/rospy/topics.py", line 750, in _invoke_callback
    cb(msg)
  File "/home/hyeongseon/catkin_ws/src/lane_tracking_pkg/scripts/lane_tracking_node.py", line 99, in image_cb
    self.handle_frame(frame, msg.header)
  File "/home/hyeongseon/catkin_ws/src/lane_tracking_pkg/scripts/lane_tracking_node.py", line 111, in handle_frame
    lane_center, roi_overlay = detect_lane_center(edges, roi_color, self.debug)
  File "/home/hyeongseon/catkin_ws/src/lane_tracking_pkg/vision/detector.py", line 63, in detect_lane_center
    left_line = _fit_lane(np.vstack(left_points)) if left_points else None
TypeError: _fit_lane() missing 2 required positional arguments: 'y_bottom' and 'y_top'

[rosout][ERROR] 2025-09-20 13:15:09,852: bad callback: <bound method LaneTrackingNode.image_cb of <__main__.LaneTrackingNode object at 0x7f55bef5a1c0>>
Traceback (most recent call last):
  File "/opt/ros/noetic/lib/python3/dist-packages/rospy/topics.py", line 750, in _invoke_callback
    cb(msg)
  File "/home/hyeongseon/catkin_ws/src/lane_tracking_pkg/scripts/lane_tracking_node.py", line 99, in image_cb
    self.handle_frame(frame, msg.header)
  File "/home/hyeongseon/catkin_ws/src/lane_tracking_pkg/scripts/lane_tracking_node.py", line 111, in handle_frame
    lane_center, roi_overlay = detect_lane_center(edges, roi_color, self.debug)
  File "/home/hyeongseon/catkin_ws/src/lane_tracking_pkg/vision/detector.py", line 63, in detect_lane_center
    left_line = _fit_lane(np.vstack(left_points)) if left_points else None
TypeError: _fit_lane() missing 2 required positional arguments: 'y_bottom' and 'y_top'

[rosout][ERROR] 2025-09-20 13:15:09,878: bad callback: <bound method LaneTrackingNode.image_cb of <__main__.LaneTrackingNode object at 0x7f55bef5a1c0>>
Traceback (most recent call last):
  File "/opt/ros/noetic/lib/python3/dist-packages/rospy/topics.py", line 750, in _invoke_callback
    cb(msg)
  File "/home/hyeongseon/catkin_ws/src/lane_tracking_pkg/scripts/lane_tracking_node.py", line 99, in image_cb
    self.handle_frame(frame, msg.header)
  File "/home/hyeongseon/catkin_ws/src/lane_tracking_pkg/scripts/lane_tracking_node.py", line 111, in handle_frame
    lane_center, roi_overlay = detect_lane_center(edges, roi_color, self.debug)
  File "/home/hyeongseon/catkin_ws/src/lane_tracking_pkg/vision/detector.py", line 63, in detect_lane_center
    left_line = _fit_lane(np.vstack(left_points)) if left_points else None
TypeError: _fit_lane() missing 2 required positional arguments: 'y_bottom' and 'y_top'

[rosout][ERROR] 2025-09-20 13:15:09,947: bad callback: <bound method LaneTrackingNode.image_cb of <__main__.LaneTrackingNode object at 0x7f55bef5a1c0>>
Traceback (most recent call last):
  File "/opt/ros/noetic/lib/python3/dist-packages/rospy/topics.py", line 750, in _invoke_callback
    cb(msg)
  File "/home/hyeongseon/catkin_ws/src/lane_tracking_pkg/scripts/lane_tracking_node.py", line 99, in image_cb
    self.handle_frame(frame, msg.header)
  File "/home/hyeongseon/catkin_ws/src/lane_tracking_pkg/scripts/lane_tracking_node.py", line 111, in handle_frame
    lane_center, roi_overlay = detect_lane_center(edges, roi_color, self.debug)
  File "/home/hyeongseon/catkin_ws/src/lane_tracking_pkg/vision/detector.py", line 63, in detect_lane_center
    left_line = _fit_lane(np.vstack(left_points)) if left_points else None
TypeError: _fit_lane() missing 2 required positional arguments: 'y_bottom' and 'y_top'

[rosout][ERROR] 2025-09-20 13:15:09,975: bad callback: <bound method LaneTrackingNode.image_cb of <__main__.LaneTrackingNode object at 0x7f55bef5a1c0>>
Traceback (most recent call last):
  File "/opt/ros/noetic/lib/python3/dist-packages/rospy/topics.py", line 750, in _invoke_callback
    cb(msg)
  File "/home/hyeongseon/catkin_ws/src/lane_tracking_pkg/scripts/lane_tracking_node.py", line 99, in image_cb
    self.handle_frame(frame, msg.header)
  File "/home/hyeongseon/catkin_ws/src/lane_tracking_pkg/scripts/lane_tracking_node.py", line 111, in handle_frame
    lane_center, roi_overlay = detect_lane_center(edges, roi_color, self.debug)
  File "/home/hyeongseon/catkin_ws/src/lane_tracking_pkg/vision/detector.py", line 63, in detect_lane_center
    left_line = _fit_lane(np.vstack(left_points)) if left_points else None
TypeError: _fit_lane() missing 2 required positional arguments: 'y_bottom' and 'y_top'

[rosout][ERROR] 2025-09-20 13:15:09,996: bad callback: <bound method LaneTrackingNode.image_cb of <__main__.LaneTrackingNode object at 0x7f55bef5a1c0>>
Traceback (most recent call last):
  File "/opt/ros/noetic/lib/python3/dist-packages/rospy/topics.py", line 750, in _invoke_callback
    cb(msg)
  File "/home/hyeongseon/catkin_ws/src/lane_tracking_pkg/scripts/lane_tracking_node.py", line 99, in image_cb
    self.handle_frame(frame, msg.header)
  File "/home/hyeongseon/catkin_ws/src/lane_tracking_pkg/scripts/lane_tracking_node.py", line 111, in handle_frame
    lane_center, roi_overlay = detect_lane_center(edges, roi_color, self.debug)
  File "/home/hyeongseon/catkin_ws/src/lane_tracking_pkg/vision/detector.py", line 63, in detect_lane_center
    left_line = _fit_lane(np.vstack(left_points)) if left_points else None
TypeError: _fit_lane() missing 2 required positional arguments: 'y_bottom' and 'y_top'

[rosout][ERROR] 2025-09-20 13:15:10,017: bad callback: <bound method LaneTrackingNode.image_cb of <__main__.LaneTrackingNode object at 0x7f55bef5a1c0>>
Traceback (most recent call last):
  File "/opt/ros/noetic/lib/python3/dist-packages/rospy/topics.py", line 750, in _invoke_callback
    cb(msg)
  File "/home/hyeongseon/catkin_ws/src/lane_tracking_pkg/scripts/lane_tracking_node.py", line 99, in image_cb
    self.handle_frame(frame, msg.header)
  File "/home/hyeongseon/catkin_ws/src/lane_tracking_pkg/scripts/lane_tracking_node.py", line 111, in handle_frame
    lane_center, roi_overlay = detect_lane_center(edges, roi_color, self.debug)
  File "/home/hyeongseon/catkin_ws/src/lane_tracking_pkg/vision/detector.py", line 63, in detect_lane_center
    left_line = _fit_lane(np.vstack(left_points)) if left_points else None
TypeError: _fit_lane() missing 2 required positional arguments: 'y_bottom' and 'y_top'

[rosout][ERROR] 2025-09-20 13:15:10,073: bad callback: <bound method LaneTrackingNode.image_cb of <__main__.LaneTrackingNode object at 0x7f55bef5a1c0>>
Traceback (most recent call last):
  File "/opt/ros/noetic/lib/python3/dist-packages/rospy/topics.py", line 750, in _invoke_callback
    cb(msg)
  File "/home/hyeongseon/catkin_ws/src/lane_tracking_pkg/scripts/lane_tracking_node.py", line 99, in image_cb
    self.handle_frame(frame, msg.header)
  File "/home/hyeongseon/catkin_ws/src/lane_tracking_pkg/scripts/lane_tracking_node.py", line 111, in handle_frame
    lane_center, roi_overlay = detect_lane_center(edges, roi_color, self.debug)
  File "/home/hyeongseon/catkin_ws/src/lane_tracking_pkg/vision/detector.py", line 63, in detect_lane_center
    left_line = _fit_lane(np.vstack(left_points)) if left_points else None
TypeError: _fit_lane() missing 2 required positional arguments: 'y_bottom' and 'y_top'

[rosout][ERROR] 2025-09-20 13:15:10,114: bad callback: <bound method LaneTrackingNode.image_cb of <__main__.LaneTrackingNode object at 0x7f55bef5a1c0>>
Traceback (most recent call last):
  File "/opt/ros/noetic/lib/python3/dist-packages/rospy/topics.py", line 750, in _invoke_callback
    cb(msg)
  File "/home/hyeongseon/catkin_ws/src/lane_tracking_pkg/scripts/lane_tracking_node.py", line 99, in image_cb
    self.handle_frame(frame, msg.header)
  File "/home/hyeongseon/catkin_ws/src/lane_tracking_pkg/scripts/lane_tracking_node.py", line 111, in handle_frame
    lane_center, roi_overlay = detect_lane_center(edges, roi_color, self.debug)
  File "/home/hyeongseon/catkin_ws/src/lane_tracking_pkg/vision/detector.py", line 63, in detect_lane_center
    left_line = _fit_lane(np.vstack(left_points)) if left_points else None
TypeError: _fit_lane() missing 2 required positional arguments: 'y_bottom' and 'y_top'

[rosout][ERROR] 2025-09-20 13:15:10,138: bad callback: <bound method LaneTrackingNode.image_cb of <__main__.LaneTrackingNode object at 0x7f55bef5a1c0>>
Traceback (most recent call last):
  File "/opt/ros/noetic/lib/python3/dist-packages/rospy/topics.py", line 750, in _invoke_callback
    cb(msg)
  File "/home/hyeongseon/catkin_ws/src/lane_tracking_pkg/scripts/lane_tracking_node.py", line 99, in image_cb
    self.handle_frame(frame, msg.header)
  File "/home/hyeongseon/catkin_ws/src/lane_tracking_pkg/scripts/lane_tracking_node.py", line 111, in handle_frame
    lane_center, roi_overlay = detect_lane_center(edges, roi_color, self.debug)
  File "/home/hyeongseon/catkin_ws/src/lane_tracking_pkg/vision/detector.py", line 63, in detect_lane_center
    left_line = _fit_lane(np.vstack(left_points)) if left_points else None
TypeError: _fit_lane() missing 2 required positional arguments: 'y_bottom' and 'y_top'

[rosout][ERROR] 2025-09-20 13:15:10,165: bad callback: <bound method LaneTrackingNode.image_cb of <__main__.LaneTrackingNode object at 0x7f55bef5a1c0>>
Traceback (most recent call last):
  File "/opt/ros/noetic/lib/python3/dist-packages/rospy/topics.py", line 750, in _invoke_callback
    cb(msg)
  File "/home/hyeongseon/catkin_ws/src/lane_tracking_pkg/scripts/lane_tracking_node.py", line 99, in image_cb
    self.handle_frame(frame, msg.header)
  File "/home/hyeongseon/catkin_ws/src/lane_tracking_pkg/scripts/lane_tracking_node.py", line 111, in handle_frame
    lane_center, roi_overlay = detect_lane_center(edges, roi_color, self.debug)
  File "/home/hyeongseon/catkin_ws/src/lane_tracking_pkg/vision/detector.py", line 63, in detect_lane_center
    left_line = _fit_lane(np.vstack(left_points)) if left_points else None
TypeError: _fit_lane() missing 2 required positional arguments: 'y_bottom' and 'y_top'

[rosout][ERROR] 2025-09-20 13:15:10,248: bad callback: <bound method LaneTrackingNode.image_cb of <__main__.LaneTrackingNode object at 0x7f55bef5a1c0>>
Traceback (most recent call last):
  File "/opt/ros/noetic/lib/python3/dist-packages/rospy/topics.py", line 750, in _invoke_callback
    cb(msg)
  File "/home/hyeongseon/catkin_ws/src/lane_tracking_pkg/scripts/lane_tracking_node.py", line 99, in image_cb
    self.handle_frame(frame, msg.header)
  File "/home/hyeongseon/catkin_ws/src/lane_tracking_pkg/scripts/lane_tracking_node.py", line 111, in handle_frame
    lane_center, roi_overlay = detect_lane_center(edges, roi_color, self.debug)
  File "/home/hyeongseon/catkin_ws/src/lane_tracking_pkg/vision/detector.py", line 63, in detect_lane_center
    left_line = _fit_lane(np.vstack(left_points)) if left_points else None
TypeError: _fit_lane() missing 2 required positional arguments: 'y_bottom' and 'y_top'

[rosout][ERROR] 2025-09-20 13:15:10,267: bad callback: <bound method LaneTrackingNode.image_cb of <__main__.LaneTrackingNode object at 0x7f55bef5a1c0>>
Traceback (most recent call last):
  File "/opt/ros/noetic/lib/python3/dist-packages/rospy/topics.py", line 750, in _invoke_callback
    cb(msg)
  File "/home/hyeongseon/catkin_ws/src/lane_tracking_pkg/scripts/lane_tracking_node.py", line 99, in image_cb
    self.handle_frame(frame, msg.header)
  File "/home/hyeongseon/catkin_ws/src/lane_tracking_pkg/scripts/lane_tracking_node.py", line 111, in handle_frame
    lane_center, roi_overlay = detect_lane_center(edges, roi_color, self.debug)
  File "/home/hyeongseon/catkin_ws/src/lane_tracking_pkg/vision/detector.py", line 63, in detect_lane_center
    left_line = _fit_lane(np.vstack(left_points)) if left_points else None
TypeError: _fit_lane() missing 2 required positional arguments: 'y_bottom' and 'y_top'

[rosout][ERROR] 2025-09-20 13:15:10,303: bad callback: <bound method LaneTrackingNode.image_cb of <__main__.LaneTrackingNode object at 0x7f55bef5a1c0>>
Traceback (most recent call last):
  File "/opt/ros/noetic/lib/python3/dist-packages/rospy/topics.py", line 750, in _invoke_callback
    cb(msg)
  File "/home/hyeongseon/catkin_ws/src/lane_tracking_pkg/scripts/lane_tracking_node.py", line 99, in image_cb
    self.handle_frame(frame, msg.header)
  File "/home/hyeongseon/catkin_ws/src/lane_tracking_pkg/scripts/lane_tracking_node.py", line 111, in handle_frame
    lane_center, roi_overlay = detect_lane_center(edges, roi_color, self.debug)
  File "/home/hyeongseon/catkin_ws/src/lane_tracking_pkg/vision/detector.py", line 63, in detect_lane_center
    left_line = _fit_lane(np.vstack(left_points)) if left_points else None
TypeError: _fit_lane() missing 2 required positional arguments: 'y_bottom' and 'y_top'

[rosout][ERROR] 2025-09-20 13:15:10,345: bad callback: <bound method LaneTrackingNode.image_cb of <__main__.LaneTrackingNode object at 0x7f55bef5a1c0>>
Traceback (most recent call last):
  File "/opt/ros/noetic/lib/python3/dist-packages/rospy/topics.py", line 750, in _invoke_callback
    cb(msg)
  File "/home/hyeongseon/catkin_ws/src/lane_tracking_pkg/scripts/lane_tracking_node.py", line 99, in image_cb
    self.handle_frame(frame, msg.header)
  File "/home/hyeongseon/catkin_ws/src/lane_tracking_pkg/scripts/lane_tracking_node.py", line 111, in handle_frame
    lane_center, roi_overlay = detect_lane_center(edges, roi_color, self.debug)
  File "/home/hyeongseon/catkin_ws/src/lane_tracking_pkg/vision/detector.py", line 63, in detect_lane_center
    left_line = _fit_lane(np.vstack(left_points)) if left_points else None
TypeError: _fit_lane() missing 2 required positional arguments: 'y_bottom' and 'y_top'

[rosout][ERROR] 2025-09-20 13:15:10,372: bad callback: <bound method LaneTrackingNode.image_cb of <__main__.LaneTrackingNode object at 0x7f55bef5a1c0>>
Traceback (most recent call last):
  File "/opt/ros/noetic/lib/python3/dist-packages/rospy/topics.py", line 750, in _invoke_callback
    cb(msg)
  File "/home/hyeongseon/catkin_ws/src/lane_tracking_pkg/scripts/lane_tracking_node.py", line 99, in image_cb
    self.handle_frame(frame, msg.header)
  File "/home/hyeongseon/catkin_ws/src/lane_tracking_pkg/scripts/lane_tracking_node.py", line 111, in handle_frame
    lane_center, roi_overlay = detect_lane_center(edges, roi_color, self.debug)
  File "/home/hyeongseon/catkin_ws/src/lane_tracking_pkg/vision/detector.py", line 63, in detect_lane_center
    left_line = _fit_lane(np.vstack(left_points)) if left_points else None
TypeError: _fit_lane() missing 2 required positional arguments: 'y_bottom' and 'y_top'

[rosout][ERROR] 2025-09-20 13:15:10,399: bad callback: <bound method LaneTrackingNode.image_cb of <__main__.LaneTrackingNode object at 0x7f55bef5a1c0>>
Traceback (most recent call last):
  File "/opt/ros/noetic/lib/python3/dist-packages/rospy/topics.py", line 750, in _invoke_callback
    cb(msg)
  File "/home/hyeongseon/catkin_ws/src/lane_tracking_pkg/scripts/lane_tracking_node.py", line 99, in image_cb
    self.handle_frame(frame, msg.header)
  File "/home/hyeongseon/catkin_ws/src/lane_tracking_pkg/scripts/lane_tracking_node.py", line 111, in handle_frame
    lane_center, roi_overlay = detect_lane_center(edges, roi_color, self.debug)
  File "/home/hyeongseon/catkin_ws/src/lane_tracking_pkg/vision/detector.py", line 63, in detect_lane_center
    left_line = _fit_lane(np.vstack(left_points)) if left_points else None
TypeError: _fit_lane() missing 2 required positional arguments: 'y_bottom' and 'y_top'

[rosout][ERROR] 2025-09-20 13:15:10,427: bad callback: <bound method LaneTrackingNode.image_cb of <__main__.LaneTrackingNode object at 0x7f55bef5a1c0>>
Traceback (most recent call last):
  File "/opt/ros/noetic/lib/python3/dist-packages/rospy/topics.py", line 750, in _invoke_callback
    cb(msg)
  File "/home/hyeongseon/catkin_ws/src/lane_tracking_pkg/scripts/lane_tracking_node.py", line 99, in image_cb
    self.handle_frame(frame, msg.header)
  File "/home/hyeongseon/catkin_ws/src/lane_tracking_pkg/scripts/lane_tracking_node.py", line 111, in handle_frame
    lane_center, roi_overlay = detect_lane_center(edges, roi_color, self.debug)
  File "/home/hyeongseon/catkin_ws/src/lane_tracking_pkg/vision/detector.py", line 63, in detect_lane_center
    left_line = _fit_lane(np.vstack(left_points)) if left_points else None
TypeError: _fit_lane() missing 2 required positional arguments: 'y_bottom' and 'y_top'

[rosout][ERROR] 2025-09-20 13:15:10,455: bad callback: <bound method LaneTrackingNode.image_cb of <__main__.LaneTrackingNode object at 0x7f55bef5a1c0>>
Traceback (most recent call last):
  File "/opt/ros/noetic/lib/python3/dist-packages/rospy/topics.py", line 750, in _invoke_callback
    cb(msg)
  File "/home/hyeongseon/catkin_ws/src/lane_tracking_pkg/scripts/lane_tracking_node.py", line 99, in image_cb
    self.handle_frame(frame, msg.header)
  File "/home/hyeongseon/catkin_ws/src/lane_tracking_pkg/scripts/lane_tracking_node.py", line 111, in handle_frame
    lane_center, roi_overlay = detect_lane_center(edges, roi_color, self.debug)
  File "/home/hyeongseon/catkin_ws/src/lane_tracking_pkg/vision/detector.py", line 63, in detect_lane_center
    left_line = _fit_lane(np.vstack(left_points)) if left_points else None
TypeError: _fit_lane() missing 2 required positional arguments: 'y_bottom' and 'y_top'

[rosout][ERROR] 2025-09-20 13:15:10,493: bad callback: <bound method LaneTrackingNode.image_cb of <__main__.LaneTrackingNode object at 0x7f55bef5a1c0>>
Traceback (most recent call last):
  File "/opt/ros/noetic/lib/python3/dist-packages/rospy/topics.py", line 750, in _invoke_callback
    cb(msg)
  File "/home/hyeongseon/catkin_ws/src/lane_tracking_pkg/scripts/lane_tracking_node.py", line 99, in image_cb
    self.handle_frame(frame, msg.header)
  File "/home/hyeongseon/catkin_ws/src/lane_tracking_pkg/scripts/lane_tracking_node.py", line 111, in handle_frame
    lane_center, roi_overlay = detect_lane_center(edges, roi_color, self.debug)
  File "/home/hyeongseon/catkin_ws/src/lane_tracking_pkg/vision/detector.py", line 63, in detect_lane_center
    left_line = _fit_lane(np.vstack(left_points)) if left_points else None
TypeError: _fit_lane() missing 2 required positional arguments: 'y_bottom' and 'y_top'

[rosout][ERROR] 2025-09-20 13:15:10,545: bad callback: <bound method LaneTrackingNode.image_cb of <__main__.LaneTrackingNode object at 0x7f55bef5a1c0>>
Traceback (most recent call last):
  File "/opt/ros/noetic/lib/python3/dist-packages/rospy/topics.py", line 750, in _invoke_callback
    cb(msg)
  File "/home/hyeongseon/catkin_ws/src/lane_tracking_pkg/scripts/lane_tracking_node.py", line 99, in image_cb
    self.handle_frame(frame, msg.header)
  File "/home/hyeongseon/catkin_ws/src/lane_tracking_pkg/scripts/lane_tracking_node.py", line 111, in handle_frame
    lane_center, roi_overlay = detect_lane_center(edges, roi_color, self.debug)
  File "/home/hyeongseon/catkin_ws/src/lane_tracking_pkg/vision/detector.py", line 63, in detect_lane_center
    left_line = _fit_lane(np.vstack(left_points)) if left_points else None
TypeError: _fit_lane() missing 2 required positional arguments: 'y_bottom' and 'y_top'

[rosout][ERROR] 2025-09-20 13:15:10,569: bad callback: <bound method LaneTrackingNode.image_cb of <__main__.LaneTrackingNode object at 0x7f55bef5a1c0>>
Traceback (most recent call last):
  File "/opt/ros/noetic/lib/python3/dist-packages/rospy/topics.py", line 750, in _invoke_callback
    cb(msg)
  File "/home/hyeongseon/catkin_ws/src/lane_tracking_pkg/scripts/lane_tracking_node.py", line 99, in image_cb
    self.handle_frame(frame, msg.header)
  File "/home/hyeongseon/catkin_ws/src/lane_tracking_pkg/scripts/lane_tracking_node.py", line 111, in handle_frame
    lane_center, roi_overlay = detect_lane_center(edges, roi_color, self.debug)
  File "/home/hyeongseon/catkin_ws/src/lane_tracking_pkg/vision/detector.py", line 63, in detect_lane_center
    left_line = _fit_lane(np.vstack(left_points)) if left_points else None
TypeError: _fit_lane() missing 2 required positional arguments: 'y_bottom' and 'y_top'

[rosout][ERROR] 2025-09-20 13:15:10,594: bad callback: <bound method LaneTrackingNode.image_cb of <__main__.LaneTrackingNode object at 0x7f55bef5a1c0>>
Traceback (most recent call last):
  File "/opt/ros/noetic/lib/python3/dist-packages/rospy/topics.py", line 750, in _invoke_callback
    cb(msg)
  File "/home/hyeongseon/catkin_ws/src/lane_tracking_pkg/scripts/lane_tracking_node.py", line 99, in image_cb
    self.handle_frame(frame, msg.header)
  File "/home/hyeongseon/catkin_ws/src/lane_tracking_pkg/scripts/lane_tracking_node.py", line 111, in handle_frame
    lane_center, roi_overlay = detect_lane_center(edges, roi_color, self.debug)
  File "/home/hyeongseon/catkin_ws/src/lane_tracking_pkg/vision/detector.py", line 63, in detect_lane_center
    left_line = _fit_lane(np.vstack(left_points)) if left_points else None
TypeError: _fit_lane() missing 2 required positional arguments: 'y_bottom' and 'y_top'

[rosout][ERROR] 2025-09-20 13:15:10,676: bad callback: <bound method LaneTrackingNode.image_cb of <__main__.LaneTrackingNode object at 0x7f55bef5a1c0>>
Traceback (most recent call last):
  File "/opt/ros/noetic/lib/python3/dist-packages/rospy/topics.py", line 750, in _invoke_callback
    cb(msg)
  File "/home/hyeongseon/catkin_ws/src/lane_tracking_pkg/scripts/lane_tracking_node.py", line 99, in image_cb
    self.handle_frame(frame, msg.header)
  File "/home/hyeongseon/catkin_ws/src/lane_tracking_pkg/scripts/lane_tracking_node.py", line 111, in handle_frame
    lane_center, roi_overlay = detect_lane_center(edges, roi_color, self.debug)
  File "/home/hyeongseon/catkin_ws/src/lane_tracking_pkg/vision/detector.py", line 63, in detect_lane_center
    left_line = _fit_lane(np.vstack(left_points)) if left_points else None
TypeError: _fit_lane() missing 2 required positional arguments: 'y_bottom' and 'y_top'

[rosout][ERROR] 2025-09-20 13:15:10,743: bad callback: <bound method LaneTrackingNode.image_cb of <__main__.LaneTrackingNode object at 0x7f55bef5a1c0>>
Traceback (most recent call last):
  File "/opt/ros/noetic/lib/python3/dist-packages/rospy/topics.py", line 750, in _invoke_callback
    cb(msg)
  File "/home/hyeongseon/catkin_ws/src/lane_tracking_pkg/scripts/lane_tracking_node.py", line 99, in image_cb
    self.handle_frame(frame, msg.header)
  File "/home/hyeongseon/catkin_ws/src/lane_tracking_pkg/scripts/lane_tracking_node.py", line 111, in handle_frame
    lane_center, roi_overlay = detect_lane_center(edges, roi_color, self.debug)
  File "/home/hyeongseon/catkin_ws/src/lane_tracking_pkg/vision/detector.py", line 63, in detect_lane_center
    left_line = _fit_lane(np.vstack(left_points)) if left_points else None
TypeError: _fit_lane() missing 2 required positional arguments: 'y_bottom' and 'y_top'

[rosout][ERROR] 2025-09-20 13:15:10,794: bad callback: <bound method LaneTrackingNode.image_cb of <__main__.LaneTrackingNode object at 0x7f55bef5a1c0>>
Traceback (most recent call last):
  File "/opt/ros/noetic/lib/python3/dist-packages/rospy/topics.py", line 750, in _invoke_callback
    cb(msg)
  File "/home/hyeongseon/catkin_ws/src/lane_tracking_pkg/scripts/lane_tracking_node.py", line 99, in image_cb
    self.handle_frame(frame, msg.header)
  File "/home/hyeongseon/catkin_ws/src/lane_tracking_pkg/scripts/lane_tracking_node.py", line 111, in handle_frame
    lane_center, roi_overlay = detect_lane_center(edges, roi_color, self.debug)
  File "/home/hyeongseon/catkin_ws/src/lane_tracking_pkg/vision/detector.py", line 63, in detect_lane_center
    left_line = _fit_lane(np.vstack(left_points)) if left_points else None
TypeError: _fit_lane() missing 2 required positional arguments: 'y_bottom' and 'y_top'

[rosout][ERROR] 2025-09-20 13:15:10,844: bad callback: <bound method LaneTrackingNode.image_cb of <__main__.LaneTrackingNode object at 0x7f55bef5a1c0>>
Traceback (most recent call last):
  File "/opt/ros/noetic/lib/python3/dist-packages/rospy/topics.py", line 750, in _invoke_callback
    cb(msg)
  File "/home/hyeongseon/catkin_ws/src/lane_tracking_pkg/scripts/lane_tracking_node.py", line 99, in image_cb
    self.handle_frame(frame, msg.header)
  File "/home/hyeongseon/catkin_ws/src/lane_tracking_pkg/scripts/lane_tracking_node.py", line 111, in handle_frame
    lane_center, roi_overlay = detect_lane_center(edges, roi_color, self.debug)
  File "/home/hyeongseon/catkin_ws/src/lane_tracking_pkg/vision/detector.py", line 63, in detect_lane_center
    left_line = _fit_lane(np.vstack(left_points)) if left_points else None
TypeError: _fit_lane() missing 2 required positional arguments: 'y_bottom' and 'y_top'

[rosout][ERROR] 2025-09-20 13:15:10,896: bad callback: <bound method LaneTrackingNode.image_cb of <__main__.LaneTrackingNode object at 0x7f55bef5a1c0>>
Traceback (most recent call last):
  File "/opt/ros/noetic/lib/python3/dist-packages/rospy/topics.py", line 750, in _invoke_callback
    cb(msg)
  File "/home/hyeongseon/catkin_ws/src/lane_tracking_pkg/scripts/lane_tracking_node.py", line 99, in image_cb
    self.handle_frame(frame, msg.header)
  File "/home/hyeongseon/catkin_ws/src/lane_tracking_pkg/scripts/lane_tracking_node.py", line 111, in handle_frame
    lane_center, roi_overlay = detect_lane_center(edges, roi_color, self.debug)
  File "/home/hyeongseon/catkin_ws/src/lane_tracking_pkg/vision/detector.py", line 63, in detect_lane_center
    left_line = _fit_lane(np.vstack(left_points)) if left_points else None
TypeError: _fit_lane() missing 2 required positional arguments: 'y_bottom' and 'y_top'

[rosout][ERROR] 2025-09-20 13:15:10,945: bad callback: <bound method LaneTrackingNode.image_cb of <__main__.LaneTrackingNode object at 0x7f55bef5a1c0>>
Traceback (most recent call last):
  File "/opt/ros/noetic/lib/python3/dist-packages/rospy/topics.py", line 750, in _invoke_callback
    cb(msg)
  File "/home/hyeongseon/catkin_ws/src/lane_tracking_pkg/scripts/lane_tracking_node.py", line 99, in image_cb
    self.handle_frame(frame, msg.header)
  File "/home/hyeongseon/catkin_ws/src/lane_tracking_pkg/scripts/lane_tracking_node.py", line 111, in handle_frame
    lane_center, roi_overlay = detect_lane_center(edges, roi_color, self.debug)
  File "/home/hyeongseon/catkin_ws/src/lane_tracking_pkg/vision/detector.py", line 63, in detect_lane_center
    left_line = _fit_lane(np.vstack(left_points)) if left_points else None
TypeError: _fit_lane() missing 2 required positional arguments: 'y_bottom' and 'y_top'

[rosout][ERROR] 2025-09-20 13:15:10,984: bad callback: <bound method LaneTrackingNode.image_cb of <__main__.LaneTrackingNode object at 0x7f55bef5a1c0>>
Traceback (most recent call last):
  File "/opt/ros/noetic/lib/python3/dist-packages/rospy/topics.py", line 750, in _invoke_callback
    cb(msg)
  File "/home/hyeongseon/catkin_ws/src/lane_tracking_pkg/scripts/lane_tracking_node.py", line 99, in image_cb
    self.handle_frame(frame, msg.header)
  File "/home/hyeongseon/catkin_ws/src/lane_tracking_pkg/scripts/lane_tracking_node.py", line 111, in handle_frame
    lane_center, roi_overlay = detect_lane_center(edges, roi_color, self.debug)
  File "/home/hyeongseon/catkin_ws/src/lane_tracking_pkg/vision/detector.py", line 63, in detect_lane_center
    left_line = _fit_lane(np.vstack(left_points)) if left_points else None
TypeError: _fit_lane() missing 2 required positional arguments: 'y_bottom' and 'y_top'

[rosout][ERROR] 2025-09-20 13:15:11,038: bad callback: <bound method LaneTrackingNode.image_cb of <__main__.LaneTrackingNode object at 0x7f55bef5a1c0>>
Traceback (most recent call last):
  File "/opt/ros/noetic/lib/python3/dist-packages/rospy/topics.py", line 750, in _invoke_callback
    cb(msg)
  File "/home/hyeongseon/catkin_ws/src/lane_tracking_pkg/scripts/lane_tracking_node.py", line 99, in image_cb
    self.handle_frame(frame, msg.header)
  File "/home/hyeongseon/catkin_ws/src/lane_tracking_pkg/scripts/lane_tracking_node.py", line 111, in handle_frame
    lane_center, roi_overlay = detect_lane_center(edges, roi_color, self.debug)
  File "/home/hyeongseon/catkin_ws/src/lane_tracking_pkg/vision/detector.py", line 63, in detect_lane_center
    left_line = _fit_lane(np.vstack(left_points)) if left_points else None
TypeError: _fit_lane() missing 2 required positional arguments: 'y_bottom' and 'y_top'

[rosout][ERROR] 2025-09-20 13:15:11,074: bad callback: <bound method LaneTrackingNode.image_cb of <__main__.LaneTrackingNode object at 0x7f55bef5a1c0>>
Traceback (most recent call last):
  File "/opt/ros/noetic/lib/python3/dist-packages/rospy/topics.py", line 750, in _invoke_callback
    cb(msg)
  File "/home/hyeongseon/catkin_ws/src/lane_tracking_pkg/scripts/lane_tracking_node.py", line 99, in image_cb
    self.handle_frame(frame, msg.header)
  File "/home/hyeongseon/catkin_ws/src/lane_tracking_pkg/scripts/lane_tracking_node.py", line 111, in handle_frame
    lane_center, roi_overlay = detect_lane_center(edges, roi_color, self.debug)
  File "/home/hyeongseon/catkin_ws/src/lane_tracking_pkg/vision/detector.py", line 63, in detect_lane_center
    left_line = _fit_lane(np.vstack(left_points)) if left_points else None
TypeError: _fit_lane() missing 2 required positional arguments: 'y_bottom' and 'y_top'

[rosout][ERROR] 2025-09-20 13:15:11,126: bad callback: <bound method LaneTrackingNode.image_cb of <__main__.LaneTrackingNode object at 0x7f55bef5a1c0>>
Traceback (most recent call last):
  File "/opt/ros/noetic/lib/python3/dist-packages/rospy/topics.py", line 750, in _invoke_callback
    cb(msg)
  File "/home/hyeongseon/catkin_ws/src/lane_tracking_pkg/scripts/lane_tracking_node.py", line 99, in image_cb
    self.handle_frame(frame, msg.header)
  File "/home/hyeongseon/catkin_ws/src/lane_tracking_pkg/scripts/lane_tracking_node.py", line 111, in handle_frame
    lane_center, roi_overlay = detect_lane_center(edges, roi_color, self.debug)
  File "/home/hyeongseon/catkin_ws/src/lane_tracking_pkg/vision/detector.py", line 63, in detect_lane_center
    left_line = _fit_lane(np.vstack(left_points)) if left_points else None
TypeError: _fit_lane() missing 2 required positional arguments: 'y_bottom' and 'y_top'

[rosout][ERROR] 2025-09-20 13:15:11,147: bad callback: <bound method LaneTrackingNode.image_cb of <__main__.LaneTrackingNode object at 0x7f55bef5a1c0>>
Traceback (most recent call last):
  File "/opt/ros/noetic/lib/python3/dist-packages/rospy/topics.py", line 750, in _invoke_callback
    cb(msg)
  File "/home/hyeongseon/catkin_ws/src/lane_tracking_pkg/scripts/lane_tracking_node.py", line 99, in image_cb
    self.handle_frame(frame, msg.header)
  File "/home/hyeongseon/catkin_ws/src/lane_tracking_pkg/scripts/lane_tracking_node.py", line 111, in handle_frame
    lane_center, roi_overlay = detect_lane_center(edges, roi_color, self.debug)
  File "/home/hyeongseon/catkin_ws/src/lane_tracking_pkg/vision/detector.py", line 63, in detect_lane_center
    left_line = _fit_lane(np.vstack(left_points)) if left_points else None
TypeError: _fit_lane() missing 2 required positional arguments: 'y_bottom' and 'y_top'

[rosout][ERROR] 2025-09-20 13:15:11,195: bad callback: <bound method LaneTrackingNode.image_cb of <__main__.LaneTrackingNode object at 0x7f55bef5a1c0>>
Traceback (most recent call last):
  File "/opt/ros/noetic/lib/python3/dist-packages/rospy/topics.py", line 750, in _invoke_callback
    cb(msg)
  File "/home/hyeongseon/catkin_ws/src/lane_tracking_pkg/scripts/lane_tracking_node.py", line 99, in image_cb
    self.handle_frame(frame, msg.header)
  File "/home/hyeongseon/catkin_ws/src/lane_tracking_pkg/scripts/lane_tracking_node.py", line 111, in handle_frame
    lane_center, roi_overlay = detect_lane_center(edges, roi_color, self.debug)
  File "/home/hyeongseon/catkin_ws/src/lane_tracking_pkg/vision/detector.py", line 63, in detect_lane_center
    left_line = _fit_lane(np.vstack(left_points)) if left_points else None
TypeError: _fit_lane() missing 2 required positional arguments: 'y_bottom' and 'y_top'

[rosout][ERROR] 2025-09-20 13:15:11,235: bad callback: <bound method LaneTrackingNode.image_cb of <__main__.LaneTrackingNode object at 0x7f55bef5a1c0>>
Traceback (most recent call last):
  File "/opt/ros/noetic/lib/python3/dist-packages/rospy/topics.py", line 750, in _invoke_callback
    cb(msg)
  File "/home/hyeongseon/catkin_ws/src/lane_tracking_pkg/scripts/lane_tracking_node.py", line 99, in image_cb
    self.handle_frame(frame, msg.header)
  File "/home/hyeongseon/catkin_ws/src/lane_tracking_pkg/scripts/lane_tracking_node.py", line 111, in handle_frame
    lane_center, roi_overlay = detect_lane_center(edges, roi_color, self.debug)
  File "/home/hyeongseon/catkin_ws/src/lane_tracking_pkg/vision/detector.py", line 63, in detect_lane_center
    left_line = _fit_lane(np.vstack(left_points)) if left_points else None
TypeError: _fit_lane() missing 2 required positional arguments: 'y_bottom' and 'y_top'

[rosout][ERROR] 2025-09-20 13:15:11,275: bad callback: <bound method LaneTrackingNode.image_cb of <__main__.LaneTrackingNode object at 0x7f55bef5a1c0>>
Traceback (most recent call last):
  File "/opt/ros/noetic/lib/python3/dist-packages/rospy/topics.py", line 750, in _invoke_callback
    cb(msg)
  File "/home/hyeongseon/catkin_ws/src/lane_tracking_pkg/scripts/lane_tracking_node.py", line 99, in image_cb
    self.handle_frame(frame, msg.header)
  File "/home/hyeongseon/catkin_ws/src/lane_tracking_pkg/scripts/lane_tracking_node.py", line 111, in handle_frame
    lane_center, roi_overlay = detect_lane_center(edges, roi_color, self.debug)
  File "/home/hyeongseon/catkin_ws/src/lane_tracking_pkg/vision/detector.py", line 63, in detect_lane_center
    left_line = _fit_lane(np.vstack(left_points)) if left_points else None
TypeError: _fit_lane() missing 2 required positional arguments: 'y_bottom' and 'y_top'

[rospy.core][INFO] 2025-09-20 13:15:11,291: signal_shutdown [signal-2]
[rospy.internal][INFO] 2025-09-20 13:15:11,296: topic[/rosout] removing connection to /rosout
[rospy.internal][INFO] 2025-09-20 13:15:11,297: topic[/camera/image_raw] removing connection to http://172.22.52.56:40175/
[rospy.impl.masterslave][INFO] 2025-09-20 13:15:11,298: signal-2
[rospy.core][INFO] 2025-09-20 13:15:11,894: signal_shutdown [atexit]
[rospy.client][INFO] 2025-09-20 13:37:52,936: init_node, name[/lane_tracking_node], pid[9222]
[xmlrpc][INFO] 2025-09-20 13:37:52,938: XML-RPC server binding to 0.0.0.0:0
[xmlrpc][INFO] 2025-09-20 13:37:52,939: Started XML-RPC server [http://172.22.52.56:39397/]
[rospy.init][INFO] 2025-09-20 13:37:52,940: ROS Slave URI: [http://172.22.52.56:39397/]
[rospy.impl.masterslave][INFO] 2025-09-20 13:37:52,940: _ready: http://172.22.52.56:39397/
[rospy.registration][INFO] 2025-09-20 13:37:52,942: Registering with master node http://172.22.52.56:11311
[xmlrpc][INFO] 2025-09-20 13:37:52,943: xml rpc node: starting XML-RPC server
[rospy.init][INFO] 2025-09-20 13:37:53,041: registered with master
[rospy.rosout][INFO] 2025-09-20 13:37:53,041: initializing /rosout core topic
[rospy.rosout][INFO] 2025-09-20 13:37:53,050: connected to core topic /rosout
[rospy.simtime][INFO] 2025-09-20 13:37:53,053: /use_sim_time is not set, will not subscribe to simulated time [/clock] topic
[rosout][INFO] 2025-09-20 13:37:53,088: [lane_tracking] subscribe: /camera/image_raw (compressed=False)
[rospy.internal][INFO] 2025-09-20 13:37:53,092: topic[/camera/image_raw] adding connection to [http://172.22.52.56:34663/], count 0
[rospy.internal][INFO] 2025-09-20 13:37:53,262: topic[/rosout] adding connection to [/rosout], count 0
[rospy.internal][INFO] 2025-09-20 13:38:18,848: topic[/lane_overlay] adding connection to [/rqt_gui_cpp_node_9324], count 0
[rospy.internal][INFO] 2025-09-20 13:38:57,342: topic[/lane_overlay] removing connection to /rqt_gui_cpp_node_9324
[rospy.internal][INFO] 2025-09-20 13:39:02,385: topic[/lane_overlay] adding connection to [/rqt_gui_cpp_node_9378], count 0
[rospy.internal][INFO] 2025-09-20 13:40:11,738: topic[/lane_overlay] removing connection to /rqt_gui_cpp_node_9378
[rospy.internal][INFO] 2025-09-20 13:40:15,785: topic[/camera/image_raw] removing connection to http://172.22.52.56:34663/
[rospy.internal][INFO] 2025-09-20 13:40:17,746: topic[/rosout] removing connection to /rosout
[rospy.client][INFO] 2025-09-25 16:33:31,042: init_node, name[/lane_tracking_node], pid[519]
[xmlrpc][INFO] 2025-09-25 16:33:31,044: XML-RPC server binding to 0.0.0.0:0
[xmlrpc][INFO] 2025-09-25 16:33:31,044: Started XML-RPC server [http://172.22.52.56:46603/]
[rospy.impl.masterslave][INFO] 2025-09-25 16:33:31,045: _ready: http://172.22.52.56:46603/
[rospy.init][INFO] 2025-09-25 16:33:31,045: ROS Slave URI: [http://172.22.52.56:46603/]
[rospy.registration][INFO] 2025-09-25 16:33:31,046: Registering with master node http://172.22.52.56:11311
[xmlrpc][INFO] 2025-09-25 16:33:31,047: xml rpc node: starting XML-RPC server
[rospy.init][INFO] 2025-09-25 16:33:31,146: registered with master
[rospy.rosout][INFO] 2025-09-25 16:33:31,146: initializing /rosout core topic
[rospy.rosout][INFO] 2025-09-25 16:33:31,152: connected to core topic /rosout
[rospy.simtime][INFO] 2025-09-25 16:33:31,154: /use_sim_time is not set, will not subscribe to simulated time [/clock] topic
[rosout][INFO] 2025-09-25 16:33:31,175: [lane_tracking] subscribe: /camera/image_raw (compressed=False)
[rospy.internal][INFO] 2025-09-25 16:33:31,385: topic[/rosout] adding connection to [/rosout], count 0
[rospy.core][INFO] 2025-09-25 16:33:36,704: signal_shutdown [signal-2]
[rospy.internal][INFO] 2025-09-25 16:33:36,708: topic[/rosout] removing connection to /rosout
[rospy.impl.masterslave][INFO] 2025-09-25 16:33:36,709: signal-2
[rospy.core][INFO] 2025-09-25 16:33:37,306: signal_shutdown [atexit]
[rospy.client][INFO] 2025-09-25 16:47:04,556: init_node, name[/lane_tracking_node], pid[1092]
[xmlrpc][INFO] 2025-09-25 16:47:04,558: XML-RPC server binding to 0.0.0.0:0
[xmlrpc][INFO] 2025-09-25 16:47:04,559: Started XML-RPC server [http://172.22.52.56:40615/]
[rospy.impl.masterslave][INFO] 2025-09-25 16:47:04,560: _ready: http://172.22.52.56:40615/
[rospy.registration][INFO] 2025-09-25 16:47:04,563: Registering with master node http://172.22.52.56:11311
[xmlrpc][INFO] 2025-09-25 16:47:04,563: xml rpc node: starting XML-RPC server
[rospy.init][INFO] 2025-09-25 16:47:04,564: ROS Slave URI: [http://172.22.52.56:40615/]
[rospy.init][INFO] 2025-09-25 16:47:04,565: registered with master
[rospy.rosout][INFO] 2025-09-25 16:47:04,566: initializing /rosout core topic
[rospy.rosout][INFO] 2025-09-25 16:47:04,577: connected to core topic /rosout
[rospy.simtime][INFO] 2025-09-25 16:47:04,582: /use_sim_time is not set, will not subscribe to simulated time [/clock] topic
[rosout][INFO] 2025-09-25 16:47:04,632: [lane_tracking] subscribe: /camera/image_raw (compressed=False)
[rospy.internal][INFO] 2025-09-25 16:47:04,640: topic[/camera/image_raw] adding connection to [http://172.22.52.56:36081/], count 0
[rospy.internal][INFO] 2025-09-25 16:47:04,848: topic[/rosout] adding connection to [/rosout], count 0
[rospy.internal][INFO] 2025-09-25 16:47:53,122: topic[/lane_overlay] adding connection to [/rqt_gui_cpp_node_1134], count 0
[rospy.internal][INFO] 2025-09-25 16:50:48,418: topic[/lane_overlay] removing connection to /rqt_gui_cpp_node_1134
[rospy.internal][INFO] 2025-09-25 16:50:52,919: topic[/lane_overlay] adding connection to [/rostopic_1187_1758786652668], count 0
[rospy.internal][INFO] 2025-09-25 16:50:57,050: topic[/lane_overlay] removing connection to /rostopic_1187_1758786652668
[rospy.internal][INFO] 2025-09-25 16:51:36,367: topic[/camera/image_raw] removing connection to http://172.22.52.56:36081/
[rospy.core][INFO] 2025-09-25 16:51:52,021: signal_shutdown [signal-2]
[rospy.internal][INFO] 2025-09-25 16:51:52,025: topic[/rosout] removing connection to /rosout
[rospy.impl.masterslave][INFO] 2025-09-25 16:51:52,025: signal-2
[rospy.core][INFO] 2025-09-25 16:51:52,623: signal_shutdown [atexit]
