

1758341178.986767632  Node Startup
1758341199.135428190 INFO /rosapi [rosapi_node:202(<module>)] [topics: /rosout] Rosapi started
1758341199.502206802 INFO /rosbridge_websocket [rosbridge_websocket:312(<module>)] [topics: /client_count, /rosout, /connected_clients] Rosbridge WebSocket server started at ws://0.0.0.0:9090
1758341258.980445384 INFO /rosbridge_websocket [autobahn_websocket.py:195(RosbridgeWebSocket.onOpen)] [topics: /client_count, /rosout, /connected_clients] Client connected.  1 clients total.
1758341258.983432531 INFO /rosbridge_websocket [autobahn_websocket.py:195(RosbridgeWebSocket.onOpen)] [topics: /client_count, /rosout, /connected_clients] Client connected.  2 clients total.
1758341258.986089468 INFO /rosbridge_websocket [autobahn_websocket.py:195(RosbridgeWebSocket.onOpen)] [topics: /client_count, /rosout, /connected_clients] Client connected.  3 clients total.
1758341258.988442182 INFO /rosbridge_websocket [autobahn_websocket.py:195(RosbridgeWebSocket.onOpen)] [topics: /client_count, /rosout, /connected_clients] Client connected.  4 clients total.
1758341258.990792989 INFO /rosbridge_websocket [autobahn_websocket.py:195(RosbridgeWebSocket.onOpen)] [topics: /client_count, /rosout, /connected_clients] Client connected.  5 clients total.
1758341258.993035316 INFO /rosbridge_websocket [autobahn_websocket.py:195(RosbridgeWebSocket.onOpen)] [topics: /client_count, /rosout, /connected_clients] Client connected.  6 clients total.
1758341258.995456457 INFO /rosbridge_websocket [autobahn_websocket.py:195(RosbridgeWebSocket.onOpen)] [topics: /client_count, /rosout, /connected_clients] Client connected.  7 clients total.
1758341259.984857082 INFO /rosbridge_websocket [autobahn_websocket.py:195(RosbridgeWebSocket.onOpen)] [topics: /client_count, /rosout, /connected_clients] Client connected.  8 clients total.
1758341260.980377435 INFO /rosbridge_websocket [protocol.py:403(RosbridgeProtocol.log)] [topics: /tf, /Ego_topic, /clock, /client_count, /Competition_topic, /rosout, /Object_topic, /connected_clients, /CollisionData, /ctrl_cmd] [Client 6] Subscribed to /ctrl_cmd
1758341261.030459880 INFO /rosbridge_websocket [protocol.py:403(RosbridgeProtocol.log)] [topics: /tf, /Ego_topic, /clock, /client_count, /Competition_topic, /rosout, /Object_topic, /connected_clients, /CollisionData, /ctrl_cmd] [Client 7] Advertised service /Service_MoraiEventCmd.
1758341347.644150733 INFO /rosbridge_websocket [autobahn_websocket.py:195(RosbridgeWebSocket.onOpen)] [topics: /tf, /Ego_topic, /clock, /client_count, /Competition_topic, /rosout, /Object_topic, /connected_clients, /CollisionData, /ctrl_cmd] Client connected.  9 clients total.
1758341437.921172618 INFO /rosbridge_websocket [autobahn_websocket.py:255(RosbridgeWebSocket.onClose)] [topics: /tf, /Ego_topic, /image_jpeg/compressed, /clock, /client_count, /Competition_topic, /rosout, /Object_topic, /connected_clients, /CollisionData, /ctrl_cmd] Client disconnected. 8 clients total.
1758341438.762492656 INFO /rosbridge_websocket [autobahn_websocket.py:195(RosbridgeWebSocket.onOpen)] [topics: /tf, /Ego_topic, /image_jpeg/compressed, /clock, /client_count, /Competition_topic, /rosout, /Object_topic, /connected_clients, /CollisionData, /ctrl_cmd] Client connected.  9 clients total.
1758341444.484726667 INFO /rosbridge_websocket [autobahn_websocket.py:255(RosbridgeWebSocket.onClose)] [topics: /tf, /Ego_topic, /image_jpeg/compressed, /clock, /client_count, /Competition_topic, /rosout, /Object_topic, /connected_clients, /CollisionData, /ctrl_cmd] Client disconnected. 8 clients total.
1758341445.270099639 INFO /rosbridge_websocket [autobahn_websocket.py:195(RosbridgeWebSocket.onOpen)] [topics: /tf, /Ego_topic, /image_jpeg/compressed, /clock, /client_count, /Competition_topic, /rosout, /Object_topic, /connected_clients, /CollisionData, /ctrl_cmd] Client connected.  9 clients total.
1758341539.833719730 INFO /rosbridge_websocket [autobahn_websocket.py:255(RosbridgeWebSocket.onClose)] [topics: /tf, /Ego_topic, /image_jpeg/compressed, /clock, /client_count, /Competition_topic, /rosout, /Object_topic, /connected_clients, /CollisionData, /ctrl_cmd] Client disconnected. 8 clients total.
1758341555.440910577 INFO /rosbridge_websocket [autobahn_websocket.py:195(RosbridgeWebSocket.onOpen)] [topics: /tf, /Ego_topic, /clock, /client_count, /Competition_topic, /rosout, /Object_topic, /connected_clients, /CollisionData, /ctrl_cmd] Client connected.  9 clients total.
1758341683.129999399 ERROR /lane_tracking_node [topics.py:753(_SubscriberImpl._invoke_callback)] [topics: /rosout, /lane_overlay, /camera/image_raw, /lane/center_offset, /lane/steering_angle] bad callback: <bound method LaneTrackingNode.image_cb of <__main__.LaneTrackingNode object at 0x7f55bef5a1c0>>
Traceback (most recent call last):
  File "/opt/ros/noetic/lib/python3/dist-packages/rospy/topics.py", line 750, in _invoke_callback
    cb(msg)
  File "/home/hyeongseon/catkin_ws/src/lane_tracking_pkg/scripts/lane_tracking_node.py", line 99, in image_cb
    self.handle_frame(frame, msg.header)
  File "/home/hyeongseon/catkin_ws/src/lane_tracking_pkg/scripts/lane_tracking_node.py", line 111, in handle_frame
    lane_center, roi_overlay = detect_lane_center(edges, roi_color, self.debug)
  File "/home/hyeongseon/catkin_ws/src/lane_tracking_pkg/vision/detector.py", line 63, in detect_lane_center
    left_line = _fit_lane(np.vstack(left_points)) if left_points else None
TypeError: _fit_lane() missing 2 required positional arguments: 'y_bottom' and 'y_top'

1758341683.148781061 ERROR /lane_tracking_node [topics.py:753(_SubscriberImpl._invoke_callback)] [topics: /rosout, /lane_overlay, /camera/image_raw, /lane/center_offset, /lane/steering_angle] bad callback: <bound method LaneTrackingNode.image_cb of <__main__.LaneTrackingNode object at 0x7f55bef5a1c0>>
Traceback (most recent call last):
  File "/opt/ros/noetic/lib/python3/dist-packages/rospy/topics.py", line 750, in _invoke_callback
    cb(msg)
  File "/home/hyeongseon/catkin_ws/src/lane_tracking_pkg/scripts/lane_tracking_node.py", line 99, in image_cb
    self.handle_frame(frame, msg.header)
  File "/home/hyeongseon/catkin_ws/src/lane_tracking_pkg/scripts/lane_tracking_node.py", line 111, in handle_frame
    lane_center, roi_overlay = detect_lane_center(edges, roi_color, self.debug)
  File "/home/hyeongseon/catkin_ws/src/lane_tracking_pkg/vision/detector.py", line 63, in detect_lane_center
    left_line = _fit_lane(np.vstack(left_points)) if left_points else None
TypeError: _fit_lane() missing 2 required positional arguments: 'y_bottom' and 'y_top'

1758341683.173529624 ERROR /lane_tracking_node [topics.py:753(_SubscriberImpl._invoke_callback)] [topics: /rosout, /lane_overlay, /camera/image_raw, /lane/center_offset, /lane/steering_angle] bad callback: <bound method LaneTrackingNode.image_cb of <__main__.LaneTrackingNode object at 0x7f55bef5a1c0>>
Traceback (most recent call last):
  File "/opt/ros/noetic/lib/python3/dist-packages/rospy/topics.py", line 750, in _invoke_callback
    cb(msg)
  File "/home/hyeongseon/catkin_ws/src/lane_tracking_pkg/scripts/lane_tracking_node.py", line 99, in image_cb
    self.handle_frame(frame, msg.header)
  File "/home/hyeongseon/catkin_ws/src/lane_tracking_pkg/scripts/lane_tracking_node.py", line 111, in handle_frame
    lane_center, roi_overlay = detect_lane_center(edges, roi_color, self.debug)
  File "/home/hyeongseon/catkin_ws/src/lane_tracking_pkg/vision/detector.py", line 63, in detect_lane_center
    left_line = _fit_lane(np.vstack(left_points)) if left_points else None
TypeError: _fit_lane() missing 2 required positional arguments: 'y_bottom' and 'y_top'

1758341683.212009429 ERROR /lane_tracking_node [topics.py:753(_SubscriberImpl._invoke_callback)] [topics: /rosout, /lane_overlay, /camera/image_raw, /lane/center_offset, /lane/steering_angle] bad callback: <bound method LaneTrackingNode.image_cb of <__main__.LaneTrackingNode object at 0x7f55bef5a1c0>>
Traceback (most recent call last):
  File "/opt/ros/noetic/lib/python3/dist-packages/rospy/topics.py", line 750, in _invoke_callback
    cb(msg)
  File "/home/hyeongseon/catkin_ws/src/lane_tracking_pkg/scripts/lane_tracking_node.py", line 99, in image_cb
    self.handle_frame(frame, msg.header)
  File "/home/hyeongseon/catkin_ws/src/lane_tracking_pkg/scripts/lane_tracking_node.py", line 111, in handle_frame
    lane_center, roi_overlay = detect_lane_center(edges, roi_color, self.debug)
  File "/home/hyeongseon/catkin_ws/src/lane_tracking_pkg/vision/detector.py", line 63, in detect_lane_center
    left_line = _fit_lane(np.vstack(left_points)) if left_points else None
TypeError: _fit_lane() missing 2 required positional arguments: 'y_bottom' and 'y_top'

1758341683.238201618 ERROR /lane_tracking_node [topics.py:753(_SubscriberImpl._invoke_callback)] [topics: /rosout, /lane_overlay, /camera/image_raw, /lane/center_offset, /lane/steering_angle] bad callback: <bound method LaneTrackingNode.image_cb of <__main__.LaneTrackingNode object at 0x7f55bef5a1c0>>
Traceback (most recent call last):
  File "/opt/ros/noetic/lib/python3/dist-packages/rospy/topics.py", line 750, in _invoke_callback
    cb(msg)
  File "/home/hyeongseon/catkin_ws/src/lane_tracking_pkg/scripts/lane_tracking_node.py", line 99, in image_cb
    self.handle_frame(frame, msg.header)
  File "/home/hyeongseon/catkin_ws/src/lane_tracking_pkg/scripts/lane_tracking_node.py", line 111, in handle_frame
    lane_center, roi_overlay = detect_lane_center(edges, roi_color, self.debug)
  File "/home/hyeongseon/catkin_ws/src/lane_tracking_pkg/vision/detector.py", line 63, in detect_lane_center
    left_line = _fit_lane(np.vstack(left_points)) if left_points else None
TypeError: _fit_lane() missing 2 required positional arguments: 'y_bottom' and 'y_top'

1758341683.265462636 ERROR /lane_tracking_node [topics.py:753(_SubscriberImpl._invoke_callback)] [topics: /rosout, /lane_overlay, /camera/image_raw, /lane/center_offset, /lane/steering_angle] bad callback: <bound method LaneTrackingNode.image_cb of <__main__.LaneTrackingNode object at 0x7f55bef5a1c0>>
Traceback (most recent call last):
  File "/opt/ros/noetic/lib/python3/dist-packages/rospy/topics.py", line 750, in _invoke_callback
    cb(msg)
  File "/home/hyeongseon/catkin_ws/src/lane_tracking_pkg/scripts/lane_tracking_node.py", line 99, in image_cb
    self.handle_frame(frame, msg.header)
  File "/home/hyeongseon/catkin_ws/src/lane_tracking_pkg/scripts/lane_tracking_node.py", line 111, in handle_frame
    lane_center, roi_overlay = detect_lane_center(edges, roi_color, self.debug)
  File "/home/hyeongseon/catkin_ws/src/lane_tracking_pkg/vision/detector.py", line 63, in detect_lane_center
    left_line = _fit_lane(np.vstack(left_points)) if left_points else None
TypeError: _fit_lane() missing 2 required positional arguments: 'y_bottom' and 'y_top'

1758341683.288528203 ERROR /lane_tracking_node [topics.py:753(_SubscriberImpl._invoke_callback)] [topics: /rosout, /lane_overlay, /camera/image_raw, /lane/center_offset, /lane/steering_angle] bad callback: <bound method LaneTrackingNode.image_cb of <__main__.LaneTrackingNode object at 0x7f55bef5a1c0>>
Traceback (most recent call last):
  File "/opt/ros/noetic/lib/python3/dist-packages/rospy/topics.py", line 750, in _invoke_callback
    cb(msg)
  File "/home/hyeongseon/catkin_ws/src/lane_tracking_pkg/scripts/lane_tracking_node.py", line 99, in image_cb
    self.handle_frame(frame, msg.header)
  File "/home/hyeongseon/catkin_ws/src/lane_tracking_pkg/scripts/lane_tracking_node.py", line 111, in handle_frame
    lane_center, roi_overlay = detect_lane_center(edges, roi_color, self.debug)
  File "/home/hyeongseon/catkin_ws/src/lane_tracking_pkg/vision/detector.py", line 63, in detect_lane_center
    left_line = _fit_lane(np.vstack(left_points)) if left_points else None
TypeError: _fit_lane() missing 2 required positional arguments: 'y_bottom' and 'y_top'

1758341683.317410230 ERROR /lane_tracking_node [topics.py:753(_SubscriberImpl._invoke_callback)] [topics: /rosout, /lane_overlay, /camera/image_raw, /lane/center_offset, /lane/steering_angle] bad callback: <bound method LaneTrackingNode.image_cb of <__main__.LaneTrackingNode object at 0x7f55bef5a1c0>>
Traceback (most recent call last):
  File "/opt/ros/noetic/lib/python3/dist-packages/rospy/topics.py", line 750, in _invoke_callback
    cb(msg)
  File "/home/hyeongseon/catkin_ws/src/lane_tracking_pkg/scripts/lane_tracking_node.py", line 99, in image_cb
    self.handle_frame(frame, msg.header)
  File "/home/hyeongseon/catkin_ws/src/lane_tracking_pkg/scripts/lane_tracking_node.py", line 111, in handle_frame
    lane_center, roi_overlay = detect_lane_center(edges, roi_color, self.debug)
  File "/home/hyeongseon/catkin_ws/src/lane_tracking_pkg/vision/detector.py", line 63, in detect_lane_center
    left_line = _fit_lane(np.vstack(left_points)) if left_points else None
TypeError: _fit_lane() missing 2 required positional arguments: 'y_bottom' and 'y_top'

1758341683.354876995 ERROR /lane_tracking_node [topics.py:753(_SubscriberImpl._invoke_callback)] [topics: /rosout, /lane_overlay, /camera/image_raw, /lane/center_offset, /lane/steering_angle] bad callback: <bound method LaneTrackingNode.image_cb of <__main__.LaneTrackingNode object at 0x7f55bef5a1c0>>
Traceback (most recent call last):
  File "/opt/ros/noetic/lib/python3/dist-packages/rospy/topics.py", line 750, in _invoke_callback
    cb(msg)
  File "/home/hyeongseon/catkin_ws/src/lane_tracking_pkg/scripts/lane_tracking_node.py", line 99, in image_cb
    self.handle_frame(frame, msg.header)
  File "/home/hyeongseon/catkin_ws/src/lane_tracking_pkg/scripts/lane_tracking_node.py", line 111, in handle_frame
    lane_center, roi_overlay = detect_lane_center(edges, roi_color, self.debug)
  File "/home/hyeongseon/catkin_ws/src/lane_tracking_pkg/vision/detector.py", line 63, in detect_lane_center
    left_line = _fit_lane(np.vstack(left_points)) if left_points else None
TypeError: _fit_lane() missing 2 required positional arguments: 'y_bottom' and 'y_top'

1758341683.381990432 ERROR /lane_tracking_node [topics.py:753(_SubscriberImpl._invoke_callback)] [topics: /rosout, /lane_overlay, /camera/image_raw, /lane/center_offset, /lane/steering_angle] bad callback: <bound method LaneTrackingNode.image_cb of <__main__.LaneTrackingNode object at 0x7f55bef5a1c0>>
Traceback (most recent call last):
  File "/opt/ros/noetic/lib/python3/dist-packages/rospy/topics.py", line 750, in _invoke_callback
    cb(msg)
  File "/home/hyeongseon/catkin_ws/src/lane_tracking_pkg/scripts/lane_tracking_node.py", line 99, in image_cb
    self.handle_frame(frame, msg.header)
  File "/home/hyeongseon/catkin_ws/src/lane_tracking_pkg/scripts/lane_tracking_node.py", line 111, in handle_frame
    lane_center, roi_overlay = detect_lane_center(edges, roi_color, self.debug)
  File "/home/hyeongseon/catkin_ws/src/lane_tracking_pkg/vision/detector.py", line 63, in detect_lane_center
    left_line = _fit_lane(np.vstack(left_points)) if left_points else None
TypeError: _fit_lane() missing 2 required positional arguments: 'y_bottom' and 'y_top'

1758341683.409329652 ERROR /lane_tracking_node [topics.py:753(_SubscriberImpl._invoke_callback)] [topics: /rosout, /lane_overlay, /camera/image_raw, /lane/center_offset, /lane/steering_angle] bad callback: <bound method LaneTrackingNode.image_cb of <__main__.LaneTrackingNode object at 0x7f55bef5a1c0>>
Traceback (most recent call last):
  File "/opt/ros/noetic/lib/python3/dist-packages/rospy/topics.py", line 750, in _invoke_callback
    cb(msg)
  File "/home/hyeongseon/catkin_ws/src/lane_tracking_pkg/scripts/lane_tracking_node.py", line 99, in image_cb
    self.handle_frame(frame, msg.header)
  File "/home/hyeongseon/catkin_ws/src/lane_tracking_pkg/scripts/lane_tracking_node.py", line 111, in handle_frame
    lane_center, roi_overlay = detect_lane_center(edges, roi_color, self.debug)
  File "/home/hyeongseon/catkin_ws/src/lane_tracking_pkg/vision/detector.py", line 63, in detect_lane_center
    left_line = _fit_lane(np.vstack(left_points)) if left_points else None
TypeError: _fit_lane() missing 2 required positional arguments: 'y_bottom' and 'y_top'

1758341683.426023244 ERROR /lane_tracking_node [topics.py:753(_SubscriberImpl._invoke_callback)] [topics: /rosout, /lane_overlay, /camera/image_raw, /lane/center_offset, /lane/steering_angle] bad callback: <bound method LaneTrackingNode.image_cb of <__main__.LaneTrackingNode object at 0x7f55bef5a1c0>>
Traceback (most recent call last):
  File "/opt/ros/noetic/lib/python3/dist-packages/rospy/topics.py", line 750, in _invoke_callback
    cb(msg)
  File "/home/hyeongseon/catkin_ws/src/lane_tracking_pkg/scripts/lane_tracking_node.py", line 99, in image_cb
    self.handle_frame(frame, msg.header)
  File "/home/hyeongseon/catkin_ws/src/lane_tracking_pkg/scripts/lane_tracking_node.py", line 111, in handle_frame
    lane_center, roi_overlay = detect_lane_center(edges, roi_color, self.debug)
  File "/home/hyeongseon/catkin_ws/src/lane_tracking_pkg/vision/detector.py", line 63, in detect_lane_center
    left_line = _fit_lane(np.vstack(left_points)) if left_points else None
TypeError: _fit_lane() missing 2 required positional arguments: 'y_bottom' and 'y_top'

1758341683.454916715 ERROR /lane_tracking_node [topics.py:753(_SubscriberImpl._invoke_callback)] [topics: /rosout, /lane_overlay, /camera/image_raw, /lane/center_offset, /lane/steering_angle] bad callback: <bound method LaneTrackingNode.image_cb of <__main__.LaneTrackingNode object at 0x7f55bef5a1c0>>
Traceback (most recent call last):
  File "/opt/ros/noetic/lib/python3/dist-packages/rospy/topics.py", line 750, in _invoke_callback
    cb(msg)
  File "/home/hyeongseon/catkin_ws/src/lane_tracking_pkg/scripts/lane_tracking_node.py", line 99, in image_cb
    self.handle_frame(frame, msg.header)
  File "/home/hyeongseon/catkin_ws/src/lane_tracking_pkg/scripts/lane_tracking_node.py", line 111, in handle_frame
    lane_center, roi_overlay = detect_lane_center(edges, roi_color, self.debug)
  File "/home/hyeongseon/catkin_ws/src/lane_tracking_pkg/vision/detector.py", line 63, in detect_lane_center
    left_line = _fit_lane(np.vstack(left_points)) if left_points else None
TypeError: _fit_lane() missing 2 required positional arguments: 'y_bottom' and 'y_top'

1758341683.474573135 ERROR /lane_tracking_node [topics.py:753(_SubscriberImpl._invoke_callback)] [topics: /rosout, /lane_overlay, /camera/image_raw, /lane/center_offset, /lane/steering_angle] bad callback: <bound method LaneTrackingNode.image_cb of <__main__.LaneTrackingNode object at 0x7f55bef5a1c0>>
Traceback (most recent call last):
  File "/opt/ros/noetic/lib/python3/dist-packages/rospy/topics.py", line 750, in _invoke_callback
    cb(msg)
  File "/home/hyeongseon/catkin_ws/src/lane_tracking_pkg/scripts/lane_tracking_node.py", line 99, in image_cb
    self.handle_frame(frame, msg.header)
  File "/home/hyeongseon/catkin_ws/src/lane_tracking_pkg/scripts/lane_tracking_node.py", line 111, in handle_frame
    lane_center, roi_overlay = detect_lane_center(edges, roi_color, self.debug)
  File "/home/hyeongseon/catkin_ws/src/lane_tracking_pkg/vision/detector.py", line 63, in detect_lane_center
    left_line = _fit_lane(np.vstack(left_points)) if left_points else None
TypeError: _fit_lane() missing 2 required positional arguments: 'y_bottom' and 'y_top'

1758341683.512120008 ERROR /lane_tracking_node [topics.py:753(_SubscriberImpl._invoke_callback)] [topics: /rosout, /lane_overlay, /camera/image_raw, /lane/center_offset, /lane/steering_angle] bad callback: <bound method LaneTrackingNode.image_cb of <__main__.LaneTrackingNode object at 0x7f55bef5a1c0>>
Traceback (most recent call last):
  File "/opt/ros/noetic/lib/python3/dist-packages/rospy/topics.py", line 750, in _invoke_callback
    cb(msg)
  File "/home/hyeongseon/catkin_ws/src/lane_tracking_pkg/scripts/lane_tracking_node.py", line 99, in image_cb
    self.handle_frame(frame, msg.header)
  File "/home/hyeongseon/catkin_ws/src/lane_tracking_pkg/scripts/lane_tracking_node.py", line 111, in handle_frame
    lane_center, roi_overlay = detect_lane_center(edges, roi_color, self.debug)
  File "/home/hyeongseon/catkin_ws/src/lane_tracking_pkg/vision/detector.py", line 63, in detect_lane_center
    left_line = _fit_lane(np.vstack(left_points)) if left_points else None
TypeError: _fit_lane() missing 2 required positional arguments: 'y_bottom' and 'y_top'

1758341683.541518926 ERROR /lane_tracking_node [topics.py:753(_SubscriberImpl._invoke_callback)] [topics: /rosout, /lane_overlay, /camera/image_raw, /lane/center_offset, /lane/steering_angle] bad callback: <bound method LaneTrackingNode.image_cb of <__main__.LaneTrackingNode object at 0x7f55bef5a1c0>>
Traceback (most recent call last):
  File "/opt/ros/noetic/lib/python3/dist-packages/rospy/topics.py", line 750, in _invoke_callback
    cb(msg)
  File "/home/hyeongseon/catkin_ws/src/lane_tracking_pkg/scripts/lane_tracking_node.py", line 99, in image_cb
    self.handle_frame(frame, msg.header)
  File "/home/hyeongseon/catkin_ws/src/lane_tracking_pkg/scripts/lane_tracking_node.py", line 111, in handle_frame
    lane_center, roi_overlay = detect_lane_center(edges, roi_color, self.debug)
  File "/home/hyeongseon/catkin_ws/src/lane_tracking_pkg/vision/detector.py", line 63, in detect_lane_center
    left_line = _fit_lane(np.vstack(left_points)) if left_points else None
TypeError: _fit_lane() missing 2 required positional arguments: 'y_bottom' and 'y_top'

1758341683.565642356 ERROR /lane_tracking_node [topics.py:753(_SubscriberImpl._invoke_callback)] [topics: /rosout, /lane_overlay, /camera/image_raw, /lane/center_offset, /lane/steering_angle] bad callback: <bound method LaneTrackingNode.image_cb of <__main__.LaneTrackingNode object at 0x7f55bef5a1c0>>
Traceback (most recent call last):
  File "/opt/ros/noetic/lib/python3/dist-packages/rospy/topics.py", line 750, in _invoke_callback
    cb(msg)
  File "/home/hyeongseon/catkin_ws/src/lane_tracking_pkg/scripts/lane_tracking_node.py", line 99, in image_cb
    self.handle_frame(frame, msg.header)
  File "/home/hyeongseon/catkin_ws/src/lane_tracking_pkg/scripts/lane_tracking_node.py", line 111, in handle_frame
    lane_center, roi_overlay = detect_lane_center(edges, roi_color, self.debug)
  File "/home/hyeongseon/catkin_ws/src/lane_tracking_pkg/vision/detector.py", line 63, in detect_lane_center
    left_line = _fit_lane(np.vstack(left_points)) if left_points else None
TypeError: _fit_lane() missing 2 required positional arguments: 'y_bottom' and 'y_top'

1758341683.596274375 ERROR /lane_tracking_node [topics.py:753(_SubscriberImpl._invoke_callback)] [topics: /rosout, /lane_overlay, /camera/image_raw, /lane/center_offset, /lane/steering_angle] bad callback: <bound method LaneTrackingNode.image_cb of <__main__.LaneTrackingNode object at 0x7f55bef5a1c0>>
Traceback (most recent call last):
  File "/opt/ros/noetic/lib/python3/dist-packages/rospy/topics.py", line 750, in _invoke_callback
    cb(msg)
  File "/home/hyeongseon/catkin_ws/src/lane_tracking_pkg/scripts/lane_tracking_node.py", line 99, in image_cb
    self.handle_frame(frame, msg.header)
  File "/home/hyeongseon/catkin_ws/src/lane_tracking_pkg/scripts/lane_tracking_node.py", line 111, in handle_frame
    lane_center, roi_overlay = detect_lane_center(edges, roi_color, self.debug)
  File "/home/hyeongseon/catkin_ws/src/lane_tracking_pkg/vision/detector.py", line 63, in detect_lane_center
    left_line = _fit_lane(np.vstack(left_points)) if left_points else None
TypeError: _fit_lane() missing 2 required positional arguments: 'y_bottom' and 'y_top'

1758341683.626210451 ERROR /lane_tracking_node [topics.py:753(_SubscriberImpl._invoke_callback)] [topics: /rosout, /lane_overlay, /camera/image_raw, /lane/center_offset, /lane/steering_angle] bad callback: <bound method LaneTrackingNode.image_cb of <__main__.LaneTrackingNode object at 0x7f55bef5a1c0>>
Traceback (most recent call last):
  File "/opt/ros/noetic/lib/python3/dist-packages/rospy/topics.py", line 750, in _invoke_callback
    cb(msg)
  File "/home/hyeongseon/catkin_ws/src/lane_tracking_pkg/scripts/lane_tracking_node.py", line 99, in image_cb
    self.handle_frame(frame, msg.header)
  File "/home/hyeongseon/catkin_ws/src/lane_tracking_pkg/scripts/lane_tracking_node.py", line 111, in handle_frame
    lane_center, roi_overlay = detect_lane_center(edges, roi_color, self.debug)
  File "/home/hyeongseon/catkin_ws/src/lane_tracking_pkg/vision/detector.py", line 63, in detect_lane_center
    left_line = _fit_lane(np.vstack(left_points)) if left_points else None
TypeError: _fit_lane() missing 2 required positional arguments: 'y_bottom' and 'y_top'

1758341683.659903287 ERROR /lane_tracking_node [topics.py:753(_SubscriberImpl._invoke_callback)] [topics: /rosout, /lane_overlay, /camera/image_raw, /lane/center_offset, /lane/steering_angle] bad callback: <bound method LaneTrackingNode.image_cb of <__main__.LaneTrackingNode object at 0x7f55bef5a1c0>>
Traceback (most recent call last):
  File "/opt/ros/noetic/lib/python3/dist-packages/rospy/topics.py", line 750, in _invoke_callback
    cb(msg)
  File "/home/hyeongseon/catkin_ws/src/lane_tracking_pkg/scripts/lane_tracking_node.py", line 99, in image_cb
    self.handle_frame(frame, msg.header)
  File "/home/hyeongseon/catkin_ws/src/lane_tracking_pkg/scripts/lane_tracking_node.py", line 111, in handle_frame
    lane_center, roi_overlay = detect_lane_center(edges, roi_color, self.debug)
  File "/home/hyeongseon/catkin_ws/src/lane_tracking_pkg/vision/detector.py", line 63, in detect_lane_center
    left_line = _fit_lane(np.vstack(left_points)) if left_points else None
TypeError: _fit_lane() missing 2 required positional arguments: 'y_bottom' and 'y_top'

1758341683.680880546 ERROR /lane_tracking_node [topics.py:753(_SubscriberImpl._invoke_callback)] [topics: /rosout, /lane_overlay, /camera/image_raw, /lane/center_offset, /lane/steering_angle] bad callback: <bound method LaneTrackingNode.image_cb of <__main__.LaneTrackingNode object at 0x7f55bef5a1c0>>
Traceback (most recent call last):
  File "/opt/ros/noetic/lib/python3/dist-packages/rospy/topics.py", line 750, in _invoke_callback
    cb(msg)
  File "/home/hyeongseon/catkin_ws/src/lane_tracking_pkg/scripts/lane_tracking_node.py", line 99, in image_cb
    self.handle_frame(frame, msg.header)
  File "/home/hyeongseon/catkin_ws/src/lane_tracking_pkg/scripts/lane_tracking_node.py", line 111, in handle_frame
    lane_center, roi_overlay = detect_lane_center(edges, roi_color, self.debug)
  File "/home/hyeongseon/catkin_ws/src/lane_tracking_pkg/vision/detector.py", line 63, in detect_lane_center
    left_line = _fit_lane(np.vstack(left_points)) if left_points else None
TypeError: _fit_lane() missing 2 required positional arguments: 'y_bottom' and 'y_top'

1758341683.714223861 ERROR /lane_tracking_node [topics.py:753(_SubscriberImpl._invoke_callback)] [topics: /rosout, /lane_overlay, /camera/image_raw, /lane/center_offset, /lane/steering_angle] bad callback: <bound method LaneTrackingNode.image_cb of <__main__.LaneTrackingNode object at 0x7f55bef5a1c0>>
Traceback (most recent call last):
  File "/opt/ros/noetic/lib/python3/dist-packages/rospy/topics.py", line 750, in _invoke_callback
    cb(msg)
  File "/home/hyeongseon/catkin_ws/src/lane_tracking_pkg/scripts/lane_tracking_node.py", line 99, in image_cb
    self.handle_frame(frame, msg.header)
  File "/home/hyeongseon/catkin_ws/src/lane_tracking_pkg/scripts/lane_tracking_node.py", line 111, in handle_frame
    lane_center, roi_overlay = detect_lane_center(edges, roi_color, self.debug)
  File "/home/hyeongseon/catkin_ws/src/lane_tracking_pkg/vision/detector.py", line 63, in detect_lane_center
    left_line = _fit_lane(np.vstack(left_points)) if left_points else None
TypeError: _fit_lane() missing 2 required positional arguments: 'y_bottom' and 'y_top'

1758341683.751039743 ERROR /lane_tracking_node [topics.py:753(_SubscriberImpl._invoke_callback)] [topics: /rosout, /lane_overlay, /camera/image_raw, /lane/center_offset, /lane/steering_angle] bad callback: <bound method LaneTrackingNode.image_cb of <__main__.LaneTrackingNode object at 0x7f55bef5a1c0>>
Traceback (most recent call last):
  File "/opt/ros/noetic/lib/python3/dist-packages/rospy/topics.py", line 750, in _invoke_callback
    cb(msg)
  File "/home/hyeongseon/catkin_ws/src/lane_tracking_pkg/scripts/lane_tracking_node.py", line 99, in image_cb
    self.handle_frame(frame, msg.header)
  File "/home/hyeongseon/catkin_ws/src/lane_tracking_pkg/scripts/lane_tracking_node.py", line 111, in handle_frame
    lane_center, roi_overlay = detect_lane_center(edges, roi_color, self.debug)
  File "/home/hyeongseon/catkin_ws/src/lane_tracking_pkg/vision/detector.py", line 63, in detect_lane_center
    left_line = _fit_lane(np.vstack(left_points)) if left_points else None
TypeError: _fit_lane() missing 2 required positional arguments: 'y_bottom' and 'y_top'

1758341683.788442373 ERROR /lane_tracking_node [topics.py:753(_SubscriberImpl._invoke_callback)] [topics: /rosout, /lane_overlay, /camera/image_raw, /lane/center_offset, /lane/steering_angle] bad callback: <bound method LaneTrackingNode.image_cb of <__main__.LaneTrackingNode object at 0x7f55bef5a1c0>>
Traceback (most recent call last):
  File "/opt/ros/noetic/lib/python3/dist-packages/rospy/topics.py", line 750, in _invoke_callback
    cb(msg)
  File "/home/hyeongseon/catkin_ws/src/lane_tracking_pkg/scripts/lane_tracking_node.py", line 99, in image_cb
    self.handle_frame(frame, msg.header)
  File "/home/hyeongseon/catkin_ws/src/lane_tracking_pkg/scripts/lane_tracking_node.py", line 111, in handle_frame
    lane_center, roi_overlay = detect_lane_center(edges, roi_color, self.debug)
  File "/home/hyeongseon/catkin_ws/src/lane_tracking_pkg/vision/detector.py", line 63, in detect_lane_center
    left_line = _fit_lane(np.vstack(left_points)) if left_points else None
TypeError: _fit_lane() missing 2 required positional arguments: 'y_bottom' and 'y_top'

1758341683.815945148 ERROR /lane_tracking_node [topics.py:753(_SubscriberImpl._invoke_callback)] [topics: /rosout, /lane_overlay, /camera/image_raw, /lane/center_offset, /lane/steering_angle] bad callback: <bound method LaneTrackingNode.image_cb of <__main__.LaneTrackingNode object at 0x7f55bef5a1c0>>
Traceback (most recent call last):
  File "/opt/ros/noetic/lib/python3/dist-packages/rospy/topics.py", line 750, in _invoke_callback
    cb(msg)
  File "/home/hyeongseon/catkin_ws/src/lane_tracking_pkg/scripts/lane_tracking_node.py", line 99, in image_cb
    self.handle_frame(frame, msg.header)
  File "/home/hyeongseon/catkin_ws/src/lane_tracking_pkg/scripts/lane_tracking_node.py", line 111, in handle_frame
    lane_center, roi_overlay = detect_lane_center(edges, roi_color, self.debug)
  File "/home/hyeongseon/catkin_ws/src/lane_tracking_pkg/vision/detector.py", line 63, in detect_lane_center
    left_line = _fit_lane(np.vstack(left_points)) if left_points else None
TypeError: _fit_lane() missing 2 required positional arguments: 'y_bottom' and 'y_top'

1758341683.845543146 ERROR /lane_tracking_node [topics.py:753(_SubscriberImpl._invoke_callback)] [topics: /rosout, /lane_overlay, /camera/image_raw, /lane/center_offset, /lane/steering_angle] bad callback: <bound method LaneTrackingNode.image_cb of <__main__.LaneTrackingNode object at 0x7f55bef5a1c0>>
Traceback (most recent call last):
  File "/opt/ros/noetic/lib/python3/dist-packages/rospy/topics.py", line 750, in _invoke_callback
    cb(msg)
  File "/home/hyeongseon/catkin_ws/src/lane_tracking_pkg/scripts/lane_tracking_node.py", line 99, in image_cb
    self.handle_frame(frame, msg.header)
  File "/home/hyeongseon/catkin_ws/src/lane_tracking_pkg/scripts/lane_tracking_node.py", line 111, in handle_frame
    lane_center, roi_overlay = detect_lane_center(edges, roi_color, self.debug)
  File "/home/hyeongseon/catkin_ws/src/lane_tracking_pkg/vision/detector.py", line 63, in detect_lane_center
    left_line = _fit_lane(np.vstack(left_points)) if left_points else None
TypeError: _fit_lane() missing 2 required positional arguments: 'y_bottom' and 'y_top'

1758341683.879991292 ERROR /lane_tracking_node [topics.py:753(_SubscriberImpl._invoke_callback)] [topics: /rosout, /lane_overlay, /camera/image_raw, /lane/center_offset, /lane/steering_angle] bad callback: <bound method LaneTrackingNode.image_cb of <__main__.LaneTrackingNode object at 0x7f55bef5a1c0>>
Traceback (most recent call last):
  File "/opt/ros/noetic/lib/python3/dist-packages/rospy/topics.py", line 750, in _invoke_callback
    cb(msg)
  File "/home/hyeongseon/catkin_ws/src/lane_tracking_pkg/scripts/lane_tracking_node.py", line 99, in image_cb
    self.handle_frame(frame, msg.header)
  File "/home/hyeongseon/catkin_ws/src/lane_tracking_pkg/scripts/lane_tracking_node.py", line 111, in handle_frame
    lane_center, roi_overlay = detect_lane_center(edges, roi_color, self.debug)
  File "/home/hyeongseon/catkin_ws/src/lane_tracking_pkg/vision/detector.py", line 63, in detect_lane_center
    left_line = _fit_lane(np.vstack(left_points)) if left_points else None
TypeError: _fit_lane() missing 2 required positional arguments: 'y_bottom' and 'y_top'

1758341683.914439439 ERROR /lane_tracking_node [topics.py:753(_SubscriberImpl._invoke_callback)] [topics: /rosout, /lane_overlay, /camera/image_raw, /lane/center_offset, /lane/steering_angle] bad callback: <bound method LaneTrackingNode.image_cb of <__main__.LaneTrackingNode object at 0x7f55bef5a1c0>>
Traceback (most recent call last):
  File "/opt/ros/noetic/lib/python3/dist-packages/rospy/topics.py", line 750, in _invoke_callback
    cb(msg)
  File "/home/hyeongseon/catkin_ws/src/lane_tracking_pkg/scripts/lane_tracking_node.py", line 99, in image_cb
    self.handle_frame(frame, msg.header)
  File "/home/hyeongseon/catkin_ws/src/lane_tracking_pkg/scripts/lane_tracking_node.py", line 111, in handle_frame
    lane_center, roi_overlay = detect_lane_center(edges, roi_color, self.debug)
  File "/home/hyeongseon/catkin_ws/src/lane_tracking_pkg/vision/detector.py", line 63, in detect_lane_center
    left_line = _fit_lane(np.vstack(left_points)) if left_points else None
TypeError: _fit_lane() missing 2 required positional arguments: 'y_bottom' and 'y_top'

1758341683.949117660 ERROR /lane_tracking_node [topics.py:753(_SubscriberImpl._invoke_callback)] [topics: /rosout, /lane_overlay, /camera/image_raw, /lane/center_offset, /lane/steering_angle] bad callback: <bound method LaneTrackingNode.image_cb of <__main__.LaneTrackingNode object at 0x7f55bef5a1c0>>
Traceback (most recent call last):
  File "/opt/ros/noetic/lib/python3/dist-packages/rospy/topics.py", line 750, in _invoke_callback
    cb(msg)
  File "/home/hyeongseon/catkin_ws/src/lane_tracking_pkg/scripts/lane_tracking_node.py", line 99, in image_cb
    self.handle_frame(frame, msg.header)
  File "/home/hyeongseon/catkin_ws/src/lane_tracking_pkg/scripts/lane_tracking_node.py", line 111, in handle_frame
    lane_center, roi_overlay = detect_lane_center(edges, roi_color, self.debug)
  File "/home/hyeongseon/catkin_ws/src/lane_tracking_pkg/vision/detector.py", line 63, in detect_lane_center
    left_line = _fit_lane(np.vstack(left_points)) if left_points else None
TypeError: _fit_lane() missing 2 required positional arguments: 'y_bottom' and 'y_top'

1758341683.968632221 ERROR /lane_tracking_node [topics.py:753(_SubscriberImpl._invoke_callback)] [topics: /rosout, /lane_overlay, /camera/image_raw, /lane/center_offset, /lane/steering_angle] bad callback: <bound method LaneTrackingNode.image_cb of <__main__.LaneTrackingNode object at 0x7f55bef5a1c0>>
Traceback (most recent call last):
  File "/opt/ros/noetic/lib/python3/dist-packages/rospy/topics.py", line 750, in _invoke_callback
    cb(msg)
  File "/home/hyeongseon/catkin_ws/src/lane_tracking_pkg/scripts/lane_tracking_node.py", line 99, in image_cb
    self.handle_frame(frame, msg.header)
  File "/home/hyeongseon/catkin_ws/src/lane_tracking_pkg/scripts/lane_tracking_node.py", line 111, in handle_frame
    lane_center, roi_overlay = detect_lane_center(edges, roi_color, self.debug)
  File "/home/hyeongseon/catkin_ws/src/lane_tracking_pkg/vision/detector.py", line 63, in detect_lane_center
    left_line = _fit_lane(np.vstack(left_points)) if left_points else None
TypeError: _fit_lane() missing 2 required positional arguments: 'y_bottom' and 'y_top'

1758341683.999805688 ERROR /lane_tracking_node [topics.py:753(_SubscriberImpl._invoke_callback)] [topics: /rosout, /lane_overlay, /camera/image_raw, /lane/center_offset, /lane/steering_angle] bad callback: <bound method LaneTrackingNode.image_cb of <__main__.LaneTrackingNode object at 0x7f55bef5a1c0>>
Traceback (most recent call last):
  File "/opt/ros/noetic/lib/python3/dist-packages/rospy/topics.py", line 750, in _invoke_callback
    cb(msg)
  File "/home/hyeongseon/catkin_ws/src/lane_tracking_pkg/scripts/lane_tracking_node.py", line 99, in image_cb
    self.handle_frame(frame, msg.header)
  File "/home/hyeongseon/catkin_ws/src/lane_tracking_pkg/scripts/lane_tracking_node.py", line 111, in handle_frame
    lane_center, roi_overlay = detect_lane_center(edges, roi_color, self.debug)
  File "/home/hyeongseon/catkin_ws/src/lane_tracking_pkg/vision/detector.py", line 63, in detect_lane_center
    left_line = _fit_lane(np.vstack(left_points)) if left_points else None
TypeError: _fit_lane() missing 2 required positional arguments: 'y_bottom' and 'y_top'

1758341684.044603347 ERROR /lane_tracking_node [topics.py:753(_SubscriberImpl._invoke_callback)] [topics: /rosout, /lane_overlay, /camera/image_raw, /lane/center_offset, /lane/steering_angle] bad callback: <bound method LaneTrackingNode.image_cb of <__main__.LaneTrackingNode object at 0x7f55bef5a1c0>>
Traceback (most recent call last):
  File "/opt/ros/noetic/lib/python3/dist-packages/rospy/topics.py", line 750, in _invoke_callback
    cb(msg)
  File "/home/hyeongseon/catkin_ws/src/lane_tracking_pkg/scripts/lane_tracking_node.py", line 99, in image_cb
    self.handle_frame(frame, msg.header)
  File "/home/hyeongseon/catkin_ws/src/lane_tracking_pkg/scripts/lane_tracking_node.py", line 111, in handle_frame
    lane_center, roi_overlay = detect_lane_center(edges, roi_color, self.debug)
  File "/home/hyeongseon/catkin_ws/src/lane_tracking_pkg/vision/detector.py", line 63, in detect_lane_center
    left_line = _fit_lane(np.vstack(left_points)) if left_points else None
TypeError: _fit_lane() missing 2 required positional arguments: 'y_bottom' and 'y_top'

1758341684.076067924 ERROR /lane_tracking_node [topics.py:753(_SubscriberImpl._invoke_callback)] [topics: /rosout, /lane_overlay, /camera/image_raw, /lane/center_offset, /lane/steering_angle] bad callback: <bound method LaneTrackingNode.image_cb of <__main__.LaneTrackingNode object at 0x7f55bef5a1c0>>
Traceback (most recent call last):
  File "/opt/ros/noetic/lib/python3/dist-packages/rospy/topics.py", line 750, in _invoke_callback
    cb(msg)
  File "/home/hyeongseon/catkin_ws/src/lane_tracking_pkg/scripts/lane_tracking_node.py", line 99, in image_cb
    self.handle_frame(frame, msg.header)
  File "/home/hyeongseon/catkin_ws/src/lane_tracking_pkg/scripts/lane_tracking_node.py", line 111, in handle_frame
    lane_center, roi_overlay = detect_lane_center(edges, roi_color, self.debug)
  File "/home/hyeongseon/catkin_ws/src/lane_tracking_pkg/vision/detector.py", line 63, in detect_lane_center
    left_line = _fit_lane(np.vstack(left_points)) if left_points else None
TypeError: _fit_lane() missing 2 required positional arguments: 'y_bottom' and 'y_top'

1758341684.098139047 ERROR /lane_tracking_node [topics.py:753(_SubscriberImpl._invoke_callback)] [topics: /rosout, /lane_overlay, /camera/image_raw, /lane/center_offset, /lane/steering_angle] bad callback: <bound method LaneTrackingNode.image_cb of <__main__.LaneTrackingNode object at 0x7f55bef5a1c0>>
Traceback (most recent call last):
  File "/opt/ros/noetic/lib/python3/dist-packages/rospy/topics.py", line 750, in _invoke_callback
    cb(msg)
  File "/home/hyeongseon/catkin_ws/src/lane_tracking_pkg/scripts/lane_tracking_node.py", line 99, in image_cb
    self.handle_frame(frame, msg.header)
  File "/home/hyeongseon/catkin_ws/src/lane_tracking_pkg/scripts/lane_tracking_node.py", line 111, in handle_frame
    lane_center, roi_overlay = detect_lane_center(edges, roi_color, self.debug)
  File "/home/hyeongseon/catkin_ws/src/lane_tracking_pkg/vision/detector.py", line 63, in detect_lane_center
    left_line = _fit_lane(np.vstack(left_points)) if left_points else None
TypeError: _fit_lane() missing 2 required positional arguments: 'y_bottom' and 'y_top'

1758341684.126304626 ERROR /lane_tracking_node [topics.py:753(_SubscriberImpl._invoke_callback)] [topics: /rosout, /lane_overlay, /camera/image_raw, /lane/center_offset, /lane/steering_angle] bad callback: <bound method LaneTrackingNode.image_cb of <__main__.LaneTrackingNode object at 0x7f55bef5a1c0>>
Traceback (most recent call last):
  File "/opt/ros/noetic/lib/python3/dist-packages/rospy/topics.py", line 750, in _invoke_callback
    cb(msg)
  File "/home/hyeongseon/catkin_ws/src/lane_tracking_pkg/scripts/lane_tracking_node.py", line 99, in image_cb
    self.handle_frame(frame, msg.header)
  File "/home/hyeongseon/catkin_ws/src/lane_tracking_pkg/scripts/lane_tracking_node.py", line 111, in handle_frame
    lane_center, roi_overlay = detect_lane_center(edges, roi_color, self.debug)
  File "/home/hyeongseon/catkin_ws/src/lane_tracking_pkg/vision/detector.py", line 63, in detect_lane_center
    left_line = _fit_lane(np.vstack(left_points)) if left_points else None
TypeError: _fit_lane() missing 2 required positional arguments: 'y_bottom' and 'y_top'

1758341684.164476871 ERROR /lane_tracking_node [topics.py:753(_SubscriberImpl._invoke_callback)] [topics: /rosout, /lane_overlay, /camera/image_raw, /lane/center_offset, /lane/steering_angle] bad callback: <bound method LaneTrackingNode.image_cb of <__main__.LaneTrackingNode object at 0x7f55bef5a1c0>>
Traceback (most recent call last):
  File "/opt/ros/noetic/lib/python3/dist-packages/rospy/topics.py", line 750, in _invoke_callback
    cb(msg)
  File "/home/hyeongseon/catkin_ws/src/lane_tracking_pkg/scripts/lane_tracking_node.py", line 99, in image_cb
    self.handle_frame(frame, msg.header)
  File "/home/hyeongseon/catkin_ws/src/lane_tracking_pkg/scripts/lane_tracking_node.py", line 111, in handle_frame
    lane_center, roi_overlay = detect_lane_center(edges, roi_color, self.debug)
  File "/home/hyeongseon/catkin_ws/src/lane_tracking_pkg/vision/detector.py", line 63, in detect_lane_center
    left_line = _fit_lane(np.vstack(left_points)) if left_points else None
TypeError: _fit_lane() missing 2 required positional arguments: 'y_bottom' and 'y_top'

1758341684.195762395 ERROR /lane_tracking_node [topics.py:753(_SubscriberImpl._invoke_callback)] [topics: /rosout, /lane_overlay, /camera/image_raw, /lane/center_offset, /lane/steering_angle] bad callback: <bound method LaneTrackingNode.image_cb of <__main__.LaneTrackingNode object at 0x7f55bef5a1c0>>
Traceback (most recent call last):
  File "/opt/ros/noetic/lib/python3/dist-packages/rospy/topics.py", line 750, in _invoke_callback
    cb(msg)
  File "/home/hyeongseon/catkin_ws/src/lane_tracking_pkg/scripts/lane_tracking_node.py", line 99, in image_cb
    self.handle_frame(frame, msg.header)
  File "/home/hyeongseon/catkin_ws/src/lane_tracking_pkg/scripts/lane_tracking_node.py", line 111, in handle_frame
    lane_center, roi_overlay = detect_lane_center(edges, roi_color, self.debug)
  File "/home/hyeongseon/catkin_ws/src/lane_tracking_pkg/vision/detector.py", line 63, in detect_lane_center
    left_line = _fit_lane(np.vstack(left_points)) if left_points else None
TypeError: _fit_lane() missing 2 required positional arguments: 'y_bottom' and 'y_top'

1758341684.237287998 ERROR /lane_tracking_node [topics.py:753(_SubscriberImpl._invoke_callback)] [topics: /rosout, /lane_overlay, /camera/image_raw, /lane/center_offset, /lane/steering_angle] bad callback: <bound method LaneTrackingNode.image_cb of <__main__.LaneTrackingNode object at 0x7f55bef5a1c0>>
Traceback (most recent call last):
  File "/opt/ros/noetic/lib/python3/dist-packages/rospy/topics.py", line 750, in _invoke_callback
    cb(msg)
  File "/home/hyeongseon/catkin_ws/src/lane_tracking_pkg/scripts/lane_tracking_node.py", line 99, in image_cb
    self.handle_frame(frame, msg.header)
  File "/home/hyeongseon/catkin_ws/src/lane_tracking_pkg/scripts/lane_tracking_node.py", line 111, in handle_frame
    lane_center, roi_overlay = detect_lane_center(edges, roi_color, self.debug)
  File "/home/hyeongseon/catkin_ws/src/lane_tracking_pkg/vision/detector.py", line 63, in detect_lane_center
    left_line = _fit_lane(np.vstack(left_points)) if left_points else None
TypeError: _fit_lane() missing 2 required positional arguments: 'y_bottom' and 'y_top'

1758341684.278506755 ERROR /lane_tracking_node [topics.py:753(_SubscriberImpl._invoke_callback)] [topics: /rosout, /lane_overlay, /camera/image_raw, /lane/center_offset, /lane/steering_angle] bad callback: <bound method LaneTrackingNode.image_cb of <__main__.LaneTrackingNode object at 0x7f55bef5a1c0>>
Traceback (most recent call last):
  File "/opt/ros/noetic/lib/python3/dist-packages/rospy/topics.py", line 750, in _invoke_callback
    cb(msg)
  File "/home/hyeongseon/catkin_ws/src/lane_tracking_pkg/scripts/lane_tracking_node.py", line 99, in image_cb
    self.handle_frame(frame, msg.header)
  File "/home/hyeongseon/catkin_ws/src/lane_tracking_pkg/scripts/lane_tracking_node.py", line 111, in handle_frame
    lane_center, roi_overlay = detect_lane_center(edges, roi_color, self.debug)
  File "/home/hyeongseon/catkin_ws/src/lane_tracking_pkg/vision/detector.py", line 63, in detect_lane_center
    left_line = _fit_lane(np.vstack(left_points)) if left_points else None
TypeError: _fit_lane() missing 2 required positional arguments: 'y_bottom' and 'y_top'

1758341684.317013263 ERROR /lane_tracking_node [topics.py:753(_SubscriberImpl._invoke_callback)] [topics: /rosout, /lane_overlay, /camera/image_raw, /lane/center_offset, /lane/steering_angle] bad callback: <bound method LaneTrackingNode.image_cb of <__main__.LaneTrackingNode object at 0x7f55bef5a1c0>>
Traceback (most recent call last):
  File "/opt/ros/noetic/lib/python3/dist-packages/rospy/topics.py", line 750, in _invoke_callback
    cb(msg)
  File "/home/hyeongseon/catkin_ws/src/lane_tracking_pkg/scripts/lane_tracking_node.py", line 99, in image_cb
    self.handle_frame(frame, msg.header)
  File "/home/hyeongseon/catkin_ws/src/lane_tracking_pkg/scripts/lane_tracking_node.py", line 111, in handle_frame
    lane_center, roi_overlay = detect_lane_center(edges, roi_color, self.debug)
  File "/home/hyeongseon/catkin_ws/src/lane_tracking_pkg/vision/detector.py", line 63, in detect_lane_center
    left_line = _fit_lane(np.vstack(left_points)) if left_points else None
TypeError: _fit_lane() missing 2 required positional arguments: 'y_bottom' and 'y_top'

1758341684.348552942 ERROR /lane_tracking_node [topics.py:753(_SubscriberImpl._invoke_callback)] [topics: /rosout, /lane_overlay, /camera/image_raw, /lane/center_offset, /lane/steering_angle] bad callback: <bound method LaneTrackingNode.image_cb of <__main__.LaneTrackingNode object at 0x7f55bef5a1c0>>
Traceback (most recent call last):
  File "/opt/ros/noetic/lib/python3/dist-packages/rospy/topics.py", line 750, in _invoke_callback
    cb(msg)
  File "/home/hyeongseon/catkin_ws/src/lane_tracking_pkg/scripts/lane_tracking_node.py", line 99, in image_cb
    self.handle_frame(frame, msg.header)
  File "/home/hyeongseon/catkin_ws/src/lane_tracking_pkg/scripts/lane_tracking_node.py", line 111, in handle_frame
    lane_center, roi_overlay = detect_lane_center(edges, roi_color, self.debug)
  File "/home/hyeongseon/catkin_ws/src/lane_tracking_pkg/vision/detector.py", line 63, in detect_lane_center
    left_line = _fit_lane(np.vstack(left_points)) if left_points else None
TypeError: _fit_lane() missing 2 required positional arguments: 'y_bottom' and 'y_top'

1758341684.393901586 ERROR /lane_tracking_node [topics.py:753(_SubscriberImpl._invoke_callback)] [topics: /rosout, /lane_overlay, /camera/image_raw, /lane/center_offset, /lane/steering_angle] bad callback: <bound method LaneTrackingNode.image_cb of <__main__.LaneTrackingNode object at 0x7f55bef5a1c0>>
Traceback (most recent call last):
  File "/opt/ros/noetic/lib/python3/dist-packages/rospy/topics.py", line 750, in _invoke_callback
    cb(msg)
  File "/home/hyeongseon/catkin_ws/src/lane_tracking_pkg/scripts/lane_tracking_node.py", line 99, in image_cb
    self.handle_frame(frame, msg.header)
  File "/home/hyeongseon/catkin_ws/src/lane_tracking_pkg/scripts/lane_tracking_node.py", line 111, in handle_frame
    lane_center, roi_overlay = detect_lane_center(edges, roi_color, self.debug)
  File "/home/hyeongseon/catkin_ws/src/lane_tracking_pkg/vision/detector.py", line 63, in detect_lane_center
    left_line = _fit_lane(np.vstack(left_points)) if left_points else None
TypeError: _fit_lane() missing 2 required positional arguments: 'y_bottom' and 'y_top'

1758341684.412528991 ERROR /lane_tracking_node [topics.py:753(_SubscriberImpl._invoke_callback)] [topics: /rosout, /lane_overlay, /camera/image_raw, /lane/center_offset, /lane/steering_angle] bad callback: <bound method LaneTrackingNode.image_cb of <__main__.LaneTrackingNode object at 0x7f55bef5a1c0>>
Traceback (most recent call last):
  File "/opt/ros/noetic/lib/python3/dist-packages/rospy/topics.py", line 750, in _invoke_callback
    cb(msg)
  File "/home/hyeongseon/catkin_ws/src/lane_tracking_pkg/scripts/lane_tracking_node.py", line 99, in image_cb
    self.handle_frame(frame, msg.header)
  File "/home/hyeongseon/catkin_ws/src/lane_tracking_pkg/scripts/lane_tracking_node.py", line 111, in handle_frame
    lane_center, roi_overlay = detect_lane_center(edges, roi_color, self.debug)
  File "/home/hyeongseon/catkin_ws/src/lane_tracking_pkg/vision/detector.py", line 63, in detect_lane_center
    left_line = _fit_lane(np.vstack(left_points)) if left_points else None
TypeError: _fit_lane() missing 2 required positional arguments: 'y_bottom' and 'y_top'

1758341684.439352035 ERROR /lane_tracking_node [topics.py:753(_SubscriberImpl._invoke_callback)] [topics: /rosout, /lane_overlay, /camera/image_raw, /lane/center_offset, /lane/steering_angle] bad callback: <bound method LaneTrackingNode.image_cb of <__main__.LaneTrackingNode object at 0x7f55bef5a1c0>>
Traceback (most recent call last):
  File "/opt/ros/noetic/lib/python3/dist-packages/rospy/topics.py", line 750, in _invoke_callback
    cb(msg)
  File "/home/hyeongseon/catkin_ws/src/lane_tracking_pkg/scripts/lane_tracking_node.py", line 99, in image_cb
    self.handle_frame(frame, msg.header)
  File "/home/hyeongseon/catkin_ws/src/lane_tracking_pkg/scripts/lane_tracking_node.py", line 111, in handle_frame
    lane_center, roi_overlay = detect_lane_center(edges, roi_color, self.debug)
  File "/home/hyeongseon/catkin_ws/src/lane_tracking_pkg/vision/detector.py", line 63, in detect_lane_center
    left_line = _fit_lane(np.vstack(left_points)) if left_points else None
TypeError: _fit_lane() missing 2 required positional arguments: 'y_bottom' and 'y_top'

1758341684.472301721 ERROR /lane_tracking_node [topics.py:753(_SubscriberImpl._invoke_callback)] [topics: /rosout, /lane_overlay, /camera/image_raw, /lane/center_offset, /lane/steering_angle] bad callback: <bound method LaneTrackingNode.image_cb of <__main__.LaneTrackingNode object at 0x7f55bef5a1c0>>
Traceback (most recent call last):
  File "/opt/ros/noetic/lib/python3/dist-packages/rospy/topics.py", line 750, in _invoke_callback
    cb(msg)
  File "/home/hyeongseon/catkin_ws/src/lane_tracking_pkg/scripts/lane_tracking_node.py", line 99, in image_cb
    self.handle_frame(frame, msg.header)
  File "/home/hyeongseon/catkin_ws/src/lane_tracking_pkg/scripts/lane_tracking_node.py", line 111, in handle_frame
    lane_center, roi_overlay = detect_lane_center(edges, roi_color, self.debug)
  File "/home/hyeongseon/catkin_ws/src/lane_tracking_pkg/vision/detector.py", line 63, in detect_lane_center
    left_line = _fit_lane(np.vstack(left_points)) if left_points else None
TypeError: _fit_lane() missing 2 required positional arguments: 'y_bottom' and 'y_top'

1758341684.511416435 ERROR /lane_tracking_node [topics.py:753(_SubscriberImpl._invoke_callback)] [topics: /rosout, /lane_overlay, /camera/image_raw, /lane/center_offset, /lane/steering_angle] bad callback: <bound method LaneTrackingNode.image_cb of <__main__.LaneTrackingNode object at 0x7f55bef5a1c0>>
Traceback (most recent call last):
  File "/opt/ros/noetic/lib/python3/dist-packages/rospy/topics.py", line 750, in _invoke_callback
    cb(msg)
  File "/home/hyeongseon/catkin_ws/src/lane_tracking_pkg/scripts/lane_tracking_node.py", line 99, in image_cb
    self.handle_frame(frame, msg.header)
  File "/home/hyeongseon/catkin_ws/src/lane_tracking_pkg/scripts/lane_tracking_node.py", line 111, in handle_frame
    lane_center, roi_overlay = detect_lane_center(edges, roi_color, self.debug)
  File "/home/hyeongseon/catkin_ws/src/lane_tracking_pkg/vision/detector.py", line 63, in detect_lane_center
    left_line = _fit_lane(np.vstack(left_points)) if left_points else None
TypeError: _fit_lane() missing 2 required positional arguments: 'y_bottom' and 'y_top'

1758341684.535015344 ERROR /lane_tracking_node [topics.py:753(_SubscriberImpl._invoke_callback)] [topics: /rosout, /lane_overlay, /camera/image_raw, /lane/center_offset, /lane/steering_angle] bad callback: <bound method LaneTrackingNode.image_cb of <__main__.LaneTrackingNode object at 0x7f55bef5a1c0>>
Traceback (most recent call last):
  File "/opt/ros/noetic/lib/python3/dist-packages/rospy/topics.py", line 750, in _invoke_callback
    cb(msg)
  File "/home/hyeongseon/catkin_ws/src/lane_tracking_pkg/scripts/lane_tracking_node.py", line 99, in image_cb
    self.handle_frame(frame, msg.header)
  File "/home/hyeongseon/catkin_ws/src/lane_tracking_pkg/scripts/lane_tracking_node.py", line 111, in handle_frame
    lane_center, roi_overlay = detect_lane_center(edges, roi_color, self.debug)
  File "/home/hyeongseon/catkin_ws/src/lane_tracking_pkg/vision/detector.py", line 63, in detect_lane_center
    left_line = _fit_lane(np.vstack(left_points)) if left_points else None
TypeError: _fit_lane() missing 2 required positional arguments: 'y_bottom' and 'y_top'

1758341684.574341297 ERROR /lane_tracking_node [topics.py:753(_SubscriberImpl._invoke_callback)] [topics: /rosout, /lane_overlay, /camera/image_raw, /lane/center_offset, /lane/steering_angle] bad callback: <bound method LaneTrackingNode.image_cb of <__main__.LaneTrackingNode object at 0x7f55bef5a1c0>>
Traceback (most recent call last):
  File "/opt/ros/noetic/lib/python3/dist-packages/rospy/topics.py", line 750, in _invoke_callback
    cb(msg)
  File "/home/hyeongseon/catkin_ws/src/lane_tracking_pkg/scripts/lane_tracking_node.py", line 99, in image_cb
    self.handle_frame(frame, msg.header)
  File "/home/hyeongseon/catkin_ws/src/lane_tracking_pkg/scripts/lane_tracking_node.py", line 111, in handle_frame
    lane_center, roi_overlay = detect_lane_center(edges, roi_color, self.debug)
  File "/home/hyeongseon/catkin_ws/src/lane_tracking_pkg/vision/detector.py", line 63, in detect_lane_center
    left_line = _fit_lane(np.vstack(left_points)) if left_points else None
TypeError: _fit_lane() missing 2 required positional arguments: 'y_bottom' and 'y_top'

1758341684.607383251 ERROR /lane_tracking_node [topics.py:753(_SubscriberImpl._invoke_callback)] [topics: /rosout, /lane_overlay, /camera/image_raw, /lane/center_offset, /lane/steering_angle] bad callback: <bound method LaneTrackingNode.image_cb of <__main__.LaneTrackingNode object at 0x7f55bef5a1c0>>
Traceback (most recent call last):
  File "/opt/ros/noetic/lib/python3/dist-packages/rospy/topics.py", line 750, in _invoke_callback
    cb(msg)
  File "/home/hyeongseon/catkin_ws/src/lane_tracking_pkg/scripts/lane_tracking_node.py", line 99, in image_cb
    self.handle_frame(frame, msg.header)
  File "/home/hyeongseon/catkin_ws/src/lane_tracking_pkg/scripts/lane_tracking_node.py", line 111, in handle_frame
    lane_center, roi_overlay = detect_lane_center(edges, roi_color, self.debug)
  File "/home/hyeongseon/catkin_ws/src/lane_tracking_pkg/vision/detector.py", line 63, in detect_lane_center
    left_line = _fit_lane(np.vstack(left_points)) if left_points else None
TypeError: _fit_lane() missing 2 required positional arguments: 'y_bottom' and 'y_top'

1758341684.636891126 ERROR /lane_tracking_node [topics.py:753(_SubscriberImpl._invoke_callback)] [topics: /rosout, /lane_overlay, /camera/image_raw, /lane/center_offset, /lane/steering_angle] bad callback: <bound method LaneTrackingNode.image_cb of <__main__.LaneTrackingNode object at 0x7f55bef5a1c0>>
Traceback (most recent call last):
  File "/opt/ros/noetic/lib/python3/dist-packages/rospy/topics.py", line 750, in _invoke_callback
    cb(msg)
  File "/home/hyeongseon/catkin_ws/src/lane_tracking_pkg/scripts/lane_tracking_node.py", line 99, in image_cb
    self.handle_frame(frame, msg.header)
  File "/home/hyeongseon/catkin_ws/src/lane_tracking_pkg/scripts/lane_tracking_node.py", line 111, in handle_frame
    lane_center, roi_overlay = detect_lane_center(edges, roi_color, self.debug)
  File "/home/hyeongseon/catkin_ws/src/lane_tracking_pkg/vision/detector.py", line 63, in detect_lane_center
    left_line = _fit_lane(np.vstack(left_points)) if left_points else None
TypeError: _fit_lane() missing 2 required positional arguments: 'y_bottom' and 'y_top'

1758341684.670607089 ERROR /lane_tracking_node [topics.py:753(_SubscriberImpl._invoke_callback)] [topics: /rosout, /lane_overlay, /camera/image_raw, /lane/center_offset, /lane/steering_angle] bad callback: <bound method LaneTrackingNode.image_cb of <__main__.LaneTrackingNode object at 0x7f55bef5a1c0>>
Traceback (most recent call last):
  File "/opt/ros/noetic/lib/python3/dist-packages/rospy/topics.py", line 750, in _invoke_callback
    cb(msg)
  File "/home/hyeongseon/catkin_ws/src/lane_tracking_pkg/scripts/lane_tracking_node.py", line 99, in image_cb
    self.handle_frame(frame, msg.header)
  File "/home/hyeongseon/catkin_ws/src/lane_tracking_pkg/scripts/lane_tracking_node.py", line 111, in handle_frame
    lane_center, roi_overlay = detect_lane_center(edges, roi_color, self.debug)
  File "/home/hyeongseon/catkin_ws/src/lane_tracking_pkg/vision/detector.py", line 63, in detect_lane_center
    left_line = _fit_lane(np.vstack(left_points)) if left_points else None
TypeError: _fit_lane() missing 2 required positional arguments: 'y_bottom' and 'y_top'

1758341684.697833061 ERROR /lane_tracking_node [topics.py:753(_SubscriberImpl._invoke_callback)] [topics: /rosout, /lane_overlay, /camera/image_raw, /lane/center_offset, /lane/steering_angle] bad callback: <bound method LaneTrackingNode.image_cb of <__main__.LaneTrackingNode object at 0x7f55bef5a1c0>>
Traceback (most recent call last):
  File "/opt/ros/noetic/lib/python3/dist-packages/rospy/topics.py", line 750, in _invoke_callback
    cb(msg)
  File "/home/hyeongseon/catkin_ws/src/lane_tracking_pkg/scripts/lane_tracking_node.py", line 99, in image_cb
    self.handle_frame(frame, msg.header)
  File "/home/hyeongseon/catkin_ws/src/lane_tracking_pkg/scripts/lane_tracking_node.py", line 111, in handle_frame
    lane_center, roi_overlay = detect_lane_center(edges, roi_color, self.debug)
  File "/home/hyeongseon/catkin_ws/src/lane_tracking_pkg/vision/detector.py", line 63, in detect_lane_center
    left_line = _fit_lane(np.vstack(left_points)) if left_points else None
TypeError: _fit_lane() missing 2 required positional arguments: 'y_bottom' and 'y_top'

1758341684.742326021 ERROR /lane_tracking_node [topics.py:753(_SubscriberImpl._invoke_callback)] [topics: /rosout, /lane_overlay, /camera/image_raw, /lane/center_offset, /lane/steering_angle] bad callback: <bound method LaneTrackingNode.image_cb of <__main__.LaneTrackingNode object at 0x7f55bef5a1c0>>
Traceback (most recent call last):
  File "/opt/ros/noetic/lib/python3/dist-packages/rospy/topics.py", line 750, in _invoke_callback
    cb(msg)
  File "/home/hyeongseon/catkin_ws/src/lane_tracking_pkg/scripts/lane_tracking_node.py", line 99, in image_cb
    self.handle_frame(frame, msg.header)
  File "/home/hyeongseon/catkin_ws/src/lane_tracking_pkg/scripts/lane_tracking_node.py", line 111, in handle_frame
    lane_center, roi_overlay = detect_lane_center(edges, roi_color, self.debug)
  File "/home/hyeongseon/catkin_ws/src/lane_tracking_pkg/vision/detector.py", line 63, in detect_lane_center
    left_line = _fit_lane(np.vstack(left_points)) if left_points else None
TypeError: _fit_lane() missing 2 required positional arguments: 'y_bottom' and 'y_top'

1758341684.782237768 ERROR /lane_tracking_node [topics.py:753(_SubscriberImpl._invoke_callback)] [topics: /rosout, /lane_overlay, /camera/image_raw, /lane/center_offset, /lane/steering_angle] bad callback: <bound method LaneTrackingNode.image_cb of <__main__.LaneTrackingNode object at 0x7f55bef5a1c0>>
Traceback (most recent call last):
  File "/opt/ros/noetic/lib/python3/dist-packages/rospy/topics.py", line 750, in _invoke_callback
    cb(msg)
  File "/home/hyeongseon/catkin_ws/src/lane_tracking_pkg/scripts/lane_tracking_node.py", line 99, in image_cb
    self.handle_frame(frame, msg.header)
  File "/home/hyeongseon/catkin_ws/src/lane_tracking_pkg/scripts/lane_tracking_node.py", line 111, in handle_frame
    lane_center, roi_overlay = detect_lane_center(edges, roi_color, self.debug)
  File "/home/hyeongseon/catkin_ws/src/lane_tracking_pkg/vision/detector.py", line 63, in detect_lane_center
    left_line = _fit_lane(np.vstack(left_points)) if left_points else None
TypeError: _fit_lane() missing 2 required positional arguments: 'y_bottom' and 'y_top'

1758341684.814507246 ERROR /lane_tracking_node [topics.py:753(_SubscriberImpl._invoke_callback)] [topics: /rosout, /lane_overlay, /camera/image_raw, /lane/center_offset, /lane/steering_angle] bad callback: <bound method LaneTrackingNode.image_cb of <__main__.LaneTrackingNode object at 0x7f55bef5a1c0>>
Traceback (most recent call last):
  File "/opt/ros/noetic/lib/python3/dist-packages/rospy/topics.py", line 750, in _invoke_callback
    cb(msg)
  File "/home/hyeongseon/catkin_ws/src/lane_tracking_pkg/scripts/lane_tracking_node.py", line 99, in image_cb
    self.handle_frame(frame, msg.header)
  File "/home/hyeongseon/catkin_ws/src/lane_tracking_pkg/scripts/lane_tracking_node.py", line 111, in handle_frame
    lane_center, roi_overlay = detect_lane_center(edges, roi_color, self.debug)
  File "/home/hyeongseon/catkin_ws/src/lane_tracking_pkg/vision/detector.py", line 63, in detect_lane_center
    left_line = _fit_lane(np.vstack(left_points)) if left_points else None
TypeError: _fit_lane() missing 2 required positional arguments: 'y_bottom' and 'y_top'

1758341684.878035306 ERROR /lane_tracking_node [topics.py:753(_SubscriberImpl._invoke_callback)] [topics: /rosout, /lane_overlay, /camera/image_raw, /lane/center_offset, /lane/steering_angle] bad callback: <bound method LaneTrackingNode.image_cb of <__main__.LaneTrackingNode object at 0x7f55bef5a1c0>>
Traceback (most recent call last):
  File "/opt/ros/noetic/lib/python3/dist-packages/rospy/topics.py", line 750, in _invoke_callback
    cb(msg)
  File "/home/hyeongseon/catkin_ws/src/lane_tracking_pkg/scripts/lane_tracking_node.py", line 99, in image_cb
    self.handle_frame(frame, msg.header)
  File "/home/hyeongseon/catkin_ws/src/lane_tracking_pkg/scripts/lane_tracking_node.py", line 111, in handle_frame
    lane_center, roi_overlay = detect_lane_center(edges, roi_color, self.debug)
  File "/home/hyeongseon/catkin_ws/src/lane_tracking_pkg/vision/detector.py", line 63, in detect_lane_center
    left_line = _fit_lane(np.vstack(left_points)) if left_points else None
TypeError: _fit_lane() missing 2 required positional arguments: 'y_bottom' and 'y_top'

1758341684.903500556 ERROR /lane_tracking_node [topics.py:753(_SubscriberImpl._invoke_callback)] [topics: /rosout, /lane_overlay, /camera/image_raw, /lane/center_offset, /lane/steering_angle] bad callback: <bound method LaneTrackingNode.image_cb of <__main__.LaneTrackingNode object at 0x7f55bef5a1c0>>
Traceback (most recent call last):
  File "/opt/ros/noetic/lib/python3/dist-packages/rospy/topics.py", line 750, in _invoke_callback
    cb(msg)
  File "/home/hyeongseon/catkin_ws/src/lane_tracking_pkg/scripts/lane_tracking_node.py", line 99, in image_cb
    self.handle_frame(frame, msg.header)
  File "/home/hyeongseon/catkin_ws/src/lane_tracking_pkg/scripts/lane_tracking_node.py", line 111, in handle_frame
    lane_center, roi_overlay = detect_lane_center(edges, roi_color, self.debug)
  File "/home/hyeongseon/catkin_ws/src/lane_tracking_pkg/vision/detector.py", line 63, in detect_lane_center
    left_line = _fit_lane(np.vstack(left_points)) if left_points else None
TypeError: _fit_lane() missing 2 required positional arguments: 'y_bottom' and 'y_top'

1758341684.927903175 ERROR /lane_tracking_node [topics.py:753(_SubscriberImpl._invoke_callback)] [topics: /rosout, /lane_overlay, /camera/image_raw, /lane/center_offset, /lane/steering_angle] bad callback: <bound method LaneTrackingNode.image_cb of <__main__.LaneTrackingNode object at 0x7f55bef5a1c0>>
Traceback (most recent call last):
  File "/opt/ros/noetic/lib/python3/dist-packages/rospy/topics.py", line 750, in _invoke_callback
    cb(msg)
  File "/home/hyeongseon/catkin_ws/src/lane_tracking_pkg/scripts/lane_tracking_node.py", line 99, in image_cb
    self.handle_frame(frame, msg.header)
  File "/home/hyeongseon/catkin_ws/src/lane_tracking_pkg/scripts/lane_tracking_node.py", line 111, in handle_frame
    lane_center, roi_overlay = detect_lane_center(edges, roi_color, self.debug)
  File "/home/hyeongseon/catkin_ws/src/lane_tracking_pkg/vision/detector.py", line 63, in detect_lane_center
    left_line = _fit_lane(np.vstack(left_points)) if left_points else None
TypeError: _fit_lane() missing 2 required positional arguments: 'y_bottom' and 'y_top'

1758341684.953233242 ERROR /lane_tracking_node [topics.py:753(_SubscriberImpl._invoke_callback)] [topics: /rosout, /lane_overlay, /camera/image_raw, /lane/center_offset, /lane/steering_angle] bad callback: <bound method LaneTrackingNode.image_cb of <__main__.LaneTrackingNode object at 0x7f55bef5a1c0>>
Traceback (most recent call last):
  File "/opt/ros/noetic/lib/python3/dist-packages/rospy/topics.py", line 750, in _invoke_callback
    cb(msg)
  File "/home/hyeongseon/catkin_ws/src/lane_tracking_pkg/scripts/lane_tracking_node.py", line 99, in image_cb
    self.handle_frame(frame, msg.header)
  File "/home/hyeongseon/catkin_ws/src/lane_tracking_pkg/scripts/lane_tracking_node.py", line 111, in handle_frame
    lane_center, roi_overlay = detect_lane_center(edges, roi_color, self.debug)
  File "/home/hyeongseon/catkin_ws/src/lane_tracking_pkg/vision/detector.py", line 63, in detect_lane_center
    left_line = _fit_lane(np.vstack(left_points)) if left_points else None
TypeError: _fit_lane() missing 2 required positional arguments: 'y_bottom' and 'y_top'

1758341684.991155862 ERROR /lane_tracking_node [topics.py:753(_SubscriberImpl._invoke_callback)] [topics: /rosout, /lane_overlay, /camera/image_raw, /lane/center_offset, /lane/steering_angle] bad callback: <bound method LaneTrackingNode.image_cb of <__main__.LaneTrackingNode object at 0x7f55bef5a1c0>>
Traceback (most recent call last):
  File "/opt/ros/noetic/lib/python3/dist-packages/rospy/topics.py", line 750, in _invoke_callback
    cb(msg)
  File "/home/hyeongseon/catkin_ws/src/lane_tracking_pkg/scripts/lane_tracking_node.py", line 99, in image_cb
    self.handle_frame(frame, msg.header)
  File "/home/hyeongseon/catkin_ws/src/lane_tracking_pkg/scripts/lane_tracking_node.py", line 111, in handle_frame
    lane_center, roi_overlay = detect_lane_center(edges, roi_color, self.debug)
  File "/home/hyeongseon/catkin_ws/src/lane_tracking_pkg/vision/detector.py", line 63, in detect_lane_center
    left_line = _fit_lane(np.vstack(left_points)) if left_points else None
TypeError: _fit_lane() missing 2 required positional arguments: 'y_bottom' and 'y_top'

1758341685.021632194 ERROR /lane_tracking_node [topics.py:753(_SubscriberImpl._invoke_callback)] [topics: /rosout, /lane_overlay, /camera/image_raw, /lane/center_offset, /lane/steering_angle] bad callback: <bound method LaneTrackingNode.image_cb of <__main__.LaneTrackingNode object at 0x7f55bef5a1c0>>
Traceback (most recent call last):
  File "/opt/ros/noetic/lib/python3/dist-packages/rospy/topics.py", line 750, in _invoke_callback
    cb(msg)
  File "/home/hyeongseon/catkin_ws/src/lane_tracking_pkg/scripts/lane_tracking_node.py", line 99, in image_cb
    self.handle_frame(frame, msg.header)
  File "/home/hyeongseon/catkin_ws/src/lane_tracking_pkg/scripts/lane_tracking_node.py", line 111, in handle_frame
    lane_center, roi_overlay = detect_lane_center(edges, roi_color, self.debug)
  File "/home/hyeongseon/catkin_ws/src/lane_tracking_pkg/vision/detector.py", line 63, in detect_lane_center
    left_line = _fit_lane(np.vstack(left_points)) if left_points else None
TypeError: _fit_lane() missing 2 required positional arguments: 'y_bottom' and 'y_top'

1758341685.043626070 ERROR /lane_tracking_node [topics.py:753(_SubscriberImpl._invoke_callback)] [topics: /rosout, /lane_overlay, /camera/image_raw, /lane/center_offset, /lane/steering_angle] bad callback: <bound method LaneTrackingNode.image_cb of <__main__.LaneTrackingNode object at 0x7f55bef5a1c0>>
Traceback (most recent call last):
  File "/opt/ros/noetic/lib/python3/dist-packages/rospy/topics.py", line 750, in _invoke_callback
    cb(msg)
  File "/home/hyeongseon/catkin_ws/src/lane_tracking_pkg/scripts/lane_tracking_node.py", line 99, in image_cb
    self.handle_frame(frame, msg.header)
  File "/home/hyeongseon/catkin_ws/src/lane_tracking_pkg/scripts/lane_tracking_node.py", line 111, in handle_frame
    lane_center, roi_overlay = detect_lane_center(edges, roi_color, self.debug)
  File "/home/hyeongseon/catkin_ws/src/lane_tracking_pkg/vision/detector.py", line 63, in detect_lane_center
    left_line = _fit_lane(np.vstack(left_points)) if left_points else None
TypeError: _fit_lane() missing 2 required positional arguments: 'y_bottom' and 'y_top'

1758341685.074179649 ERROR /lane_tracking_node [topics.py:753(_SubscriberImpl._invoke_callback)] [topics: /rosout, /lane_overlay, /camera/image_raw, /lane/center_offset, /lane/steering_angle] bad callback: <bound method LaneTrackingNode.image_cb of <__main__.LaneTrackingNode object at 0x7f55bef5a1c0>>
Traceback (most recent call last):
  File "/opt/ros/noetic/lib/python3/dist-packages/rospy/topics.py", line 750, in _invoke_callback
    cb(msg)
  File "/home/hyeongseon/catkin_ws/src/lane_tracking_pkg/scripts/lane_tracking_node.py", line 99, in image_cb
    self.handle_frame(frame, msg.header)
  File "/home/hyeongseon/catkin_ws/src/lane_tracking_pkg/scripts/lane_tracking_node.py", line 111, in handle_frame
    lane_center, roi_overlay = detect_lane_center(edges, roi_color, self.debug)
  File "/home/hyeongseon/catkin_ws/src/lane_tracking_pkg/vision/detector.py", line 63, in detect_lane_center
    left_line = _fit_lane(np.vstack(left_points)) if left_points else None
TypeError: _fit_lane() missing 2 required positional arguments: 'y_bottom' and 'y_top'

1758341685.106373310 ERROR /lane_tracking_node [topics.py:753(_SubscriberImpl._invoke_callback)] [topics: /rosout, /lane_overlay, /camera/image_raw, /lane/center_offset, /lane/steering_angle] bad callback: <bound method LaneTrackingNode.image_cb of <__main__.LaneTrackingNode object at 0x7f55bef5a1c0>>
Traceback (most recent call last):
  File "/opt/ros/noetic/lib/python3/dist-packages/rospy/topics.py", line 750, in _invoke_callback
    cb(msg)
  File "/home/hyeongseon/catkin_ws/src/lane_tracking_pkg/scripts/lane_tracking_node.py", line 99, in image_cb
    self.handle_frame(frame, msg.header)
  File "/home/hyeongseon/catkin_ws/src/lane_tracking_pkg/scripts/lane_tracking_node.py", line 111, in handle_frame
    lane_center, roi_overlay = detect_lane_center(edges, roi_color, self.debug)
  File "/home/hyeongseon/catkin_ws/src/lane_tracking_pkg/vision/detector.py", line 63, in detect_lane_center
    left_line = _fit_lane(np.vstack(left_points)) if left_points else None
TypeError: _fit_lane() missing 2 required positional arguments: 'y_bottom' and 'y_top'

1758341685.133358001 ERROR /lane_tracking_node [topics.py:753(_SubscriberImpl._invoke_callback)] [topics: /rosout, /lane_overlay, /camera/image_raw, /lane/center_offset, /lane/steering_angle] bad callback: <bound method LaneTrackingNode.image_cb of <__main__.LaneTrackingNode object at 0x7f55bef5a1c0>>
Traceback (most recent call last):
  File "/opt/ros/noetic/lib/python3/dist-packages/rospy/topics.py", line 750, in _invoke_callback
    cb(msg)
  File "/home/hyeongseon/catkin_ws/src/lane_tracking_pkg/scripts/lane_tracking_node.py", line 99, in image_cb
    self.handle_frame(frame, msg.header)
  File "/home/hyeongseon/catkin_ws/src/lane_tracking_pkg/scripts/lane_tracking_node.py", line 111, in handle_frame
    lane_center, roi_overlay = detect_lane_center(edges, roi_color, self.debug)
  File "/home/hyeongseon/catkin_ws/src/lane_tracking_pkg/vision/detector.py", line 63, in detect_lane_center
    left_line = _fit_lane(np.vstack(left_points)) if left_points else None
TypeError: _fit_lane() missing 2 required positional arguments: 'y_bottom' and 'y_top'

1758341685.167224884 ERROR /lane_tracking_node [topics.py:753(_SubscriberImpl._invoke_callback)] [topics: /rosout, /lane_overlay, /camera/image_raw, /lane/center_offset, /lane/steering_angle] bad callback: <bound method LaneTrackingNode.image_cb of <__main__.LaneTrackingNode object at 0x7f55bef5a1c0>>
Traceback (most recent call last):
  File "/opt/ros/noetic/lib/python3/dist-packages/rospy/topics.py", line 750, in _invoke_callback
    cb(msg)
  File "/home/hyeongseon/catkin_ws/src/lane_tracking_pkg/scripts/lane_tracking_node.py", line 99, in image_cb
    self.handle_frame(frame, msg.header)
  File "/home/hyeongseon/catkin_ws/src/lane_tracking_pkg/scripts/lane_tracking_node.py", line 111, in handle_frame
    lane_center, roi_overlay = detect_lane_center(edges, roi_color, self.debug)
  File "/home/hyeongseon/catkin_ws/src/lane_tracking_pkg/vision/detector.py", line 63, in detect_lane_center
    left_line = _fit_lane(np.vstack(left_points)) if left_points else None
TypeError: _fit_lane() missing 2 required positional arguments: 'y_bottom' and 'y_top'

1758341685.189375400 ERROR /lane_tracking_node [topics.py:753(_SubscriberImpl._invoke_callback)] [topics: /rosout, /lane_overlay, /camera/image_raw, /lane/center_offset, /lane/steering_angle] bad callback: <bound method LaneTrackingNode.image_cb of <__main__.LaneTrackingNode object at 0x7f55bef5a1c0>>
Traceback (most recent call last):
  File "/opt/ros/noetic/lib/python3/dist-packages/rospy/topics.py", line 750, in _invoke_callback
    cb(msg)
  File "/home/hyeongseon/catkin_ws/src/lane_tracking_pkg/scripts/lane_tracking_node.py", line 99, in image_cb
    self.handle_frame(frame, msg.header)
  File "/home/hyeongseon/catkin_ws/src/lane_tracking_pkg/scripts/lane_tracking_node.py", line 111, in handle_frame
    lane_center, roi_overlay = detect_lane_center(edges, roi_color, self.debug)
  File "/home/hyeongseon/catkin_ws/src/lane_tracking_pkg/vision/detector.py", line 63, in detect_lane_center
    left_line = _fit_lane(np.vstack(left_points)) if left_points else None
TypeError: _fit_lane() missing 2 required positional arguments: 'y_bottom' and 'y_top'

1758341685.219920396 ERROR /lane_tracking_node [topics.py:753(_SubscriberImpl._invoke_callback)] [topics: /rosout, /lane_overlay, /camera/image_raw, /lane/center_offset, /lane/steering_angle] bad callback: <bound method LaneTrackingNode.image_cb of <__main__.LaneTrackingNode object at 0x7f55bef5a1c0>>
Traceback (most recent call last):
  File "/opt/ros/noetic/lib/python3/dist-packages/rospy/topics.py", line 750, in _invoke_callback
    cb(msg)
  File "/home/hyeongseon/catkin_ws/src/lane_tracking_pkg/scripts/lane_tracking_node.py", line 99, in image_cb
    self.handle_frame(frame, msg.header)
  File "/home/hyeongseon/catkin_ws/src/lane_tracking_pkg/scripts/lane_tracking_node.py", line 111, in handle_frame
    lane_center, roi_overlay = detect_lane_center(edges, roi_color, self.debug)
  File "/home/hyeongseon/catkin_ws/src/lane_tracking_pkg/vision/detector.py", line 63, in detect_lane_center
    left_line = _fit_lane(np.vstack(left_points)) if left_points else None
TypeError: _fit_lane() missing 2 required positional arguments: 'y_bottom' and 'y_top'

1758341685.251058101 ERROR /lane_tracking_node [topics.py:753(_SubscriberImpl._invoke_callback)] [topics: /rosout, /lane_overlay, /camera/image_raw, /lane/center_offset, /lane/steering_angle] bad callback: <bound method LaneTrackingNode.image_cb of <__main__.LaneTrackingNode object at 0x7f55bef5a1c0>>
Traceback (most recent call last):
  File "/opt/ros/noetic/lib/python3/dist-packages/rospy/topics.py", line 750, in _invoke_callback
    cb(msg)
  File "/home/hyeongseon/catkin_ws/src/lane_tracking_pkg/scripts/lane_tracking_node.py", line 99, in image_cb
    self.handle_frame(frame, msg.header)
  File "/home/hyeongseon/catkin_ws/src/lane_tracking_pkg/scripts/lane_tracking_node.py", line 111, in handle_frame
    lane_center, roi_overlay = detect_lane_center(edges, roi_color, self.debug)
  File "/home/hyeongseon/catkin_ws/src/lane_tracking_pkg/vision/detector.py", line 63, in detect_lane_center
    left_line = _fit_lane(np.vstack(left_points)) if left_points else None
TypeError: _fit_lane() missing 2 required positional arguments: 'y_bottom' and 'y_top'

1758341685.274392843 ERROR /lane_tracking_node [topics.py:753(_SubscriberImpl._invoke_callback)] [topics: /rosout, /lane_overlay, /camera/image_raw, /lane/center_offset, /lane/steering_angle] bad callback: <bound method LaneTrackingNode.image_cb of <__main__.LaneTrackingNode object at 0x7f55bef5a1c0>>
Traceback (most recent call last):
  File "/opt/ros/noetic/lib/python3/dist-packages/rospy/topics.py", line 750, in _invoke_callback
    cb(msg)
  File "/home/hyeongseon/catkin_ws/src/lane_tracking_pkg/scripts/lane_tracking_node.py", line 99, in image_cb
    self.handle_frame(frame, msg.header)
  File "/home/hyeongseon/catkin_ws/src/lane_tracking_pkg/scripts/lane_tracking_node.py", line 111, in handle_frame
    lane_center, roi_overlay = detect_lane_center(edges, roi_color, self.debug)
  File "/home/hyeongseon/catkin_ws/src/lane_tracking_pkg/vision/detector.py", line 63, in detect_lane_center
    left_line = _fit_lane(np.vstack(left_points)) if left_points else None
TypeError: _fit_lane() missing 2 required positional arguments: 'y_bottom' and 'y_top'

1758341685.299016475 ERROR /lane_tracking_node [topics.py:753(_SubscriberImpl._invoke_callback)] [topics: /rosout, /lane_overlay, /camera/image_raw, /lane/center_offset, /lane/steering_angle] bad callback: <bound method LaneTrackingNode.image_cb of <__main__.LaneTrackingNode object at 0x7f55bef5a1c0>>
Traceback (most recent call last):
  File "/opt/ros/noetic/lib/python3/dist-packages/rospy/topics.py", line 750, in _invoke_callback
    cb(msg)
  File "/home/hyeongseon/catkin_ws/src/lane_tracking_pkg/scripts/lane_tracking_node.py", line 99, in image_cb
    self.handle_frame(frame, msg.header)
  File "/home/hyeongseon/catkin_ws/src/lane_tracking_pkg/scripts/lane_tracking_node.py", line 111, in handle_frame
    lane_center, roi_overlay = detect_lane_center(edges, roi_color, self.debug)
  File "/home/hyeongseon/catkin_ws/src/lane_tracking_pkg/vision/detector.py", line 63, in detect_lane_center
    left_line = _fit_lane(np.vstack(left_points)) if left_points else None
TypeError: _fit_lane() missing 2 required positional arguments: 'y_bottom' and 'y_top'

1758341685.326620340 ERROR /lane_tracking_node [topics.py:753(_SubscriberImpl._invoke_callback)] [topics: /rosout, /lane_overlay, /camera/image_raw, /lane/center_offset, /lane/steering_angle] bad callback: <bound method LaneTrackingNode.image_cb of <__main__.LaneTrackingNode object at 0x7f55bef5a1c0>>
Traceback (most recent call last):
  File "/opt/ros/noetic/lib/python3/dist-packages/rospy/topics.py", line 750, in _invoke_callback
    cb(msg)
  File "/home/hyeongseon/catkin_ws/src/lane_tracking_pkg/scripts/lane_tracking_node.py", line 99, in image_cb
    self.handle_frame(frame, msg.header)
  File "/home/hyeongseon/catkin_ws/src/lane_tracking_pkg/scripts/lane_tracking_node.py", line 111, in handle_frame
    lane_center, roi_overlay = detect_lane_center(edges, roi_color, self.debug)
  File "/home/hyeongseon/catkin_ws/src/lane_tracking_pkg/vision/detector.py", line 63, in detect_lane_center
    left_line = _fit_lane(np.vstack(left_points)) if left_points else None
TypeError: _fit_lane() missing 2 required positional arguments: 'y_bottom' and 'y_top'

1758341685.359221220 ERROR /lane_tracking_node [topics.py:753(_SubscriberImpl._invoke_callback)] [topics: /rosout, /lane_overlay, /camera/image_raw, /lane/center_offset, /lane/steering_angle] bad callback: <bound method LaneTrackingNode.image_cb of <__main__.LaneTrackingNode object at 0x7f55bef5a1c0>>
Traceback (most recent call last):
  File "/opt/ros/noetic/lib/python3/dist-packages/rospy/topics.py", line 750, in _invoke_callback
    cb(msg)
  File "/home/hyeongseon/catkin_ws/src/lane_tracking_pkg/scripts/lane_tracking_node.py", line 99, in image_cb
    self.handle_frame(frame, msg.header)
  File "/home/hyeongseon/catkin_ws/src/lane_tracking_pkg/scripts/lane_tracking_node.py", line 111, in handle_frame
    lane_center, roi_overlay = detect_lane_center(edges, roi_color, self.debug)
  File "/home/hyeongseon/catkin_ws/src/lane_tracking_pkg/vision/detector.py", line 63, in detect_lane_center
    left_line = _fit_lane(np.vstack(left_points)) if left_points else None
TypeError: _fit_lane() missing 2 required positional arguments: 'y_bottom' and 'y_top'

1758341685.387951612 ERROR /lane_tracking_node [topics.py:753(_SubscriberImpl._invoke_callback)] [topics: /rosout, /lane_overlay, /camera/image_raw, /lane/center_offset, /lane/steering_angle] bad callback: <bound method LaneTrackingNode.image_cb of <__main__.LaneTrackingNode object at 0x7f55bef5a1c0>>
Traceback (most recent call last):
  File "/opt/ros/noetic/lib/python3/dist-packages/rospy/topics.py", line 750, in _invoke_callback
    cb(msg)
  File "/home/hyeongseon/catkin_ws/src/lane_tracking_pkg/scripts/lane_tracking_node.py", line 99, in image_cb
    self.handle_frame(frame, msg.header)
  File "/home/hyeongseon/catkin_ws/src/lane_tracking_pkg/scripts/lane_tracking_node.py", line 111, in handle_frame
    lane_center, roi_overlay = detect_lane_center(edges, roi_color, self.debug)
  File "/home/hyeongseon/catkin_ws/src/lane_tracking_pkg/vision/detector.py", line 63, in detect_lane_center
    left_line = _fit_lane(np.vstack(left_points)) if left_points else None
TypeError: _fit_lane() missing 2 required positional arguments: 'y_bottom' and 'y_top'

1758341685.412819623 ERROR /lane_tracking_node [topics.py:753(_SubscriberImpl._invoke_callback)] [topics: /rosout, /lane_overlay, /camera/image_raw, /lane/center_offset, /lane/steering_angle] bad callback: <bound method LaneTrackingNode.image_cb of <__main__.LaneTrackingNode object at 0x7f55bef5a1c0>>
Traceback (most recent call last):
  File "/opt/ros/noetic/lib/python3/dist-packages/rospy/topics.py", line 750, in _invoke_callback
    cb(msg)
  File "/home/hyeongseon/catkin_ws/src/lane_tracking_pkg/scripts/lane_tracking_node.py", line 99, in image_cb
    self.handle_frame(frame, msg.header)
  File "/home/hyeongseon/catkin_ws/src/lane_tracking_pkg/scripts/lane_tracking_node.py", line 111, in handle_frame
    lane_center, roi_overlay = detect_lane_center(edges, roi_color, self.debug)
  File "/home/hyeongseon/catkin_ws/src/lane_tracking_pkg/vision/detector.py", line 63, in detect_lane_center
    left_line = _fit_lane(np.vstack(left_points)) if left_points else None
TypeError: _fit_lane() missing 2 required positional arguments: 'y_bottom' and 'y_top'

1758341685.436517238 ERROR /lane_tracking_node [topics.py:753(_SubscriberImpl._invoke_callback)] [topics: /rosout, /lane_overlay, /camera/image_raw, /lane/center_offset, /lane/steering_angle] bad callback: <bound method LaneTrackingNode.image_cb of <__main__.LaneTrackingNode object at 0x7f55bef5a1c0>>
Traceback (most recent call last):
  File "/opt/ros/noetic/lib/python3/dist-packages/rospy/topics.py", line 750, in _invoke_callback
    cb(msg)
  File "/home/hyeongseon/catkin_ws/src/lane_tracking_pkg/scripts/lane_tracking_node.py", line 99, in image_cb
    self.handle_frame(frame, msg.header)
  File "/home/hyeongseon/catkin_ws/src/lane_tracking_pkg/scripts/lane_tracking_node.py", line 111, in handle_frame
    lane_center, roi_overlay = detect_lane_center(edges, roi_color, self.debug)
  File "/home/hyeongseon/catkin_ws/src/lane_tracking_pkg/vision/detector.py", line 63, in detect_lane_center
    left_line = _fit_lane(np.vstack(left_points)) if left_points else None
TypeError: _fit_lane() missing 2 required positional arguments: 'y_bottom' and 'y_top'

1758341685.462587118 ERROR /lane_tracking_node [topics.py:753(_SubscriberImpl._invoke_callback)] [topics: /rosout, /lane_overlay, /camera/image_raw, /lane/center_offset, /lane/steering_angle] bad callback: <bound method LaneTrackingNode.image_cb of <__main__.LaneTrackingNode object at 0x7f55bef5a1c0>>
Traceback (most recent call last):
  File "/opt/ros/noetic/lib/python3/dist-packages/rospy/topics.py", line 750, in _invoke_callback
    cb(msg)
  File "/home/hyeongseon/catkin_ws/src/lane_tracking_pkg/scripts/lane_tracking_node.py", line 99, in image_cb
    self.handle_frame(frame, msg.header)
  File "/home/hyeongseon/catkin_ws/src/lane_tracking_pkg/scripts/lane_tracking_node.py", line 111, in handle_frame
    lane_center, roi_overlay = detect_lane_center(edges, roi_color, self.debug)
  File "/home/hyeongseon/catkin_ws/src/lane_tracking_pkg/vision/detector.py", line 63, in detect_lane_center
    left_line = _fit_lane(np.vstack(left_points)) if left_points else None
TypeError: _fit_lane() missing 2 required positional arguments: 'y_bottom' and 'y_top'

1758341685.486050128 ERROR /lane_tracking_node [topics.py:753(_SubscriberImpl._invoke_callback)] [topics: /rosout, /lane_overlay, /camera/image_raw, /lane/center_offset, /lane/steering_angle] bad callback: <bound method LaneTrackingNode.image_cb of <__main__.LaneTrackingNode object at 0x7f55bef5a1c0>>
Traceback (most recent call last):
  File "/opt/ros/noetic/lib/python3/dist-packages/rospy/topics.py", line 750, in _invoke_callback
    cb(msg)
  File "/home/hyeongseon/catkin_ws/src/lane_tracking_pkg/scripts/lane_tracking_node.py", line 99, in image_cb
    self.handle_frame(frame, msg.header)
  File "/home/hyeongseon/catkin_ws/src/lane_tracking_pkg/scripts/lane_tracking_node.py", line 111, in handle_frame
    lane_center, roi_overlay = detect_lane_center(edges, roi_color, self.debug)
  File "/home/hyeongseon/catkin_ws/src/lane_tracking_pkg/vision/detector.py", line 63, in detect_lane_center
    left_line = _fit_lane(np.vstack(left_points)) if left_points else None
TypeError: _fit_lane() missing 2 required positional arguments: 'y_bottom' and 'y_top'

1758341685.515838384 ERROR /lane_tracking_node [topics.py:753(_SubscriberImpl._invoke_callback)] [topics: /rosout, /lane_overlay, /camera/image_raw, /lane/center_offset, /lane/steering_angle] bad callback: <bound method LaneTrackingNode.image_cb of <__main__.LaneTrackingNode object at 0x7f55bef5a1c0>>
Traceback (most recent call last):
  File "/opt/ros/noetic/lib/python3/dist-packages/rospy/topics.py", line 750, in _invoke_callback
    cb(msg)
  File "/home/hyeongseon/catkin_ws/src/lane_tracking_pkg/scripts/lane_tracking_node.py", line 99, in image_cb
    self.handle_frame(frame, msg.header)
  File "/home/hyeongseon/catkin_ws/src/lane_tracking_pkg/scripts/lane_tracking_node.py", line 111, in handle_frame
    lane_center, roi_overlay = detect_lane_center(edges, roi_color, self.debug)
  File "/home/hyeongseon/catkin_ws/src/lane_tracking_pkg/vision/detector.py", line 63, in detect_lane_center
    left_line = _fit_lane(np.vstack(left_points)) if left_points else None
TypeError: _fit_lane() missing 2 required positional arguments: 'y_bottom' and 'y_top'

1758341685.540309190 ERROR /lane_tracking_node [topics.py:753(_SubscriberImpl._invoke_callback)] [topics: /rosout, /lane_overlay, /camera/image_raw, /lane/center_offset, /lane/steering_angle] bad callback: <bound method LaneTrackingNode.image_cb of <__main__.LaneTrackingNode object at 0x7f55bef5a1c0>>
Traceback (most recent call last):
  File "/opt/ros/noetic/lib/python3/dist-packages/rospy/topics.py", line 750, in _invoke_callback
    cb(msg)
  File "/home/hyeongseon/catkin_ws/src/lane_tracking_pkg/scripts/lane_tracking_node.py", line 99, in image_cb
    self.handle_frame(frame, msg.header)
  File "/home/hyeongseon/catkin_ws/src/lane_tracking_pkg/scripts/lane_tracking_node.py", line 111, in handle_frame
    lane_center, roi_overlay = detect_lane_center(edges, roi_color, self.debug)
  File "/home/hyeongseon/catkin_ws/src/lane_tracking_pkg/vision/detector.py", line 63, in detect_lane_center
    left_line = _fit_lane(np.vstack(left_points)) if left_points else None
TypeError: _fit_lane() missing 2 required positional arguments: 'y_bottom' and 'y_top'

1758341685.561684370 ERROR /lane_tracking_node [topics.py:753(_SubscriberImpl._invoke_callback)] [topics: /rosout, /lane_overlay, /camera/image_raw, /lane/center_offset, /lane/steering_angle] bad callback: <bound method LaneTrackingNode.image_cb of <__main__.LaneTrackingNode object at 0x7f55bef5a1c0>>
Traceback (most recent call last):
  File "/opt/ros/noetic/lib/python3/dist-packages/rospy/topics.py", line 750, in _invoke_callback
    cb(msg)
  File "/home/hyeongseon/catkin_ws/src/lane_tracking_pkg/scripts/lane_tracking_node.py", line 99, in image_cb
    self.handle_frame(frame, msg.header)
  File "/home/hyeongseon/catkin_ws/src/lane_tracking_pkg/scripts/lane_tracking_node.py", line 111, in handle_frame
    lane_center, roi_overlay = detect_lane_center(edges, roi_color, self.debug)
  File "/home/hyeongseon/catkin_ws/src/lane_tracking_pkg/vision/detector.py", line 63, in detect_lane_center
    left_line = _fit_lane(np.vstack(left_points)) if left_points else None
TypeError: _fit_lane() missing 2 required positional arguments: 'y_bottom' and 'y_top'

1758341685.590374469 ERROR /lane_tracking_node [topics.py:753(_SubscriberImpl._invoke_callback)] [topics: /rosout, /lane_overlay, /camera/image_raw, /lane/center_offset, /lane/steering_angle] bad callback: <bound method LaneTrackingNode.image_cb of <__main__.LaneTrackingNode object at 0x7f55bef5a1c0>>
Traceback (most recent call last):
  File "/opt/ros/noetic/lib/python3/dist-packages/rospy/topics.py", line 750, in _invoke_callback
    cb(msg)
  File "/home/hyeongseon/catkin_ws/src/lane_tracking_pkg/scripts/lane_tracking_node.py", line 99, in image_cb
    self.handle_frame(frame, msg.header)
  File "/home/hyeongseon/catkin_ws/src/lane_tracking_pkg/scripts/lane_tracking_node.py", line 111, in handle_frame
    lane_center, roi_overlay = detect_lane_center(edges, roi_color, self.debug)
  File "/home/hyeongseon/catkin_ws/src/lane_tracking_pkg/vision/detector.py", line 63, in detect_lane_center
    left_line = _fit_lane(np.vstack(left_points)) if left_points else None
TypeError: _fit_lane() missing 2 required positional arguments: 'y_bottom' and 'y_top'

1758341685.620623111 ERROR /lane_tracking_node [topics.py:753(_SubscriberImpl._invoke_callback)] [topics: /rosout, /lane_overlay, /camera/image_raw, /lane/center_offset, /lane/steering_angle] bad callback: <bound method LaneTrackingNode.image_cb of <__main__.LaneTrackingNode object at 0x7f55bef5a1c0>>
Traceback (most recent call last):
  File "/opt/ros/noetic/lib/python3/dist-packages/rospy/topics.py", line 750, in _invoke_callback
    cb(msg)
  File "/home/hyeongseon/catkin_ws/src/lane_tracking_pkg/scripts/lane_tracking_node.py", line 99, in image_cb
    self.handle_frame(frame, msg.header)
  File "/home/hyeongseon/catkin_ws/src/lane_tracking_pkg/scripts/lane_tracking_node.py", line 111, in handle_frame
    lane_center, roi_overlay = detect_lane_center(edges, roi_color, self.debug)
  File "/home/hyeongseon/catkin_ws/src/lane_tracking_pkg/vision/detector.py", line 63, in detect_lane_center
    left_line = _fit_lane(np.vstack(left_points)) if left_points else None
TypeError: _fit_lane() missing 2 required positional arguments: 'y_bottom' and 'y_top'

1758341685.650315523 ERROR /lane_tracking_node [topics.py:753(_SubscriberImpl._invoke_callback)] [topics: /rosout, /lane_overlay, /camera/image_raw, /lane/center_offset, /lane/steering_angle] bad callback: <bound method LaneTrackingNode.image_cb of <__main__.LaneTrackingNode object at 0x7f55bef5a1c0>>
Traceback (most recent call last):
  File "/opt/ros/noetic/lib/python3/dist-packages/rospy/topics.py", line 750, in _invoke_callback
    cb(msg)
  File "/home/hyeongseon/catkin_ws/src/lane_tracking_pkg/scripts/lane_tracking_node.py", line 99, in image_cb
    self.handle_frame(frame, msg.header)
  File "/home/hyeongseon/catkin_ws/src/lane_tracking_pkg/scripts/lane_tracking_node.py", line 111, in handle_frame
    lane_center, roi_overlay = detect_lane_center(edges, roi_color, self.debug)
  File "/home/hyeongseon/catkin_ws/src/lane_tracking_pkg/vision/detector.py", line 63, in detect_lane_center
    left_line = _fit_lane(np.vstack(left_points)) if left_points else None
TypeError: _fit_lane() missing 2 required positional arguments: 'y_bottom' and 'y_top'

1758341685.706034898 ERROR /lane_tracking_node [topics.py:753(_SubscriberImpl._invoke_callback)] [topics: /rosout, /lane_overlay, /camera/image_raw, /lane/center_offset, /lane/steering_angle] bad callback: <bound method LaneTrackingNode.image_cb of <__main__.LaneTrackingNode object at 0x7f55bef5a1c0>>
Traceback (most recent call last):
  File "/opt/ros/noetic/lib/python3/dist-packages/rospy/topics.py", line 750, in _invoke_callback
    cb(msg)
  File "/home/hyeongseon/catkin_ws/src/lane_tracking_pkg/scripts/lane_tracking_node.py", line 99, in image_cb
    self.handle_frame(frame, msg.header)
  File "/home/hyeongseon/catkin_ws/src/lane_tracking_pkg/scripts/lane_tracking_node.py", line 111, in handle_frame
    lane_center, roi_overlay = detect_lane_center(edges, roi_color, self.debug)
  File "/home/hyeongseon/catkin_ws/src/lane_tracking_pkg/vision/detector.py", line 63, in detect_lane_center
    left_line = _fit_lane(np.vstack(left_points)) if left_points else None
TypeError: _fit_lane() missing 2 required positional arguments: 'y_bottom' and 'y_top'

1758341685.732685804 ERROR /lane_tracking_node [topics.py:753(_SubscriberImpl._invoke_callback)] [topics: /rosout, /lane_overlay, /camera/image_raw, /lane/center_offset, /lane/steering_angle] bad callback: <bound method LaneTrackingNode.image_cb of <__main__.LaneTrackingNode object at 0x7f55bef5a1c0>>
Traceback (most recent call last):
  File "/opt/ros/noetic/lib/python3/dist-packages/rospy/topics.py", line 750, in _invoke_callback
    cb(msg)
  File "/home/hyeongseon/catkin_ws/src/lane_tracking_pkg/scripts/lane_tracking_node.py", line 99, in image_cb
    self.handle_frame(frame, msg.header)
  File "/home/hyeongseon/catkin_ws/src/lane_tracking_pkg/scripts/lane_tracking_node.py", line 111, in handle_frame
    lane_center, roi_overlay = detect_lane_center(edges, roi_color, self.debug)
  File "/home/hyeongseon/catkin_ws/src/lane_tracking_pkg/vision/detector.py", line 63, in detect_lane_center
    left_line = _fit_lane(np.vstack(left_points)) if left_points else None
TypeError: _fit_lane() missing 2 required positional arguments: 'y_bottom' and 'y_top'

1758341685.758025646 ERROR /lane_tracking_node [topics.py:753(_SubscriberImpl._invoke_callback)] [topics: /rosout, /lane_overlay, /camera/image_raw, /lane/center_offset, /lane/steering_angle] bad callback: <bound method LaneTrackingNode.image_cb of <__main__.LaneTrackingNode object at 0x7f55bef5a1c0>>
Traceback (most recent call last):
  File "/opt/ros/noetic/lib/python3/dist-packages/rospy/topics.py", line 750, in _invoke_callback
    cb(msg)
  File "/home/hyeongseon/catkin_ws/src/lane_tracking_pkg/scripts/lane_tracking_node.py", line 99, in image_cb
    self.handle_frame(frame, msg.header)
  File "/home/hyeongseon/catkin_ws/src/lane_tracking_pkg/scripts/lane_tracking_node.py", line 111, in handle_frame
    lane_center, roi_overlay = detect_lane_center(edges, roi_color, self.debug)
  File "/home/hyeongseon/catkin_ws/src/lane_tracking_pkg/vision/detector.py", line 63, in detect_lane_center
    left_line = _fit_lane(np.vstack(left_points)) if left_points else None
TypeError: _fit_lane() missing 2 required positional arguments: 'y_bottom' and 'y_top'

1758341685.784778594 ERROR /lane_tracking_node [topics.py:753(_SubscriberImpl._invoke_callback)] [topics: /rosout, /lane_overlay, /camera/image_raw, /lane/center_offset, /lane/steering_angle] bad callback: <bound method LaneTrackingNode.image_cb of <__main__.LaneTrackingNode object at 0x7f55bef5a1c0>>
Traceback (most recent call last):
  File "/opt/ros/noetic/lib/python3/dist-packages/rospy/topics.py", line 750, in _invoke_callback
    cb(msg)
  File "/home/hyeongseon/catkin_ws/src/lane_tracking_pkg/scripts/lane_tracking_node.py", line 99, in image_cb
    self.handle_frame(frame, msg.header)
  File "/home/hyeongseon/catkin_ws/src/lane_tracking_pkg/scripts/lane_tracking_node.py", line 111, in handle_frame
    lane_center, roi_overlay = detect_lane_center(edges, roi_color, self.debug)
  File "/home/hyeongseon/catkin_ws/src/lane_tracking_pkg/vision/detector.py", line 63, in detect_lane_center
    left_line = _fit_lane(np.vstack(left_points)) if left_points else None
TypeError: _fit_lane() missing 2 required positional arguments: 'y_bottom' and 'y_top'

1758341685.817831516 ERROR /lane_tracking_node [topics.py:753(_SubscriberImpl._invoke_callback)] [topics: /rosout, /lane_overlay, /camera/image_raw, /lane/center_offset, /lane/steering_angle] bad callback: <bound method LaneTrackingNode.image_cb of <__main__.LaneTrackingNode object at 0x7f55bef5a1c0>>
Traceback (most recent call last):
  File "/opt/ros/noetic/lib/python3/dist-packages/rospy/topics.py", line 750, in _invoke_callback
    cb(msg)
  File "/home/hyeongseon/catkin_ws/src/lane_tracking_pkg/scripts/lane_tracking_node.py", line 99, in image_cb
    self.handle_frame(frame, msg.header)
  File "/home/hyeongseon/catkin_ws/src/lane_tracking_pkg/scripts/lane_tracking_node.py", line 111, in handle_frame
    lane_center, roi_overlay = detect_lane_center(edges, roi_color, self.debug)
  File "/home/hyeongseon/catkin_ws/src/lane_tracking_pkg/vision/detector.py", line 63, in detect_lane_center
    left_line = _fit_lane(np.vstack(left_points)) if left_points else None
TypeError: _fit_lane() missing 2 required positional arguments: 'y_bottom' and 'y_top'

1758341685.872487068 ERROR /lane_tracking_node [topics.py:753(_SubscriberImpl._invoke_callback)] [topics: /rosout, /lane_overlay, /camera/image_raw, /lane/center_offset, /lane/steering_angle] bad callback: <bound method LaneTrackingNode.image_cb of <__main__.LaneTrackingNode object at 0x7f55bef5a1c0>>
Traceback (most recent call last):
  File "/opt/ros/noetic/lib/python3/dist-packages/rospy/topics.py", line 750, in _invoke_callback
    cb(msg)
  File "/home/hyeongseon/catkin_ws/src/lane_tracking_pkg/scripts/lane_tracking_node.py", line 99, in image_cb
    self.handle_frame(frame, msg.header)
  File "/home/hyeongseon/catkin_ws/src/lane_tracking_pkg/scripts/lane_tracking_node.py", line 111, in handle_frame
    lane_center, roi_overlay = detect_lane_center(edges, roi_color, self.debug)
  File "/home/hyeongseon/catkin_ws/src/lane_tracking_pkg/vision/detector.py", line 63, in detect_lane_center
    left_line = _fit_lane(np.vstack(left_points)) if left_points else None
TypeError: _fit_lane() missing 2 required positional arguments: 'y_bottom' and 'y_top'

1758341685.911395788 ERROR /lane_tracking_node [topics.py:753(_SubscriberImpl._invoke_callback)] [topics: /rosout, /lane_overlay, /camera/image_raw, /lane/center_offset, /lane/steering_angle] bad callback: <bound method LaneTrackingNode.image_cb of <__main__.LaneTrackingNode object at 0x7f55bef5a1c0>>
Traceback (most recent call last):
  File "/opt/ros/noetic/lib/python3/dist-packages/rospy/topics.py", line 750, in _invoke_callback
    cb(msg)
  File "/home/hyeongseon/catkin_ws/src/lane_tracking_pkg/scripts/lane_tracking_node.py", line 99, in image_cb
    self.handle_frame(frame, msg.header)
  File "/home/hyeongseon/catkin_ws/src/lane_tracking_pkg/scripts/lane_tracking_node.py", line 111, in handle_frame
    lane_center, roi_overlay = detect_lane_center(edges, roi_color, self.debug)
  File "/home/hyeongseon/catkin_ws/src/lane_tracking_pkg/vision/detector.py", line 63, in detect_lane_center
    left_line = _fit_lane(np.vstack(left_points)) if left_points else None
TypeError: _fit_lane() missing 2 required positional arguments: 'y_bottom' and 'y_top'

1758341685.946565628 ERROR /lane_tracking_node [topics.py:753(_SubscriberImpl._invoke_callback)] [topics: /rosout, /lane_overlay, /camera/image_raw, /lane/center_offset, /lane/steering_angle] bad callback: <bound method LaneTrackingNode.image_cb of <__main__.LaneTrackingNode object at 0x7f55bef5a1c0>>
Traceback (most recent call last):
  File "/opt/ros/noetic/lib/python3/dist-packages/rospy/topics.py", line 750, in _invoke_callback
    cb(msg)
  File "/home/hyeongseon/catkin_ws/src/lane_tracking_pkg/scripts/lane_tracking_node.py", line 99, in image_cb
    self.handle_frame(frame, msg.header)
  File "/home/hyeongseon/catkin_ws/src/lane_tracking_pkg/scripts/lane_tracking_node.py", line 111, in handle_frame
    lane_center, roi_overlay = detect_lane_center(edges, roi_color, self.debug)
  File "/home/hyeongseon/catkin_ws/src/lane_tracking_pkg/vision/detector.py", line 63, in detect_lane_center
    left_line = _fit_lane(np.vstack(left_points)) if left_points else None
TypeError: _fit_lane() missing 2 required positional arguments: 'y_bottom' and 'y_top'

1758341685.986140966 ERROR /lane_tracking_node [topics.py:753(_SubscriberImpl._invoke_callback)] [topics: /rosout, /lane_overlay, /camera/image_raw, /lane/center_offset, /lane/steering_angle] bad callback: <bound method LaneTrackingNode.image_cb of <__main__.LaneTrackingNode object at 0x7f55bef5a1c0>>
Traceback (most recent call last):
  File "/opt/ros/noetic/lib/python3/dist-packages/rospy/topics.py", line 750, in _invoke_callback
    cb(msg)
  File "/home/hyeongseon/catkin_ws/src/lane_tracking_pkg/scripts/lane_tracking_node.py", line 99, in image_cb
    self.handle_frame(frame, msg.header)
  File "/home/hyeongseon/catkin_ws/src/lane_tracking_pkg/scripts/lane_tracking_node.py", line 111, in handle_frame
    lane_center, roi_overlay = detect_lane_center(edges, roi_color, self.debug)
  File "/home/hyeongseon/catkin_ws/src/lane_tracking_pkg/vision/detector.py", line 63, in detect_lane_center
    left_line = _fit_lane(np.vstack(left_points)) if left_points else None
TypeError: _fit_lane() missing 2 required positional arguments: 'y_bottom' and 'y_top'

1758341686.017346382 ERROR /lane_tracking_node [topics.py:753(_SubscriberImpl._invoke_callback)] [topics: /rosout, /lane_overlay, /camera/image_raw, /lane/center_offset, /lane/steering_angle] bad callback: <bound method LaneTrackingNode.image_cb of <__main__.LaneTrackingNode object at 0x7f55bef5a1c0>>
Traceback (most recent call last):
  File "/opt/ros/noetic/lib/python3/dist-packages/rospy/topics.py", line 750, in _invoke_callback
    cb(msg)
  File "/home/hyeongseon/catkin_ws/src/lane_tracking_pkg/scripts/lane_tracking_node.py", line 99, in image_cb
    self.handle_frame(frame, msg.header)
  File "/home/hyeongseon/catkin_ws/src/lane_tracking_pkg/scripts/lane_tracking_node.py", line 111, in handle_frame
    lane_center, roi_overlay = detect_lane_center(edges, roi_color, self.debug)
  File "/home/hyeongseon/catkin_ws/src/lane_tracking_pkg/vision/detector.py", line 63, in detect_lane_center
    left_line = _fit_lane(np.vstack(left_points)) if left_points else None
TypeError: _fit_lane() missing 2 required positional arguments: 'y_bottom' and 'y_top'

1758341686.047471761 ERROR /lane_tracking_node [topics.py:753(_SubscriberImpl._invoke_callback)] [topics: /rosout, /lane_overlay, /camera/image_raw, /lane/center_offset, /lane/steering_angle] bad callback: <bound method LaneTrackingNode.image_cb of <__main__.LaneTrackingNode object at 0x7f55bef5a1c0>>
Traceback (most recent call last):
  File "/opt/ros/noetic/lib/python3/dist-packages/rospy/topics.py", line 750, in _invoke_callback
    cb(msg)
  File "/home/hyeongseon/catkin_ws/src/lane_tracking_pkg/scripts/lane_tracking_node.py", line 99, in image_cb
    self.handle_frame(frame, msg.header)
  File "/home/hyeongseon/catkin_ws/src/lane_tracking_pkg/scripts/lane_tracking_node.py", line 111, in handle_frame
    lane_center, roi_overlay = detect_lane_center(edges, roi_color, self.debug)
  File "/home/hyeongseon/catkin_ws/src/lane_tracking_pkg/vision/detector.py", line 63, in detect_lane_center
    left_line = _fit_lane(np.vstack(left_points)) if left_points else None
TypeError: _fit_lane() missing 2 required positional arguments: 'y_bottom' and 'y_top'

1758341686.093724966 ERROR /lane_tracking_node [topics.py:753(_SubscriberImpl._invoke_callback)] [topics: /rosout, /lane_overlay, /camera/image_raw, /lane/center_offset, /lane/steering_angle] bad callback: <bound method LaneTrackingNode.image_cb of <__main__.LaneTrackingNode object at 0x7f55bef5a1c0>>
Traceback (most recent call last):
  File "/opt/ros/noetic/lib/python3/dist-packages/rospy/topics.py", line 750, in _invoke_callback
    cb(msg)
  File "/home/hyeongseon/catkin_ws/src/lane_tracking_pkg/scripts/lane_tracking_node.py", line 99, in image_cb
    self.handle_frame(frame, msg.header)
  File "/home/hyeongseon/catkin_ws/src/lane_tracking_pkg/scripts/lane_tracking_node.py", line 111, in handle_frame
    lane_center, roi_overlay = detect_lane_center(edges, roi_color, self.debug)
  File "/home/hyeongseon/catkin_ws/src/lane_tracking_pkg/vision/detector.py", line 63, in detect_lane_center
    left_line = _fit_lane(np.vstack(left_points)) if left_points else None
TypeError: _fit_lane() missing 2 required positional arguments: 'y_bottom' and 'y_top'

1758341686.136255264 ERROR /lane_tracking_node [topics.py:753(_SubscriberImpl._invoke_callback)] [topics: /rosout, /lane_overlay, /camera/image_raw, /lane/center_offset, /lane/steering_angle] bad callback: <bound method LaneTrackingNode.image_cb of <__main__.LaneTrackingNode object at 0x7f55bef5a1c0>>
Traceback (most recent call last):
  File "/opt/ros/noetic/lib/python3/dist-packages/rospy/topics.py", line 750, in _invoke_callback
    cb(msg)
  File "/home/hyeongseon/catkin_ws/src/lane_tracking_pkg/scripts/lane_tracking_node.py", line 99, in image_cb
    self.handle_frame(frame, msg.header)
  File "/home/hyeongseon/catkin_ws/src/lane_tracking_pkg/scripts/lane_tracking_node.py", line 111, in handle_frame
    lane_center, roi_overlay = detect_lane_center(edges, roi_color, self.debug)
  File "/home/hyeongseon/catkin_ws/src/lane_tracking_pkg/vision/detector.py", line 63, in detect_lane_center
    left_line = _fit_lane(np.vstack(left_points)) if left_points else None
TypeError: _fit_lane() missing 2 required positional arguments: 'y_bottom' and 'y_top'

1758341686.158333301 ERROR /lane_tracking_node [topics.py:753(_SubscriberImpl._invoke_callback)] [topics: /rosout, /lane_overlay, /camera/image_raw, /lane/center_offset, /lane/steering_angle] bad callback: <bound method LaneTrackingNode.image_cb of <__main__.LaneTrackingNode object at 0x7f55bef5a1c0>>
Traceback (most recent call last):
  File "/opt/ros/noetic/lib/python3/dist-packages/rospy/topics.py", line 750, in _invoke_callback
    cb(msg)
  File "/home/hyeongseon/catkin_ws/src/lane_tracking_pkg/scripts/lane_tracking_node.py", line 99, in image_cb
    self.handle_frame(frame, msg.header)
  File "/home/hyeongseon/catkin_ws/src/lane_tracking_pkg/scripts/lane_tracking_node.py", line 111, in handle_frame
    lane_center, roi_overlay = detect_lane_center(edges, roi_color, self.debug)
  File "/home/hyeongseon/catkin_ws/src/lane_tracking_pkg/vision/detector.py", line 63, in detect_lane_center
    left_line = _fit_lane(np.vstack(left_points)) if left_points else None
TypeError: _fit_lane() missing 2 required positional arguments: 'y_bottom' and 'y_top'

1758341686.198840379 ERROR /lane_tracking_node [topics.py:753(_SubscriberImpl._invoke_callback)] [topics: /rosout, /lane_overlay, /camera/image_raw, /lane/center_offset, /lane/steering_angle] bad callback: <bound method LaneTrackingNode.image_cb of <__main__.LaneTrackingNode object at 0x7f55bef5a1c0>>
Traceback (most recent call last):
  File "/opt/ros/noetic/lib/python3/dist-packages/rospy/topics.py", line 750, in _invoke_callback
    cb(msg)
  File "/home/hyeongseon/catkin_ws/src/lane_tracking_pkg/scripts/lane_tracking_node.py", line 99, in image_cb
    self.handle_frame(frame, msg.header)
  File "/home/hyeongseon/catkin_ws/src/lane_tracking_pkg/scripts/lane_tracking_node.py", line 111, in handle_frame
    lane_center, roi_overlay = detect_lane_center(edges, roi_color, self.debug)
  File "/home/hyeongseon/catkin_ws/src/lane_tracking_pkg/vision/detector.py", line 63, in detect_lane_center
    left_line = _fit_lane(np.vstack(left_points)) if left_points else None
TypeError: _fit_lane() missing 2 required positional arguments: 'y_bottom' and 'y_top'

1758341686.214022397 ERROR /lane_tracking_node [topics.py:753(_SubscriberImpl._invoke_callback)] [topics: /rosout, /lane_overlay, /camera/image_raw, /lane/center_offset, /lane/steering_angle] bad callback: <bound method LaneTrackingNode.image_cb of <__main__.LaneTrackingNode object at 0x7f55bef5a1c0>>
Traceback (most recent call last):
  File "/opt/ros/noetic/lib/python3/dist-packages/rospy/topics.py", line 750, in _invoke_callback
    cb(msg)
  File "/home/hyeongseon/catkin_ws/src/lane_tracking_pkg/scripts/lane_tracking_node.py", line 99, in image_cb
    self.handle_frame(frame, msg.header)
  File "/home/hyeongseon/catkin_ws/src/lane_tracking_pkg/scripts/lane_tracking_node.py", line 111, in handle_frame
    lane_center, roi_overlay = detect_lane_center(edges, roi_color, self.debug)
  File "/home/hyeongseon/catkin_ws/src/lane_tracking_pkg/vision/detector.py", line 63, in detect_lane_center
    left_line = _fit_lane(np.vstack(left_points)) if left_points else None
TypeError: _fit_lane() missing 2 required positional arguments: 'y_bottom' and 'y_top'

1758341686.254127979 ERROR /lane_tracking_node [topics.py:753(_SubscriberImpl._invoke_callback)] [topics: /rosout, /lane_overlay, /camera/image_raw, /lane/center_offset, /lane/steering_angle] bad callback: <bound method LaneTrackingNode.image_cb of <__main__.LaneTrackingNode object at 0x7f55bef5a1c0>>
Traceback (most recent call last):
  File "/opt/ros/noetic/lib/python3/dist-packages/rospy/topics.py", line 750, in _invoke_callback
    cb(msg)
  File "/home/hyeongseon/catkin_ws/src/lane_tracking_pkg/scripts/lane_tracking_node.py", line 99, in image_cb
    self.handle_frame(frame, msg.header)
  File "/home/hyeongseon/catkin_ws/src/lane_tracking_pkg/scripts/lane_tracking_node.py", line 111, in handle_frame
    lane_center, roi_overlay = detect_lane_center(edges, roi_color, self.debug)
  File "/home/hyeongseon/catkin_ws/src/lane_tracking_pkg/vision/detector.py", line 63, in detect_lane_center
    left_line = _fit_lane(np.vstack(left_points)) if left_points else None
TypeError: _fit_lane() missing 2 required positional arguments: 'y_bottom' and 'y_top'

1758341686.286892890 ERROR /lane_tracking_node [topics.py:753(_SubscriberImpl._invoke_callback)] [topics: /rosout, /lane_overlay, /camera/image_raw, /lane/center_offset, /lane/steering_angle] bad callback: <bound method LaneTrackingNode.image_cb of <__main__.LaneTrackingNode object at 0x7f55bef5a1c0>>
Traceback (most recent call last):
  File "/opt/ros/noetic/lib/python3/dist-packages/rospy/topics.py", line 750, in _invoke_callback
    cb(msg)
  File "/home/hyeongseon/catkin_ws/src/lane_tracking_pkg/scripts/lane_tracking_node.py", line 99, in image_cb
    self.handle_frame(frame, msg.header)
  File "/home/hyeongseon/catkin_ws/src/lane_tracking_pkg/scripts/lane_tracking_node.py", line 111, in handle_frame
    lane_center, roi_overlay = detect_lane_center(edges, roi_color, self.debug)
  File "/home/hyeongseon/catkin_ws/src/lane_tracking_pkg/vision/detector.py", line 63, in detect_lane_center
    left_line = _fit_lane(np.vstack(left_points)) if left_points else None
TypeError: _fit_lane() missing 2 required positional arguments: 'y_bottom' and 'y_top'

1758341686.332051753 ERROR /lane_tracking_node [topics.py:753(_SubscriberImpl._invoke_callback)] [topics: /rosout, /lane_overlay, /camera/image_raw, /lane/center_offset, /lane/steering_angle] bad callback: <bound method LaneTrackingNode.image_cb of <__main__.LaneTrackingNode object at 0x7f55bef5a1c0>>
Traceback (most recent call last):
  File "/opt/ros/noetic/lib/python3/dist-packages/rospy/topics.py", line 750, in _invoke_callback
    cb(msg)
  File "/home/hyeongseon/catkin_ws/src/lane_tracking_pkg/scripts/lane_tracking_node.py", line 99, in image_cb
    self.handle_frame(frame, msg.header)
  File "/home/hyeongseon/catkin_ws/src/lane_tracking_pkg/scripts/lane_tracking_node.py", line 111, in handle_frame
    lane_center, roi_overlay = detect_lane_center(edges, roi_color, self.debug)
  File "/home/hyeongseon/catkin_ws/src/lane_tracking_pkg/vision/detector.py", line 63, in detect_lane_center
    left_line = _fit_lane(np.vstack(left_points)) if left_points else None
TypeError: _fit_lane() missing 2 required positional arguments: 'y_bottom' and 'y_top'

1758341686.348966598 ERROR /lane_tracking_node [topics.py:753(_SubscriberImpl._invoke_callback)] [topics: /rosout, /lane_overlay, /camera/image_raw, /lane/center_offset, /lane/steering_angle] bad callback: <bound method LaneTrackingNode.image_cb of <__main__.LaneTrackingNode object at 0x7f55bef5a1c0>>
Traceback (most recent call last):
  File "/opt/ros/noetic/lib/python3/dist-packages/rospy/topics.py", line 750, in _invoke_callback
    cb(msg)
  File "/home/hyeongseon/catkin_ws/src/lane_tracking_pkg/scripts/lane_tracking_node.py", line 99, in image_cb
    self.handle_frame(frame, msg.header)
  File "/home/hyeongseon/catkin_ws/src/lane_tracking_pkg/scripts/lane_tracking_node.py", line 111, in handle_frame
    lane_center, roi_overlay = detect_lane_center(edges, roi_color, self.debug)
  File "/home/hyeongseon/catkin_ws/src/lane_tracking_pkg/vision/detector.py", line 63, in detect_lane_center
    left_line = _fit_lane(np.vstack(left_points)) if left_points else None
TypeError: _fit_lane() missing 2 required positional arguments: 'y_bottom' and 'y_top'

1758341686.389222621 ERROR /lane_tracking_node [topics.py:753(_SubscriberImpl._invoke_callback)] [topics: /rosout, /lane_overlay, /camera/image_raw, /lane/center_offset, /lane/steering_angle] bad callback: <bound method LaneTrackingNode.image_cb of <__main__.LaneTrackingNode object at 0x7f55bef5a1c0>>
Traceback (most recent call last):
  File "/opt/ros/noetic/lib/python3/dist-packages/rospy/topics.py", line 750, in _invoke_callback
    cb(msg)
  File "/home/hyeongseon/catkin_ws/src/lane_tracking_pkg/scripts/lane_tracking_node.py", line 99, in image_cb
    self.handle_frame(frame, msg.header)
  File "/home/hyeongseon/catkin_ws/src/lane_tracking_pkg/scripts/lane_tracking_node.py", line 111, in handle_frame
    lane_center, roi_overlay = detect_lane_center(edges, roi_color, self.debug)
  File "/home/hyeongseon/catkin_ws/src/lane_tracking_pkg/vision/detector.py", line 63, in detect_lane_center
    left_line = _fit_lane(np.vstack(left_points)) if left_points else None
TypeError: _fit_lane() missing 2 required positional arguments: 'y_bottom' and 'y_top'

1758341686.418679475 ERROR /lane_tracking_node [topics.py:753(_SubscriberImpl._invoke_callback)] [topics: /rosout, /lane_overlay, /camera/image_raw, /lane/center_offset, /lane/steering_angle] bad callback: <bound method LaneTrackingNode.image_cb of <__main__.LaneTrackingNode object at 0x7f55bef5a1c0>>
Traceback (most recent call last):
  File "/opt/ros/noetic/lib/python3/dist-packages/rospy/topics.py", line 750, in _invoke_callback
    cb(msg)
  File "/home/hyeongseon/catkin_ws/src/lane_tracking_pkg/scripts/lane_tracking_node.py", line 99, in image_cb
    self.handle_frame(frame, msg.header)
  File "/home/hyeongseon/catkin_ws/src/lane_tracking_pkg/scripts/lane_tracking_node.py", line 111, in handle_frame
    lane_center, roi_overlay = detect_lane_center(edges, roi_color, self.debug)
  File "/home/hyeongseon/catkin_ws/src/lane_tracking_pkg/vision/detector.py", line 63, in detect_lane_center
    left_line = _fit_lane(np.vstack(left_points)) if left_points else None
TypeError: _fit_lane() missing 2 required positional arguments: 'y_bottom' and 'y_top'

1758341686.450131177 ERROR /lane_tracking_node [topics.py:753(_SubscriberImpl._invoke_callback)] [topics: /rosout, /lane_overlay, /camera/image_raw, /lane/center_offset, /lane/steering_angle] bad callback: <bound method LaneTrackingNode.image_cb of <__main__.LaneTrackingNode object at 0x7f55bef5a1c0>>
Traceback (most recent call last):
  File "/opt/ros/noetic/lib/python3/dist-packages/rospy/topics.py", line 750, in _invoke_callback
    cb(msg)
  File "/home/hyeongseon/catkin_ws/src/lane_tracking_pkg/scripts/lane_tracking_node.py", line 99, in image_cb
    self.handle_frame(frame, msg.header)
  File "/home/hyeongseon/catkin_ws/src/lane_tracking_pkg/scripts/lane_tracking_node.py", line 111, in handle_frame
    lane_center, roi_overlay = detect_lane_center(edges, roi_color, self.debug)
  File "/home/hyeongseon/catkin_ws/src/lane_tracking_pkg/vision/detector.py", line 63, in detect_lane_center
    left_line = _fit_lane(np.vstack(left_points)) if left_points else None
TypeError: _fit_lane() missing 2 required positional arguments: 'y_bottom' and 'y_top'

1758341686.479920148 ERROR /lane_tracking_node [topics.py:753(_SubscriberImpl._invoke_callback)] [topics: /rosout, /lane_overlay, /camera/image_raw, /lane/center_offset, /lane/steering_angle] bad callback: <bound method LaneTrackingNode.image_cb of <__main__.LaneTrackingNode object at 0x7f55bef5a1c0>>
Traceback (most recent call last):
  File "/opt/ros/noetic/lib/python3/dist-packages/rospy/topics.py", line 750, in _invoke_callback
    cb(msg)
  File "/home/hyeongseon/catkin_ws/src/lane_tracking_pkg/scripts/lane_tracking_node.py", line 99, in image_cb
    self.handle_frame(frame, msg.header)
  File "/home/hyeongseon/catkin_ws/src/lane_tracking_pkg/scripts/lane_tracking_node.py", line 111, in handle_frame
    lane_center, roi_overlay = detect_lane_center(edges, roi_color, self.debug)
  File "/home/hyeongseon/catkin_ws/src/lane_tracking_pkg/vision/detector.py", line 63, in detect_lane_center
    left_line = _fit_lane(np.vstack(left_points)) if left_points else None
TypeError: _fit_lane() missing 2 required positional arguments: 'y_bottom' and 'y_top'

1758341686.517623662 ERROR /lane_tracking_node [topics.py:753(_SubscriberImpl._invoke_callback)] [topics: /rosout, /lane_overlay, /camera/image_raw, /lane/center_offset, /lane/steering_angle] bad callback: <bound method LaneTrackingNode.image_cb of <__main__.LaneTrackingNode object at 0x7f55bef5a1c0>>
Traceback (most recent call last):
  File "/opt/ros/noetic/lib/python3/dist-packages/rospy/topics.py", line 750, in _invoke_callback
    cb(msg)
  File "/home/hyeongseon/catkin_ws/src/lane_tracking_pkg/scripts/lane_tracking_node.py", line 99, in image_cb
    self.handle_frame(frame, msg.header)
  File "/home/hyeongseon/catkin_ws/src/lane_tracking_pkg/scripts/lane_tracking_node.py", line 111, in handle_frame
    lane_center, roi_overlay = detect_lane_center(edges, roi_color, self.debug)
  File "/home/hyeongseon/catkin_ws/src/lane_tracking_pkg/vision/detector.py", line 63, in detect_lane_center
    left_line = _fit_lane(np.vstack(left_points)) if left_points else None
TypeError: _fit_lane() missing 2 required positional arguments: 'y_bottom' and 'y_top'

1758341686.561811208 ERROR /lane_tracking_node [topics.py:753(_SubscriberImpl._invoke_callback)] [topics: /rosout, /lane_overlay, /camera/image_raw, /lane/center_offset, /lane/steering_angle] bad callback: <bound method LaneTrackingNode.image_cb of <__main__.LaneTrackingNode object at 0x7f55bef5a1c0>>
Traceback (most recent call last):
  File "/opt/ros/noetic/lib/python3/dist-packages/rospy/topics.py", line 750, in _invoke_callback
    cb(msg)
  File "/home/hyeongseon/catkin_ws/src/lane_tracking_pkg/scripts/lane_tracking_node.py", line 99, in image_cb
    self.handle_frame(frame, msg.header)
  File "/home/hyeongseon/catkin_ws/src/lane_tracking_pkg/scripts/lane_tracking_node.py", line 111, in handle_frame
    lane_center, roi_overlay = detect_lane_center(edges, roi_color, self.debug)
  File "/home/hyeongseon/catkin_ws/src/lane_tracking_pkg/vision/detector.py", line 63, in detect_lane_center
    left_line = _fit_lane(np.vstack(left_points)) if left_points else None
TypeError: _fit_lane() missing 2 required positional arguments: 'y_bottom' and 'y_top'

1758341686.590215682 ERROR /lane_tracking_node [topics.py:753(_SubscriberImpl._invoke_callback)] [topics: /rosout, /lane_overlay, /camera/image_raw, /lane/center_offset, /lane/steering_angle] bad callback: <bound method LaneTrackingNode.image_cb of <__main__.LaneTrackingNode object at 0x7f55bef5a1c0>>
Traceback (most recent call last):
  File "/opt/ros/noetic/lib/python3/dist-packages/rospy/topics.py", line 750, in _invoke_callback
    cb(msg)
  File "/home/hyeongseon/catkin_ws/src/lane_tracking_pkg/scripts/lane_tracking_node.py", line 99, in image_cb
    self.handle_frame(frame, msg.header)
  File "/home/hyeongseon/catkin_ws/src/lane_tracking_pkg/scripts/lane_tracking_node.py", line 111, in handle_frame
    lane_center, roi_overlay = detect_lane_center(edges, roi_color, self.debug)
  File "/home/hyeongseon/catkin_ws/src/lane_tracking_pkg/vision/detector.py", line 63, in detect_lane_center
    left_line = _fit_lane(np.vstack(left_points)) if left_points else None
TypeError: _fit_lane() missing 2 required positional arguments: 'y_bottom' and 'y_top'

1758341686.615871429 ERROR /lane_tracking_node [topics.py:753(_SubscriberImpl._invoke_callback)] [topics: /rosout, /lane_overlay, /camera/image_raw, /lane/center_offset, /lane/steering_angle] bad callback: <bound method LaneTrackingNode.image_cb of <__main__.LaneTrackingNode object at 0x7f55bef5a1c0>>
Traceback (most recent call last):
  File "/opt/ros/noetic/lib/python3/dist-packages/rospy/topics.py", line 750, in _invoke_callback
    cb(msg)
  File "/home/hyeongseon/catkin_ws/src/lane_tracking_pkg/scripts/lane_tracking_node.py", line 99, in image_cb
    self.handle_frame(frame, msg.header)
  File "/home/hyeongseon/catkin_ws/src/lane_tracking_pkg/scripts/lane_tracking_node.py", line 111, in handle_frame
    lane_center, roi_overlay = detect_lane_center(edges, roi_color, self.debug)
  File "/home/hyeongseon/catkin_ws/src/lane_tracking_pkg/vision/detector.py", line 63, in detect_lane_center
    left_line = _fit_lane(np.vstack(left_points)) if left_points else None
TypeError: _fit_lane() missing 2 required positional arguments: 'y_bottom' and 'y_top'

1758341686.656882762 ERROR /lane_tracking_node [topics.py:753(_SubscriberImpl._invoke_callback)] [topics: /rosout, /lane_overlay, /camera/image_raw, /lane/center_offset, /lane/steering_angle] bad callback: <bound method LaneTrackingNode.image_cb of <__main__.LaneTrackingNode object at 0x7f55bef5a1c0>>
Traceback (most recent call last):
  File "/opt/ros/noetic/lib/python3/dist-packages/rospy/topics.py", line 750, in _invoke_callback
    cb(msg)
  File "/home/hyeongseon/catkin_ws/src/lane_tracking_pkg/scripts/lane_tracking_node.py", line 99, in image_cb
    self.handle_frame(frame, msg.header)
  File "/home/hyeongseon/catkin_ws/src/lane_tracking_pkg/scripts/lane_tracking_node.py", line 111, in handle_frame
    lane_center, roi_overlay = detect_lane_center(edges, roi_color, self.debug)
  File "/home/hyeongseon/catkin_ws/src/lane_tracking_pkg/vision/detector.py", line 63, in detect_lane_center
    left_line = _fit_lane(np.vstack(left_points)) if left_points else None
TypeError: _fit_lane() missing 2 required positional arguments: 'y_bottom' and 'y_top'

1758341686.673340082 ERROR /lane_tracking_node [topics.py:753(_SubscriberImpl._invoke_callback)] [topics: /rosout, /lane_overlay, /camera/image_raw, /lane/center_offset, /lane/steering_angle] bad callback: <bound method LaneTrackingNode.image_cb of <__main__.LaneTrackingNode object at 0x7f55bef5a1c0>>
Traceback (most recent call last):
  File "/opt/ros/noetic/lib/python3/dist-packages/rospy/topics.py", line 750, in _invoke_callback
    cb(msg)
  File "/home/hyeongseon/catkin_ws/src/lane_tracking_pkg/scripts/lane_tracking_node.py", line 99, in image_cb
    self.handle_frame(frame, msg.header)
  File "/home/hyeongseon/catkin_ws/src/lane_tracking_pkg/scripts/lane_tracking_node.py", line 111, in handle_frame
    lane_center, roi_overlay = detect_lane_center(edges, roi_color, self.debug)
  File "/home/hyeongseon/catkin_ws/src/lane_tracking_pkg/vision/detector.py", line 63, in detect_lane_center
    left_line = _fit_lane(np.vstack(left_points)) if left_points else None
TypeError: _fit_lane() missing 2 required positional arguments: 'y_bottom' and 'y_top'

1758341686.710185766 ERROR /lane_tracking_node [topics.py:753(_SubscriberImpl._invoke_callback)] [topics: /rosout, /lane_overlay, /camera/image_raw, /lane/center_offset, /lane/steering_angle] bad callback: <bound method LaneTrackingNode.image_cb of <__main__.LaneTrackingNode object at 0x7f55bef5a1c0>>
Traceback (most recent call last):
  File "/opt/ros/noetic/lib/python3/dist-packages/rospy/topics.py", line 750, in _invoke_callback
    cb(msg)
  File "/home/hyeongseon/catkin_ws/src/lane_tracking_pkg/scripts/lane_tracking_node.py", line 99, in image_cb
    self.handle_frame(frame, msg.header)
  File "/home/hyeongseon/catkin_ws/src/lane_tracking_pkg/scripts/lane_tracking_node.py", line 111, in handle_frame
    lane_center, roi_overlay = detect_lane_center(edges, roi_color, self.debug)
  File "/home/hyeongseon/catkin_ws/src/lane_tracking_pkg/vision/detector.py", line 63, in detect_lane_center
    left_line = _fit_lane(np.vstack(left_points)) if left_points else None
TypeError: _fit_lane() missing 2 required positional arguments: 'y_bottom' and 'y_top'

1758341686.735678434 ERROR /lane_tracking_node [topics.py:753(_SubscriberImpl._invoke_callback)] [topics: /rosout, /lane_overlay, /camera/image_raw, /lane/center_offset, /lane/steering_angle] bad callback: <bound method LaneTrackingNode.image_cb of <__main__.LaneTrackingNode object at 0x7f55bef5a1c0>>
Traceback (most recent call last):
  File "/opt/ros/noetic/lib/python3/dist-packages/rospy/topics.py", line 750, in _invoke_callback
    cb(msg)
  File "/home/hyeongseon/catkin_ws/src/lane_tracking_pkg/scripts/lane_tracking_node.py", line 99, in image_cb
    self.handle_frame(frame, msg.header)
  File "/home/hyeongseon/catkin_ws/src/lane_tracking_pkg/scripts/lane_tracking_node.py", line 111, in handle_frame
    lane_center, roi_overlay = detect_lane_center(edges, roi_color, self.debug)
  File "/home/hyeongseon/catkin_ws/src/lane_tracking_pkg/vision/detector.py", line 63, in detect_lane_center
    left_line = _fit_lane(np.vstack(left_points)) if left_points else None
TypeError: _fit_lane() missing 2 required positional arguments: 'y_bottom' and 'y_top'

1758341686.760405778 ERROR /lane_tracking_node [topics.py:753(_SubscriberImpl._invoke_callback)] [topics: /rosout, /lane_overlay, /camera/image_raw, /lane/center_offset, /lane/steering_angle] bad callback: <bound method LaneTrackingNode.image_cb of <__main__.LaneTrackingNode object at 0x7f55bef5a1c0>>
Traceback (most recent call last):
  File "/opt/ros/noetic/lib/python3/dist-packages/rospy/topics.py", line 750, in _invoke_callback
    cb(msg)
  File "/home/hyeongseon/catkin_ws/src/lane_tracking_pkg/scripts/lane_tracking_node.py", line 99, in image_cb
    self.handle_frame(frame, msg.header)
  File "/home/hyeongseon/catkin_ws/src/lane_tracking_pkg/scripts/lane_tracking_node.py", line 111, in handle_frame
    lane_center, roi_overlay = detect_lane_center(edges, roi_color, self.debug)
  File "/home/hyeongseon/catkin_ws/src/lane_tracking_pkg/vision/detector.py", line 63, in detect_lane_center
    left_line = _fit_lane(np.vstack(left_points)) if left_points else None
TypeError: _fit_lane() missing 2 required positional arguments: 'y_bottom' and 'y_top'

1758341686.798925876 ERROR /lane_tracking_node [topics.py:753(_SubscriberImpl._invoke_callback)] [topics: /rosout, /lane_overlay, /camera/image_raw, /lane/center_offset, /lane/steering_angle] bad callback: <bound method LaneTrackingNode.image_cb of <__main__.LaneTrackingNode object at 0x7f55bef5a1c0>>
Traceback (most recent call last):
  File "/opt/ros/noetic/lib/python3/dist-packages/rospy/topics.py", line 750, in _invoke_callback
    cb(msg)
  File "/home/hyeongseon/catkin_ws/src/lane_tracking_pkg/scripts/lane_tracking_node.py", line 99, in image_cb
    self.handle_frame(frame, msg.header)
  File "/home/hyeongseon/catkin_ws/src/lane_tracking_pkg/scripts/lane_tracking_node.py", line 111, in handle_frame
    lane_center, roi_overlay = detect_lane_center(edges, roi_color, self.debug)
  File "/home/hyeongseon/catkin_ws/src/lane_tracking_pkg/vision/detector.py", line 63, in detect_lane_center
    left_line = _fit_lane(np.vstack(left_points)) if left_points else None
TypeError: _fit_lane() missing 2 required positional arguments: 'y_bottom' and 'y_top'

1758341686.819473743 ERROR /lane_tracking_node [topics.py:753(_SubscriberImpl._invoke_callback)] [topics: /rosout, /lane_overlay, /camera/image_raw, /lane/center_offset, /lane/steering_angle] bad callback: <bound method LaneTrackingNode.image_cb of <__main__.LaneTrackingNode object at 0x7f55bef5a1c0>>
Traceback (most recent call last):
  File "/opt/ros/noetic/lib/python3/dist-packages/rospy/topics.py", line 750, in _invoke_callback
    cb(msg)
  File "/home/hyeongseon/catkin_ws/src/lane_tracking_pkg/scripts/lane_tracking_node.py", line 99, in image_cb
    self.handle_frame(frame, msg.header)
  File "/home/hyeongseon/catkin_ws/src/lane_tracking_pkg/scripts/lane_tracking_node.py", line 111, in handle_frame
    lane_center, roi_overlay = detect_lane_center(edges, roi_color, self.debug)
  File "/home/hyeongseon/catkin_ws/src/lane_tracking_pkg/vision/detector.py", line 63, in detect_lane_center
    left_line = _fit_lane(np.vstack(left_points)) if left_points else None
TypeError: _fit_lane() missing 2 required positional arguments: 'y_bottom' and 'y_top'

1758341686.860910415 ERROR /lane_tracking_node [topics.py:753(_SubscriberImpl._invoke_callback)] [topics: /rosout, /lane_overlay, /camera/image_raw, /lane/center_offset, /lane/steering_angle] bad callback: <bound method LaneTrackingNode.image_cb of <__main__.LaneTrackingNode object at 0x7f55bef5a1c0>>
Traceback (most recent call last):
  File "/opt/ros/noetic/lib/python3/dist-packages/rospy/topics.py", line 750, in _invoke_callback
    cb(msg)
  File "/home/hyeongseon/catkin_ws/src/lane_tracking_pkg/scripts/lane_tracking_node.py", line 99, in image_cb
    self.handle_frame(frame, msg.header)
  File "/home/hyeongseon/catkin_ws/src/lane_tracking_pkg/scripts/lane_tracking_node.py", line 111, in handle_frame
    lane_center, roi_overlay = detect_lane_center(edges, roi_color, self.debug)
  File "/home/hyeongseon/catkin_ws/src/lane_tracking_pkg/vision/detector.py", line 63, in detect_lane_center
    left_line = _fit_lane(np.vstack(left_points)) if left_points else None
TypeError: _fit_lane() missing 2 required positional arguments: 'y_bottom' and 'y_top'

1758341686.907266378 ERROR /lane_tracking_node [topics.py:753(_SubscriberImpl._invoke_callback)] [topics: /rosout, /lane_overlay, /camera/image_raw, /lane/center_offset, /lane/steering_angle] bad callback: <bound method LaneTrackingNode.image_cb of <__main__.LaneTrackingNode object at 0x7f55bef5a1c0>>
Traceback (most recent call last):
  File "/opt/ros/noetic/lib/python3/dist-packages/rospy/topics.py", line 750, in _invoke_callback
    cb(msg)
  File "/home/hyeongseon/catkin_ws/src/lane_tracking_pkg/scripts/lane_tracking_node.py", line 99, in image_cb
    self.handle_frame(frame, msg.header)
  File "/home/hyeongseon/catkin_ws/src/lane_tracking_pkg/scripts/lane_tracking_node.py", line 111, in handle_frame
    lane_center, roi_overlay = detect_lane_center(edges, roi_color, self.debug)
  File "/home/hyeongseon/catkin_ws/src/lane_tracking_pkg/vision/detector.py", line 63, in detect_lane_center
    left_line = _fit_lane(np.vstack(left_points)) if left_points else None
TypeError: _fit_lane() missing 2 required positional arguments: 'y_bottom' and 'y_top'

1758341686.952992200 ERROR /lane_tracking_node [topics.py:753(_SubscriberImpl._invoke_callback)] [topics: /rosout, /lane_overlay, /camera/image_raw, /lane/center_offset, /lane/steering_angle] bad callback: <bound method LaneTrackingNode.image_cb of <__main__.LaneTrackingNode object at 0x7f55bef5a1c0>>
Traceback (most recent call last):
  File "/opt/ros/noetic/lib/python3/dist-packages/rospy/topics.py", line 750, in _invoke_callback
    cb(msg)
  File "/home/hyeongseon/catkin_ws/src/lane_tracking_pkg/scripts/lane_tracking_node.py", line 99, in image_cb
    self.handle_frame(frame, msg.header)
  File "/home/hyeongseon/catkin_ws/src/lane_tracking_pkg/scripts/lane_tracking_node.py", line 111, in handle_frame
    lane_center, roi_overlay = detect_lane_center(edges, roi_color, self.debug)
  File "/home/hyeongseon/catkin_ws/src/lane_tracking_pkg/vision/detector.py", line 63, in detect_lane_center
    left_line = _fit_lane(np.vstack(left_points)) if left_points else None
TypeError: _fit_lane() missing 2 required positional arguments: 'y_bottom' and 'y_top'

1758341686.979236602 ERROR /lane_tracking_node [topics.py:753(_SubscriberImpl._invoke_callback)] [topics: /rosout, /lane_overlay, /camera/image_raw, /lane/center_offset, /lane/steering_angle] bad callback: <bound method LaneTrackingNode.image_cb of <__main__.LaneTrackingNode object at 0x7f55bef5a1c0>>
Traceback (most recent call last):
  File "/opt/ros/noetic/lib/python3/dist-packages/rospy/topics.py", line 750, in _invoke_callback
    cb(msg)
  File "/home/hyeongseon/catkin_ws/src/lane_tracking_pkg/scripts/lane_tracking_node.py", line 99, in image_cb
    self.handle_frame(frame, msg.header)
  File "/home/hyeongseon/catkin_ws/src/lane_tracking_pkg/scripts/lane_tracking_node.py", line 111, in handle_frame
    lane_center, roi_overlay = detect_lane_center(edges, roi_color, self.debug)
  File "/home/hyeongseon/catkin_ws/src/lane_tracking_pkg/vision/detector.py", line 63, in detect_lane_center
    left_line = _fit_lane(np.vstack(left_points)) if left_points else None
TypeError: _fit_lane() missing 2 required positional arguments: 'y_bottom' and 'y_top'

1758341687.002394437 ERROR /lane_tracking_node [topics.py:753(_SubscriberImpl._invoke_callback)] [topics: /rosout, /lane_overlay, /camera/image_raw, /lane/center_offset, /lane/steering_angle] bad callback: <bound method LaneTrackingNode.image_cb of <__main__.LaneTrackingNode object at 0x7f55bef5a1c0>>
Traceback (most recent call last):
  File "/opt/ros/noetic/lib/python3/dist-packages/rospy/topics.py", line 750, in _invoke_callback
    cb(msg)
  File "/home/hyeongseon/catkin_ws/src/lane_tracking_pkg/scripts/lane_tracking_node.py", line 99, in image_cb
    self.handle_frame(frame, msg.header)
  File "/home/hyeongseon/catkin_ws/src/lane_tracking_pkg/scripts/lane_tracking_node.py", line 111, in handle_frame
    lane_center, roi_overlay = detect_lane_center(edges, roi_color, self.debug)
  File "/home/hyeongseon/catkin_ws/src/lane_tracking_pkg/vision/detector.py", line 63, in detect_lane_center
    left_line = _fit_lane(np.vstack(left_points)) if left_points else None
TypeError: _fit_lane() missing 2 required positional arguments: 'y_bottom' and 'y_top'

1758341687.027465105 ERROR /lane_tracking_node [topics.py:753(_SubscriberImpl._invoke_callback)] [topics: /rosout, /lane_overlay, /camera/image_raw, /lane/center_offset, /lane/steering_angle] bad callback: <bound method LaneTrackingNode.image_cb of <__main__.LaneTrackingNode object at 0x7f55bef5a1c0>>
Traceback (most recent call last):
  File "/opt/ros/noetic/lib/python3/dist-packages/rospy/topics.py", line 750, in _invoke_callback
    cb(msg)
  File "/home/hyeongseon/catkin_ws/src/lane_tracking_pkg/scripts/lane_tracking_node.py", line 99, in image_cb
    self.handle_frame(frame, msg.header)
  File "/home/hyeongseon/catkin_ws/src/lane_tracking_pkg/scripts/lane_tracking_node.py", line 111, in handle_frame
    lane_center, roi_overlay = detect_lane_center(edges, roi_color, self.debug)
  File "/home/hyeongseon/catkin_ws/src/lane_tracking_pkg/vision/detector.py", line 63, in detect_lane_center
    left_line = _fit_lane(np.vstack(left_points)) if left_points else None
TypeError: _fit_lane() missing 2 required positional arguments: 'y_bottom' and 'y_top'

1758341687.050568342 ERROR /lane_tracking_node [topics.py:753(_SubscriberImpl._invoke_callback)] [topics: /rosout, /lane_overlay, /camera/image_raw, /lane/center_offset, /lane/steering_angle] bad callback: <bound method LaneTrackingNode.image_cb of <__main__.LaneTrackingNode object at 0x7f55bef5a1c0>>
Traceback (most recent call last):
  File "/opt/ros/noetic/lib/python3/dist-packages/rospy/topics.py", line 750, in _invoke_callback
    cb(msg)
  File "/home/hyeongseon/catkin_ws/src/lane_tracking_pkg/scripts/lane_tracking_node.py", line 99, in image_cb
    self.handle_frame(frame, msg.header)
  File "/home/hyeongseon/catkin_ws/src/lane_tracking_pkg/scripts/lane_tracking_node.py", line 111, in handle_frame
    lane_center, roi_overlay = detect_lane_center(edges, roi_color, self.debug)
  File "/home/hyeongseon/catkin_ws/src/lane_tracking_pkg/vision/detector.py", line 63, in detect_lane_center
    left_line = _fit_lane(np.vstack(left_points)) if left_points else None
TypeError: _fit_lane() missing 2 required positional arguments: 'y_bottom' and 'y_top'

1758341687.080395460 ERROR /lane_tracking_node [topics.py:753(_SubscriberImpl._invoke_callback)] [topics: /rosout, /lane_overlay, /camera/image_raw, /lane/center_offset, /lane/steering_angle] bad callback: <bound method LaneTrackingNode.image_cb of <__main__.LaneTrackingNode object at 0x7f55bef5a1c0>>
Traceback (most recent call last):
  File "/opt/ros/noetic/lib/python3/dist-packages/rospy/topics.py", line 750, in _invoke_callback
    cb(msg)
  File "/home/hyeongseon/catkin_ws/src/lane_tracking_pkg/scripts/lane_tracking_node.py", line 99, in image_cb
    self.handle_frame(frame, msg.header)
  File "/home/hyeongseon/catkin_ws/src/lane_tracking_pkg/scripts/lane_tracking_node.py", line 111, in handle_frame
    lane_center, roi_overlay = detect_lane_center(edges, roi_color, self.debug)
  File "/home/hyeongseon/catkin_ws/src/lane_tracking_pkg/vision/detector.py", line 63, in detect_lane_center
    left_line = _fit_lane(np.vstack(left_points)) if left_points else None
TypeError: _fit_lane() missing 2 required positional arguments: 'y_bottom' and 'y_top'

1758341687.110923290 ERROR /lane_tracking_node [topics.py:753(_SubscriberImpl._invoke_callback)] [topics: /rosout, /lane_overlay, /camera/image_raw, /lane/center_offset, /lane/steering_angle] bad callback: <bound method LaneTrackingNode.image_cb of <__main__.LaneTrackingNode object at 0x7f55bef5a1c0>>
Traceback (most recent call last):
  File "/opt/ros/noetic/lib/python3/dist-packages/rospy/topics.py", line 750, in _invoke_callback
    cb(msg)
  File "/home/hyeongseon/catkin_ws/src/lane_tracking_pkg/scripts/lane_tracking_node.py", line 99, in image_cb
    self.handle_frame(frame, msg.header)
  File "/home/hyeongseon/catkin_ws/src/lane_tracking_pkg/scripts/lane_tracking_node.py", line 111, in handle_frame
    lane_center, roi_overlay = detect_lane_center(edges, roi_color, self.debug)
  File "/home/hyeongseon/catkin_ws/src/lane_tracking_pkg/vision/detector.py", line 63, in detect_lane_center
    left_line = _fit_lane(np.vstack(left_points)) if left_points else None
TypeError: _fit_lane() missing 2 required positional arguments: 'y_bottom' and 'y_top'

1758341687.148567438 ERROR /lane_tracking_node [topics.py:753(_SubscriberImpl._invoke_callback)] [topics: /rosout, /lane_overlay, /camera/image_raw, /lane/center_offset, /lane/steering_angle] bad callback: <bound method LaneTrackingNode.image_cb of <__main__.LaneTrackingNode object at 0x7f55bef5a1c0>>
Traceback (most recent call last):
  File "/opt/ros/noetic/lib/python3/dist-packages/rospy/topics.py", line 750, in _invoke_callback
    cb(msg)
  File "/home/hyeongseon/catkin_ws/src/lane_tracking_pkg/scripts/lane_tracking_node.py", line 99, in image_cb
    self.handle_frame(frame, msg.header)
  File "/home/hyeongseon/catkin_ws/src/lane_tracking_pkg/scripts/lane_tracking_node.py", line 111, in handle_frame
    lane_center, roi_overlay = detect_lane_center(edges, roi_color, self.debug)
  File "/home/hyeongseon/catkin_ws/src/lane_tracking_pkg/vision/detector.py", line 63, in detect_lane_center
    left_line = _fit_lane(np.vstack(left_points)) if left_points else None
TypeError: _fit_lane() missing 2 required positional arguments: 'y_bottom' and 'y_top'

1758341687.189252138 ERROR /lane_tracking_node [topics.py:753(_SubscriberImpl._invoke_callback)] [topics: /rosout, /lane_overlay, /camera/image_raw, /lane/center_offset, /lane/steering_angle] bad callback: <bound method LaneTrackingNode.image_cb of <__main__.LaneTrackingNode object at 0x7f55bef5a1c0>>
Traceback (most recent call last):
  File "/opt/ros/noetic/lib/python3/dist-packages/rospy/topics.py", line 750, in _invoke_callback
    cb(msg)
  File "/home/hyeongseon/catkin_ws/src/lane_tracking_pkg/scripts/lane_tracking_node.py", line 99, in image_cb
    self.handle_frame(frame, msg.header)
  File "/home/hyeongseon/catkin_ws/src/lane_tracking_pkg/scripts/lane_tracking_node.py", line 111, in handle_frame
    lane_center, roi_overlay = detect_lane_center(edges, roi_color, self.debug)
  File "/home/hyeongseon/catkin_ws/src/lane_tracking_pkg/vision/detector.py", line 63, in detect_lane_center
    left_line = _fit_lane(np.vstack(left_points)) if left_points else None
TypeError: _fit_lane() missing 2 required positional arguments: 'y_bottom' and 'y_top'

1758341687.225027561 ERROR /lane_tracking_node [topics.py:753(_SubscriberImpl._invoke_callback)] [topics: /rosout, /lane_overlay, /camera/image_raw, /lane/center_offset, /lane/steering_angle] bad callback: <bound method LaneTrackingNode.image_cb of <__main__.LaneTrackingNode object at 0x7f55bef5a1c0>>
Traceback (most recent call last):
  File "/opt/ros/noetic/lib/python3/dist-packages/rospy/topics.py", line 750, in _invoke_callback
    cb(msg)
  File "/home/hyeongseon/catkin_ws/src/lane_tracking_pkg/scripts/lane_tracking_node.py", line 99, in image_cb
    self.handle_frame(frame, msg.header)
  File "/home/hyeongseon/catkin_ws/src/lane_tracking_pkg/scripts/lane_tracking_node.py", line 111, in handle_frame
    lane_center, roi_overlay = detect_lane_center(edges, roi_color, self.debug)
  File "/home/hyeongseon/catkin_ws/src/lane_tracking_pkg/vision/detector.py", line 63, in detect_lane_center
    left_line = _fit_lane(np.vstack(left_points)) if left_points else None
TypeError: _fit_lane() missing 2 required positional arguments: 'y_bottom' and 'y_top'

1758341687.239801883 ERROR /lane_tracking_node [topics.py:753(_SubscriberImpl._invoke_callback)] [topics: /rosout, /lane_overlay, /camera/image_raw, /lane/center_offset, /lane/steering_angle] bad callback: <bound method LaneTrackingNode.image_cb of <__main__.LaneTrackingNode object at 0x7f55bef5a1c0>>
Traceback (most recent call last):
  File "/opt/ros/noetic/lib/python3/dist-packages/rospy/topics.py", line 750, in _invoke_callback
    cb(msg)
  File "/home/hyeongseon/catkin_ws/src/lane_tracking_pkg/scripts/lane_tracking_node.py", line 99, in image_cb
    self.handle_frame(frame, msg.header)
  File "/home/hyeongseon/catkin_ws/src/lane_tracking_pkg/scripts/lane_tracking_node.py", line 111, in handle_frame
    lane_center, roi_overlay = detect_lane_center(edges, roi_color, self.debug)
  File "/home/hyeongseon/catkin_ws/src/lane_tracking_pkg/vision/detector.py", line 63, in detect_lane_center
    left_line = _fit_lane(np.vstack(left_points)) if left_points else None
TypeError: _fit_lane() missing 2 required positional arguments: 'y_bottom' and 'y_top'

1758341687.287011146 ERROR /lane_tracking_node [topics.py:753(_SubscriberImpl._invoke_callback)] [topics: /rosout, /lane_overlay, /camera/image_raw, /lane/center_offset, /lane/steering_angle] bad callback: <bound method LaneTrackingNode.image_cb of <__main__.LaneTrackingNode object at 0x7f55bef5a1c0>>
Traceback (most recent call last):
  File "/opt/ros/noetic/lib/python3/dist-packages/rospy/topics.py", line 750, in _invoke_callback
    cb(msg)
  File "/home/hyeongseon/catkin_ws/src/lane_tracking_pkg/scripts/lane_tracking_node.py", line 99, in image_cb
    self.handle_frame(frame, msg.header)
  File "/home/hyeongseon/catkin_ws/src/lane_tracking_pkg/scripts/lane_tracking_node.py", line 111, in handle_frame
    lane_center, roi_overlay = detect_lane_center(edges, roi_color, self.debug)
  File "/home/hyeongseon/catkin_ws/src/lane_tracking_pkg/vision/detector.py", line 63, in detect_lane_center
    left_line = _fit_lane(np.vstack(left_points)) if left_points else None
TypeError: _fit_lane() missing 2 required positional arguments: 'y_bottom' and 'y_top'

1758341687.309026956 ERROR /lane_tracking_node [topics.py:753(_SubscriberImpl._invoke_callback)] [topics: /rosout, /lane_overlay, /camera/image_raw, /lane/center_offset, /lane/steering_angle] bad callback: <bound method LaneTrackingNode.image_cb of <__main__.LaneTrackingNode object at 0x7f55bef5a1c0>>
Traceback (most recent call last):
  File "/opt/ros/noetic/lib/python3/dist-packages/rospy/topics.py", line 750, in _invoke_callback
    cb(msg)
  File "/home/hyeongseon/catkin_ws/src/lane_tracking_pkg/scripts/lane_tracking_node.py", line 99, in image_cb
    self.handle_frame(frame, msg.header)
  File "/home/hyeongseon/catkin_ws/src/lane_tracking_pkg/scripts/lane_tracking_node.py", line 111, in handle_frame
    lane_center, roi_overlay = detect_lane_center(edges, roi_color, self.debug)
  File "/home/hyeongseon/catkin_ws/src/lane_tracking_pkg/vision/detector.py", line 63, in detect_lane_center
    left_line = _fit_lane(np.vstack(left_points)) if left_points else None
TypeError: _fit_lane() missing 2 required positional arguments: 'y_bottom' and 'y_top'

1758341687.347642660 ERROR /lane_tracking_node [topics.py:753(_SubscriberImpl._invoke_callback)] [topics: /rosout, /lane_overlay, /camera/image_raw, /lane/center_offset, /lane/steering_angle] bad callback: <bound method LaneTrackingNode.image_cb of <__main__.LaneTrackingNode object at 0x7f55bef5a1c0>>
Traceback (most recent call last):
  File "/opt/ros/noetic/lib/python3/dist-packages/rospy/topics.py", line 750, in _invoke_callback
    cb(msg)
  File "/home/hyeongseon/catkin_ws/src/lane_tracking_pkg/scripts/lane_tracking_node.py", line 99, in image_cb
    self.handle_frame(frame, msg.header)
  File "/home/hyeongseon/catkin_ws/src/lane_tracking_pkg/scripts/lane_tracking_node.py", line 111, in handle_frame
    lane_center, roi_overlay = detect_lane_center(edges, roi_color, self.debug)
  File "/home/hyeongseon/catkin_ws/src/lane_tracking_pkg/vision/detector.py", line 63, in detect_lane_center
    left_line = _fit_lane(np.vstack(left_points)) if left_points else None
TypeError: _fit_lane() missing 2 required positional arguments: 'y_bottom' and 'y_top'

1758341687.394004583 ERROR /lane_tracking_node [topics.py:753(_SubscriberImpl._invoke_callback)] [topics: /rosout, /lane_overlay, /camera/image_raw, /lane/center_offset, /lane/steering_angle] bad callback: <bound method LaneTrackingNode.image_cb of <__main__.LaneTrackingNode object at 0x7f55bef5a1c0>>
Traceback (most recent call last):
  File "/opt/ros/noetic/lib/python3/dist-packages/rospy/topics.py", line 750, in _invoke_callback
    cb(msg)
  File "/home/hyeongseon/catkin_ws/src/lane_tracking_pkg/scripts/lane_tracking_node.py", line 99, in image_cb
    self.handle_frame(frame, msg.header)
  File "/home/hyeongseon/catkin_ws/src/lane_tracking_pkg/scripts/lane_tracking_node.py", line 111, in handle_frame
    lane_center, roi_overlay = detect_lane_center(edges, roi_color, self.debug)
  File "/home/hyeongseon/catkin_ws/src/lane_tracking_pkg/vision/detector.py", line 63, in detect_lane_center
    left_line = _fit_lane(np.vstack(left_points)) if left_points else None
TypeError: _fit_lane() missing 2 required positional arguments: 'y_bottom' and 'y_top'

1758341687.432956695 ERROR /lane_tracking_node [topics.py:753(_SubscriberImpl._invoke_callback)] [topics: /rosout, /lane_overlay, /camera/image_raw, /lane/center_offset, /lane/steering_angle] bad callback: <bound method LaneTrackingNode.image_cb of <__main__.LaneTrackingNode object at 0x7f55bef5a1c0>>
Traceback (most recent call last):
  File "/opt/ros/noetic/lib/python3/dist-packages/rospy/topics.py", line 750, in _invoke_callback
    cb(msg)
  File "/home/hyeongseon/catkin_ws/src/lane_tracking_pkg/scripts/lane_tracking_node.py", line 99, in image_cb
    self.handle_frame(frame, msg.header)
  File "/home/hyeongseon/catkin_ws/src/lane_tracking_pkg/scripts/lane_tracking_node.py", line 111, in handle_frame
    lane_center, roi_overlay = detect_lane_center(edges, roi_color, self.debug)
  File "/home/hyeongseon/catkin_ws/src/lane_tracking_pkg/vision/detector.py", line 63, in detect_lane_center
    left_line = _fit_lane(np.vstack(left_points)) if left_points else None
TypeError: _fit_lane() missing 2 required positional arguments: 'y_bottom' and 'y_top'

1758341687.446927785 ERROR /lane_tracking_node [topics.py:753(_SubscriberImpl._invoke_callback)] [topics: /rosout, /lane_overlay, /camera/image_raw, /lane/center_offset, /lane/steering_angle] bad callback: <bound method LaneTrackingNode.image_cb of <__main__.LaneTrackingNode object at 0x7f55bef5a1c0>>
Traceback (most recent call last):
  File "/opt/ros/noetic/lib/python3/dist-packages/rospy/topics.py", line 750, in _invoke_callback
    cb(msg)
  File "/home/hyeongseon/catkin_ws/src/lane_tracking_pkg/scripts/lane_tracking_node.py", line 99, in image_cb
    self.handle_frame(frame, msg.header)
  File "/home/hyeongseon/catkin_ws/src/lane_tracking_pkg/scripts/lane_tracking_node.py", line 111, in handle_frame
    lane_center, roi_overlay = detect_lane_center(edges, roi_color, self.debug)
  File "/home/hyeongseon/catkin_ws/src/lane_tracking_pkg/vision/detector.py", line 63, in detect_lane_center
    left_line = _fit_lane(np.vstack(left_points)) if left_points else None
TypeError: _fit_lane() missing 2 required positional arguments: 'y_bottom' and 'y_top'

1758341687.492345094 ERROR /lane_tracking_node [topics.py:753(_SubscriberImpl._invoke_callback)] [topics: /rosout, /lane_overlay, /camera/image_raw, /lane/center_offset, /lane/steering_angle] bad callback: <bound method LaneTrackingNode.image_cb of <__main__.LaneTrackingNode object at 0x7f55bef5a1c0>>
Traceback (most recent call last):
  File "/opt/ros/noetic/lib/python3/dist-packages/rospy/topics.py", line 750, in _invoke_callback
    cb(msg)
  File "/home/hyeongseon/catkin_ws/src/lane_tracking_pkg/scripts/lane_tracking_node.py", line 99, in image_cb
    self.handle_frame(frame, msg.header)
  File "/home/hyeongseon/catkin_ws/src/lane_tracking_pkg/scripts/lane_tracking_node.py", line 111, in handle_frame
    lane_center, roi_overlay = detect_lane_center(edges, roi_color, self.debug)
  File "/home/hyeongseon/catkin_ws/src/lane_tracking_pkg/vision/detector.py", line 63, in detect_lane_center
    left_line = _fit_lane(np.vstack(left_points)) if left_points else None
TypeError: _fit_lane() missing 2 required positional arguments: 'y_bottom' and 'y_top'

1758341687.516310930 ERROR /lane_tracking_node [topics.py:753(_SubscriberImpl._invoke_callback)] [topics: /rosout, /lane_overlay, /camera/image_raw, /lane/center_offset, /lane/steering_angle] bad callback: <bound method LaneTrackingNode.image_cb of <__main__.LaneTrackingNode object at 0x7f55bef5a1c0>>
Traceback (most recent call last):
  File "/opt/ros/noetic/lib/python3/dist-packages/rospy/topics.py", line 750, in _invoke_callback
    cb(msg)
  File "/home/hyeongseon/catkin_ws/src/lane_tracking_pkg/scripts/lane_tracking_node.py", line 99, in image_cb
    self.handle_frame(frame, msg.header)
  File "/home/hyeongseon/catkin_ws/src/lane_tracking_pkg/scripts/lane_tracking_node.py", line 111, in handle_frame
    lane_center, roi_overlay = detect_lane_center(edges, roi_color, self.debug)
  File "/home/hyeongseon/catkin_ws/src/lane_tracking_pkg/vision/detector.py", line 63, in detect_lane_center
    left_line = _fit_lane(np.vstack(left_points)) if left_points else None
TypeError: _fit_lane() missing 2 required positional arguments: 'y_bottom' and 'y_top'

1758341687.548516035 ERROR /lane_tracking_node [topics.py:753(_SubscriberImpl._invoke_callback)] [topics: /rosout, /lane_overlay, /camera/image_raw, /lane/center_offset, /lane/steering_angle] bad callback: <bound method LaneTrackingNode.image_cb of <__main__.LaneTrackingNode object at 0x7f55bef5a1c0>>
Traceback (most recent call last):
  File "/opt/ros/noetic/lib/python3/dist-packages/rospy/topics.py", line 750, in _invoke_callback
    cb(msg)
  File "/home/hyeongseon/catkin_ws/src/lane_tracking_pkg/scripts/lane_tracking_node.py", line 99, in image_cb
    self.handle_frame(frame, msg.header)
  File "/home/hyeongseon/catkin_ws/src/lane_tracking_pkg/scripts/lane_tracking_node.py", line 111, in handle_frame
    lane_center, roi_overlay = detect_lane_center(edges, roi_color, self.debug)
  File "/home/hyeongseon/catkin_ws/src/lane_tracking_pkg/vision/detector.py", line 63, in detect_lane_center
    left_line = _fit_lane(np.vstack(left_points)) if left_points else None
TypeError: _fit_lane() missing 2 required positional arguments: 'y_bottom' and 'y_top'

1758341687.592613458 ERROR /lane_tracking_node [topics.py:753(_SubscriberImpl._invoke_callback)] [topics: /rosout, /lane_overlay, /camera/image_raw, /lane/center_offset, /lane/steering_angle] bad callback: <bound method LaneTrackingNode.image_cb of <__main__.LaneTrackingNode object at 0x7f55bef5a1c0>>
Traceback (most recent call last):
  File "/opt/ros/noetic/lib/python3/dist-packages/rospy/topics.py", line 750, in _invoke_callback
    cb(msg)
  File "/home/hyeongseon/catkin_ws/src/lane_tracking_pkg/scripts/lane_tracking_node.py", line 99, in image_cb
    self.handle_frame(frame, msg.header)
  File "/home/hyeongseon/catkin_ws/src/lane_tracking_pkg/scripts/lane_tracking_node.py", line 111, in handle_frame
    lane_center, roi_overlay = detect_lane_center(edges, roi_color, self.debug)
  File "/home/hyeongseon/catkin_ws/src/lane_tracking_pkg/vision/detector.py", line 63, in detect_lane_center
    left_line = _fit_lane(np.vstack(left_points)) if left_points else None
TypeError: _fit_lane() missing 2 required positional arguments: 'y_bottom' and 'y_top'

1758341687.616794109 ERROR /lane_tracking_node [topics.py:753(_SubscriberImpl._invoke_callback)] [topics: /rosout, /lane_overlay, /camera/image_raw, /lane/center_offset, /lane/steering_angle] bad callback: <bound method LaneTrackingNode.image_cb of <__main__.LaneTrackingNode object at 0x7f55bef5a1c0>>
Traceback (most recent call last):
  File "/opt/ros/noetic/lib/python3/dist-packages/rospy/topics.py", line 750, in _invoke_callback
    cb(msg)
  File "/home/hyeongseon/catkin_ws/src/lane_tracking_pkg/scripts/lane_tracking_node.py", line 99, in image_cb
    self.handle_frame(frame, msg.header)
  File "/home/hyeongseon/catkin_ws/src/lane_tracking_pkg/scripts/lane_tracking_node.py", line 111, in handle_frame
    lane_center, roi_overlay = detect_lane_center(edges, roi_color, self.debug)
  File "/home/hyeongseon/catkin_ws/src/lane_tracking_pkg/vision/detector.py", line 63, in detect_lane_center
    left_line = _fit_lane(np.vstack(left_points)) if left_points else None
TypeError: _fit_lane() missing 2 required positional arguments: 'y_bottom' and 'y_top'

1758341687.650321006 ERROR /lane_tracking_node [topics.py:753(_SubscriberImpl._invoke_callback)] [topics: /rosout, /lane_overlay, /camera/image_raw, /lane/center_offset, /lane/steering_angle] bad callback: <bound method LaneTrackingNode.image_cb of <__main__.LaneTrackingNode object at 0x7f55bef5a1c0>>
Traceback (most recent call last):
  File "/opt/ros/noetic/lib/python3/dist-packages/rospy/topics.py", line 750, in _invoke_callback
    cb(msg)
  File "/home/hyeongseon/catkin_ws/src/lane_tracking_pkg/scripts/lane_tracking_node.py", line 99, in image_cb
    self.handle_frame(frame, msg.header)
  File "/home/hyeongseon/catkin_ws/src/lane_tracking_pkg/scripts/lane_tracking_node.py", line 111, in handle_frame
    lane_center, roi_overlay = detect_lane_center(edges, roi_color, self.debug)
  File "/home/hyeongseon/catkin_ws/src/lane_tracking_pkg/vision/detector.py", line 63, in detect_lane_center
    left_line = _fit_lane(np.vstack(left_points)) if left_points else None
TypeError: _fit_lane() missing 2 required positional arguments: 'y_bottom' and 'y_top'

1758341687.666477680 ERROR /lane_tracking_node [topics.py:753(_SubscriberImpl._invoke_callback)] [topics: /rosout, /lane_overlay, /camera/image_raw, /lane/center_offset, /lane/steering_angle] bad callback: <bound method LaneTrackingNode.image_cb of <__main__.LaneTrackingNode object at 0x7f55bef5a1c0>>
Traceback (most recent call last):
  File "/opt/ros/noetic/lib/python3/dist-packages/rospy/topics.py", line 750, in _invoke_callback
    cb(msg)
  File "/home/hyeongseon/catkin_ws/src/lane_tracking_pkg/scripts/lane_tracking_node.py", line 99, in image_cb
    self.handle_frame(frame, msg.header)
  File "/home/hyeongseon/catkin_ws/src/lane_tracking_pkg/scripts/lane_tracking_node.py", line 111, in handle_frame
    lane_center, roi_overlay = detect_lane_center(edges, roi_color, self.debug)
  File "/home/hyeongseon/catkin_ws/src/lane_tracking_pkg/vision/detector.py", line 63, in detect_lane_center
    left_line = _fit_lane(np.vstack(left_points)) if left_points else None
TypeError: _fit_lane() missing 2 required positional arguments: 'y_bottom' and 'y_top'

1758341687.739203691 ERROR /lane_tracking_node [topics.py:753(_SubscriberImpl._invoke_callback)] [topics: /rosout, /lane_overlay, /camera/image_raw, /lane/center_offset, /lane/steering_angle] bad callback: <bound method LaneTrackingNode.image_cb of <__main__.LaneTrackingNode object at 0x7f55bef5a1c0>>
Traceback (most recent call last):
  File "/opt/ros/noetic/lib/python3/dist-packages/rospy/topics.py", line 750, in _invoke_callback
    cb(msg)
  File "/home/hyeongseon/catkin_ws/src/lane_tracking_pkg/scripts/lane_tracking_node.py", line 99, in image_cb
    self.handle_frame(frame, msg.header)
  File "/home/hyeongseon/catkin_ws/src/lane_tracking_pkg/scripts/lane_tracking_node.py", line 111, in handle_frame
    lane_center, roi_overlay = detect_lane_center(edges, roi_color, self.debug)
  File "/home/hyeongseon/catkin_ws/src/lane_tracking_pkg/vision/detector.py", line 63, in detect_lane_center
    left_line = _fit_lane(np.vstack(left_points)) if left_points else None
TypeError: _fit_lane() missing 2 required positional arguments: 'y_bottom' and 'y_top'

1758341687.786606073 ERROR /lane_tracking_node [topics.py:753(_SubscriberImpl._invoke_callback)] [topics: /rosout, /lane_overlay, /camera/image_raw, /lane/center_offset, /lane/steering_angle] bad callback: <bound method LaneTrackingNode.image_cb of <__main__.LaneTrackingNode object at 0x7f55bef5a1c0>>
Traceback (most recent call last):
  File "/opt/ros/noetic/lib/python3/dist-packages/rospy/topics.py", line 750, in _invoke_callback
    cb(msg)
  File "/home/hyeongseon/catkin_ws/src/lane_tracking_pkg/scripts/lane_tracking_node.py", line 99, in image_cb
    self.handle_frame(frame, msg.header)
  File "/home/hyeongseon/catkin_ws/src/lane_tracking_pkg/scripts/lane_tracking_node.py", line 111, in handle_frame
    lane_center, roi_overlay = detect_lane_center(edges, roi_color, self.debug)
  File "/home/hyeongseon/catkin_ws/src/lane_tracking_pkg/vision/detector.py", line 63, in detect_lane_center
    left_line = _fit_lane(np.vstack(left_points)) if left_points else None
TypeError: _fit_lane() missing 2 required positional arguments: 'y_bottom' and 'y_top'

1758341687.797695636 ERROR /lane_tracking_node [topics.py:753(_SubscriberImpl._invoke_callback)] [topics: /rosout, /lane_overlay, /camera/image_raw, /lane/center_offset, /lane/steering_angle] bad callback: <bound method LaneTrackingNode.image_cb of <__main__.LaneTrackingNode object at 0x7f55bef5a1c0>>
Traceback (most recent call last):
  File "/opt/ros/noetic/lib/python3/dist-packages/rospy/topics.py", line 750, in _invoke_callback
    cb(msg)
  File "/home/hyeongseon/catkin_ws/src/lane_tracking_pkg/scripts/lane_tracking_node.py", line 99, in image_cb
    self.handle_frame(frame, msg.header)
  File "/home/hyeongseon/catkin_ws/src/lane_tracking_pkg/scripts/lane_tracking_node.py", line 111, in handle_frame
    lane_center, roi_overlay = detect_lane_center(edges, roi_color, self.debug)
  File "/home/hyeongseon/catkin_ws/src/lane_tracking_pkg/vision/detector.py", line 63, in detect_lane_center
    left_line = _fit_lane(np.vstack(left_points)) if left_points else None
TypeError: _fit_lane() missing 2 required positional arguments: 'y_bottom' and 'y_top'

1758341687.819672822 ERROR /lane_tracking_node [topics.py:753(_SubscriberImpl._invoke_callback)] [topics: /rosout, /lane_overlay, /camera/image_raw, /lane/center_offset, /lane/steering_angle] bad callback: <bound method LaneTrackingNode.image_cb of <__main__.LaneTrackingNode object at 0x7f55bef5a1c0>>
Traceback (most recent call last):
  File "/opt/ros/noetic/lib/python3/dist-packages/rospy/topics.py", line 750, in _invoke_callback
    cb(msg)
  File "/home/hyeongseon/catkin_ws/src/lane_tracking_pkg/scripts/lane_tracking_node.py", line 99, in image_cb
    self.handle_frame(frame, msg.header)
  File "/home/hyeongseon/catkin_ws/src/lane_tracking_pkg/scripts/lane_tracking_node.py", line 111, in handle_frame
    lane_center, roi_overlay = detect_lane_center(edges, roi_color, self.debug)
  File "/home/hyeongseon/catkin_ws/src/lane_tracking_pkg/vision/detector.py", line 63, in detect_lane_center
    left_line = _fit_lane(np.vstack(left_points)) if left_points else None
TypeError: _fit_lane() missing 2 required positional arguments: 'y_bottom' and 'y_top'

1758341687.845744609 ERROR /lane_tracking_node [topics.py:753(_SubscriberImpl._invoke_callback)] [topics: /rosout, /lane_overlay, /camera/image_raw, /lane/center_offset, /lane/steering_angle] bad callback: <bound method LaneTrackingNode.image_cb of <__main__.LaneTrackingNode object at 0x7f55bef5a1c0>>
Traceback (most recent call last):
  File "/opt/ros/noetic/lib/python3/dist-packages/rospy/topics.py", line 750, in _invoke_callback
    cb(msg)
  File "/home/hyeongseon/catkin_ws/src/lane_tracking_pkg/scripts/lane_tracking_node.py", line 99, in image_cb
    self.handle_frame(frame, msg.header)
  File "/home/hyeongseon/catkin_ws/src/lane_tracking_pkg/scripts/lane_tracking_node.py", line 111, in handle_frame
    lane_center, roi_overlay = detect_lane_center(edges, roi_color, self.debug)
  File "/home/hyeongseon/catkin_ws/src/lane_tracking_pkg/vision/detector.py", line 63, in detect_lane_center
    left_line = _fit_lane(np.vstack(left_points)) if left_points else None
TypeError: _fit_lane() missing 2 required positional arguments: 'y_bottom' and 'y_top'

1758341687.871771335 ERROR /lane_tracking_node [topics.py:753(_SubscriberImpl._invoke_callback)] [topics: /rosout, /lane_overlay, /camera/image_raw, /lane/center_offset, /lane/steering_angle] bad callback: <bound method LaneTrackingNode.image_cb of <__main__.LaneTrackingNode object at 0x7f55bef5a1c0>>
Traceback (most recent call last):
  File "/opt/ros/noetic/lib/python3/dist-packages/rospy/topics.py", line 750, in _invoke_callback
    cb(msg)
  File "/home/hyeongseon/catkin_ws/src/lane_tracking_pkg/scripts/lane_tracking_node.py", line 99, in image_cb
    self.handle_frame(frame, msg.header)
  File "/home/hyeongseon/catkin_ws/src/lane_tracking_pkg/scripts/lane_tracking_node.py", line 111, in handle_frame
    lane_center, roi_overlay = detect_lane_center(edges, roi_color, self.debug)
  File "/home/hyeongseon/catkin_ws/src/lane_tracking_pkg/vision/detector.py", line 63, in detect_lane_center
    left_line = _fit_lane(np.vstack(left_points)) if left_points else None
TypeError: _fit_lane() missing 2 required positional arguments: 'y_bottom' and 'y_top'

1758341687.905014038 ERROR /lane_tracking_node [topics.py:753(_SubscriberImpl._invoke_callback)] [topics: /rosout, /lane_overlay, /camera/image_raw, /lane/center_offset, /lane/steering_angle] bad callback: <bound method LaneTrackingNode.image_cb of <__main__.LaneTrackingNode object at 0x7f55bef5a1c0>>
Traceback (most recent call last):
  File "/opt/ros/noetic/lib/python3/dist-packages/rospy/topics.py", line 750, in _invoke_callback
    cb(msg)
  File "/home/hyeongseon/catkin_ws/src/lane_tracking_pkg/scripts/lane_tracking_node.py", line 99, in image_cb
    self.handle_frame(frame, msg.header)
  File "/home/hyeongseon/catkin_ws/src/lane_tracking_pkg/scripts/lane_tracking_node.py", line 111, in handle_frame
    lane_center, roi_overlay = detect_lane_center(edges, roi_color, self.debug)
  File "/home/hyeongseon/catkin_ws/src/lane_tracking_pkg/vision/detector.py", line 63, in detect_lane_center
    left_line = _fit_lane(np.vstack(left_points)) if left_points else None
TypeError: _fit_lane() missing 2 required positional arguments: 'y_bottom' and 'y_top'

1758341687.946344614 ERROR /lane_tracking_node [topics.py:753(_SubscriberImpl._invoke_callback)] [topics: /rosout, /lane_overlay, /camera/image_raw, /lane/center_offset, /lane/steering_angle] bad callback: <bound method LaneTrackingNode.image_cb of <__main__.LaneTrackingNode object at 0x7f55bef5a1c0>>
Traceback (most recent call last):
  File "/opt/ros/noetic/lib/python3/dist-packages/rospy/topics.py", line 750, in _invoke_callback
    cb(msg)
  File "/home/hyeongseon/catkin_ws/src/lane_tracking_pkg/scripts/lane_tracking_node.py", line 99, in image_cb
    self.handle_frame(frame, msg.header)
  File "/home/hyeongseon/catkin_ws/src/lane_tracking_pkg/scripts/lane_tracking_node.py", line 111, in handle_frame
    lane_center, roi_overlay = detect_lane_center(edges, roi_color, self.debug)
  File "/home/hyeongseon/catkin_ws/src/lane_tracking_pkg/vision/detector.py", line 63, in detect_lane_center
    left_line = _fit_lane(np.vstack(left_points)) if left_points else None
TypeError: _fit_lane() missing 2 required positional arguments: 'y_bottom' and 'y_top'

1758341687.971583127 ERROR /lane_tracking_node [topics.py:753(_SubscriberImpl._invoke_callback)] [topics: /rosout, /lane_overlay, /camera/image_raw, /lane/center_offset, /lane/steering_angle] bad callback: <bound method LaneTrackingNode.image_cb of <__main__.LaneTrackingNode object at 0x7f55bef5a1c0>>
Traceback (most recent call last):
  File "/opt/ros/noetic/lib/python3/dist-packages/rospy/topics.py", line 750, in _invoke_callback
    cb(msg)
  File "/home/hyeongseon/catkin_ws/src/lane_tracking_pkg/scripts/lane_tracking_node.py", line 99, in image_cb
    self.handle_frame(frame, msg.header)
  File "/home/hyeongseon/catkin_ws/src/lane_tracking_pkg/scripts/lane_tracking_node.py", line 111, in handle_frame
    lane_center, roi_overlay = detect_lane_center(edges, roi_color, self.debug)
  File "/home/hyeongseon/catkin_ws/src/lane_tracking_pkg/vision/detector.py", line 63, in detect_lane_center
    left_line = _fit_lane(np.vstack(left_points)) if left_points else None
TypeError: _fit_lane() missing 2 required positional arguments: 'y_bottom' and 'y_top'

1758341687.992749452 ERROR /lane_tracking_node [topics.py:753(_SubscriberImpl._invoke_callback)] [topics: /rosout, /lane_overlay, /camera/image_raw, /lane/center_offset, /lane/steering_angle] bad callback: <bound method LaneTrackingNode.image_cb of <__main__.LaneTrackingNode object at 0x7f55bef5a1c0>>
Traceback (most recent call last):
  File "/opt/ros/noetic/lib/python3/dist-packages/rospy/topics.py", line 750, in _invoke_callback
    cb(msg)
  File "/home/hyeongseon/catkin_ws/src/lane_tracking_pkg/scripts/lane_tracking_node.py", line 99, in image_cb
    self.handle_frame(frame, msg.header)
  File "/home/hyeongseon/catkin_ws/src/lane_tracking_pkg/scripts/lane_tracking_node.py", line 111, in handle_frame
    lane_center, roi_overlay = detect_lane_center(edges, roi_color, self.debug)
  File "/home/hyeongseon/catkin_ws/src/lane_tracking_pkg/vision/detector.py", line 63, in detect_lane_center
    left_line = _fit_lane(np.vstack(left_points)) if left_points else None
TypeError: _fit_lane() missing 2 required positional arguments: 'y_bottom' and 'y_top'

1758341688.043963909 ERROR /lane_tracking_node [topics.py:753(_SubscriberImpl._invoke_callback)] [topics: /rosout, /lane_overlay, /camera/image_raw, /lane/center_offset, /lane/steering_angle] bad callback: <bound method LaneTrackingNode.image_cb of <__main__.LaneTrackingNode object at 0x7f55bef5a1c0>>
Traceback (most recent call last):
  File "/opt/ros/noetic/lib/python3/dist-packages/rospy/topics.py", line 750, in _invoke_callback
    cb(msg)
  File "/home/hyeongseon/catkin_ws/src/lane_tracking_pkg/scripts/lane_tracking_node.py", line 99, in image_cb
    self.handle_frame(frame, msg.header)
  File "/home/hyeongseon/catkin_ws/src/lane_tracking_pkg/scripts/lane_tracking_node.py", line 111, in handle_frame
    lane_center, roi_overlay = detect_lane_center(edges, roi_color, self.debug)
  File "/home/hyeongseon/catkin_ws/src/lane_tracking_pkg/vision/detector.py", line 63, in detect_lane_center
    left_line = _fit_lane(np.vstack(left_points)) if left_points else None
TypeError: _fit_lane() missing 2 required positional arguments: 'y_bottom' and 'y_top'

1758341688.069348335 ERROR /lane_tracking_node [topics.py:753(_SubscriberImpl._invoke_callback)] [topics: /rosout, /lane_overlay, /camera/image_raw, /lane/center_offset, /lane/steering_angle] bad callback: <bound method LaneTrackingNode.image_cb of <__main__.LaneTrackingNode object at 0x7f55bef5a1c0>>
Traceback (most recent call last):
  File "/opt/ros/noetic/lib/python3/dist-packages/rospy/topics.py", line 750, in _invoke_callback
    cb(msg)
  File "/home/hyeongseon/catkin_ws/src/lane_tracking_pkg/scripts/lane_tracking_node.py", line 99, in image_cb
    self.handle_frame(frame, msg.header)
  File "/home/hyeongseon/catkin_ws/src/lane_tracking_pkg/scripts/lane_tracking_node.py", line 111, in handle_frame
    lane_center, roi_overlay = detect_lane_center(edges, roi_color, self.debug)
  File "/home/hyeongseon/catkin_ws/src/lane_tracking_pkg/vision/detector.py", line 63, in detect_lane_center
    left_line = _fit_lane(np.vstack(left_points)) if left_points else None
TypeError: _fit_lane() missing 2 required positional arguments: 'y_bottom' and 'y_top'

1758341688.103368282 ERROR /lane_tracking_node [topics.py:753(_SubscriberImpl._invoke_callback)] [topics: /rosout, /lane_overlay, /camera/image_raw, /lane/center_offset, /lane/steering_angle] bad callback: <bound method LaneTrackingNode.image_cb of <__main__.LaneTrackingNode object at 0x7f55bef5a1c0>>
Traceback (most recent call last):
  File "/opt/ros/noetic/lib/python3/dist-packages/rospy/topics.py", line 750, in _invoke_callback
    cb(msg)
  File "/home/hyeongseon/catkin_ws/src/lane_tracking_pkg/scripts/lane_tracking_node.py", line 99, in image_cb
    self.handle_frame(frame, msg.header)
  File "/home/hyeongseon/catkin_ws/src/lane_tracking_pkg/scripts/lane_tracking_node.py", line 111, in handle_frame
    lane_center, roi_overlay = detect_lane_center(edges, roi_color, self.debug)
  File "/home/hyeongseon/catkin_ws/src/lane_tracking_pkg/vision/detector.py", line 63, in detect_lane_center
    left_line = _fit_lane(np.vstack(left_points)) if left_points else None
TypeError: _fit_lane() missing 2 required positional arguments: 'y_bottom' and 'y_top'

1758341688.121268510 ERROR /lane_tracking_node [topics.py:753(_SubscriberImpl._invoke_callback)] [topics: /rosout, /lane_overlay, /camera/image_raw, /lane/center_offset, /lane/steering_angle] bad callback: <bound method LaneTrackingNode.image_cb of <__main__.LaneTrackingNode object at 0x7f55bef5a1c0>>
Traceback (most recent call last):
  File "/opt/ros/noetic/lib/python3/dist-packages/rospy/topics.py", line 750, in _invoke_callback
    cb(msg)
  File "/home/hyeongseon/catkin_ws/src/lane_tracking_pkg/scripts/lane_tracking_node.py", line 99, in image_cb
    self.handle_frame(frame, msg.header)
  File "/home/hyeongseon/catkin_ws/src/lane_tracking_pkg/scripts/lane_tracking_node.py", line 111, in handle_frame
    lane_center, roi_overlay = detect_lane_center(edges, roi_color, self.debug)
  File "/home/hyeongseon/catkin_ws/src/lane_tracking_pkg/vision/detector.py", line 63, in detect_lane_center
    left_line = _fit_lane(np.vstack(left_points)) if left_points else None
TypeError: _fit_lane() missing 2 required positional arguments: 'y_bottom' and 'y_top'

1758341688.175151348 ERROR /lane_tracking_node [topics.py:753(_SubscriberImpl._invoke_callback)] [topics: /rosout, /lane_overlay, /camera/image_raw, /lane/center_offset, /lane/steering_angle] bad callback: <bound method LaneTrackingNode.image_cb of <__main__.LaneTrackingNode object at 0x7f55bef5a1c0>>
Traceback (most recent call last):
  File "/opt/ros/noetic/lib/python3/dist-packages/rospy/topics.py", line 750, in _invoke_callback
    cb(msg)
  File "/home/hyeongseon/catkin_ws/src/lane_tracking_pkg/scripts/lane_tracking_node.py", line 99, in image_cb
    self.handle_frame(frame, msg.header)
  File "/home/hyeongseon/catkin_ws/src/lane_tracking_pkg/scripts/lane_tracking_node.py", line 111, in handle_frame
    lane_center, roi_overlay = detect_lane_center(edges, roi_color, self.debug)
  File "/home/hyeongseon/catkin_ws/src/lane_tracking_pkg/vision/detector.py", line 63, in detect_lane_center
    left_line = _fit_lane(np.vstack(left_points)) if left_points else None
TypeError: _fit_lane() missing 2 required positional arguments: 'y_bottom' and 'y_top'

1758341688.206688880 ERROR /lane_tracking_node [topics.py:753(_SubscriberImpl._invoke_callback)] [topics: /rosout, /lane_overlay, /camera/image_raw, /lane/center_offset, /lane/steering_angle] bad callback: <bound method LaneTrackingNode.image_cb of <__main__.LaneTrackingNode object at 0x7f55bef5a1c0>>
Traceback (most recent call last):
  File "/opt/ros/noetic/lib/python3/dist-packages/rospy/topics.py", line 750, in _invoke_callback
    cb(msg)
  File "/home/hyeongseon/catkin_ws/src/lane_tracking_pkg/scripts/lane_tracking_node.py", line 99, in image_cb
    self.handle_frame(frame, msg.header)
  File "/home/hyeongseon/catkin_ws/src/lane_tracking_pkg/scripts/lane_tracking_node.py", line 111, in handle_frame
    lane_center, roi_overlay = detect_lane_center(edges, roi_color, self.debug)
  File "/home/hyeongseon/catkin_ws/src/lane_tracking_pkg/vision/detector.py", line 63, in detect_lane_center
    left_line = _fit_lane(np.vstack(left_points)) if left_points else None
TypeError: _fit_lane() missing 2 required positional arguments: 'y_bottom' and 'y_top'

1758341688.234038829 ERROR /lane_tracking_node [topics.py:753(_SubscriberImpl._invoke_callback)] [topics: /rosout, /lane_overlay, /camera/image_raw, /lane/center_offset, /lane/steering_angle] bad callback: <bound method LaneTrackingNode.image_cb of <__main__.LaneTrackingNode object at 0x7f55bef5a1c0>>
Traceback (most recent call last):
  File "/opt/ros/noetic/lib/python3/dist-packages/rospy/topics.py", line 750, in _invoke_callback
    cb(msg)
  File "/home/hyeongseon/catkin_ws/src/lane_tracking_pkg/scripts/lane_tracking_node.py", line 99, in image_cb
    self.handle_frame(frame, msg.header)
  File "/home/hyeongseon/catkin_ws/src/lane_tracking_pkg/scripts/lane_tracking_node.py", line 111, in handle_frame
    lane_center, roi_overlay = detect_lane_center(edges, roi_color, self.debug)
  File "/home/hyeongseon/catkin_ws/src/lane_tracking_pkg/vision/detector.py", line 63, in detect_lane_center
    left_line = _fit_lane(np.vstack(left_points)) if left_points else None
TypeError: _fit_lane() missing 2 required positional arguments: 'y_bottom' and 'y_top'

1758341688.253635644 ERROR /lane_tracking_node [topics.py:753(_SubscriberImpl._invoke_callback)] [topics: /rosout, /lane_overlay, /camera/image_raw, /lane/center_offset, /lane/steering_angle] bad callback: <bound method LaneTrackingNode.image_cb of <__main__.LaneTrackingNode object at 0x7f55bef5a1c0>>
Traceback (most recent call last):
  File "/opt/ros/noetic/lib/python3/dist-packages/rospy/topics.py", line 750, in _invoke_callback
    cb(msg)
  File "/home/hyeongseon/catkin_ws/src/lane_tracking_pkg/scripts/lane_tracking_node.py", line 99, in image_cb
    self.handle_frame(frame, msg.header)
  File "/home/hyeongseon/catkin_ws/src/lane_tracking_pkg/scripts/lane_tracking_node.py", line 111, in handle_frame
    lane_center, roi_overlay = detect_lane_center(edges, roi_color, self.debug)
  File "/home/hyeongseon/catkin_ws/src/lane_tracking_pkg/vision/detector.py", line 63, in detect_lane_center
    left_line = _fit_lane(np.vstack(left_points)) if left_points else None
TypeError: _fit_lane() missing 2 required positional arguments: 'y_bottom' and 'y_top'

1758341688.326995849 ERROR /lane_tracking_node [topics.py:753(_SubscriberImpl._invoke_callback)] [topics: /rosout, /lane_overlay, /camera/image_raw, /lane/center_offset, /lane/steering_angle] bad callback: <bound method LaneTrackingNode.image_cb of <__main__.LaneTrackingNode object at 0x7f55bef5a1c0>>
Traceback (most recent call last):
  File "/opt/ros/noetic/lib/python3/dist-packages/rospy/topics.py", line 750, in _invoke_callback
    cb(msg)
  File "/home/hyeongseon/catkin_ws/src/lane_tracking_pkg/scripts/lane_tracking_node.py", line 99, in image_cb
    self.handle_frame(frame, msg.header)
  File "/home/hyeongseon/catkin_ws/src/lane_tracking_pkg/scripts/lane_tracking_node.py", line 111, in handle_frame
    lane_center, roi_overlay = detect_lane_center(edges, roi_color, self.debug)
  File "/home/hyeongseon/catkin_ws/src/lane_tracking_pkg/vision/detector.py", line 63, in detect_lane_center
    left_line = _fit_lane(np.vstack(left_points)) if left_points else None
TypeError: _fit_lane() missing 2 required positional arguments: 'y_bottom' and 'y_top'

1758341688.346720933 ERROR /lane_tracking_node [topics.py:753(_SubscriberImpl._invoke_callback)] [topics: /rosout, /lane_overlay, /camera/image_raw, /lane/center_offset, /lane/steering_angle] bad callback: <bound method LaneTrackingNode.image_cb of <__main__.LaneTrackingNode object at 0x7f55bef5a1c0>>
Traceback (most recent call last):
  File "/opt/ros/noetic/lib/python3/dist-packages/rospy/topics.py", line 750, in _invoke_callback
    cb(msg)
  File "/home/hyeongseon/catkin_ws/src/lane_tracking_pkg/scripts/lane_tracking_node.py", line 99, in image_cb
    self.handle_frame(frame, msg.header)
  File "/home/hyeongseon/catkin_ws/src/lane_tracking_pkg/scripts/lane_tracking_node.py", line 111, in handle_frame
    lane_center, roi_overlay = detect_lane_center(edges, roi_color, self.debug)
  File "/home/hyeongseon/catkin_ws/src/lane_tracking_pkg/vision/detector.py", line 63, in detect_lane_center
    left_line = _fit_lane(np.vstack(left_points)) if left_points else None
TypeError: _fit_lane() missing 2 required positional arguments: 'y_bottom' and 'y_top'

1758341688.381194353 ERROR /lane_tracking_node [topics.py:753(_SubscriberImpl._invoke_callback)] [topics: /rosout, /lane_overlay, /camera/image_raw, /lane/center_offset, /lane/steering_angle] bad callback: <bound method LaneTrackingNode.image_cb of <__main__.LaneTrackingNode object at 0x7f55bef5a1c0>>
Traceback (most recent call last):
  File "/opt/ros/noetic/lib/python3/dist-packages/rospy/topics.py", line 750, in _invoke_callback
    cb(msg)
  File "/home/hyeongseon/catkin_ws/src/lane_tracking_pkg/scripts/lane_tracking_node.py", line 99, in image_cb
    self.handle_frame(frame, msg.header)
  File "/home/hyeongseon/catkin_ws/src/lane_tracking_pkg/scripts/lane_tracking_node.py", line 111, in handle_frame
    lane_center, roi_overlay = detect_lane_center(edges, roi_color, self.debug)
  File "/home/hyeongseon/catkin_ws/src/lane_tracking_pkg/vision/detector.py", line 63, in detect_lane_center
    left_line = _fit_lane(np.vstack(left_points)) if left_points else None
TypeError: _fit_lane() missing 2 required positional arguments: 'y_bottom' and 'y_top'

1758341688.406840324 ERROR /lane_tracking_node [topics.py:753(_SubscriberImpl._invoke_callback)] [topics: /rosout, /lane_overlay, /camera/image_raw, /lane/center_offset, /lane/steering_angle] bad callback: <bound method LaneTrackingNode.image_cb of <__main__.LaneTrackingNode object at 0x7f55bef5a1c0>>
Traceback (most recent call last):
  File "/opt/ros/noetic/lib/python3/dist-packages/rospy/topics.py", line 750, in _invoke_callback
    cb(msg)
  File "/home/hyeongseon/catkin_ws/src/lane_tracking_pkg/scripts/lane_tracking_node.py", line 99, in image_cb
    self.handle_frame(frame, msg.header)
  File "/home/hyeongseon/catkin_ws/src/lane_tracking_pkg/scripts/lane_tracking_node.py", line 111, in handle_frame
    lane_center, roi_overlay = detect_lane_center(edges, roi_color, self.debug)
  File "/home/hyeongseon/catkin_ws/src/lane_tracking_pkg/vision/detector.py", line 63, in detect_lane_center
    left_line = _fit_lane(np.vstack(left_points)) if left_points else None
TypeError: _fit_lane() missing 2 required positional arguments: 'y_bottom' and 'y_top'

1758341688.420535802 ERROR /lane_tracking_node [topics.py:753(_SubscriberImpl._invoke_callback)] [topics: /rosout, /lane_overlay, /camera/image_raw, /lane/center_offset, /lane/steering_angle] bad callback: <bound method LaneTrackingNode.image_cb of <__main__.LaneTrackingNode object at 0x7f55bef5a1c0>>
Traceback (most recent call last):
  File "/opt/ros/noetic/lib/python3/dist-packages/rospy/topics.py", line 750, in _invoke_callback
    cb(msg)
  File "/home/hyeongseon/catkin_ws/src/lane_tracking_pkg/scripts/lane_tracking_node.py", line 99, in image_cb
    self.handle_frame(frame, msg.header)
  File "/home/hyeongseon/catkin_ws/src/lane_tracking_pkg/scripts/lane_tracking_node.py", line 111, in handle_frame
    lane_center, roi_overlay = detect_lane_center(edges, roi_color, self.debug)
  File "/home/hyeongseon/catkin_ws/src/lane_tracking_pkg/vision/detector.py", line 63, in detect_lane_center
    left_line = _fit_lane(np.vstack(left_points)) if left_points else None
TypeError: _fit_lane() missing 2 required positional arguments: 'y_bottom' and 'y_top'

1758341688.470827341 ERROR /lane_tracking_node [topics.py:753(_SubscriberImpl._invoke_callback)] [topics: /rosout, /lane_overlay, /camera/image_raw, /lane/center_offset, /lane/steering_angle] bad callback: <bound method LaneTrackingNode.image_cb of <__main__.LaneTrackingNode object at 0x7f55bef5a1c0>>
Traceback (most recent call last):
  File "/opt/ros/noetic/lib/python3/dist-packages/rospy/topics.py", line 750, in _invoke_callback
    cb(msg)
  File "/home/hyeongseon/catkin_ws/src/lane_tracking_pkg/scripts/lane_tracking_node.py", line 99, in image_cb
    self.handle_frame(frame, msg.header)
  File "/home/hyeongseon/catkin_ws/src/lane_tracking_pkg/scripts/lane_tracking_node.py", line 111, in handle_frame
    lane_center, roi_overlay = detect_lane_center(edges, roi_color, self.debug)
  File "/home/hyeongseon/catkin_ws/src/lane_tracking_pkg/vision/detector.py", line 63, in detect_lane_center
    left_line = _fit_lane(np.vstack(left_points)) if left_points else None
TypeError: _fit_lane() missing 2 required positional arguments: 'y_bottom' and 'y_top'

1758341688.513459444 ERROR /lane_tracking_node [topics.py:753(_SubscriberImpl._invoke_callback)] [topics: /rosout, /lane_overlay, /camera/image_raw, /lane/center_offset, /lane/steering_angle] bad callback: <bound method LaneTrackingNode.image_cb of <__main__.LaneTrackingNode object at 0x7f55bef5a1c0>>
Traceback (most recent call last):
  File "/opt/ros/noetic/lib/python3/dist-packages/rospy/topics.py", line 750, in _invoke_callback
    cb(msg)
  File "/home/hyeongseon/catkin_ws/src/lane_tracking_pkg/scripts/lane_tracking_node.py", line 99, in image_cb
    self.handle_frame(frame, msg.header)
  File "/home/hyeongseon/catkin_ws/src/lane_tracking_pkg/scripts/lane_tracking_node.py", line 111, in handle_frame
    lane_center, roi_overlay = detect_lane_center(edges, roi_color, self.debug)
  File "/home/hyeongseon/catkin_ws/src/lane_tracking_pkg/vision/detector.py", line 63, in detect_lane_center
    left_line = _fit_lane(np.vstack(left_points)) if left_points else None
TypeError: _fit_lane() missing 2 required positional arguments: 'y_bottom' and 'y_top'

1758341688.539335966 ERROR /lane_tracking_node [topics.py:753(_SubscriberImpl._invoke_callback)] [topics: /rosout, /lane_overlay, /camera/image_raw, /lane/center_offset, /lane/steering_angle] bad callback: <bound method LaneTrackingNode.image_cb of <__main__.LaneTrackingNode object at 0x7f55bef5a1c0>>
Traceback (most recent call last):
  File "/opt/ros/noetic/lib/python3/dist-packages/rospy/topics.py", line 750, in _invoke_callback
    cb(msg)
  File "/home/hyeongseon/catkin_ws/src/lane_tracking_pkg/scripts/lane_tracking_node.py", line 99, in image_cb
    self.handle_frame(frame, msg.header)
  File "/home/hyeongseon/catkin_ws/src/lane_tracking_pkg/scripts/lane_tracking_node.py", line 111, in handle_frame
    lane_center, roi_overlay = detect_lane_center(edges, roi_color, self.debug)
  File "/home/hyeongseon/catkin_ws/src/lane_tracking_pkg/vision/detector.py", line 63, in detect_lane_center
    left_line = _fit_lane(np.vstack(left_points)) if left_points else None
TypeError: _fit_lane() missing 2 required positional arguments: 'y_bottom' and 'y_top'

1758341688.561202764 ERROR /lane_tracking_node [topics.py:753(_SubscriberImpl._invoke_callback)] [topics: /rosout, /lane_overlay, /camera/image_raw, /lane/center_offset, /lane/steering_angle] bad callback: <bound method LaneTrackingNode.image_cb of <__main__.LaneTrackingNode object at 0x7f55bef5a1c0>>
Traceback (most recent call last):
  File "/opt/ros/noetic/lib/python3/dist-packages/rospy/topics.py", line 750, in _invoke_callback
    cb(msg)
  File "/home/hyeongseon/catkin_ws/src/lane_tracking_pkg/scripts/lane_tracking_node.py", line 99, in image_cb
    self.handle_frame(frame, msg.header)
  File "/home/hyeongseon/catkin_ws/src/lane_tracking_pkg/scripts/lane_tracking_node.py", line 111, in handle_frame
    lane_center, roi_overlay = detect_lane_center(edges, roi_color, self.debug)
  File "/home/hyeongseon/catkin_ws/src/lane_tracking_pkg/vision/detector.py", line 63, in detect_lane_center
    left_line = _fit_lane(np.vstack(left_points)) if left_points else None
TypeError: _fit_lane() missing 2 required positional arguments: 'y_bottom' and 'y_top'

1758341688.610395431 ERROR /lane_tracking_node [topics.py:753(_SubscriberImpl._invoke_callback)] [topics: /rosout, /lane_overlay, /camera/image_raw, /lane/center_offset, /lane/steering_angle] bad callback: <bound method LaneTrackingNode.image_cb of <__main__.LaneTrackingNode object at 0x7f55bef5a1c0>>
Traceback (most recent call last):
  File "/opt/ros/noetic/lib/python3/dist-packages/rospy/topics.py", line 750, in _invoke_callback
    cb(msg)
  File "/home/hyeongseon/catkin_ws/src/lane_tracking_pkg/scripts/lane_tracking_node.py", line 99, in image_cb
    self.handle_frame(frame, msg.header)
  File "/home/hyeongseon/catkin_ws/src/lane_tracking_pkg/scripts/lane_tracking_node.py", line 111, in handle_frame
    lane_center, roi_overlay = detect_lane_center(edges, roi_color, self.debug)
  File "/home/hyeongseon/catkin_ws/src/lane_tracking_pkg/vision/detector.py", line 63, in detect_lane_center
    left_line = _fit_lane(np.vstack(left_points)) if left_points else None
TypeError: _fit_lane() missing 2 required positional arguments: 'y_bottom' and 'y_top'

1758341688.641421556 ERROR /lane_tracking_node [topics.py:753(_SubscriberImpl._invoke_callback)] [topics: /rosout, /lane_overlay, /camera/image_raw, /lane/center_offset, /lane/steering_angle] bad callback: <bound method LaneTrackingNode.image_cb of <__main__.LaneTrackingNode object at 0x7f55bef5a1c0>>
Traceback (most recent call last):
  File "/opt/ros/noetic/lib/python3/dist-packages/rospy/topics.py", line 750, in _invoke_callback
    cb(msg)
  File "/home/hyeongseon/catkin_ws/src/lane_tracking_pkg/scripts/lane_tracking_node.py", line 99, in image_cb
    self.handle_frame(frame, msg.header)
  File "/home/hyeongseon/catkin_ws/src/lane_tracking_pkg/scripts/lane_tracking_node.py", line 111, in handle_frame
    lane_center, roi_overlay = detect_lane_center(edges, roi_color, self.debug)
  File "/home/hyeongseon/catkin_ws/src/lane_tracking_pkg/vision/detector.py", line 63, in detect_lane_center
    left_line = _fit_lane(np.vstack(left_points)) if left_points else None
TypeError: _fit_lane() missing 2 required positional arguments: 'y_bottom' and 'y_top'

1758341688.672744274 ERROR /lane_tracking_node [topics.py:753(_SubscriberImpl._invoke_callback)] [topics: /rosout, /lane_overlay, /camera/image_raw, /lane/center_offset, /lane/steering_angle] bad callback: <bound method LaneTrackingNode.image_cb of <__main__.LaneTrackingNode object at 0x7f55bef5a1c0>>
Traceback (most recent call last):
  File "/opt/ros/noetic/lib/python3/dist-packages/rospy/topics.py", line 750, in _invoke_callback
    cb(msg)
  File "/home/hyeongseon/catkin_ws/src/lane_tracking_pkg/scripts/lane_tracking_node.py", line 99, in image_cb
    self.handle_frame(frame, msg.header)
  File "/home/hyeongseon/catkin_ws/src/lane_tracking_pkg/scripts/lane_tracking_node.py", line 111, in handle_frame
    lane_center, roi_overlay = detect_lane_center(edges, roi_color, self.debug)
  File "/home/hyeongseon/catkin_ws/src/lane_tracking_pkg/vision/detector.py", line 63, in detect_lane_center
    left_line = _fit_lane(np.vstack(left_points)) if left_points else None
TypeError: _fit_lane() missing 2 required positional arguments: 'y_bottom' and 'y_top'

1758341688.695012331 ERROR /lane_tracking_node [topics.py:753(_SubscriberImpl._invoke_callback)] [topics: /rosout, /lane_overlay, /camera/image_raw, /lane/center_offset, /lane/steering_angle] bad callback: <bound method LaneTrackingNode.image_cb of <__main__.LaneTrackingNode object at 0x7f55bef5a1c0>>
Traceback (most recent call last):
  File "/opt/ros/noetic/lib/python3/dist-packages/rospy/topics.py", line 750, in _invoke_callback
    cb(msg)
  File "/home/hyeongseon/catkin_ws/src/lane_tracking_pkg/scripts/lane_tracking_node.py", line 99, in image_cb
    self.handle_frame(frame, msg.header)
  File "/home/hyeongseon/catkin_ws/src/lane_tracking_pkg/scripts/lane_tracking_node.py", line 111, in handle_frame
    lane_center, roi_overlay = detect_lane_center(edges, roi_color, self.debug)
  File "/home/hyeongseon/catkin_ws/src/lane_tracking_pkg/vision/detector.py", line 63, in detect_lane_center
    left_line = _fit_lane(np.vstack(left_points)) if left_points else None
TypeError: _fit_lane() missing 2 required positional arguments: 'y_bottom' and 'y_top'

1758341688.744645357 ERROR /lane_tracking_node [topics.py:753(_SubscriberImpl._invoke_callback)] [topics: /rosout, /lane_overlay, /camera/image_raw, /lane/center_offset, /lane/steering_angle] bad callback: <bound method LaneTrackingNode.image_cb of <__main__.LaneTrackingNode object at 0x7f55bef5a1c0>>
Traceback (most recent call last):
  File "/opt/ros/noetic/lib/python3/dist-packages/rospy/topics.py", line 750, in _invoke_callback
    cb(msg)
  File "/home/hyeongseon/catkin_ws/src/lane_tracking_pkg/scripts/lane_tracking_node.py", line 99, in image_cb
    self.handle_frame(frame, msg.header)
  File "/home/hyeongseon/catkin_ws/src/lane_tracking_pkg/scripts/lane_tracking_node.py", line 111, in handle_frame
    lane_center, roi_overlay = detect_lane_center(edges, roi_color, self.debug)
  File "/home/hyeongseon/catkin_ws/src/lane_tracking_pkg/vision/detector.py", line 63, in detect_lane_center
    left_line = _fit_lane(np.vstack(left_points)) if left_points else None
TypeError: _fit_lane() missing 2 required positional arguments: 'y_bottom' and 'y_top'

1758341688.784698724 ERROR /lane_tracking_node [topics.py:753(_SubscriberImpl._invoke_callback)] [topics: /rosout, /lane_overlay, /camera/image_raw, /lane/center_offset, /lane/steering_angle] bad callback: <bound method LaneTrackingNode.image_cb of <__main__.LaneTrackingNode object at 0x7f55bef5a1c0>>
Traceback (most recent call last):
  File "/opt/ros/noetic/lib/python3/dist-packages/rospy/topics.py", line 750, in _invoke_callback
    cb(msg)
  File "/home/hyeongseon/catkin_ws/src/lane_tracking_pkg/scripts/lane_tracking_node.py", line 99, in image_cb
    self.handle_frame(frame, msg.header)
  File "/home/hyeongseon/catkin_ws/src/lane_tracking_pkg/scripts/lane_tracking_node.py", line 111, in handle_frame
    lane_center, roi_overlay = detect_lane_center(edges, roi_color, self.debug)
  File "/home/hyeongseon/catkin_ws/src/lane_tracking_pkg/vision/detector.py", line 63, in detect_lane_center
    left_line = _fit_lane(np.vstack(left_points)) if left_points else None
TypeError: _fit_lane() missing 2 required positional arguments: 'y_bottom' and 'y_top'

1758341688.825886249 ERROR /lane_tracking_node [topics.py:753(_SubscriberImpl._invoke_callback)] [topics: /rosout, /lane_overlay, /camera/image_raw, /lane/center_offset, /lane/steering_angle] bad callback: <bound method LaneTrackingNode.image_cb of <__main__.LaneTrackingNode object at 0x7f55bef5a1c0>>
Traceback (most recent call last):
  File "/opt/ros/noetic/lib/python3/dist-packages/rospy/topics.py", line 750, in _invoke_callback
    cb(msg)
  File "/home/hyeongseon/catkin_ws/src/lane_tracking_pkg/scripts/lane_tracking_node.py", line 99, in image_cb
    self.handle_frame(frame, msg.header)
  File "/home/hyeongseon/catkin_ws/src/lane_tracking_pkg/scripts/lane_tracking_node.py", line 111, in handle_frame
    lane_center, roi_overlay = detect_lane_center(edges, roi_color, self.debug)
  File "/home/hyeongseon/catkin_ws/src/lane_tracking_pkg/vision/detector.py", line 63, in detect_lane_center
    left_line = _fit_lane(np.vstack(left_points)) if left_points else None
TypeError: _fit_lane() missing 2 required positional arguments: 'y_bottom' and 'y_top'

1758341688.862967252 ERROR /lane_tracking_node [topics.py:753(_SubscriberImpl._invoke_callback)] [topics: /rosout, /lane_overlay, /camera/image_raw, /lane/center_offset, /lane/steering_angle] bad callback: <bound method LaneTrackingNode.image_cb of <__main__.LaneTrackingNode object at 0x7f55bef5a1c0>>
Traceback (most recent call last):
  File "/opt/ros/noetic/lib/python3/dist-packages/rospy/topics.py", line 750, in _invoke_callback
    cb(msg)
  File "/home/hyeongseon/catkin_ws/src/lane_tracking_pkg/scripts/lane_tracking_node.py", line 99, in image_cb
    self.handle_frame(frame, msg.header)
  File "/home/hyeongseon/catkin_ws/src/lane_tracking_pkg/scripts/lane_tracking_node.py", line 111, in handle_frame
    lane_center, roi_overlay = detect_lane_center(edges, roi_color, self.debug)
  File "/home/hyeongseon/catkin_ws/src/lane_tracking_pkg/vision/detector.py", line 63, in detect_lane_center
    left_line = _fit_lane(np.vstack(left_points)) if left_points else None
TypeError: _fit_lane() missing 2 required positional arguments: 'y_bottom' and 'y_top'

1758341688.888812303 ERROR /lane_tracking_node [topics.py:753(_SubscriberImpl._invoke_callback)] [topics: /rosout, /lane_overlay, /camera/image_raw, /lane/center_offset, /lane/steering_angle] bad callback: <bound method LaneTrackingNode.image_cb of <__main__.LaneTrackingNode object at 0x7f55bef5a1c0>>
Traceback (most recent call last):
  File "/opt/ros/noetic/lib/python3/dist-packages/rospy/topics.py", line 750, in _invoke_callback
    cb(msg)
  File "/home/hyeongseon/catkin_ws/src/lane_tracking_pkg/scripts/lane_tracking_node.py", line 99, in image_cb
    self.handle_frame(frame, msg.header)
  File "/home/hyeongseon/catkin_ws/src/lane_tracking_pkg/scripts/lane_tracking_node.py", line 111, in handle_frame
    lane_center, roi_overlay = detect_lane_center(edges, roi_color, self.debug)
  File "/home/hyeongseon/catkin_ws/src/lane_tracking_pkg/vision/detector.py", line 63, in detect_lane_center
    left_line = _fit_lane(np.vstack(left_points)) if left_points else None
TypeError: _fit_lane() missing 2 required positional arguments: 'y_bottom' and 'y_top'

1758341688.923335790 ERROR /lane_tracking_node [topics.py:753(_SubscriberImpl._invoke_callback)] [topics: /rosout, /lane_overlay, /camera/image_raw, /lane/center_offset, /lane/steering_angle] bad callback: <bound method LaneTrackingNode.image_cb of <__main__.LaneTrackingNode object at 0x7f55bef5a1c0>>
Traceback (most recent call last):
  File "/opt/ros/noetic/lib/python3/dist-packages/rospy/topics.py", line 750, in _invoke_callback
    cb(msg)
  File "/home/hyeongseon/catkin_ws/src/lane_tracking_pkg/scripts/lane_tracking_node.py", line 99, in image_cb
    self.handle_frame(frame, msg.header)
  File "/home/hyeongseon/catkin_ws/src/lane_tracking_pkg/scripts/lane_tracking_node.py", line 111, in handle_frame
    lane_center, roi_overlay = detect_lane_center(edges, roi_color, self.debug)
  File "/home/hyeongseon/catkin_ws/src/lane_tracking_pkg/vision/detector.py", line 63, in detect_lane_center
    left_line = _fit_lane(np.vstack(left_points)) if left_points else None
TypeError: _fit_lane() missing 2 required positional arguments: 'y_bottom' and 'y_top'

1758341688.937063217 ERROR /lane_tracking_node [topics.py:753(_SubscriberImpl._invoke_callback)] [topics: /rosout, /lane_overlay, /camera/image_raw, /lane/center_offset, /lane/steering_angle] bad callback: <bound method LaneTrackingNode.image_cb of <__main__.LaneTrackingNode object at 0x7f55bef5a1c0>>
Traceback (most recent call last):
  File "/opt/ros/noetic/lib/python3/dist-packages/rospy/topics.py", line 750, in _invoke_callback
    cb(msg)
  File "/home/hyeongseon/catkin_ws/src/lane_tracking_pkg/scripts/lane_tracking_node.py", line 99, in image_cb
    self.handle_frame(frame, msg.header)
  File "/home/hyeongseon/catkin_ws/src/lane_tracking_pkg/scripts/lane_tracking_node.py", line 111, in handle_frame
    lane_center, roi_overlay = detect_lane_center(edges, roi_color, self.debug)
  File "/home/hyeongseon/catkin_ws/src/lane_tracking_pkg/vision/detector.py", line 63, in detect_lane_center
    left_line = _fit_lane(np.vstack(left_points)) if left_points else None
TypeError: _fit_lane() missing 2 required positional arguments: 'y_bottom' and 'y_top'

1758341689.001301288 ERROR /lane_tracking_node [topics.py:753(_SubscriberImpl._invoke_callback)] [topics: /rosout, /lane_overlay, /camera/image_raw, /lane/center_offset, /lane/steering_angle] bad callback: <bound method LaneTrackingNode.image_cb of <__main__.LaneTrackingNode object at 0x7f55bef5a1c0>>
Traceback (most recent call last):
  File "/opt/ros/noetic/lib/python3/dist-packages/rospy/topics.py", line 750, in _invoke_callback
    cb(msg)
  File "/home/hyeongseon/catkin_ws/src/lane_tracking_pkg/scripts/lane_tracking_node.py", line 99, in image_cb
    self.handle_frame(frame, msg.header)
  File "/home/hyeongseon/catkin_ws/src/lane_tracking_pkg/scripts/lane_tracking_node.py", line 111, in handle_frame
    lane_center, roi_overlay = detect_lane_center(edges, roi_color, self.debug)
  File "/home/hyeongseon/catkin_ws/src/lane_tracking_pkg/vision/detector.py", line 63, in detect_lane_center
    left_line = _fit_lane(np.vstack(left_points)) if left_points else None
TypeError: _fit_lane() missing 2 required positional arguments: 'y_bottom' and 'y_top'

1758341689.026292562 ERROR /lane_tracking_node [topics.py:753(_SubscriberImpl._invoke_callback)] [topics: /rosout, /lane_overlay, /camera/image_raw, /lane/center_offset, /lane/steering_angle] bad callback: <bound method LaneTrackingNode.image_cb of <__main__.LaneTrackingNode object at 0x7f55bef5a1c0>>
Traceback (most recent call last):
  File "/opt/ros/noetic/lib/python3/dist-packages/rospy/topics.py", line 750, in _invoke_callback
    cb(msg)
  File "/home/hyeongseon/catkin_ws/src/lane_tracking_pkg/scripts/lane_tracking_node.py", line 99, in image_cb
    self.handle_frame(frame, msg.header)
  File "/home/hyeongseon/catkin_ws/src/lane_tracking_pkg/scripts/lane_tracking_node.py", line 111, in handle_frame
    lane_center, roi_overlay = detect_lane_center(edges, roi_color, self.debug)
  File "/home/hyeongseon/catkin_ws/src/lane_tracking_pkg/vision/detector.py", line 63, in detect_lane_center
    left_line = _fit_lane(np.vstack(left_points)) if left_points else None
TypeError: _fit_lane() missing 2 required positional arguments: 'y_bottom' and 'y_top'

1758341689.051188468 ERROR /lane_tracking_node [topics.py:753(_SubscriberImpl._invoke_callback)] [topics: /rosout, /lane_overlay, /camera/image_raw, /lane/center_offset, /lane/steering_angle] bad callback: <bound method LaneTrackingNode.image_cb of <__main__.LaneTrackingNode object at 0x7f55bef5a1c0>>
Traceback (most recent call last):
  File "/opt/ros/noetic/lib/python3/dist-packages/rospy/topics.py", line 750, in _invoke_callback
    cb(msg)
  File "/home/hyeongseon/catkin_ws/src/lane_tracking_pkg/scripts/lane_tracking_node.py", line 99, in image_cb
    self.handle_frame(frame, msg.header)
  File "/home/hyeongseon/catkin_ws/src/lane_tracking_pkg/scripts/lane_tracking_node.py", line 111, in handle_frame
    lane_center, roi_overlay = detect_lane_center(edges, roi_color, self.debug)
  File "/home/hyeongseon/catkin_ws/src/lane_tracking_pkg/vision/detector.py", line 63, in detect_lane_center
    left_line = _fit_lane(np.vstack(left_points)) if left_points else None
TypeError: _fit_lane() missing 2 required positional arguments: 'y_bottom' and 'y_top'

1758341689.081102848 ERROR /lane_tracking_node [topics.py:753(_SubscriberImpl._invoke_callback)] [topics: /rosout, /lane_overlay, /camera/image_raw, /lane/center_offset, /lane/steering_angle] bad callback: <bound method LaneTrackingNode.image_cb of <__main__.LaneTrackingNode object at 0x7f55bef5a1c0>>
Traceback (most recent call last):
  File "/opt/ros/noetic/lib/python3/dist-packages/rospy/topics.py", line 750, in _invoke_callback
    cb(msg)
  File "/home/hyeongseon/catkin_ws/src/lane_tracking_pkg/scripts/lane_tracking_node.py", line 99, in image_cb
    self.handle_frame(frame, msg.header)
  File "/home/hyeongseon/catkin_ws/src/lane_tracking_pkg/scripts/lane_tracking_node.py", line 111, in handle_frame
    lane_center, roi_overlay = detect_lane_center(edges, roi_color, self.debug)
  File "/home/hyeongseon/catkin_ws/src/lane_tracking_pkg/vision/detector.py", line 63, in detect_lane_center
    left_line = _fit_lane(np.vstack(left_points)) if left_points else None
TypeError: _fit_lane() missing 2 required positional arguments: 'y_bottom' and 'y_top'

1758341689.108463525 ERROR /lane_tracking_node [topics.py:753(_SubscriberImpl._invoke_callback)] [topics: /rosout, /lane_overlay, /camera/image_raw, /lane/center_offset, /lane/steering_angle] bad callback: <bound method LaneTrackingNode.image_cb of <__main__.LaneTrackingNode object at 0x7f55bef5a1c0>>
Traceback (most recent call last):
  File "/opt/ros/noetic/lib/python3/dist-packages/rospy/topics.py", line 750, in _invoke_callback
    cb(msg)
  File "/home/hyeongseon/catkin_ws/src/lane_tracking_pkg/scripts/lane_tracking_node.py", line 99, in image_cb
    self.handle_frame(frame, msg.header)
  File "/home/hyeongseon/catkin_ws/src/lane_tracking_pkg/scripts/lane_tracking_node.py", line 111, in handle_frame
    lane_center, roi_overlay = detect_lane_center(edges, roi_color, self.debug)
  File "/home/hyeongseon/catkin_ws/src/lane_tracking_pkg/vision/detector.py", line 63, in detect_lane_center
    left_line = _fit_lane(np.vstack(left_points)) if left_points else None
TypeError: _fit_lane() missing 2 required positional arguments: 'y_bottom' and 'y_top'

1758341689.149336099 ERROR /lane_tracking_node [topics.py:753(_SubscriberImpl._invoke_callback)] [topics: /rosout, /lane_overlay, /camera/image_raw, /lane/center_offset, /lane/steering_angle] bad callback: <bound method LaneTrackingNode.image_cb of <__main__.LaneTrackingNode object at 0x7f55bef5a1c0>>
Traceback (most recent call last):
  File "/opt/ros/noetic/lib/python3/dist-packages/rospy/topics.py", line 750, in _invoke_callback
    cb(msg)
  File "/home/hyeongseon/catkin_ws/src/lane_tracking_pkg/scripts/lane_tracking_node.py", line 99, in image_cb
    self.handle_frame(frame, msg.header)
  File "/home/hyeongseon/catkin_ws/src/lane_tracking_pkg/scripts/lane_tracking_node.py", line 111, in handle_frame
    lane_center, roi_overlay = detect_lane_center(edges, roi_color, self.debug)
  File "/home/hyeongseon/catkin_ws/src/lane_tracking_pkg/vision/detector.py", line 63, in detect_lane_center
    left_line = _fit_lane(np.vstack(left_points)) if left_points else None
TypeError: _fit_lane() missing 2 required positional arguments: 'y_bottom' and 'y_top'

1758341689.179559469 ERROR /lane_tracking_node [topics.py:753(_SubscriberImpl._invoke_callback)] [topics: /rosout, /lane_overlay, /camera/image_raw, /lane/center_offset, /lane/steering_angle] bad callback: <bound method LaneTrackingNode.image_cb of <__main__.LaneTrackingNode object at 0x7f55bef5a1c0>>
Traceback (most recent call last):
  File "/opt/ros/noetic/lib/python3/dist-packages/rospy/topics.py", line 750, in _invoke_callback
    cb(msg)
  File "/home/hyeongseon/catkin_ws/src/lane_tracking_pkg/scripts/lane_tracking_node.py", line 99, in image_cb
    self.handle_frame(frame, msg.header)
  File "/home/hyeongseon/catkin_ws/src/lane_tracking_pkg/scripts/lane_tracking_node.py", line 111, in handle_frame
    lane_center, roi_overlay = detect_lane_center(edges, roi_color, self.debug)
  File "/home/hyeongseon/catkin_ws/src/lane_tracking_pkg/vision/detector.py", line 63, in detect_lane_center
    left_line = _fit_lane(np.vstack(left_points)) if left_points else None
TypeError: _fit_lane() missing 2 required positional arguments: 'y_bottom' and 'y_top'

1758341689.236561059 ERROR /lane_tracking_node [topics.py:753(_SubscriberImpl._invoke_callback)] [topics: /rosout, /lane_overlay, /camera/image_raw, /lane/center_offset, /lane/steering_angle] bad callback: <bound method LaneTrackingNode.image_cb of <__main__.LaneTrackingNode object at 0x7f55bef5a1c0>>
Traceback (most recent call last):
  File "/opt/ros/noetic/lib/python3/dist-packages/rospy/topics.py", line 750, in _invoke_callback
    cb(msg)
  File "/home/hyeongseon/catkin_ws/src/lane_tracking_pkg/scripts/lane_tracking_node.py", line 99, in image_cb
    self.handle_frame(frame, msg.header)
  File "/home/hyeongseon/catkin_ws/src/lane_tracking_pkg/scripts/lane_tracking_node.py", line 111, in handle_frame
    lane_center, roi_overlay = detect_lane_center(edges, roi_color, self.debug)
  File "/home/hyeongseon/catkin_ws/src/lane_tracking_pkg/vision/detector.py", line 63, in detect_lane_center
    left_line = _fit_lane(np.vstack(left_points)) if left_points else None
TypeError: _fit_lane() missing 2 required positional arguments: 'y_bottom' and 'y_top'

1758341689.269627571 ERROR /lane_tracking_node [topics.py:753(_SubscriberImpl._invoke_callback)] [topics: /rosout, /lane_overlay, /camera/image_raw, /lane/center_offset, /lane/steering_angle] bad callback: <bound method LaneTrackingNode.image_cb of <__main__.LaneTrackingNode object at 0x7f55bef5a1c0>>
Traceback (most recent call last):
  File "/opt/ros/noetic/lib/python3/dist-packages/rospy/topics.py", line 750, in _invoke_callback
    cb(msg)
  File "/home/hyeongseon/catkin_ws/src/lane_tracking_pkg/scripts/lane_tracking_node.py", line 99, in image_cb
    self.handle_frame(frame, msg.header)
  File "/home/hyeongseon/catkin_ws/src/lane_tracking_pkg/scripts/lane_tracking_node.py", line 111, in handle_frame
    lane_center, roi_overlay = detect_lane_center(edges, roi_color, self.debug)
  File "/home/hyeongseon/catkin_ws/src/lane_tracking_pkg/vision/detector.py", line 63, in detect_lane_center
    left_line = _fit_lane(np.vstack(left_points)) if left_points else None
TypeError: _fit_lane() missing 2 required positional arguments: 'y_bottom' and 'y_top'

1758341689.297785282 ERROR /lane_tracking_node [topics.py:753(_SubscriberImpl._invoke_callback)] [topics: /rosout, /lane_overlay, /camera/image_raw, /lane/center_offset, /lane/steering_angle] bad callback: <bound method LaneTrackingNode.image_cb of <__main__.LaneTrackingNode object at 0x7f55bef5a1c0>>
Traceback (most recent call last):
  File "/opt/ros/noetic/lib/python3/dist-packages/rospy/topics.py", line 750, in _invoke_callback
    cb(msg)
  File "/home/hyeongseon/catkin_ws/src/lane_tracking_pkg/scripts/lane_tracking_node.py", line 99, in image_cb
    self.handle_frame(frame, msg.header)
  File "/home/hyeongseon/catkin_ws/src/lane_tracking_pkg/scripts/lane_tracking_node.py", line 111, in handle_frame
    lane_center, roi_overlay = detect_lane_center(edges, roi_color, self.debug)
  File "/home/hyeongseon/catkin_ws/src/lane_tracking_pkg/vision/detector.py", line 63, in detect_lane_center
    left_line = _fit_lane(np.vstack(left_points)) if left_points else None
TypeError: _fit_lane() missing 2 required positional arguments: 'y_bottom' and 'y_top'

1758341689.342342853 ERROR /lane_tracking_node [topics.py:753(_SubscriberImpl._invoke_callback)] [topics: /rosout, /lane_overlay, /camera/image_raw, /lane/center_offset, /lane/steering_angle] bad callback: <bound method LaneTrackingNode.image_cb of <__main__.LaneTrackingNode object at 0x7f55bef5a1c0>>
Traceback (most recent call last):
  File "/opt/ros/noetic/lib/python3/dist-packages/rospy/topics.py", line 750, in _invoke_callback
    cb(msg)
  File "/home/hyeongseon/catkin_ws/src/lane_tracking_pkg/scripts/lane_tracking_node.py", line 99, in image_cb
    self.handle_frame(frame, msg.header)
  File "/home/hyeongseon/catkin_ws/src/lane_tracking_pkg/scripts/lane_tracking_node.py", line 111, in handle_frame
    lane_center, roi_overlay = detect_lane_center(edges, roi_color, self.debug)
  File "/home/hyeongseon/catkin_ws/src/lane_tracking_pkg/vision/detector.py", line 63, in detect_lane_center
    left_line = _fit_lane(np.vstack(left_points)) if left_points else None
TypeError: _fit_lane() missing 2 required positional arguments: 'y_bottom' and 'y_top'

1758341689.357354402 ERROR /lane_tracking_node [topics.py:753(_SubscriberImpl._invoke_callback)] [topics: /rosout, /lane_overlay, /camera/image_raw, /lane/center_offset, /lane/steering_angle] bad callback: <bound method LaneTrackingNode.image_cb of <__main__.LaneTrackingNode object at 0x7f55bef5a1c0>>
Traceback (most recent call last):
  File "/opt/ros/noetic/lib/python3/dist-packages/rospy/topics.py", line 750, in _invoke_callback
    cb(msg)
  File "/home/hyeongseon/catkin_ws/src/lane_tracking_pkg/scripts/lane_tracking_node.py", line 99, in image_cb
    self.handle_frame(frame, msg.header)
  File "/home/hyeongseon/catkin_ws/src/lane_tracking_pkg/scripts/lane_tracking_node.py", line 111, in handle_frame
    lane_center, roi_overlay = detect_lane_center(edges, roi_color, self.debug)
  File "/home/hyeongseon/catkin_ws/src/lane_tracking_pkg/vision/detector.py", line 63, in detect_lane_center
    left_line = _fit_lane(np.vstack(left_points)) if left_points else None
TypeError: _fit_lane() missing 2 required positional arguments: 'y_bottom' and 'y_top'

1758341689.399220943 ERROR /lane_tracking_node [topics.py:753(_SubscriberImpl._invoke_callback)] [topics: /rosout, /lane_overlay, /camera/image_raw, /lane/center_offset, /lane/steering_angle] bad callback: <bound method LaneTrackingNode.image_cb of <__main__.LaneTrackingNode object at 0x7f55bef5a1c0>>
Traceback (most recent call last):
  File "/opt/ros/noetic/lib/python3/dist-packages/rospy/topics.py", line 750, in _invoke_callback
    cb(msg)
  File "/home/hyeongseon/catkin_ws/src/lane_tracking_pkg/scripts/lane_tracking_node.py", line 99, in image_cb
    self.handle_frame(frame, msg.header)
  File "/home/hyeongseon/catkin_ws/src/lane_tracking_pkg/scripts/lane_tracking_node.py", line 111, in handle_frame
    lane_center, roi_overlay = detect_lane_center(edges, roi_color, self.debug)
  File "/home/hyeongseon/catkin_ws/src/lane_tracking_pkg/vision/detector.py", line 63, in detect_lane_center
    left_line = _fit_lane(np.vstack(left_points)) if left_points else None
TypeError: _fit_lane() missing 2 required positional arguments: 'y_bottom' and 'y_top'

1758341689.428225994 ERROR /lane_tracking_node [topics.py:753(_SubscriberImpl._invoke_callback)] [topics: /rosout, /lane_overlay, /camera/image_raw, /lane/center_offset, /lane/steering_angle] bad callback: <bound method LaneTrackingNode.image_cb of <__main__.LaneTrackingNode object at 0x7f55bef5a1c0>>
Traceback (most recent call last):
  File "/opt/ros/noetic/lib/python3/dist-packages/rospy/topics.py", line 750, in _invoke_callback
    cb(msg)
  File "/home/hyeongseon/catkin_ws/src/lane_tracking_pkg/scripts/lane_tracking_node.py", line 99, in image_cb
    self.handle_frame(frame, msg.header)
  File "/home/hyeongseon/catkin_ws/src/lane_tracking_pkg/scripts/lane_tracking_node.py", line 111, in handle_frame
    lane_center, roi_overlay = detect_lane_center(edges, roi_color, self.debug)
  File "/home/hyeongseon/catkin_ws/src/lane_tracking_pkg/vision/detector.py", line 63, in detect_lane_center
    left_line = _fit_lane(np.vstack(left_points)) if left_points else None
TypeError: _fit_lane() missing 2 required positional arguments: 'y_bottom' and 'y_top'

1758341689.493076562 ERROR /lane_tracking_node [topics.py:753(_SubscriberImpl._invoke_callback)] [topics: /rosout, /lane_overlay, /camera/image_raw, /lane/center_offset, /lane/steering_angle] bad callback: <bound method LaneTrackingNode.image_cb of <__main__.LaneTrackingNode object at 0x7f55bef5a1c0>>
Traceback (most recent call last):
  File "/opt/ros/noetic/lib/python3/dist-packages/rospy/topics.py", line 750, in _invoke_callback
    cb(msg)
  File "/home/hyeongseon/catkin_ws/src/lane_tracking_pkg/scripts/lane_tracking_node.py", line 99, in image_cb
    self.handle_frame(frame, msg.header)
  File "/home/hyeongseon/catkin_ws/src/lane_tracking_pkg/scripts/lane_tracking_node.py", line 111, in handle_frame
    lane_center, roi_overlay = detect_lane_center(edges, roi_color, self.debug)
  File "/home/hyeongseon/catkin_ws/src/lane_tracking_pkg/vision/detector.py", line 63, in detect_lane_center
    left_line = _fit_lane(np.vstack(left_points)) if left_points else None
TypeError: _fit_lane() missing 2 required positional arguments: 'y_bottom' and 'y_top'

1758341689.515699625 ERROR /lane_tracking_node [topics.py:753(_SubscriberImpl._invoke_callback)] [topics: /rosout, /lane_overlay, /camera/image_raw, /lane/center_offset, /lane/steering_angle] bad callback: <bound method LaneTrackingNode.image_cb of <__main__.LaneTrackingNode object at 0x7f55bef5a1c0>>
Traceback (most recent call last):
  File "/opt/ros/noetic/lib/python3/dist-packages/rospy/topics.py", line 750, in _invoke_callback
    cb(msg)
  File "/home/hyeongseon/catkin_ws/src/lane_tracking_pkg/scripts/lane_tracking_node.py", line 99, in image_cb
    self.handle_frame(frame, msg.header)
  File "/home/hyeongseon/catkin_ws/src/lane_tracking_pkg/scripts/lane_tracking_node.py", line 111, in handle_frame
    lane_center, roi_overlay = detect_lane_center(edges, roi_color, self.debug)
  File "/home/hyeongseon/catkin_ws/src/lane_tracking_pkg/vision/detector.py", line 63, in detect_lane_center
    left_line = _fit_lane(np.vstack(left_points)) if left_points else None
TypeError: _fit_lane() missing 2 required positional arguments: 'y_bottom' and 'y_top'

1758341689.548551797 ERROR /lane_tracking_node [topics.py:753(_SubscriberImpl._invoke_callback)] [topics: /rosout, /lane_overlay, /camera/image_raw, /lane/center_offset, /lane/steering_angle] bad callback: <bound method LaneTrackingNode.image_cb of <__main__.LaneTrackingNode object at 0x7f55bef5a1c0>>
Traceback (most recent call last):
  File "/opt/ros/noetic/lib/python3/dist-packages/rospy/topics.py", line 750, in _invoke_callback
    cb(msg)
  File "/home/hyeongseon/catkin_ws/src/lane_tracking_pkg/scripts/lane_tracking_node.py", line 99, in image_cb
    self.handle_frame(frame, msg.header)
  File "/home/hyeongseon/catkin_ws/src/lane_tracking_pkg/scripts/lane_tracking_node.py", line 111, in handle_frame
    lane_center, roi_overlay = detect_lane_center(edges, roi_color, self.debug)
  File "/home/hyeongseon/catkin_ws/src/lane_tracking_pkg/vision/detector.py", line 63, in detect_lane_center
    left_line = _fit_lane(np.vstack(left_points)) if left_points else None
TypeError: _fit_lane() missing 2 required positional arguments: 'y_bottom' and 'y_top'

1758341689.577748537 ERROR /lane_tracking_node [topics.py:753(_SubscriberImpl._invoke_callback)] [topics: /rosout, /lane_overlay, /camera/image_raw, /lane/center_offset, /lane/steering_angle] bad callback: <bound method LaneTrackingNode.image_cb of <__main__.LaneTrackingNode object at 0x7f55bef5a1c0>>
Traceback (most recent call last):
  File "/opt/ros/noetic/lib/python3/dist-packages/rospy/topics.py", line 750, in _invoke_callback
    cb(msg)
  File "/home/hyeongseon/catkin_ws/src/lane_tracking_pkg/scripts/lane_tracking_node.py", line 99, in image_cb
    self.handle_frame(frame, msg.header)
  File "/home/hyeongseon/catkin_ws/src/lane_tracking_pkg/scripts/lane_tracking_node.py", line 111, in handle_frame
    lane_center, roi_overlay = detect_lane_center(edges, roi_color, self.debug)
  File "/home/hyeongseon/catkin_ws/src/lane_tracking_pkg/vision/detector.py", line 63, in detect_lane_center
    left_line = _fit_lane(np.vstack(left_points)) if left_points else None
TypeError: _fit_lane() missing 2 required positional arguments: 'y_bottom' and 'y_top'

1758341689.621813774 ERROR /lane_tracking_node [topics.py:753(_SubscriberImpl._invoke_callback)] [topics: /rosout, /lane_overlay, /camera/image_raw, /lane/center_offset, /lane/steering_angle] bad callback: <bound method LaneTrackingNode.image_cb of <__main__.LaneTrackingNode object at 0x7f55bef5a1c0>>
Traceback (most recent call last):
  File "/opt/ros/noetic/lib/python3/dist-packages/rospy/topics.py", line 750, in _invoke_callback
    cb(msg)
  File "/home/hyeongseon/catkin_ws/src/lane_tracking_pkg/scripts/lane_tracking_node.py", line 99, in image_cb
    self.handle_frame(frame, msg.header)
  File "/home/hyeongseon/catkin_ws/src/lane_tracking_pkg/scripts/lane_tracking_node.py", line 111, in handle_frame
    lane_center, roi_overlay = detect_lane_center(edges, roi_color, self.debug)
  File "/home/hyeongseon/catkin_ws/src/lane_tracking_pkg/vision/detector.py", line 63, in detect_lane_center
    left_line = _fit_lane(np.vstack(left_points)) if left_points else None
TypeError: _fit_lane() missing 2 required positional arguments: 'y_bottom' and 'y_top'

1758341689.636243343 ERROR /lane_tracking_node [topics.py:753(_SubscriberImpl._invoke_callback)] [topics: /rosout, /lane_overlay, /camera/image_raw, /lane/center_offset, /lane/steering_angle] bad callback: <bound method LaneTrackingNode.image_cb of <__main__.LaneTrackingNode object at 0x7f55bef5a1c0>>
Traceback (most recent call last):
  File "/opt/ros/noetic/lib/python3/dist-packages/rospy/topics.py", line 750, in _invoke_callback
    cb(msg)
  File "/home/hyeongseon/catkin_ws/src/lane_tracking_pkg/scripts/lane_tracking_node.py", line 99, in image_cb
    self.handle_frame(frame, msg.header)
  File "/home/hyeongseon/catkin_ws/src/lane_tracking_pkg/scripts/lane_tracking_node.py", line 111, in handle_frame
    lane_center, roi_overlay = detect_lane_center(edges, roi_color, self.debug)
  File "/home/hyeongseon/catkin_ws/src/lane_tracking_pkg/vision/detector.py", line 63, in detect_lane_center
    left_line = _fit_lane(np.vstack(left_points)) if left_points else None
TypeError: _fit_lane() missing 2 required positional arguments: 'y_bottom' and 'y_top'

1758341689.680944204 ERROR /lane_tracking_node [topics.py:753(_SubscriberImpl._invoke_callback)] [topics: /rosout, /lane_overlay, /camera/image_raw, /lane/center_offset, /lane/steering_angle] bad callback: <bound method LaneTrackingNode.image_cb of <__main__.LaneTrackingNode object at 0x7f55bef5a1c0>>
Traceback (most recent call last):
  File "/opt/ros/noetic/lib/python3/dist-packages/rospy/topics.py", line 750, in _invoke_callback
    cb(msg)
  File "/home/hyeongseon/catkin_ws/src/lane_tracking_pkg/scripts/lane_tracking_node.py", line 99, in image_cb
    self.handle_frame(frame, msg.header)
  File "/home/hyeongseon/catkin_ws/src/lane_tracking_pkg/scripts/lane_tracking_node.py", line 111, in handle_frame
    lane_center, roi_overlay = detect_lane_center(edges, roi_color, self.debug)
  File "/home/hyeongseon/catkin_ws/src/lane_tracking_pkg/vision/detector.py", line 63, in detect_lane_center
    left_line = _fit_lane(np.vstack(left_points)) if left_points else None
TypeError: _fit_lane() missing 2 required positional arguments: 'y_bottom' and 'y_top'

1758341689.701639413 ERROR /lane_tracking_node [topics.py:753(_SubscriberImpl._invoke_callback)] [topics: /rosout, /lane_overlay, /camera/image_raw, /lane/center_offset, /lane/steering_angle] bad callback: <bound method LaneTrackingNode.image_cb of <__main__.LaneTrackingNode object at 0x7f55bef5a1c0>>
Traceback (most recent call last):
  File "/opt/ros/noetic/lib/python3/dist-packages/rospy/topics.py", line 750, in _invoke_callback
    cb(msg)
  File "/home/hyeongseon/catkin_ws/src/lane_tracking_pkg/scripts/lane_tracking_node.py", line 99, in image_cb
    self.handle_frame(frame, msg.header)
  File "/home/hyeongseon/catkin_ws/src/lane_tracking_pkg/scripts/lane_tracking_node.py", line 111, in handle_frame
    lane_center, roi_overlay = detect_lane_center(edges, roi_color, self.debug)
  File "/home/hyeongseon/catkin_ws/src/lane_tracking_pkg/vision/detector.py", line 63, in detect_lane_center
    left_line = _fit_lane(np.vstack(left_points)) if left_points else None
TypeError: _fit_lane() missing 2 required positional arguments: 'y_bottom' and 'y_top'

1758341689.740574121 ERROR /lane_tracking_node [topics.py:753(_SubscriberImpl._invoke_callback)] [topics: /rosout, /lane_overlay, /camera/image_raw, /lane/center_offset, /lane/steering_angle] bad callback: <bound method LaneTrackingNode.image_cb of <__main__.LaneTrackingNode object at 0x7f55bef5a1c0>>
Traceback (most recent call last):
  File "/opt/ros/noetic/lib/python3/dist-packages/rospy/topics.py", line 750, in _invoke_callback
    cb(msg)
  File "/home/hyeongseon/catkin_ws/src/lane_tracking_pkg/scripts/lane_tracking_node.py", line 99, in image_cb
    self.handle_frame(frame, msg.header)
  File "/home/hyeongseon/catkin_ws/src/lane_tracking_pkg/scripts/lane_tracking_node.py", line 111, in handle_frame
    lane_center, roi_overlay = detect_lane_center(edges, roi_color, self.debug)
  File "/home/hyeongseon/catkin_ws/src/lane_tracking_pkg/vision/detector.py", line 63, in detect_lane_center
    left_line = _fit_lane(np.vstack(left_points)) if left_points else None
TypeError: _fit_lane() missing 2 required positional arguments: 'y_bottom' and 'y_top'

1758341689.758436203 ERROR /lane_tracking_node [topics.py:753(_SubscriberImpl._invoke_callback)] [topics: /rosout, /lane_overlay, /camera/image_raw, /lane/center_offset, /lane/steering_angle] bad callback: <bound method LaneTrackingNode.image_cb of <__main__.LaneTrackingNode object at 0x7f55bef5a1c0>>
Traceback (most recent call last):
  File "/opt/ros/noetic/lib/python3/dist-packages/rospy/topics.py", line 750, in _invoke_callback
    cb(msg)
  File "/home/hyeongseon/catkin_ws/src/lane_tracking_pkg/scripts/lane_tracking_node.py", line 99, in image_cb
    self.handle_frame(frame, msg.header)
  File "/home/hyeongseon/catkin_ws/src/lane_tracking_pkg/scripts/lane_tracking_node.py", line 111, in handle_frame
    lane_center, roi_overlay = detect_lane_center(edges, roi_color, self.debug)
  File "/home/hyeongseon/catkin_ws/src/lane_tracking_pkg/vision/detector.py", line 63, in detect_lane_center
    left_line = _fit_lane(np.vstack(left_points)) if left_points else None
TypeError: _fit_lane() missing 2 required positional arguments: 'y_bottom' and 'y_top'

1758341689.801707267 ERROR /lane_tracking_node [topics.py:753(_SubscriberImpl._invoke_callback)] [topics: /rosout, /lane_overlay, /camera/image_raw, /lane/center_offset, /lane/steering_angle] bad callback: <bound method LaneTrackingNode.image_cb of <__main__.LaneTrackingNode object at 0x7f55bef5a1c0>>
Traceback (most recent call last):
  File "/opt/ros/noetic/lib/python3/dist-packages/rospy/topics.py", line 750, in _invoke_callback
    cb(msg)
  File "/home/hyeongseon/catkin_ws/src/lane_tracking_pkg/scripts/lane_tracking_node.py", line 99, in image_cb
    self.handle_frame(frame, msg.header)
  File "/home/hyeongseon/catkin_ws/src/lane_tracking_pkg/scripts/lane_tracking_node.py", line 111, in handle_frame
    lane_center, roi_overlay = detect_lane_center(edges, roi_color, self.debug)
  File "/home/hyeongseon/catkin_ws/src/lane_tracking_pkg/vision/detector.py", line 63, in detect_lane_center
    left_line = _fit_lane(np.vstack(left_points)) if left_points else None
TypeError: _fit_lane() missing 2 required positional arguments: 'y_bottom' and 'y_top'

1758341689.829173803 ERROR /lane_tracking_node [topics.py:753(_SubscriberImpl._invoke_callback)] [topics: /rosout, /lane_overlay, /camera/image_raw, /lane/center_offset, /lane/steering_angle] bad callback: <bound method LaneTrackingNode.image_cb of <__main__.LaneTrackingNode object at 0x7f55bef5a1c0>>
Traceback (most recent call last):
  File "/opt/ros/noetic/lib/python3/dist-packages/rospy/topics.py", line 750, in _invoke_callback
    cb(msg)
  File "/home/hyeongseon/catkin_ws/src/lane_tracking_pkg/scripts/lane_tracking_node.py", line 99, in image_cb
    self.handle_frame(frame, msg.header)
  File "/home/hyeongseon/catkin_ws/src/lane_tracking_pkg/scripts/lane_tracking_node.py", line 111, in handle_frame
    lane_center, roi_overlay = detect_lane_center(edges, roi_color, self.debug)
  File "/home/hyeongseon/catkin_ws/src/lane_tracking_pkg/vision/detector.py", line 63, in detect_lane_center
    left_line = _fit_lane(np.vstack(left_points)) if left_points else None
TypeError: _fit_lane() missing 2 required positional arguments: 'y_bottom' and 'y_top'

1758341689.851958990 ERROR /lane_tracking_node [topics.py:753(_SubscriberImpl._invoke_callback)] [topics: /rosout, /lane_overlay, /camera/image_raw, /lane/center_offset, /lane/steering_angle] bad callback: <bound method LaneTrackingNode.image_cb of <__main__.LaneTrackingNode object at 0x7f55bef5a1c0>>
Traceback (most recent call last):
  File "/opt/ros/noetic/lib/python3/dist-packages/rospy/topics.py", line 750, in _invoke_callback
    cb(msg)
  File "/home/hyeongseon/catkin_ws/src/lane_tracking_pkg/scripts/lane_tracking_node.py", line 99, in image_cb
    self.handle_frame(frame, msg.header)
  File "/home/hyeongseon/catkin_ws/src/lane_tracking_pkg/scripts/lane_tracking_node.py", line 111, in handle_frame
    lane_center, roi_overlay = detect_lane_center(edges, roi_color, self.debug)
  File "/home/hyeongseon/catkin_ws/src/lane_tracking_pkg/vision/detector.py", line 63, in detect_lane_center
    left_line = _fit_lane(np.vstack(left_points)) if left_points else None
TypeError: _fit_lane() missing 2 required positional arguments: 'y_bottom' and 'y_top'

1758341689.886319398 ERROR /lane_tracking_node [topics.py:753(_SubscriberImpl._invoke_callback)] [topics: /rosout, /lane_overlay, /camera/image_raw, /lane/center_offset, /lane/steering_angle] bad callback: <bound method LaneTrackingNode.image_cb of <__main__.LaneTrackingNode object at 0x7f55bef5a1c0>>
Traceback (most recent call last):
  File "/opt/ros/noetic/lib/python3/dist-packages/rospy/topics.py", line 750, in _invoke_callback
    cb(msg)
  File "/home/hyeongseon/catkin_ws/src/lane_tracking_pkg/scripts/lane_tracking_node.py", line 99, in image_cb
    self.handle_frame(frame, msg.header)
  File "/home/hyeongseon/catkin_ws/src/lane_tracking_pkg/scripts/lane_tracking_node.py", line 111, in handle_frame
    lane_center, roi_overlay = detect_lane_center(edges, roi_color, self.debug)
  File "/home/hyeongseon/catkin_ws/src/lane_tracking_pkg/vision/detector.py", line 63, in detect_lane_center
    left_line = _fit_lane(np.vstack(left_points)) if left_points else None
TypeError: _fit_lane() missing 2 required positional arguments: 'y_bottom' and 'y_top'

1758341689.912744045 ERROR /lane_tracking_node [topics.py:753(_SubscriberImpl._invoke_callback)] [topics: /rosout, /lane_overlay, /camera/image_raw, /lane/center_offset, /lane/steering_angle] bad callback: <bound method LaneTrackingNode.image_cb of <__main__.LaneTrackingNode object at 0x7f55bef5a1c0>>
Traceback (most recent call last):
  File "/opt/ros/noetic/lib/python3/dist-packages/rospy/topics.py", line 750, in _invoke_callback
    cb(msg)
  File "/home/hyeongseon/catkin_ws/src/lane_tracking_pkg/scripts/lane_tracking_node.py", line 99, in image_cb
    self.handle_frame(frame, msg.header)
  File "/home/hyeongseon/catkin_ws/src/lane_tracking_pkg/scripts/lane_tracking_node.py", line 111, in handle_frame
    lane_center, roi_overlay = detect_lane_center(edges, roi_color, self.debug)
  File "/home/hyeongseon/catkin_ws/src/lane_tracking_pkg/vision/detector.py", line 63, in detect_lane_center
    left_line = _fit_lane(np.vstack(left_points)) if left_points else None
TypeError: _fit_lane() missing 2 required positional arguments: 'y_bottom' and 'y_top'

1758341689.987514972 ERROR /lane_tracking_node [topics.py:753(_SubscriberImpl._invoke_callback)] [topics: /rosout, /lane_overlay, /camera/image_raw, /lane/center_offset, /lane/steering_angle] bad callback: <bound method LaneTrackingNode.image_cb of <__main__.LaneTrackingNode object at 0x7f55bef5a1c0>>
Traceback (most recent call last):
  File "/opt/ros/noetic/lib/python3/dist-packages/rospy/topics.py", line 750, in _invoke_callback
    cb(msg)
  File "/home/hyeongseon/catkin_ws/src/lane_tracking_pkg/scripts/lane_tracking_node.py", line 99, in image_cb
    self.handle_frame(frame, msg.header)
  File "/home/hyeongseon/catkin_ws/src/lane_tracking_pkg/scripts/lane_tracking_node.py", line 111, in handle_frame
    lane_center, roi_overlay = detect_lane_center(edges, roi_color, self.debug)
  File "/home/hyeongseon/catkin_ws/src/lane_tracking_pkg/vision/detector.py", line 63, in detect_lane_center
    left_line = _fit_lane(np.vstack(left_points)) if left_points else None
TypeError: _fit_lane() missing 2 required positional arguments: 'y_bottom' and 'y_top'

1758341690.006078243 ERROR /lane_tracking_node [topics.py:753(_SubscriberImpl._invoke_callback)] [topics: /rosout, /lane_overlay, /camera/image_raw, /lane/center_offset, /lane/steering_angle] bad callback: <bound method LaneTrackingNode.image_cb of <__main__.LaneTrackingNode object at 0x7f55bef5a1c0>>
Traceback (most recent call last):
  File "/opt/ros/noetic/lib/python3/dist-packages/rospy/topics.py", line 750, in _invoke_callback
    cb(msg)
  File "/home/hyeongseon/catkin_ws/src/lane_tracking_pkg/scripts/lane_tracking_node.py", line 99, in image_cb
    self.handle_frame(frame, msg.header)
  File "/home/hyeongseon/catkin_ws/src/lane_tracking_pkg/scripts/lane_tracking_node.py", line 111, in handle_frame
    lane_center, roi_overlay = detect_lane_center(edges, roi_color, self.debug)
  File "/home/hyeongseon/catkin_ws/src/lane_tracking_pkg/vision/detector.py", line 63, in detect_lane_center
    left_line = _fit_lane(np.vstack(left_points)) if left_points else None
TypeError: _fit_lane() missing 2 required positional arguments: 'y_bottom' and 'y_top'

1758341690.045023918 ERROR /lane_tracking_node [topics.py:753(_SubscriberImpl._invoke_callback)] [topics: /rosout, /lane_overlay, /camera/image_raw, /lane/center_offset, /lane/steering_angle] bad callback: <bound method LaneTrackingNode.image_cb of <__main__.LaneTrackingNode object at 0x7f55bef5a1c0>>
Traceback (most recent call last):
  File "/opt/ros/noetic/lib/python3/dist-packages/rospy/topics.py", line 750, in _invoke_callback
    cb(msg)
  File "/home/hyeongseon/catkin_ws/src/lane_tracking_pkg/scripts/lane_tracking_node.py", line 99, in image_cb
    self.handle_frame(frame, msg.header)
  File "/home/hyeongseon/catkin_ws/src/lane_tracking_pkg/scripts/lane_tracking_node.py", line 111, in handle_frame
    lane_center, roi_overlay = detect_lane_center(edges, roi_color, self.debug)
  File "/home/hyeongseon/catkin_ws/src/lane_tracking_pkg/vision/detector.py", line 63, in detect_lane_center
    left_line = _fit_lane(np.vstack(left_points)) if left_points else None
TypeError: _fit_lane() missing 2 required positional arguments: 'y_bottom' and 'y_top'

1758341690.073585748 ERROR /lane_tracking_node [topics.py:753(_SubscriberImpl._invoke_callback)] [topics: /rosout, /lane_overlay, /camera/image_raw, /lane/center_offset, /lane/steering_angle] bad callback: <bound method LaneTrackingNode.image_cb of <__main__.LaneTrackingNode object at 0x7f55bef5a1c0>>
Traceback (most recent call last):
  File "/opt/ros/noetic/lib/python3/dist-packages/rospy/topics.py", line 750, in _invoke_callback
    cb(msg)
  File "/home/hyeongseon/catkin_ws/src/lane_tracking_pkg/scripts/lane_tracking_node.py", line 99, in image_cb
    self.handle_frame(frame, msg.header)
  File "/home/hyeongseon/catkin_ws/src/lane_tracking_pkg/scripts/lane_tracking_node.py", line 111, in handle_frame
    lane_center, roi_overlay = detect_lane_center(edges, roi_color, self.debug)
  File "/home/hyeongseon/catkin_ws/src/lane_tracking_pkg/vision/detector.py", line 63, in detect_lane_center
    left_line = _fit_lane(np.vstack(left_points)) if left_points else None
TypeError: _fit_lane() missing 2 required positional arguments: 'y_bottom' and 'y_top'

1758341690.096704959 ERROR /lane_tracking_node [topics.py:753(_SubscriberImpl._invoke_callback)] [topics: /rosout, /lane_overlay, /camera/image_raw, /lane/center_offset, /lane/steering_angle] bad callback: <bound method LaneTrackingNode.image_cb of <__main__.LaneTrackingNode object at 0x7f55bef5a1c0>>
Traceback (most recent call last):
  File "/opt/ros/noetic/lib/python3/dist-packages/rospy/topics.py", line 750, in _invoke_callback
    cb(msg)
  File "/home/hyeongseon/catkin_ws/src/lane_tracking_pkg/scripts/lane_tracking_node.py", line 99, in image_cb
    self.handle_frame(frame, msg.header)
  File "/home/hyeongseon/catkin_ws/src/lane_tracking_pkg/scripts/lane_tracking_node.py", line 111, in handle_frame
    lane_center, roi_overlay = detect_lane_center(edges, roi_color, self.debug)
  File "/home/hyeongseon/catkin_ws/src/lane_tracking_pkg/vision/detector.py", line 63, in detect_lane_center
    left_line = _fit_lane(np.vstack(left_points)) if left_points else None
TypeError: _fit_lane() missing 2 required positional arguments: 'y_bottom' and 'y_top'

1758341690.127502441 ERROR /lane_tracking_node [topics.py:753(_SubscriberImpl._invoke_callback)] [topics: /rosout, /lane_overlay, /camera/image_raw, /lane/center_offset, /lane/steering_angle] bad callback: <bound method LaneTrackingNode.image_cb of <__main__.LaneTrackingNode object at 0x7f55bef5a1c0>>
Traceback (most recent call last):
  File "/opt/ros/noetic/lib/python3/dist-packages/rospy/topics.py", line 750, in _invoke_callback
    cb(msg)
  File "/home/hyeongseon/catkin_ws/src/lane_tracking_pkg/scripts/lane_tracking_node.py", line 99, in image_cb
    self.handle_frame(frame, msg.header)
  File "/home/hyeongseon/catkin_ws/src/lane_tracking_pkg/scripts/lane_tracking_node.py", line 111, in handle_frame
    lane_center, roi_overlay = detect_lane_center(edges, roi_color, self.debug)
  File "/home/hyeongseon/catkin_ws/src/lane_tracking_pkg/vision/detector.py", line 63, in detect_lane_center
    left_line = _fit_lane(np.vstack(left_points)) if left_points else None
TypeError: _fit_lane() missing 2 required positional arguments: 'y_bottom' and 'y_top'

1758341690.170618772 ERROR /lane_tracking_node [topics.py:753(_SubscriberImpl._invoke_callback)] [topics: /rosout, /lane_overlay, /camera/image_raw, /lane/center_offset, /lane/steering_angle] bad callback: <bound method LaneTrackingNode.image_cb of <__main__.LaneTrackingNode object at 0x7f55bef5a1c0>>
Traceback (most recent call last):
  File "/opt/ros/noetic/lib/python3/dist-packages/rospy/topics.py", line 750, in _invoke_callback
    cb(msg)
  File "/home/hyeongseon/catkin_ws/src/lane_tracking_pkg/scripts/lane_tracking_node.py", line 99, in image_cb
    self.handle_frame(frame, msg.header)
  File "/home/hyeongseon/catkin_ws/src/lane_tracking_pkg/scripts/lane_tracking_node.py", line 111, in handle_frame
    lane_center, roi_overlay = detect_lane_center(edges, roi_color, self.debug)
  File "/home/hyeongseon/catkin_ws/src/lane_tracking_pkg/vision/detector.py", line 63, in detect_lane_center
    left_line = _fit_lane(np.vstack(left_points)) if left_points else None
TypeError: _fit_lane() missing 2 required positional arguments: 'y_bottom' and 'y_top'

1758341690.214781045 ERROR /lane_tracking_node [topics.py:753(_SubscriberImpl._invoke_callback)] [topics: /rosout, /lane_overlay, /camera/image_raw, /lane/center_offset, /lane/steering_angle] bad callback: <bound method LaneTrackingNode.image_cb of <__main__.LaneTrackingNode object at 0x7f55bef5a1c0>>
Traceback (most recent call last):
  File "/opt/ros/noetic/lib/python3/dist-packages/rospy/topics.py", line 750, in _invoke_callback
    cb(msg)
  File "/home/hyeongseon/catkin_ws/src/lane_tracking_pkg/scripts/lane_tracking_node.py", line 99, in image_cb
    self.handle_frame(frame, msg.header)
  File "/home/hyeongseon/catkin_ws/src/lane_tracking_pkg/scripts/lane_tracking_node.py", line 111, in handle_frame
    lane_center, roi_overlay = detect_lane_center(edges, roi_color, self.debug)
  File "/home/hyeongseon/catkin_ws/src/lane_tracking_pkg/vision/detector.py", line 63, in detect_lane_center
    left_line = _fit_lane(np.vstack(left_points)) if left_points else None
TypeError: _fit_lane() missing 2 required positional arguments: 'y_bottom' and 'y_top'

1758341690.240582227 ERROR /lane_tracking_node [topics.py:753(_SubscriberImpl._invoke_callback)] [topics: /rosout, /lane_overlay, /camera/image_raw, /lane/center_offset, /lane/steering_angle] bad callback: <bound method LaneTrackingNode.image_cb of <__main__.LaneTrackingNode object at 0x7f55bef5a1c0>>
Traceback (most recent call last):
  File "/opt/ros/noetic/lib/python3/dist-packages/rospy/topics.py", line 750, in _invoke_callback
    cb(msg)
  File "/home/hyeongseon/catkin_ws/src/lane_tracking_pkg/scripts/lane_tracking_node.py", line 99, in image_cb
    self.handle_frame(frame, msg.header)
  File "/home/hyeongseon/catkin_ws/src/lane_tracking_pkg/scripts/lane_tracking_node.py", line 111, in handle_frame
    lane_center, roi_overlay = detect_lane_center(edges, roi_color, self.debug)
  File "/home/hyeongseon/catkin_ws/src/lane_tracking_pkg/vision/detector.py", line 63, in detect_lane_center
    left_line = _fit_lane(np.vstack(left_points)) if left_points else None
TypeError: _fit_lane() missing 2 required positional arguments: 'y_bottom' and 'y_top'

1758341690.276186943 ERROR /lane_tracking_node [topics.py:753(_SubscriberImpl._invoke_callback)] [topics: /rosout, /lane_overlay, /camera/image_raw, /lane/center_offset, /lane/steering_angle] bad callback: <bound method LaneTrackingNode.image_cb of <__main__.LaneTrackingNode object at 0x7f55bef5a1c0>>
Traceback (most recent call last):
  File "/opt/ros/noetic/lib/python3/dist-packages/rospy/topics.py", line 750, in _invoke_callback
    cb(msg)
  File "/home/hyeongseon/catkin_ws/src/lane_tracking_pkg/scripts/lane_tracking_node.py", line 99, in image_cb
    self.handle_frame(frame, msg.header)
  File "/home/hyeongseon/catkin_ws/src/lane_tracking_pkg/scripts/lane_tracking_node.py", line 111, in handle_frame
    lane_center, roi_overlay = detect_lane_center(edges, roi_color, self.debug)
  File "/home/hyeongseon/catkin_ws/src/lane_tracking_pkg/vision/detector.py", line 63, in detect_lane_center
    left_line = _fit_lane(np.vstack(left_points)) if left_points else None
TypeError: _fit_lane() missing 2 required positional arguments: 'y_bottom' and 'y_top'

1758341690.320491552 ERROR /lane_tracking_node [topics.py:753(_SubscriberImpl._invoke_callback)] [topics: /rosout, /lane_overlay, /camera/image_raw, /lane/center_offset, /lane/steering_angle] bad callback: <bound method LaneTrackingNode.image_cb of <__main__.LaneTrackingNode object at 0x7f55bef5a1c0>>
Traceback (most recent call last):
  File "/opt/ros/noetic/lib/python3/dist-packages/rospy/topics.py", line 750, in _invoke_callback
    cb(msg)
  File "/home/hyeongseon/catkin_ws/src/lane_tracking_pkg/scripts/lane_tracking_node.py", line 99, in image_cb
    self.handle_frame(frame, msg.header)
  File "/home/hyeongseon/catkin_ws/src/lane_tracking_pkg/scripts/lane_tracking_node.py", line 111, in handle_frame
    lane_center, roi_overlay = detect_lane_center(edges, roi_color, self.debug)
  File "/home/hyeongseon/catkin_ws/src/lane_tracking_pkg/vision/detector.py", line 63, in detect_lane_center
    left_line = _fit_lane(np.vstack(left_points)) if left_points else None
TypeError: _fit_lane() missing 2 required positional arguments: 'y_bottom' and 'y_top'

1758341690.347685098 ERROR /lane_tracking_node [topics.py:753(_SubscriberImpl._invoke_callback)] [topics: /rosout, /lane_overlay, /camera/image_raw, /lane/center_offset, /lane/steering_angle] bad callback: <bound method LaneTrackingNode.image_cb of <__main__.LaneTrackingNode object at 0x7f55bef5a1c0>>
Traceback (most recent call last):
  File "/opt/ros/noetic/lib/python3/dist-packages/rospy/topics.py", line 750, in _invoke_callback
    cb(msg)
  File "/home/hyeongseon/catkin_ws/src/lane_tracking_pkg/scripts/lane_tracking_node.py", line 99, in image_cb
    self.handle_frame(frame, msg.header)
  File "/home/hyeongseon/catkin_ws/src/lane_tracking_pkg/scripts/lane_tracking_node.py", line 111, in handle_frame
    lane_center, roi_overlay = detect_lane_center(edges, roi_color, self.debug)
  File "/home/hyeongseon/catkin_ws/src/lane_tracking_pkg/vision/detector.py", line 63, in detect_lane_center
    left_line = _fit_lane(np.vstack(left_points)) if left_points else None
TypeError: _fit_lane() missing 2 required positional arguments: 'y_bottom' and 'y_top'

1758341690.361419916 ERROR /lane_tracking_node [topics.py:753(_SubscriberImpl._invoke_callback)] [topics: /rosout, /lane_overlay, /camera/image_raw, /lane/center_offset, /lane/steering_angle] bad callback: <bound method LaneTrackingNode.image_cb of <__main__.LaneTrackingNode object at 0x7f55bef5a1c0>>
Traceback (most recent call last):
  File "/opt/ros/noetic/lib/python3/dist-packages/rospy/topics.py", line 750, in _invoke_callback
    cb(msg)
  File "/home/hyeongseon/catkin_ws/src/lane_tracking_pkg/scripts/lane_tracking_node.py", line 99, in image_cb
    self.handle_frame(frame, msg.header)
  File "/home/hyeongseon/catkin_ws/src/lane_tracking_pkg/scripts/lane_tracking_node.py", line 111, in handle_frame
    lane_center, roi_overlay = detect_lane_center(edges, roi_color, self.debug)
  File "/home/hyeongseon/catkin_ws/src/lane_tracking_pkg/vision/detector.py", line 63, in detect_lane_center
    left_line = _fit_lane(np.vstack(left_points)) if left_points else None
TypeError: _fit_lane() missing 2 required positional arguments: 'y_bottom' and 'y_top'

1758341690.394720077 ERROR /lane_tracking_node [topics.py:753(_SubscriberImpl._invoke_callback)] [topics: /rosout, /lane_overlay, /camera/image_raw, /lane/center_offset, /lane/steering_angle] bad callback: <bound method LaneTrackingNode.image_cb of <__main__.LaneTrackingNode object at 0x7f55bef5a1c0>>
Traceback (most recent call last):
  File "/opt/ros/noetic/lib/python3/dist-packages/rospy/topics.py", line 750, in _invoke_callback
    cb(msg)
  File "/home/hyeongseon/catkin_ws/src/lane_tracking_pkg/scripts/lane_tracking_node.py", line 99, in image_cb
    self.handle_frame(frame, msg.header)
  File "/home/hyeongseon/catkin_ws/src/lane_tracking_pkg/scripts/lane_tracking_node.py", line 111, in handle_frame
    lane_center, roi_overlay = detect_lane_center(edges, roi_color, self.debug)
  File "/home/hyeongseon/catkin_ws/src/lane_tracking_pkg/vision/detector.py", line 63, in detect_lane_center
    left_line = _fit_lane(np.vstack(left_points)) if left_points else None
TypeError: _fit_lane() missing 2 required positional arguments: 'y_bottom' and 'y_top'

1758341690.410947561 ERROR /lane_tracking_node [topics.py:753(_SubscriberImpl._invoke_callback)] [topics: /rosout, /lane_overlay, /camera/image_raw, /lane/center_offset, /lane/steering_angle] bad callback: <bound method LaneTrackingNode.image_cb of <__main__.LaneTrackingNode object at 0x7f55bef5a1c0>>
Traceback (most recent call last):
  File "/opt/ros/noetic/lib/python3/dist-packages/rospy/topics.py", line 750, in _invoke_callback
    cb(msg)
  File "/home/hyeongseon/catkin_ws/src/lane_tracking_pkg/scripts/lane_tracking_node.py", line 99, in image_cb
    self.handle_frame(frame, msg.header)
  File "/home/hyeongseon/catkin_ws/src/lane_tracking_pkg/scripts/lane_tracking_node.py", line 111, in handle_frame
    lane_center, roi_overlay = detect_lane_center(edges, roi_color, self.debug)
  File "/home/hyeongseon/catkin_ws/src/lane_tracking_pkg/vision/detector.py", line 63, in detect_lane_center
    left_line = _fit_lane(np.vstack(left_points)) if left_points else None
TypeError: _fit_lane() missing 2 required positional arguments: 'y_bottom' and 'y_top'

1758341690.446696758 ERROR /lane_tracking_node [topics.py:753(_SubscriberImpl._invoke_callback)] [topics: /rosout, /lane_overlay, /camera/image_raw, /lane/center_offset, /lane/steering_angle] bad callback: <bound method LaneTrackingNode.image_cb of <__main__.LaneTrackingNode object at 0x7f55bef5a1c0>>
Traceback (most recent call last):
  File "/opt/ros/noetic/lib/python3/dist-packages/rospy/topics.py", line 750, in _invoke_callback
    cb(msg)
  File "/home/hyeongseon/catkin_ws/src/lane_tracking_pkg/scripts/lane_tracking_node.py", line 99, in image_cb
    self.handle_frame(frame, msg.header)
  File "/home/hyeongseon/catkin_ws/src/lane_tracking_pkg/scripts/lane_tracking_node.py", line 111, in handle_frame
    lane_center, roi_overlay = detect_lane_center(edges, roi_color, self.debug)
  File "/home/hyeongseon/catkin_ws/src/lane_tracking_pkg/vision/detector.py", line 63, in detect_lane_center
    left_line = _fit_lane(np.vstack(left_points)) if left_points else None
TypeError: _fit_lane() missing 2 required positional arguments: 'y_bottom' and 'y_top'

1758341690.469351530 ERROR /lane_tracking_node [topics.py:753(_SubscriberImpl._invoke_callback)] [topics: /rosout, /lane_overlay, /camera/image_raw, /lane/center_offset, /lane/steering_angle] bad callback: <bound method LaneTrackingNode.image_cb of <__main__.LaneTrackingNode object at 0x7f55bef5a1c0>>
Traceback (most recent call last):
  File "/opt/ros/noetic/lib/python3/dist-packages/rospy/topics.py", line 750, in _invoke_callback
    cb(msg)
  File "/home/hyeongseon/catkin_ws/src/lane_tracking_pkg/scripts/lane_tracking_node.py", line 99, in image_cb
    self.handle_frame(frame, msg.header)
  File "/home/hyeongseon/catkin_ws/src/lane_tracking_pkg/scripts/lane_tracking_node.py", line 111, in handle_frame
    lane_center, roi_overlay = detect_lane_center(edges, roi_color, self.debug)
  File "/home/hyeongseon/catkin_ws/src/lane_tracking_pkg/vision/detector.py", line 63, in detect_lane_center
    left_line = _fit_lane(np.vstack(left_points)) if left_points else None
TypeError: _fit_lane() missing 2 required positional arguments: 'y_bottom' and 'y_top'

1758341690.510488271 ERROR /lane_tracking_node [topics.py:753(_SubscriberImpl._invoke_callback)] [topics: /rosout, /lane_overlay, /camera/image_raw, /lane/center_offset, /lane/steering_angle] bad callback: <bound method LaneTrackingNode.image_cb of <__main__.LaneTrackingNode object at 0x7f55bef5a1c0>>
Traceback (most recent call last):
  File "/opt/ros/noetic/lib/python3/dist-packages/rospy/topics.py", line 750, in _invoke_callback
    cb(msg)
  File "/home/hyeongseon/catkin_ws/src/lane_tracking_pkg/scripts/lane_tracking_node.py", line 99, in image_cb
    self.handle_frame(frame, msg.header)
  File "/home/hyeongseon/catkin_ws/src/lane_tracking_pkg/scripts/lane_tracking_node.py", line 111, in handle_frame
    lane_center, roi_overlay = detect_lane_center(edges, roi_color, self.debug)
  File "/home/hyeongseon/catkin_ws/src/lane_tracking_pkg/vision/detector.py", line 63, in detect_lane_center
    left_line = _fit_lane(np.vstack(left_points)) if left_points else None
TypeError: _fit_lane() missing 2 required positional arguments: 'y_bottom' and 'y_top'

1758341690.523849487 ERROR /lane_tracking_node [topics.py:753(_SubscriberImpl._invoke_callback)] [topics: /rosout, /lane_overlay, /camera/image_raw, /lane/center_offset, /lane/steering_angle] bad callback: <bound method LaneTrackingNode.image_cb of <__main__.LaneTrackingNode object at 0x7f55bef5a1c0>>
Traceback (most recent call last):
  File "/opt/ros/noetic/lib/python3/dist-packages/rospy/topics.py", line 750, in _invoke_callback
    cb(msg)
  File "/home/hyeongseon/catkin_ws/src/lane_tracking_pkg/scripts/lane_tracking_node.py", line 99, in image_cb
    self.handle_frame(frame, msg.header)
  File "/home/hyeongseon/catkin_ws/src/lane_tracking_pkg/scripts/lane_tracking_node.py", line 111, in handle_frame
    lane_center, roi_overlay = detect_lane_center(edges, roi_color, self.debug)
  File "/home/hyeongseon/catkin_ws/src/lane_tracking_pkg/vision/detector.py", line 63, in detect_lane_center
    left_line = _fit_lane(np.vstack(left_points)) if left_points else None
TypeError: _fit_lane() missing 2 required positional arguments: 'y_bottom' and 'y_top'

1758341690.578085660 ERROR /lane_tracking_node [topics.py:753(_SubscriberImpl._invoke_callback)] [topics: /rosout, /lane_overlay, /camera/image_raw, /lane/center_offset, /lane/steering_angle] bad callback: <bound method LaneTrackingNode.image_cb of <__main__.LaneTrackingNode object at 0x7f55bef5a1c0>>
Traceback (most recent call last):
  File "/opt/ros/noetic/lib/python3/dist-packages/rospy/topics.py", line 750, in _invoke_callback
    cb(msg)
  File "/home/hyeongseon/catkin_ws/src/lane_tracking_pkg/scripts/lane_tracking_node.py", line 99, in image_cb
    self.handle_frame(frame, msg.header)
  File "/home/hyeongseon/catkin_ws/src/lane_tracking_pkg/scripts/lane_tracking_node.py", line 111, in handle_frame
    lane_center, roi_overlay = detect_lane_center(edges, roi_color, self.debug)
  File "/home/hyeongseon/catkin_ws/src/lane_tracking_pkg/vision/detector.py", line 63, in detect_lane_center
    left_line = _fit_lane(np.vstack(left_points)) if left_points else None
TypeError: _fit_lane() missing 2 required positional arguments: 'y_bottom' and 'y_top'

1758341690.610620021 ERROR /lane_tracking_node [topics.py:753(_SubscriberImpl._invoke_callback)] [topics: /rosout, /lane_overlay, /camera/image_raw, /lane/center_offset, /lane/steering_angle] bad callback: <bound method LaneTrackingNode.image_cb of <__main__.LaneTrackingNode object at 0x7f55bef5a1c0>>
Traceback (most recent call last):
  File "/opt/ros/noetic/lib/python3/dist-packages/rospy/topics.py", line 750, in _invoke_callback
    cb(msg)
  File "/home/hyeongseon/catkin_ws/src/lane_tracking_pkg/scripts/lane_tracking_node.py", line 99, in image_cb
    self.handle_frame(frame, msg.header)
  File "/home/hyeongseon/catkin_ws/src/lane_tracking_pkg/scripts/lane_tracking_node.py", line 111, in handle_frame
    lane_center, roi_overlay = detect_lane_center(edges, roi_color, self.debug)
  File "/home/hyeongseon/catkin_ws/src/lane_tracking_pkg/vision/detector.py", line 63, in detect_lane_center
    left_line = _fit_lane(np.vstack(left_points)) if left_points else None
TypeError: _fit_lane() missing 2 required positional arguments: 'y_bottom' and 'y_top'

1758341690.643296957 ERROR /lane_tracking_node [topics.py:753(_SubscriberImpl._invoke_callback)] [topics: /rosout, /lane_overlay, /camera/image_raw, /lane/center_offset, /lane/steering_angle] bad callback: <bound method LaneTrackingNode.image_cb of <__main__.LaneTrackingNode object at 0x7f55bef5a1c0>>
Traceback (most recent call last):
  File "/opt/ros/noetic/lib/python3/dist-packages/rospy/topics.py", line 750, in _invoke_callback
    cb(msg)
  File "/home/hyeongseon/catkin_ws/src/lane_tracking_pkg/scripts/lane_tracking_node.py", line 99, in image_cb
    self.handle_frame(frame, msg.header)
  File "/home/hyeongseon/catkin_ws/src/lane_tracking_pkg/scripts/lane_tracking_node.py", line 111, in handle_frame
    lane_center, roi_overlay = detect_lane_center(edges, roi_color, self.debug)
  File "/home/hyeongseon/catkin_ws/src/lane_tracking_pkg/vision/detector.py", line 63, in detect_lane_center
    left_line = _fit_lane(np.vstack(left_points)) if left_points else None
TypeError: _fit_lane() missing 2 required positional arguments: 'y_bottom' and 'y_top'

1758341690.665030479 ERROR /lane_tracking_node [topics.py:753(_SubscriberImpl._invoke_callback)] [topics: /rosout, /lane_overlay, /camera/image_raw, /lane/center_offset, /lane/steering_angle] bad callback: <bound method LaneTrackingNode.image_cb of <__main__.LaneTrackingNode object at 0x7f55bef5a1c0>>
Traceback (most recent call last):
  File "/opt/ros/noetic/lib/python3/dist-packages/rospy/topics.py", line 750, in _invoke_callback
    cb(msg)
  File "/home/hyeongseon/catkin_ws/src/lane_tracking_pkg/scripts/lane_tracking_node.py", line 99, in image_cb
    self.handle_frame(frame, msg.header)
  File "/home/hyeongseon/catkin_ws/src/lane_tracking_pkg/scripts/lane_tracking_node.py", line 111, in handle_frame
    lane_center, roi_overlay = detect_lane_center(edges, roi_color, self.debug)
  File "/home/hyeongseon/catkin_ws/src/lane_tracking_pkg/vision/detector.py", line 63, in detect_lane_center
    left_line = _fit_lane(np.vstack(left_points)) if left_points else None
TypeError: _fit_lane() missing 2 required positional arguments: 'y_bottom' and 'y_top'

1758341690.688970327 ERROR /lane_tracking_node [topics.py:753(_SubscriberImpl._invoke_callback)] [topics: /rosout, /lane_overlay, /camera/image_raw, /lane/center_offset, /lane/steering_angle] bad callback: <bound method LaneTrackingNode.image_cb of <__main__.LaneTrackingNode object at 0x7f55bef5a1c0>>
Traceback (most recent call last):
  File "/opt/ros/noetic/lib/python3/dist-packages/rospy/topics.py", line 750, in _invoke_callback
    cb(msg)
  File "/home/hyeongseon/catkin_ws/src/lane_tracking_pkg/scripts/lane_tracking_node.py", line 99, in image_cb
    self.handle_frame(frame, msg.header)
  File "/home/hyeongseon/catkin_ws/src/lane_tracking_pkg/scripts/lane_tracking_node.py", line 111, in handle_frame
    lane_center, roi_overlay = detect_lane_center(edges, roi_color, self.debug)
  File "/home/hyeongseon/catkin_ws/src/lane_tracking_pkg/vision/detector.py", line 63, in detect_lane_center
    left_line = _fit_lane(np.vstack(left_points)) if left_points else None
TypeError: _fit_lane() missing 2 required positional arguments: 'y_bottom' and 'y_top'

1758341690.743239641 ERROR /lane_tracking_node [topics.py:753(_SubscriberImpl._invoke_callback)] [topics: /rosout, /lane_overlay, /camera/image_raw, /lane/center_offset, /lane/steering_angle] bad callback: <bound method LaneTrackingNode.image_cb of <__main__.LaneTrackingNode object at 0x7f55bef5a1c0>>
Traceback (most recent call last):
  File "/opt/ros/noetic/lib/python3/dist-packages/rospy/topics.py", line 750, in _invoke_callback
    cb(msg)
  File "/home/hyeongseon/catkin_ws/src/lane_tracking_pkg/scripts/lane_tracking_node.py", line 99, in image_cb
    self.handle_frame(frame, msg.header)
  File "/home/hyeongseon/catkin_ws/src/lane_tracking_pkg/scripts/lane_tracking_node.py", line 111, in handle_frame
    lane_center, roi_overlay = detect_lane_center(edges, roi_color, self.debug)
  File "/home/hyeongseon/catkin_ws/src/lane_tracking_pkg/vision/detector.py", line 63, in detect_lane_center
    left_line = _fit_lane(np.vstack(left_points)) if left_points else None
TypeError: _fit_lane() missing 2 required positional arguments: 'y_bottom' and 'y_top'

1758341690.772367715 ERROR /lane_tracking_node [topics.py:753(_SubscriberImpl._invoke_callback)] [topics: /rosout, /lane_overlay, /camera/image_raw, /lane/center_offset, /lane/steering_angle] bad callback: <bound method LaneTrackingNode.image_cb of <__main__.LaneTrackingNode object at 0x7f55bef5a1c0>>
Traceback (most recent call last):
  File "/opt/ros/noetic/lib/python3/dist-packages/rospy/topics.py", line 750, in _invoke_callback
    cb(msg)
  File "/home/hyeongseon/catkin_ws/src/lane_tracking_pkg/scripts/lane_tracking_node.py", line 99, in image_cb
    self.handle_frame(frame, msg.header)
  File "/home/hyeongseon/catkin_ws/src/lane_tracking_pkg/scripts/lane_tracking_node.py", line 111, in handle_frame
    lane_center, roi_overlay = detect_lane_center(edges, roi_color, self.debug)
  File "/home/hyeongseon/catkin_ws/src/lane_tracking_pkg/vision/detector.py", line 63, in detect_lane_center
    left_line = _fit_lane(np.vstack(left_points)) if left_points else None
TypeError: _fit_lane() missing 2 required positional arguments: 'y_bottom' and 'y_top'

1758341690.816390514 ERROR /lane_tracking_node [topics.py:753(_SubscriberImpl._invoke_callback)] [topics: /rosout, /lane_overlay, /camera/image_raw, /lane/center_offset, /lane/steering_angle] bad callback: <bound method LaneTrackingNode.image_cb of <__main__.LaneTrackingNode object at 0x7f55bef5a1c0>>
Traceback (most recent call last):
  File "/opt/ros/noetic/lib/python3/dist-packages/rospy/topics.py", line 750, in _invoke_callback
    cb(msg)
  File "/home/hyeongseon/catkin_ws/src/lane_tracking_pkg/scripts/lane_tracking_node.py", line 99, in image_cb
    self.handle_frame(frame, msg.header)
  File "/home/hyeongseon/catkin_ws/src/lane_tracking_pkg/scripts/lane_tracking_node.py", line 111, in handle_frame
    lane_center, roi_overlay = detect_lane_center(edges, roi_color, self.debug)
  File "/home/hyeongseon/catkin_ws/src/lane_tracking_pkg/vision/detector.py", line 63, in detect_lane_center
    left_line = _fit_lane(np.vstack(left_points)) if left_points else None
TypeError: _fit_lane() missing 2 required positional arguments: 'y_bottom' and 'y_top'

1758341690.828004121 ERROR /lane_tracking_node [topics.py:753(_SubscriberImpl._invoke_callback)] [topics: /rosout, /lane_overlay, /camera/image_raw, /lane/center_offset, /lane/steering_angle] bad callback: <bound method LaneTrackingNode.image_cb of <__main__.LaneTrackingNode object at 0x7f55bef5a1c0>>
Traceback (most recent call last):
  File "/opt/ros/noetic/lib/python3/dist-packages/rospy/topics.py", line 750, in _invoke_callback
    cb(msg)
  File "/home/hyeongseon/catkin_ws/src/lane_tracking_pkg/scripts/lane_tracking_node.py", line 99, in image_cb
    self.handle_frame(frame, msg.header)
  File "/home/hyeongseon/catkin_ws/src/lane_tracking_pkg/scripts/lane_tracking_node.py", line 111, in handle_frame
    lane_center, roi_overlay = detect_lane_center(edges, roi_color, self.debug)
  File "/home/hyeongseon/catkin_ws/src/lane_tracking_pkg/vision/detector.py", line 63, in detect_lane_center
    left_line = _fit_lane(np.vstack(left_points)) if left_points else None
TypeError: _fit_lane() missing 2 required positional arguments: 'y_bottom' and 'y_top'

1758341690.901667594 ERROR /lane_tracking_node [topics.py:753(_SubscriberImpl._invoke_callback)] [topics: /rosout, /lane_overlay, /camera/image_raw, /lane/center_offset, /lane/steering_angle] bad callback: <bound method LaneTrackingNode.image_cb of <__main__.LaneTrackingNode object at 0x7f55bef5a1c0>>
Traceback (most recent call last):
  File "/opt/ros/noetic/lib/python3/dist-packages/rospy/topics.py", line 750, in _invoke_callback
    cb(msg)
  File "/home/hyeongseon/catkin_ws/src/lane_tracking_pkg/scripts/lane_tracking_node.py", line 99, in image_cb
    self.handle_frame(frame, msg.header)
  File "/home/hyeongseon/catkin_ws/src/lane_tracking_pkg/scripts/lane_tracking_node.py", line 111, in handle_frame
    lane_center, roi_overlay = detect_lane_center(edges, roi_color, self.debug)
  File "/home/hyeongseon/catkin_ws/src/lane_tracking_pkg/vision/detector.py", line 63, in detect_lane_center
    left_line = _fit_lane(np.vstack(left_points)) if left_points else None
TypeError: _fit_lane() missing 2 required positional arguments: 'y_bottom' and 'y_top'

1758341690.931837558 ERROR /lane_tracking_node [topics.py:753(_SubscriberImpl._invoke_callback)] [topics: /rosout, /lane_overlay, /camera/image_raw, /lane/center_offset, /lane/steering_angle] bad callback: <bound method LaneTrackingNode.image_cb of <__main__.LaneTrackingNode object at 0x7f55bef5a1c0>>
Traceback (most recent call last):
  File "/opt/ros/noetic/lib/python3/dist-packages/rospy/topics.py", line 750, in _invoke_callback
    cb(msg)
  File "/home/hyeongseon/catkin_ws/src/lane_tracking_pkg/scripts/lane_tracking_node.py", line 99, in image_cb
    self.handle_frame(frame, msg.header)
  File "/home/hyeongseon/catkin_ws/src/lane_tracking_pkg/scripts/lane_tracking_node.py", line 111, in handle_frame
    lane_center, roi_overlay = detect_lane_center(edges, roi_color, self.debug)
  File "/home/hyeongseon/catkin_ws/src/lane_tracking_pkg/vision/detector.py", line 63, in detect_lane_center
    left_line = _fit_lane(np.vstack(left_points)) if left_points else None
TypeError: _fit_lane() missing 2 required positional arguments: 'y_bottom' and 'y_top'

1758341690.969105482 ERROR /lane_tracking_node [topics.py:753(_SubscriberImpl._invoke_callback)] [topics: /rosout, /lane_overlay, /camera/image_raw, /lane/center_offset, /lane/steering_angle] bad callback: <bound method LaneTrackingNode.image_cb of <__main__.LaneTrackingNode object at 0x7f55bef5a1c0>>
Traceback (most recent call last):
  File "/opt/ros/noetic/lib/python3/dist-packages/rospy/topics.py", line 750, in _invoke_callback
    cb(msg)
  File "/home/hyeongseon/catkin_ws/src/lane_tracking_pkg/scripts/lane_tracking_node.py", line 99, in image_cb
    self.handle_frame(frame, msg.header)
  File "/home/hyeongseon/catkin_ws/src/lane_tracking_pkg/scripts/lane_tracking_node.py", line 111, in handle_frame
    lane_center, roi_overlay = detect_lane_center(edges, roi_color, self.debug)
  File "/home/hyeongseon/catkin_ws/src/lane_tracking_pkg/vision/detector.py", line 63, in detect_lane_center
    left_line = _fit_lane(np.vstack(left_points)) if left_points else None
TypeError: _fit_lane() missing 2 required positional arguments: 'y_bottom' and 'y_top'

1758341690.986126422 ERROR /lane_tracking_node [topics.py:753(_SubscriberImpl._invoke_callback)] [topics: /rosout, /lane_overlay, /camera/image_raw, /lane/center_offset, /lane/steering_angle] bad callback: <bound method LaneTrackingNode.image_cb of <__main__.LaneTrackingNode object at 0x7f55bef5a1c0>>
Traceback (most recent call last):
  File "/opt/ros/noetic/lib/python3/dist-packages/rospy/topics.py", line 750, in _invoke_callback
    cb(msg)
  File "/home/hyeongseon/catkin_ws/src/lane_tracking_pkg/scripts/lane_tracking_node.py", line 99, in image_cb
    self.handle_frame(frame, msg.header)
  File "/home/hyeongseon/catkin_ws/src/lane_tracking_pkg/scripts/lane_tracking_node.py", line 111, in handle_frame
    lane_center, roi_overlay = detect_lane_center(edges, roi_color, self.debug)
  File "/home/hyeongseon/catkin_ws/src/lane_tracking_pkg/vision/detector.py", line 63, in detect_lane_center
    left_line = _fit_lane(np.vstack(left_points)) if left_points else None
TypeError: _fit_lane() missing 2 required positional arguments: 'y_bottom' and 'y_top'

1758341691.013983726 ERROR /lane_tracking_node [topics.py:753(_SubscriberImpl._invoke_callback)] [topics: /rosout, /lane_overlay, /camera/image_raw, /lane/center_offset, /lane/steering_angle] bad callback: <bound method LaneTrackingNode.image_cb of <__main__.LaneTrackingNode object at 0x7f55bef5a1c0>>
Traceback (most recent call last):
  File "/opt/ros/noetic/lib/python3/dist-packages/rospy/topics.py", line 750, in _invoke_callback
    cb(msg)
  File "/home/hyeongseon/catkin_ws/src/lane_tracking_pkg/scripts/lane_tracking_node.py", line 99, in image_cb
    self.handle_frame(frame, msg.header)
  File "/home/hyeongseon/catkin_ws/src/lane_tracking_pkg/scripts/lane_tracking_node.py", line 111, in handle_frame
    lane_center, roi_overlay = detect_lane_center(edges, roi_color, self.debug)
  File "/home/hyeongseon/catkin_ws/src/lane_tracking_pkg/vision/detector.py", line 63, in detect_lane_center
    left_line = _fit_lane(np.vstack(left_points)) if left_points else None
TypeError: _fit_lane() missing 2 required positional arguments: 'y_bottom' and 'y_top'

1758341691.033010959 ERROR /lane_tracking_node [topics.py:753(_SubscriberImpl._invoke_callback)] [topics: /rosout, /lane_overlay, /camera/image_raw, /lane/center_offset, /lane/steering_angle] bad callback: <bound method LaneTrackingNode.image_cb of <__main__.LaneTrackingNode object at 0x7f55bef5a1c0>>
Traceback (most recent call last):
  File "/opt/ros/noetic/lib/python3/dist-packages/rospy/topics.py", line 750, in _invoke_callback
    cb(msg)
  File "/home/hyeongseon/catkin_ws/src/lane_tracking_pkg/scripts/lane_tracking_node.py", line 99, in image_cb
    self.handle_frame(frame, msg.header)
  File "/home/hyeongseon/catkin_ws/src/lane_tracking_pkg/scripts/lane_tracking_node.py", line 111, in handle_frame
    lane_center, roi_overlay = detect_lane_center(edges, roi_color, self.debug)
  File "/home/hyeongseon/catkin_ws/src/lane_tracking_pkg/vision/detector.py", line 63, in detect_lane_center
    left_line = _fit_lane(np.vstack(left_points)) if left_points else None
TypeError: _fit_lane() missing 2 required positional arguments: 'y_bottom' and 'y_top'

1758341691.089254856 ERROR /lane_tracking_node [topics.py:753(_SubscriberImpl._invoke_callback)] [topics: /rosout, /lane_overlay, /camera/image_raw, /lane/center_offset, /lane/steering_angle] bad callback: <bound method LaneTrackingNode.image_cb of <__main__.LaneTrackingNode object at 0x7f55bef5a1c0>>
Traceback (most recent call last):
  File "/opt/ros/noetic/lib/python3/dist-packages/rospy/topics.py", line 750, in _invoke_callback
    cb(msg)
  File "/home/hyeongseon/catkin_ws/src/lane_tracking_pkg/scripts/lane_tracking_node.py", line 99, in image_cb
    self.handle_frame(frame, msg.header)
  File "/home/hyeongseon/catkin_ws/src/lane_tracking_pkg/scripts/lane_tracking_node.py", line 111, in handle_frame
    lane_center, roi_overlay = detect_lane_center(edges, roi_color, self.debug)
  File "/home/hyeongseon/catkin_ws/src/lane_tracking_pkg/vision/detector.py", line 63, in detect_lane_center
    left_line = _fit_lane(np.vstack(left_points)) if left_points else None
TypeError: _fit_lane() missing 2 required positional arguments: 'y_bottom' and 'y_top'

1758341691.111351251 ERROR /lane_tracking_node [topics.py:753(_SubscriberImpl._invoke_callback)] [topics: /rosout, /lane_overlay, /camera/image_raw, /lane/center_offset, /lane/steering_angle] bad callback: <bound method LaneTrackingNode.image_cb of <__main__.LaneTrackingNode object at 0x7f55bef5a1c0>>
Traceback (most recent call last):
  File "/opt/ros/noetic/lib/python3/dist-packages/rospy/topics.py", line 750, in _invoke_callback
    cb(msg)
  File "/home/hyeongseon/catkin_ws/src/lane_tracking_pkg/scripts/lane_tracking_node.py", line 99, in image_cb
    self.handle_frame(frame, msg.header)
  File "/home/hyeongseon/catkin_ws/src/lane_tracking_pkg/scripts/lane_tracking_node.py", line 111, in handle_frame
    lane_center, roi_overlay = detect_lane_center(edges, roi_color, self.debug)
  File "/home/hyeongseon/catkin_ws/src/lane_tracking_pkg/vision/detector.py", line 63, in detect_lane_center
    left_line = _fit_lane(np.vstack(left_points)) if left_points else None
TypeError: _fit_lane() missing 2 required positional arguments: 'y_bottom' and 'y_top'

1758341691.156349420 ERROR /lane_tracking_node [topics.py:753(_SubscriberImpl._invoke_callback)] [topics: /rosout, /lane_overlay, /camera/image_raw, /lane/center_offset, /lane/steering_angle] bad callback: <bound method LaneTrackingNode.image_cb of <__main__.LaneTrackingNode object at 0x7f55bef5a1c0>>
Traceback (most recent call last):
  File "/opt/ros/noetic/lib/python3/dist-packages/rospy/topics.py", line 750, in _invoke_callback
    cb(msg)
  File "/home/hyeongseon/catkin_ws/src/lane_tracking_pkg/scripts/lane_tracking_node.py", line 99, in image_cb
    self.handle_frame(frame, msg.header)
  File "/home/hyeongseon/catkin_ws/src/lane_tracking_pkg/scripts/lane_tracking_node.py", line 111, in handle_frame
    lane_center, roi_overlay = detect_lane_center(edges, roi_color, self.debug)
  File "/home/hyeongseon/catkin_ws/src/lane_tracking_pkg/vision/detector.py", line 63, in detect_lane_center
    left_line = _fit_lane(np.vstack(left_points)) if left_points else None
TypeError: _fit_lane() missing 2 required positional arguments: 'y_bottom' and 'y_top'

1758341691.186120748 ERROR /lane_tracking_node [topics.py:753(_SubscriberImpl._invoke_callback)] [topics: /rosout, /lane_overlay, /camera/image_raw, /lane/center_offset, /lane/steering_angle] bad callback: <bound method LaneTrackingNode.image_cb of <__main__.LaneTrackingNode object at 0x7f55bef5a1c0>>
Traceback (most recent call last):
  File "/opt/ros/noetic/lib/python3/dist-packages/rospy/topics.py", line 750, in _invoke_callback
    cb(msg)
  File "/home/hyeongseon/catkin_ws/src/lane_tracking_pkg/scripts/lane_tracking_node.py", line 99, in image_cb
    self.handle_frame(frame, msg.header)
  File "/home/hyeongseon/catkin_ws/src/lane_tracking_pkg/scripts/lane_tracking_node.py", line 111, in handle_frame
    lane_center, roi_overlay = detect_lane_center(edges, roi_color, self.debug)
  File "/home/hyeongseon/catkin_ws/src/lane_tracking_pkg/vision/detector.py", line 63, in detect_lane_center
    left_line = _fit_lane(np.vstack(left_points)) if left_points else None
TypeError: _fit_lane() missing 2 required positional arguments: 'y_bottom' and 'y_top'

1758341691.220391511 ERROR /lane_tracking_node [topics.py:753(_SubscriberImpl._invoke_callback)] [topics: /rosout, /lane_overlay, /camera/image_raw, /lane/center_offset, /lane/steering_angle] bad callback: <bound method LaneTrackingNode.image_cb of <__main__.LaneTrackingNode object at 0x7f55bef5a1c0>>
Traceback (most recent call last):
  File "/opt/ros/noetic/lib/python3/dist-packages/rospy/topics.py", line 750, in _invoke_callback
    cb(msg)
  File "/home/hyeongseon/catkin_ws/src/lane_tracking_pkg/scripts/lane_tracking_node.py", line 99, in image_cb
    self.handle_frame(frame, msg.header)
  File "/home/hyeongseon/catkin_ws/src/lane_tracking_pkg/scripts/lane_tracking_node.py", line 111, in handle_frame
    lane_center, roi_overlay = detect_lane_center(edges, roi_color, self.debug)
  File "/home/hyeongseon/catkin_ws/src/lane_tracking_pkg/vision/detector.py", line 63, in detect_lane_center
    left_line = _fit_lane(np.vstack(left_points)) if left_points else None
TypeError: _fit_lane() missing 2 required positional arguments: 'y_bottom' and 'y_top'

1758341691.238604068 ERROR /lane_tracking_node [topics.py:753(_SubscriberImpl._invoke_callback)] [topics: /rosout, /lane_overlay, /camera/image_raw, /lane/center_offset, /lane/steering_angle] bad callback: <bound method LaneTrackingNode.image_cb of <__main__.LaneTrackingNode object at 0x7f55bef5a1c0>>
Traceback (most recent call last):
  File "/opt/ros/noetic/lib/python3/dist-packages/rospy/topics.py", line 750, in _invoke_callback
    cb(msg)
  File "/home/hyeongseon/catkin_ws/src/lane_tracking_pkg/scripts/lane_tracking_node.py", line 99, in image_cb
    self.handle_frame(frame, msg.header)
  File "/home/hyeongseon/catkin_ws/src/lane_tracking_pkg/scripts/lane_tracking_node.py", line 111, in handle_frame
    lane_center, roi_overlay = detect_lane_center(edges, roi_color, self.debug)
  File "/home/hyeongseon/catkin_ws/src/lane_tracking_pkg/vision/detector.py", line 63, in detect_lane_center
    left_line = _fit_lane(np.vstack(left_points)) if left_points else None
TypeError: _fit_lane() missing 2 required positional arguments: 'y_bottom' and 'y_top'

1758341691.278244018 ERROR /lane_tracking_node [topics.py:753(_SubscriberImpl._invoke_callback)] [topics: /rosout, /lane_overlay, /camera/image_raw, /lane/center_offset, /lane/steering_angle] bad callback: <bound method LaneTrackingNode.image_cb of <__main__.LaneTrackingNode object at 0x7f55bef5a1c0>>
Traceback (most recent call last):
  File "/opt/ros/noetic/lib/python3/dist-packages/rospy/topics.py", line 750, in _invoke_callback
    cb(msg)
  File "/home/hyeongseon/catkin_ws/src/lane_tracking_pkg/scripts/lane_tracking_node.py", line 99, in image_cb
    self.handle_frame(frame, msg.header)
  File "/home/hyeongseon/catkin_ws/src/lane_tracking_pkg/scripts/lane_tracking_node.py", line 111, in handle_frame
    lane_center, roi_overlay = detect_lane_center(edges, roi_color, self.debug)
  File "/home/hyeongseon/catkin_ws/src/lane_tracking_pkg/vision/detector.py", line 63, in detect_lane_center
    left_line = _fit_lane(np.vstack(left_points)) if left_points else None
TypeError: _fit_lane() missing 2 required positional arguments: 'y_bottom' and 'y_top'

1758341691.317564725 ERROR /lane_tracking_node [topics.py:753(_SubscriberImpl._invoke_callback)] [topics: /rosout, /lane_overlay, /camera/image_raw, /lane/center_offset, /lane/steering_angle] bad callback: <bound method LaneTrackingNode.image_cb of <__main__.LaneTrackingNode object at 0x7f55bef5a1c0>>
Traceback (most recent call last):
  File "/opt/ros/noetic/lib/python3/dist-packages/rospy/topics.py", line 750, in _invoke_callback
    cb(msg)
  File "/home/hyeongseon/catkin_ws/src/lane_tracking_pkg/scripts/lane_tracking_node.py", line 99, in image_cb
    self.handle_frame(frame, msg.header)
  File "/home/hyeongseon/catkin_ws/src/lane_tracking_pkg/scripts/lane_tracking_node.py", line 111, in handle_frame
    lane_center, roi_overlay = detect_lane_center(edges, roi_color, self.debug)
  File "/home/hyeongseon/catkin_ws/src/lane_tracking_pkg/vision/detector.py", line 63, in detect_lane_center
    left_line = _fit_lane(np.vstack(left_points)) if left_points else None
TypeError: _fit_lane() missing 2 required positional arguments: 'y_bottom' and 'y_top'

1758341691.342345952 ERROR /lane_tracking_node [topics.py:753(_SubscriberImpl._invoke_callback)] [topics: /rosout, /lane_overlay, /camera/image_raw, /lane/center_offset, /lane/steering_angle] bad callback: <bound method LaneTrackingNode.image_cb of <__main__.LaneTrackingNode object at 0x7f55bef5a1c0>>
Traceback (most recent call last):
  File "/opt/ros/noetic/lib/python3/dist-packages/rospy/topics.py", line 750, in _invoke_callback
    cb(msg)
  File "/home/hyeongseon/catkin_ws/src/lane_tracking_pkg/scripts/lane_tracking_node.py", line 99, in image_cb
    self.handle_frame(frame, msg.header)
  File "/home/hyeongseon/catkin_ws/src/lane_tracking_pkg/scripts/lane_tracking_node.py", line 111, in handle_frame
    lane_center, roi_overlay = detect_lane_center(edges, roi_color, self.debug)
  File "/home/hyeongseon/catkin_ws/src/lane_tracking_pkg/vision/detector.py", line 63, in detect_lane_center
    left_line = _fit_lane(np.vstack(left_points)) if left_points else None
TypeError: _fit_lane() missing 2 required positional arguments: 'y_bottom' and 'y_top'

1758341691.355839252 ERROR /lane_tracking_node [topics.py:753(_SubscriberImpl._invoke_callback)] [topics: /rosout, /lane_overlay, /camera/image_raw, /lane/center_offset, /lane/steering_angle] bad callback: <bound method LaneTrackingNode.image_cb of <__main__.LaneTrackingNode object at 0x7f55bef5a1c0>>
Traceback (most recent call last):
  File "/opt/ros/noetic/lib/python3/dist-packages/rospy/topics.py", line 750, in _invoke_callback
    cb(msg)
  File "/home/hyeongseon/catkin_ws/src/lane_tracking_pkg/scripts/lane_tracking_node.py", line 99, in image_cb
    self.handle_frame(frame, msg.header)
  File "/home/hyeongseon/catkin_ws/src/lane_tracking_pkg/scripts/lane_tracking_node.py", line 111, in handle_frame
    lane_center, roi_overlay = detect_lane_center(edges, roi_color, self.debug)
  File "/home/hyeongseon/catkin_ws/src/lane_tracking_pkg/vision/detector.py", line 63, in detect_lane_center
    left_line = _fit_lane(np.vstack(left_points)) if left_points else None
TypeError: _fit_lane() missing 2 required positional arguments: 'y_bottom' and 'y_top'

1758341691.403493165 ERROR /lane_tracking_node [topics.py:753(_SubscriberImpl._invoke_callback)] [topics: /rosout, /lane_overlay, /camera/image_raw, /lane/center_offset, /lane/steering_angle] bad callback: <bound method LaneTrackingNode.image_cb of <__main__.LaneTrackingNode object at 0x7f55bef5a1c0>>
Traceback (most recent call last):
  File "/opt/ros/noetic/lib/python3/dist-packages/rospy/topics.py", line 750, in _invoke_callback
    cb(msg)
  File "/home/hyeongseon/catkin_ws/src/lane_tracking_pkg/scripts/lane_tracking_node.py", line 99, in image_cb
    self.handle_frame(frame, msg.header)
  File "/home/hyeongseon/catkin_ws/src/lane_tracking_pkg/scripts/lane_tracking_node.py", line 111, in handle_frame
    lane_center, roi_overlay = detect_lane_center(edges, roi_color, self.debug)
  File "/home/hyeongseon/catkin_ws/src/lane_tracking_pkg/vision/detector.py", line 63, in detect_lane_center
    left_line = _fit_lane(np.vstack(left_points)) if left_points else None
TypeError: _fit_lane() missing 2 required positional arguments: 'y_bottom' and 'y_top'

1758341691.437953948 ERROR /lane_tracking_node [topics.py:753(_SubscriberImpl._invoke_callback)] [topics: /rosout, /lane_overlay, /camera/image_raw, /lane/center_offset, /lane/steering_angle] bad callback: <bound method LaneTrackingNode.image_cb of <__main__.LaneTrackingNode object at 0x7f55bef5a1c0>>
Traceback (most recent call last):
  File "/opt/ros/noetic/lib/python3/dist-packages/rospy/topics.py", line 750, in _invoke_callback
    cb(msg)
  File "/home/hyeongseon/catkin_ws/src/lane_tracking_pkg/scripts/lane_tracking_node.py", line 99, in image_cb
    self.handle_frame(frame, msg.header)
  File "/home/hyeongseon/catkin_ws/src/lane_tracking_pkg/scripts/lane_tracking_node.py", line 111, in handle_frame
    lane_center, roi_overlay = detect_lane_center(edges, roi_color, self.debug)
  File "/home/hyeongseon/catkin_ws/src/lane_tracking_pkg/vision/detector.py", line 63, in detect_lane_center
    left_line = _fit_lane(np.vstack(left_points)) if left_points else None
TypeError: _fit_lane() missing 2 required positional arguments: 'y_bottom' and 'y_top'

1758341691.460388660 ERROR /lane_tracking_node [topics.py:753(_SubscriberImpl._invoke_callback)] [topics: /rosout, /lane_overlay, /camera/image_raw, /lane/center_offset, /lane/steering_angle] bad callback: <bound method LaneTrackingNode.image_cb of <__main__.LaneTrackingNode object at 0x7f55bef5a1c0>>
Traceback (most recent call last):
  File "/opt/ros/noetic/lib/python3/dist-packages/rospy/topics.py", line 750, in _invoke_callback
    cb(msg)
  File "/home/hyeongseon/catkin_ws/src/lane_tracking_pkg/scripts/lane_tracking_node.py", line 99, in image_cb
    self.handle_frame(frame, msg.header)
  File "/home/hyeongseon/catkin_ws/src/lane_tracking_pkg/scripts/lane_tracking_node.py", line 111, in handle_frame
    lane_center, roi_overlay = detect_lane_center(edges, roi_color, self.debug)
  File "/home/hyeongseon/catkin_ws/src/lane_tracking_pkg/vision/detector.py", line 63, in detect_lane_center
    left_line = _fit_lane(np.vstack(left_points)) if left_points else None
TypeError: _fit_lane() missing 2 required positional arguments: 'y_bottom' and 'y_top'

1758341691.514403104 ERROR /lane_tracking_node [topics.py:753(_SubscriberImpl._invoke_callback)] [topics: /rosout, /lane_overlay, /camera/image_raw, /lane/center_offset, /lane/steering_angle] bad callback: <bound method LaneTrackingNode.image_cb of <__main__.LaneTrackingNode object at 0x7f55bef5a1c0>>
Traceback (most recent call last):
  File "/opt/ros/noetic/lib/python3/dist-packages/rospy/topics.py", line 750, in _invoke_callback
    cb(msg)
  File "/home/hyeongseon/catkin_ws/src/lane_tracking_pkg/scripts/lane_tracking_node.py", line 99, in image_cb
    self.handle_frame(frame, msg.header)
  File "/home/hyeongseon/catkin_ws/src/lane_tracking_pkg/scripts/lane_tracking_node.py", line 111, in handle_frame
    lane_center, roi_overlay = detect_lane_center(edges, roi_color, self.debug)
  File "/home/hyeongseon/catkin_ws/src/lane_tracking_pkg/vision/detector.py", line 63, in detect_lane_center
    left_line = _fit_lane(np.vstack(left_points)) if left_points else None
TypeError: _fit_lane() missing 2 required positional arguments: 'y_bottom' and 'y_top'

1758341691.570139884 ERROR /lane_tracking_node [topics.py:753(_SubscriberImpl._invoke_callback)] [topics: /rosout, /lane_overlay, /camera/image_raw, /lane/center_offset, /lane/steering_angle] bad callback: <bound method LaneTrackingNode.image_cb of <__main__.LaneTrackingNode object at 0x7f55bef5a1c0>>
Traceback (most recent call last):
  File "/opt/ros/noetic/lib/python3/dist-packages/rospy/topics.py", line 750, in _invoke_callback
    cb(msg)
  File "/home/hyeongseon/catkin_ws/src/lane_tracking_pkg/scripts/lane_tracking_node.py", line 99, in image_cb
    self.handle_frame(frame, msg.header)
  File "/home/hyeongseon/catkin_ws/src/lane_tracking_pkg/scripts/lane_tracking_node.py", line 111, in handle_frame
    lane_center, roi_overlay = detect_lane_center(edges, roi_color, self.debug)
  File "/home/hyeongseon/catkin_ws/src/lane_tracking_pkg/vision/detector.py", line 63, in detect_lane_center
    left_line = _fit_lane(np.vstack(left_points)) if left_points else None
TypeError: _fit_lane() missing 2 required positional arguments: 'y_bottom' and 'y_top'

1758341691.589270591 ERROR /lane_tracking_node [topics.py:753(_SubscriberImpl._invoke_callback)] [topics: /rosout, /lane_overlay, /camera/image_raw, /lane/center_offset, /lane/steering_angle] bad callback: <bound method LaneTrackingNode.image_cb of <__main__.LaneTrackingNode object at 0x7f55bef5a1c0>>
Traceback (most recent call last):
  File "/opt/ros/noetic/lib/python3/dist-packages/rospy/topics.py", line 750, in _invoke_callback
    cb(msg)
  File "/home/hyeongseon/catkin_ws/src/lane_tracking_pkg/scripts/lane_tracking_node.py", line 99, in image_cb
    self.handle_frame(frame, msg.header)
  File "/home/hyeongseon/catkin_ws/src/lane_tracking_pkg/scripts/lane_tracking_node.py", line 111, in handle_frame
    lane_center, roi_overlay = detect_lane_center(edges, roi_color, self.debug)
  File "/home/hyeongseon/catkin_ws/src/lane_tracking_pkg/vision/detector.py", line 63, in detect_lane_center
    left_line = _fit_lane(np.vstack(left_points)) if left_points else None
TypeError: _fit_lane() missing 2 required positional arguments: 'y_bottom' and 'y_top'

1758341691.627658605 ERROR /lane_tracking_node [topics.py:753(_SubscriberImpl._invoke_callback)] [topics: /rosout, /lane_overlay, /camera/image_raw, /lane/center_offset, /lane/steering_angle] bad callback: <bound method LaneTrackingNode.image_cb of <__main__.LaneTrackingNode object at 0x7f55bef5a1c0>>
Traceback (most recent call last):
  File "/opt/ros/noetic/lib/python3/dist-packages/rospy/topics.py", line 750, in _invoke_callback
    cb(msg)
  File "/home/hyeongseon/catkin_ws/src/lane_tracking_pkg/scripts/lane_tracking_node.py", line 99, in image_cb
    self.handle_frame(frame, msg.header)
  File "/home/hyeongseon/catkin_ws/src/lane_tracking_pkg/scripts/lane_tracking_node.py", line 111, in handle_frame
    lane_center, roi_overlay = detect_lane_center(edges, roi_color, self.debug)
  File "/home/hyeongseon/catkin_ws/src/lane_tracking_pkg/vision/detector.py", line 63, in detect_lane_center
    left_line = _fit_lane(np.vstack(left_points)) if left_points else None
TypeError: _fit_lane() missing 2 required positional arguments: 'y_bottom' and 'y_top'

1758341691.651001930 ERROR /lane_tracking_node [topics.py:753(_SubscriberImpl._invoke_callback)] [topics: /rosout, /lane_overlay, /camera/image_raw, /lane/center_offset, /lane/steering_angle] bad callback: <bound method LaneTrackingNode.image_cb of <__main__.LaneTrackingNode object at 0x7f55bef5a1c0>>
Traceback (most recent call last):
  File "/opt/ros/noetic/lib/python3/dist-packages/rospy/topics.py", line 750, in _invoke_callback
    cb(msg)
  File "/home/hyeongseon/catkin_ws/src/lane_tracking_pkg/scripts/lane_tracking_node.py", line 99, in image_cb
    self.handle_frame(frame, msg.header)
  File "/home/hyeongseon/catkin_ws/src/lane_tracking_pkg/scripts/lane_tracking_node.py", line 111, in handle_frame
    lane_center, roi_overlay = detect_lane_center(edges, roi_color, self.debug)
  File "/home/hyeongseon/catkin_ws/src/lane_tracking_pkg/vision/detector.py", line 63, in detect_lane_center
    left_line = _fit_lane(np.vstack(left_points)) if left_points else None
TypeError: _fit_lane() missing 2 required positional arguments: 'y_bottom' and 'y_top'

1758341691.710905313 ERROR /lane_tracking_node [topics.py:753(_SubscriberImpl._invoke_callback)] [topics: /rosout, /lane_overlay, /camera/image_raw, /lane/center_offset, /lane/steering_angle] bad callback: <bound method LaneTrackingNode.image_cb of <__main__.LaneTrackingNode object at 0x7f55bef5a1c0>>
Traceback (most recent call last):
  File "/opt/ros/noetic/lib/python3/dist-packages/rospy/topics.py", line 750, in _invoke_callback
    cb(msg)
  File "/home/hyeongseon/catkin_ws/src/lane_tracking_pkg/scripts/lane_tracking_node.py", line 99, in image_cb
    self.handle_frame(frame, msg.header)
  File "/home/hyeongseon/catkin_ws/src/lane_tracking_pkg/scripts/lane_tracking_node.py", line 111, in handle_frame
    lane_center, roi_overlay = detect_lane_center(edges, roi_color, self.debug)
  File "/home/hyeongseon/catkin_ws/src/lane_tracking_pkg/vision/detector.py", line 63, in detect_lane_center
    left_line = _fit_lane(np.vstack(left_points)) if left_points else None
TypeError: _fit_lane() missing 2 required positional arguments: 'y_bottom' and 'y_top'

1758341691.738733768 ERROR /lane_tracking_node [topics.py:753(_SubscriberImpl._invoke_callback)] [topics: /rosout, /lane_overlay, /camera/image_raw, /lane/center_offset, /lane/steering_angle] bad callback: <bound method LaneTrackingNode.image_cb of <__main__.LaneTrackingNode object at 0x7f55bef5a1c0>>
Traceback (most recent call last):
  File "/opt/ros/noetic/lib/python3/dist-packages/rospy/topics.py", line 750, in _invoke_callback
    cb(msg)
  File "/home/hyeongseon/catkin_ws/src/lane_tracking_pkg/scripts/lane_tracking_node.py", line 99, in image_cb
    self.handle_frame(frame, msg.header)
  File "/home/hyeongseon/catkin_ws/src/lane_tracking_pkg/scripts/lane_tracking_node.py", line 111, in handle_frame
    lane_center, roi_overlay = detect_lane_center(edges, roi_color, self.debug)
  File "/home/hyeongseon/catkin_ws/src/lane_tracking_pkg/vision/detector.py", line 63, in detect_lane_center
    left_line = _fit_lane(np.vstack(left_points)) if left_points else None
TypeError: _fit_lane() missing 2 required positional arguments: 'y_bottom' and 'y_top'

1758341691.766302824 ERROR /lane_tracking_node [topics.py:753(_SubscriberImpl._invoke_callback)] [topics: /rosout, /lane_overlay, /camera/image_raw, /lane/center_offset, /lane/steering_angle] bad callback: <bound method LaneTrackingNode.image_cb of <__main__.LaneTrackingNode object at 0x7f55bef5a1c0>>
Traceback (most recent call last):
  File "/opt/ros/noetic/lib/python3/dist-packages/rospy/topics.py", line 750, in _invoke_callback
    cb(msg)
  File "/home/hyeongseon/catkin_ws/src/lane_tracking_pkg/scripts/lane_tracking_node.py", line 99, in image_cb
    self.handle_frame(frame, msg.header)
  File "/home/hyeongseon/catkin_ws/src/lane_tracking_pkg/scripts/lane_tracking_node.py", line 111, in handle_frame
    lane_center, roi_overlay = detect_lane_center(edges, roi_color, self.debug)
  File "/home/hyeongseon/catkin_ws/src/lane_tracking_pkg/vision/detector.py", line 63, in detect_lane_center
    left_line = _fit_lane(np.vstack(left_points)) if left_points else None
TypeError: _fit_lane() missing 2 required positional arguments: 'y_bottom' and 'y_top'

1758341691.809007883 ERROR /lane_tracking_node [topics.py:753(_SubscriberImpl._invoke_callback)] [topics: /rosout, /lane_overlay, /camera/image_raw, /lane/center_offset, /lane/steering_angle] bad callback: <bound method LaneTrackingNode.image_cb of <__main__.LaneTrackingNode object at 0x7f55bef5a1c0>>
Traceback (most recent call last):
  File "/opt/ros/noetic/lib/python3/dist-packages/rospy/topics.py", line 750, in _invoke_callback
    cb(msg)
  File "/home/hyeongseon/catkin_ws/src/lane_tracking_pkg/scripts/lane_tracking_node.py", line 99, in image_cb
    self.handle_frame(frame, msg.header)
  File "/home/hyeongseon/catkin_ws/src/lane_tracking_pkg/scripts/lane_tracking_node.py", line 111, in handle_frame
    lane_center, roi_overlay = detect_lane_center(edges, roi_color, self.debug)
  File "/home/hyeongseon/catkin_ws/src/lane_tracking_pkg/vision/detector.py", line 63, in detect_lane_center
    left_line = _fit_lane(np.vstack(left_points)) if left_points else None
TypeError: _fit_lane() missing 2 required positional arguments: 'y_bottom' and 'y_top'

1758341691.827812433 ERROR /lane_tracking_node [topics.py:753(_SubscriberImpl._invoke_callback)] [topics: /rosout, /lane_overlay, /camera/image_raw, /lane/center_offset, /lane/steering_angle] bad callback: <bound method LaneTrackingNode.image_cb of <__main__.LaneTrackingNode object at 0x7f55bef5a1c0>>
Traceback (most recent call last):
  File "/opt/ros/noetic/lib/python3/dist-packages/rospy/topics.py", line 750, in _invoke_callback
    cb(msg)
  File "/home/hyeongseon/catkin_ws/src/lane_tracking_pkg/scripts/lane_tracking_node.py", line 99, in image_cb
    self.handle_frame(frame, msg.header)
  File "/home/hyeongseon/catkin_ws/src/lane_tracking_pkg/scripts/lane_tracking_node.py", line 111, in handle_frame
    lane_center, roi_overlay = detect_lane_center(edges, roi_color, self.debug)
  File "/home/hyeongseon/catkin_ws/src/lane_tracking_pkg/vision/detector.py", line 63, in detect_lane_center
    left_line = _fit_lane(np.vstack(left_points)) if left_points else None
TypeError: _fit_lane() missing 2 required positional arguments: 'y_bottom' and 'y_top'

1758341691.842735052 ERROR /lane_tracking_node [topics.py:753(_SubscriberImpl._invoke_callback)] [topics: /rosout, /lane_overlay, /camera/image_raw, /lane/center_offset, /lane/steering_angle] bad callback: <bound method LaneTrackingNode.image_cb of <__main__.LaneTrackingNode object at 0x7f55bef5a1c0>>
Traceback (most recent call last):
  File "/opt/ros/noetic/lib/python3/dist-packages/rospy/topics.py", line 750, in _invoke_callback
    cb(msg)
  File "/home/hyeongseon/catkin_ws/src/lane_tracking_pkg/scripts/lane_tracking_node.py", line 99, in image_cb
    self.handle_frame(frame, msg.header)
  File "/home/hyeongseon/catkin_ws/src/lane_tracking_pkg/scripts/lane_tracking_node.py", line 111, in handle_frame
    lane_center, roi_overlay = detect_lane_center(edges, roi_color, self.debug)
  File "/home/hyeongseon/catkin_ws/src/lane_tracking_pkg/vision/detector.py", line 63, in detect_lane_center
    left_line = _fit_lane(np.vstack(left_points)) if left_points else None
TypeError: _fit_lane() missing 2 required positional arguments: 'y_bottom' and 'y_top'

1758341691.880321502 ERROR /lane_tracking_node [topics.py:753(_SubscriberImpl._invoke_callback)] [topics: /rosout, /lane_overlay, /camera/image_raw, /lane/center_offset, /lane/steering_angle] bad callback: <bound method LaneTrackingNode.image_cb of <__main__.LaneTrackingNode object at 0x7f55bef5a1c0>>
Traceback (most recent call last):
  File "/opt/ros/noetic/lib/python3/dist-packages/rospy/topics.py", line 750, in _invoke_callback
    cb(msg)
  File "/home/hyeongseon/catkin_ws/src/lane_tracking_pkg/scripts/lane_tracking_node.py", line 99, in image_cb
    self.handle_frame(frame, msg.header)
  File "/home/hyeongseon/catkin_ws/src/lane_tracking_pkg/scripts/lane_tracking_node.py", line 111, in handle_frame
    lane_center, roi_overlay = detect_lane_center(edges, roi_color, self.debug)
  File "/home/hyeongseon/catkin_ws/src/lane_tracking_pkg/vision/detector.py", line 63, in detect_lane_center
    left_line = _fit_lane(np.vstack(left_points)) if left_points else None
TypeError: _fit_lane() missing 2 required positional arguments: 'y_bottom' and 'y_top'

1758341691.910182237 ERROR /lane_tracking_node [topics.py:753(_SubscriberImpl._invoke_callback)] [topics: /rosout, /lane_overlay, /camera/image_raw, /lane/center_offset, /lane/steering_angle] bad callback: <bound method LaneTrackingNode.image_cb of <__main__.LaneTrackingNode object at 0x7f55bef5a1c0>>
Traceback (most recent call last):
  File "/opt/ros/noetic/lib/python3/dist-packages/rospy/topics.py", line 750, in _invoke_callback
    cb(msg)
  File "/home/hyeongseon/catkin_ws/src/lane_tracking_pkg/scripts/lane_tracking_node.py", line 99, in image_cb
    self.handle_frame(frame, msg.header)
  File "/home/hyeongseon/catkin_ws/src/lane_tracking_pkg/scripts/lane_tracking_node.py", line 111, in handle_frame
    lane_center, roi_overlay = detect_lane_center(edges, roi_color, self.debug)
  File "/home/hyeongseon/catkin_ws/src/lane_tracking_pkg/vision/detector.py", line 63, in detect_lane_center
    left_line = _fit_lane(np.vstack(left_points)) if left_points else None
TypeError: _fit_lane() missing 2 required positional arguments: 'y_bottom' and 'y_top'

1758341691.947287082 ERROR /lane_tracking_node [topics.py:753(_SubscriberImpl._invoke_callback)] [topics: /rosout, /lane_overlay, /camera/image_raw, /lane/center_offset, /lane/steering_angle] bad callback: <bound method LaneTrackingNode.image_cb of <__main__.LaneTrackingNode object at 0x7f55bef5a1c0>>
Traceback (most recent call last):
  File "/opt/ros/noetic/lib/python3/dist-packages/rospy/topics.py", line 750, in _invoke_callback
    cb(msg)
  File "/home/hyeongseon/catkin_ws/src/lane_tracking_pkg/scripts/lane_tracking_node.py", line 99, in image_cb
    self.handle_frame(frame, msg.header)
  File "/home/hyeongseon/catkin_ws/src/lane_tracking_pkg/scripts/lane_tracking_node.py", line 111, in handle_frame
    lane_center, roi_overlay = detect_lane_center(edges, roi_color, self.debug)
  File "/home/hyeongseon/catkin_ws/src/lane_tracking_pkg/vision/detector.py", line 63, in detect_lane_center
    left_line = _fit_lane(np.vstack(left_points)) if left_points else None
TypeError: _fit_lane() missing 2 required positional arguments: 'y_bottom' and 'y_top'

1758341691.983535528 ERROR /lane_tracking_node [topics.py:753(_SubscriberImpl._invoke_callback)] [topics: /rosout, /lane_overlay, /camera/image_raw, /lane/center_offset, /lane/steering_angle] bad callback: <bound method LaneTrackingNode.image_cb of <__main__.LaneTrackingNode object at 0x7f55bef5a1c0>>
Traceback (most recent call last):
  File "/opt/ros/noetic/lib/python3/dist-packages/rospy/topics.py", line 750, in _invoke_callback
    cb(msg)
  File "/home/hyeongseon/catkin_ws/src/lane_tracking_pkg/scripts/lane_tracking_node.py", line 99, in image_cb
    self.handle_frame(frame, msg.header)
  File "/home/hyeongseon/catkin_ws/src/lane_tracking_pkg/scripts/lane_tracking_node.py", line 111, in handle_frame
    lane_center, roi_overlay = detect_lane_center(edges, roi_color, self.debug)
  File "/home/hyeongseon/catkin_ws/src/lane_tracking_pkg/vision/detector.py", line 63, in detect_lane_center
    left_line = _fit_lane(np.vstack(left_points)) if left_points else None
TypeError: _fit_lane() missing 2 required positional arguments: 'y_bottom' and 'y_top'

1758341692.000047683 ERROR /lane_tracking_node [topics.py:753(_SubscriberImpl._invoke_callback)] [topics: /rosout, /lane_overlay, /camera/image_raw, /lane/center_offset, /lane/steering_angle] bad callback: <bound method LaneTrackingNode.image_cb of <__main__.LaneTrackingNode object at 0x7f55bef5a1c0>>
Traceback (most recent call last):
  File "/opt/ros/noetic/lib/python3/dist-packages/rospy/topics.py", line 750, in _invoke_callback
    cb(msg)
  File "/home/hyeongseon/catkin_ws/src/lane_tracking_pkg/scripts/lane_tracking_node.py", line 99, in image_cb
    self.handle_frame(frame, msg.header)
  File "/home/hyeongseon/catkin_ws/src/lane_tracking_pkg/scripts/lane_tracking_node.py", line 111, in handle_frame
    lane_center, roi_overlay = detect_lane_center(edges, roi_color, self.debug)
  File "/home/hyeongseon/catkin_ws/src/lane_tracking_pkg/vision/detector.py", line 63, in detect_lane_center
    left_line = _fit_lane(np.vstack(left_points)) if left_points else None
TypeError: _fit_lane() missing 2 required positional arguments: 'y_bottom' and 'y_top'

1758341692.078777790 ERROR /lane_tracking_node [topics.py:753(_SubscriberImpl._invoke_callback)] [topics: /rosout, /lane_overlay, /camera/image_raw, /lane/center_offset, /lane/steering_angle] bad callback: <bound method LaneTrackingNode.image_cb of <__main__.LaneTrackingNode object at 0x7f55bef5a1c0>>
Traceback (most recent call last):
  File "/opt/ros/noetic/lib/python3/dist-packages/rospy/topics.py", line 750, in _invoke_callback
    cb(msg)
  File "/home/hyeongseon/catkin_ws/src/lane_tracking_pkg/scripts/lane_tracking_node.py", line 99, in image_cb
    self.handle_frame(frame, msg.header)
  File "/home/hyeongseon/catkin_ws/src/lane_tracking_pkg/scripts/lane_tracking_node.py", line 111, in handle_frame
    lane_center, roi_overlay = detect_lane_center(edges, roi_color, self.debug)
  File "/home/hyeongseon/catkin_ws/src/lane_tracking_pkg/vision/detector.py", line 63, in detect_lane_center
    left_line = _fit_lane(np.vstack(left_points)) if left_points else None
TypeError: _fit_lane() missing 2 required positional arguments: 'y_bottom' and 'y_top'

1758341692.100727558 ERROR /lane_tracking_node [topics.py:753(_SubscriberImpl._invoke_callback)] [topics: /rosout, /lane_overlay, /camera/image_raw, /lane/center_offset, /lane/steering_angle] bad callback: <bound method LaneTrackingNode.image_cb of <__main__.LaneTrackingNode object at 0x7f55bef5a1c0>>
Traceback (most recent call last):
  File "/opt/ros/noetic/lib/python3/dist-packages/rospy/topics.py", line 750, in _invoke_callback
    cb(msg)
  File "/home/hyeongseon/catkin_ws/src/lane_tracking_pkg/scripts/lane_tracking_node.py", line 99, in image_cb
    self.handle_frame(frame, msg.header)
  File "/home/hyeongseon/catkin_ws/src/lane_tracking_pkg/scripts/lane_tracking_node.py", line 111, in handle_frame
    lane_center, roi_overlay = detect_lane_center(edges, roi_color, self.debug)
  File "/home/hyeongseon/catkin_ws/src/lane_tracking_pkg/vision/detector.py", line 63, in detect_lane_center
    left_line = _fit_lane(np.vstack(left_points)) if left_points else None
TypeError: _fit_lane() missing 2 required positional arguments: 'y_bottom' and 'y_top'

1758341692.126929759 ERROR /lane_tracking_node [topics.py:753(_SubscriberImpl._invoke_callback)] [topics: /rosout, /lane_overlay, /camera/image_raw, /lane/center_offset, /lane/steering_angle] bad callback: <bound method LaneTrackingNode.image_cb of <__main__.LaneTrackingNode object at 0x7f55bef5a1c0>>
Traceback (most recent call last):
  File "/opt/ros/noetic/lib/python3/dist-packages/rospy/topics.py", line 750, in _invoke_callback
    cb(msg)
  File "/home/hyeongseon/catkin_ws/src/lane_tracking_pkg/scripts/lane_tracking_node.py", line 99, in image_cb
    self.handle_frame(frame, msg.header)
  File "/home/hyeongseon/catkin_ws/src/lane_tracking_pkg/scripts/lane_tracking_node.py", line 111, in handle_frame
    lane_center, roi_overlay = detect_lane_center(edges, roi_color, self.debug)
  File "/home/hyeongseon/catkin_ws/src/lane_tracking_pkg/vision/detector.py", line 63, in detect_lane_center
    left_line = _fit_lane(np.vstack(left_points)) if left_points else None
TypeError: _fit_lane() missing 2 required positional arguments: 'y_bottom' and 'y_top'

1758341692.146734237 ERROR /lane_tracking_node [topics.py:753(_SubscriberImpl._invoke_callback)] [topics: /rosout, /lane_overlay, /camera/image_raw, /lane/center_offset, /lane/steering_angle] bad callback: <bound method LaneTrackingNode.image_cb of <__main__.LaneTrackingNode object at 0x7f55bef5a1c0>>
Traceback (most recent call last):
  File "/opt/ros/noetic/lib/python3/dist-packages/rospy/topics.py", line 750, in _invoke_callback
    cb(msg)
  File "/home/hyeongseon/catkin_ws/src/lane_tracking_pkg/scripts/lane_tracking_node.py", line 99, in image_cb
    self.handle_frame(frame, msg.header)
  File "/home/hyeongseon/catkin_ws/src/lane_tracking_pkg/scripts/lane_tracking_node.py", line 111, in handle_frame
    lane_center, roi_overlay = detect_lane_center(edges, roi_color, self.debug)
  File "/home/hyeongseon/catkin_ws/src/lane_tracking_pkg/vision/detector.py", line 63, in detect_lane_center
    left_line = _fit_lane(np.vstack(left_points)) if left_points else None
TypeError: _fit_lane() missing 2 required positional arguments: 'y_bottom' and 'y_top'

1758341692.163422346 ERROR /lane_tracking_node [topics.py:753(_SubscriberImpl._invoke_callback)] [topics: /rosout, /lane_overlay, /camera/image_raw, /lane/center_offset, /lane/steering_angle] bad callback: <bound method LaneTrackingNode.image_cb of <__main__.LaneTrackingNode object at 0x7f55bef5a1c0>>
Traceback (most recent call last):
  File "/opt/ros/noetic/lib/python3/dist-packages/rospy/topics.py", line 750, in _invoke_callback
    cb(msg)
  File "/home/hyeongseon/catkin_ws/src/lane_tracking_pkg/scripts/lane_tracking_node.py", line 99, in image_cb
    self.handle_frame(frame, msg.header)
  File "/home/hyeongseon/catkin_ws/src/lane_tracking_pkg/scripts/lane_tracking_node.py", line 111, in handle_frame
    lane_center, roi_overlay = detect_lane_center(edges, roi_color, self.debug)
  File "/home/hyeongseon/catkin_ws/src/lane_tracking_pkg/vision/detector.py", line 63, in detect_lane_center
    left_line = _fit_lane(np.vstack(left_points)) if left_points else None
TypeError: _fit_lane() missing 2 required positional arguments: 'y_bottom' and 'y_top'

1758341692.235185861 ERROR /lane_tracking_node [topics.py:753(_SubscriberImpl._invoke_callback)] [topics: /rosout, /lane_overlay, /camera/image_raw, /lane/center_offset, /lane/steering_angle] bad callback: <bound method LaneTrackingNode.image_cb of <__main__.LaneTrackingNode object at 0x7f55bef5a1c0>>
Traceback (most recent call last):
  File "/opt/ros/noetic/lib/python3/dist-packages/rospy/topics.py", line 750, in _invoke_callback
    cb(msg)
  File "/home/hyeongseon/catkin_ws/src/lane_tracking_pkg/scripts/lane_tracking_node.py", line 99, in image_cb
    self.handle_frame(frame, msg.header)
  File "/home/hyeongseon/catkin_ws/src/lane_tracking_pkg/scripts/lane_tracking_node.py", line 111, in handle_frame
    lane_center, roi_overlay = detect_lane_center(edges, roi_color, self.debug)
  File "/home/hyeongseon/catkin_ws/src/lane_tracking_pkg/vision/detector.py", line 63, in detect_lane_center
    left_line = _fit_lane(np.vstack(left_points)) if left_points else None
TypeError: _fit_lane() missing 2 required positional arguments: 'y_bottom' and 'y_top'

1758341692.282459497 ERROR /lane_tracking_node [topics.py:753(_SubscriberImpl._invoke_callback)] [topics: /rosout, /lane_overlay, /camera/image_raw, /lane/center_offset, /lane/steering_angle] bad callback: <bound method LaneTrackingNode.image_cb of <__main__.LaneTrackingNode object at 0x7f55bef5a1c0>>
Traceback (most recent call last):
  File "/opt/ros/noetic/lib/python3/dist-packages/rospy/topics.py", line 750, in _invoke_callback
    cb(msg)
  File "/home/hyeongseon/catkin_ws/src/lane_tracking_pkg/scripts/lane_tracking_node.py", line 99, in image_cb
    self.handle_frame(frame, msg.header)
  File "/home/hyeongseon/catkin_ws/src/lane_tracking_pkg/scripts/lane_tracking_node.py", line 111, in handle_frame
    lane_center, roi_overlay = detect_lane_center(edges, roi_color, self.debug)
  File "/home/hyeongseon/catkin_ws/src/lane_tracking_pkg/vision/detector.py", line 63, in detect_lane_center
    left_line = _fit_lane(np.vstack(left_points)) if left_points else None
TypeError: _fit_lane() missing 2 required positional arguments: 'y_bottom' and 'y_top'

1758341692.303278923 ERROR /lane_tracking_node [topics.py:753(_SubscriberImpl._invoke_callback)] [topics: /rosout, /lane_overlay, /camera/image_raw, /lane/center_offset, /lane/steering_angle] bad callback: <bound method LaneTrackingNode.image_cb of <__main__.LaneTrackingNode object at 0x7f55bef5a1c0>>
Traceback (most recent call last):
  File "/opt/ros/noetic/lib/python3/dist-packages/rospy/topics.py", line 750, in _invoke_callback
    cb(msg)
  File "/home/hyeongseon/catkin_ws/src/lane_tracking_pkg/scripts/lane_tracking_node.py", line 99, in image_cb
    self.handle_frame(frame, msg.header)
  File "/home/hyeongseon/catkin_ws/src/lane_tracking_pkg/scripts/lane_tracking_node.py", line 111, in handle_frame
    lane_center, roi_overlay = detect_lane_center(edges, roi_color, self.debug)
  File "/home/hyeongseon/catkin_ws/src/lane_tracking_pkg/vision/detector.py", line 63, in detect_lane_center
    left_line = _fit_lane(np.vstack(left_points)) if left_points else None
TypeError: _fit_lane() missing 2 required positional arguments: 'y_bottom' and 'y_top'

1758341692.338062763 ERROR /lane_tracking_node [topics.py:753(_SubscriberImpl._invoke_callback)] [topics: /rosout, /lane_overlay, /camera/image_raw, /lane/center_offset, /lane/steering_angle] bad callback: <bound method LaneTrackingNode.image_cb of <__main__.LaneTrackingNode object at 0x7f55bef5a1c0>>
Traceback (most recent call last):
  File "/opt/ros/noetic/lib/python3/dist-packages/rospy/topics.py", line 750, in _invoke_callback
    cb(msg)
  File "/home/hyeongseon/catkin_ws/src/lane_tracking_pkg/scripts/lane_tracking_node.py", line 99, in image_cb
    self.handle_frame(frame, msg.header)
  File "/home/hyeongseon/catkin_ws/src/lane_tracking_pkg/scripts/lane_tracking_node.py", line 111, in handle_frame
    lane_center, roi_overlay = detect_lane_center(edges, roi_color, self.debug)
  File "/home/hyeongseon/catkin_ws/src/lane_tracking_pkg/vision/detector.py", line 63, in detect_lane_center
    left_line = _fit_lane(np.vstack(left_points)) if left_points else None
TypeError: _fit_lane() missing 2 required positional arguments: 'y_bottom' and 'y_top'

1758341692.361620664 ERROR /lane_tracking_node [topics.py:753(_SubscriberImpl._invoke_callback)] [topics: /rosout, /lane_overlay, /camera/image_raw, /lane/center_offset, /lane/steering_angle] bad callback: <bound method LaneTrackingNode.image_cb of <__main__.LaneTrackingNode object at 0x7f55bef5a1c0>>
Traceback (most recent call last):
  File "/opt/ros/noetic/lib/python3/dist-packages/rospy/topics.py", line 750, in _invoke_callback
    cb(msg)
  File "/home/hyeongseon/catkin_ws/src/lane_tracking_pkg/scripts/lane_tracking_node.py", line 99, in image_cb
    self.handle_frame(frame, msg.header)
  File "/home/hyeongseon/catkin_ws/src/lane_tracking_pkg/scripts/lane_tracking_node.py", line 111, in handle_frame
    lane_center, roi_overlay = detect_lane_center(edges, roi_color, self.debug)
  File "/home/hyeongseon/catkin_ws/src/lane_tracking_pkg/vision/detector.py", line 63, in detect_lane_center
    left_line = _fit_lane(np.vstack(left_points)) if left_points else None
TypeError: _fit_lane() missing 2 required positional arguments: 'y_bottom' and 'y_top'

1758341692.384265184 ERROR /lane_tracking_node [topics.py:753(_SubscriberImpl._invoke_callback)] [topics: /rosout, /lane_overlay, /camera/image_raw, /lane/center_offset, /lane/steering_angle] bad callback: <bound method LaneTrackingNode.image_cb of <__main__.LaneTrackingNode object at 0x7f55bef5a1c0>>
Traceback (most recent call last):
  File "/opt/ros/noetic/lib/python3/dist-packages/rospy/topics.py", line 750, in _invoke_callback
    cb(msg)
  File "/home/hyeongseon/catkin_ws/src/lane_tracking_pkg/scripts/lane_tracking_node.py", line 99, in image_cb
    self.handle_frame(frame, msg.header)
  File "/home/hyeongseon/catkin_ws/src/lane_tracking_pkg/scripts/lane_tracking_node.py", line 111, in handle_frame
    lane_center, roi_overlay = detect_lane_center(edges, roi_color, self.debug)
  File "/home/hyeongseon/catkin_ws/src/lane_tracking_pkg/vision/detector.py", line 63, in detect_lane_center
    left_line = _fit_lane(np.vstack(left_points)) if left_points else None
TypeError: _fit_lane() missing 2 required positional arguments: 'y_bottom' and 'y_top'

1758341692.431483507 ERROR /lane_tracking_node [topics.py:753(_SubscriberImpl._invoke_callback)] [topics: /rosout, /lane_overlay, /camera/image_raw, /lane/center_offset, /lane/steering_angle] bad callback: <bound method LaneTrackingNode.image_cb of <__main__.LaneTrackingNode object at 0x7f55bef5a1c0>>
Traceback (most recent call last):
  File "/opt/ros/noetic/lib/python3/dist-packages/rospy/topics.py", line 750, in _invoke_callback
    cb(msg)
  File "/home/hyeongseon/catkin_ws/src/lane_tracking_pkg/scripts/lane_tracking_node.py", line 99, in image_cb
    self.handle_frame(frame, msg.header)
  File "/home/hyeongseon/catkin_ws/src/lane_tracking_pkg/scripts/lane_tracking_node.py", line 111, in handle_frame
    lane_center, roi_overlay = detect_lane_center(edges, roi_color, self.debug)
  File "/home/hyeongseon/catkin_ws/src/lane_tracking_pkg/vision/detector.py", line 63, in detect_lane_center
    left_line = _fit_lane(np.vstack(left_points)) if left_points else None
TypeError: _fit_lane() missing 2 required positional arguments: 'y_bottom' and 'y_top'

1758341692.458193778 ERROR /lane_tracking_node [topics.py:753(_SubscriberImpl._invoke_callback)] [topics: /rosout, /lane_overlay, /camera/image_raw, /lane/center_offset, /lane/steering_angle] bad callback: <bound method LaneTrackingNode.image_cb of <__main__.LaneTrackingNode object at 0x7f55bef5a1c0>>
Traceback (most recent call last):
  File "/opt/ros/noetic/lib/python3/dist-packages/rospy/topics.py", line 750, in _invoke_callback
    cb(msg)
  File "/home/hyeongseon/catkin_ws/src/lane_tracking_pkg/scripts/lane_tracking_node.py", line 99, in image_cb
    self.handle_frame(frame, msg.header)
  File "/home/hyeongseon/catkin_ws/src/lane_tracking_pkg/scripts/lane_tracking_node.py", line 111, in handle_frame
    lane_center, roi_overlay = detect_lane_center(edges, roi_color, self.debug)
  File "/home/hyeongseon/catkin_ws/src/lane_tracking_pkg/vision/detector.py", line 63, in detect_lane_center
    left_line = _fit_lane(np.vstack(left_points)) if left_points else None
TypeError: _fit_lane() missing 2 required positional arguments: 'y_bottom' and 'y_top'

1758341692.506468057 ERROR /lane_tracking_node [topics.py:753(_SubscriberImpl._invoke_callback)] [topics: /rosout, /lane_overlay, /camera/image_raw, /lane/center_offset, /lane/steering_angle] bad callback: <bound method LaneTrackingNode.image_cb of <__main__.LaneTrackingNode object at 0x7f55bef5a1c0>>
Traceback (most recent call last):
  File "/opt/ros/noetic/lib/python3/dist-packages/rospy/topics.py", line 750, in _invoke_callback
    cb(msg)
  File "/home/hyeongseon/catkin_ws/src/lane_tracking_pkg/scripts/lane_tracking_node.py", line 99, in image_cb
    self.handle_frame(frame, msg.header)
  File "/home/hyeongseon/catkin_ws/src/lane_tracking_pkg/scripts/lane_tracking_node.py", line 111, in handle_frame
    lane_center, roi_overlay = detect_lane_center(edges, roi_color, self.debug)
  File "/home/hyeongseon/catkin_ws/src/lane_tracking_pkg/vision/detector.py", line 63, in detect_lane_center
    left_line = _fit_lane(np.vstack(left_points)) if left_points else None
TypeError: _fit_lane() missing 2 required positional arguments: 'y_bottom' and 'y_top'

1758341692.538728237 ERROR /lane_tracking_node [topics.py:753(_SubscriberImpl._invoke_callback)] [topics: /rosout, /lane_overlay, /camera/image_raw, /lane/center_offset, /lane/steering_angle] bad callback: <bound method LaneTrackingNode.image_cb of <__main__.LaneTrackingNode object at 0x7f55bef5a1c0>>
Traceback (most recent call last):
  File "/opt/ros/noetic/lib/python3/dist-packages/rospy/topics.py", line 750, in _invoke_callback
    cb(msg)
  File "/home/hyeongseon/catkin_ws/src/lane_tracking_pkg/scripts/lane_tracking_node.py", line 99, in image_cb
    self.handle_frame(frame, msg.header)
  File "/home/hyeongseon/catkin_ws/src/lane_tracking_pkg/scripts/lane_tracking_node.py", line 111, in handle_frame
    lane_center, roi_overlay = detect_lane_center(edges, roi_color, self.debug)
  File "/home/hyeongseon/catkin_ws/src/lane_tracking_pkg/vision/detector.py", line 63, in detect_lane_center
    left_line = _fit_lane(np.vstack(left_points)) if left_points else None
TypeError: _fit_lane() missing 2 required positional arguments: 'y_bottom' and 'y_top'

1758341692.558151721 ERROR /lane_tracking_node [topics.py:753(_SubscriberImpl._invoke_callback)] [topics: /rosout, /lane_overlay, /camera/image_raw, /lane/center_offset, /lane/steering_angle] bad callback: <bound method LaneTrackingNode.image_cb of <__main__.LaneTrackingNode object at 0x7f55bef5a1c0>>
Traceback (most recent call last):
  File "/opt/ros/noetic/lib/python3/dist-packages/rospy/topics.py", line 750, in _invoke_callback
    cb(msg)
  File "/home/hyeongseon/catkin_ws/src/lane_tracking_pkg/scripts/lane_tracking_node.py", line 99, in image_cb
    self.handle_frame(frame, msg.header)
  File "/home/hyeongseon/catkin_ws/src/lane_tracking_pkg/scripts/lane_tracking_node.py", line 111, in handle_frame
    lane_center, roi_overlay = detect_lane_center(edges, roi_color, self.debug)
  File "/home/hyeongseon/catkin_ws/src/lane_tracking_pkg/vision/detector.py", line 63, in detect_lane_center
    left_line = _fit_lane(np.vstack(left_points)) if left_points else None
TypeError: _fit_lane() missing 2 required positional arguments: 'y_bottom' and 'y_top'

1758341692.593995571 ERROR /lane_tracking_node [topics.py:753(_SubscriberImpl._invoke_callback)] [topics: /rosout, /lane_overlay, /camera/image_raw, /lane/center_offset, /lane/steering_angle] bad callback: <bound method LaneTrackingNode.image_cb of <__main__.LaneTrackingNode object at 0x7f55bef5a1c0>>
Traceback (most recent call last):
  File "/opt/ros/noetic/lib/python3/dist-packages/rospy/topics.py", line 750, in _invoke_callback
    cb(msg)
  File "/home/hyeongseon/catkin_ws/src/lane_tracking_pkg/scripts/lane_tracking_node.py", line 99, in image_cb
    self.handle_frame(frame, msg.header)
  File "/home/hyeongseon/catkin_ws/src/lane_tracking_pkg/scripts/lane_tracking_node.py", line 111, in handle_frame
    lane_center, roi_overlay = detect_lane_center(edges, roi_color, self.debug)
  File "/home/hyeongseon/catkin_ws/src/lane_tracking_pkg/vision/detector.py", line 63, in detect_lane_center
    left_line = _fit_lane(np.vstack(left_points)) if left_points else None
TypeError: _fit_lane() missing 2 required positional arguments: 'y_bottom' and 'y_top'

1758341692.616801023 ERROR /lane_tracking_node [topics.py:753(_SubscriberImpl._invoke_callback)] [topics: /rosout, /lane_overlay, /camera/image_raw, /lane/center_offset, /lane/steering_angle] bad callback: <bound method LaneTrackingNode.image_cb of <__main__.LaneTrackingNode object at 0x7f55bef5a1c0>>
Traceback (most recent call last):
  File "/opt/ros/noetic/lib/python3/dist-packages/rospy/topics.py", line 750, in _invoke_callback
    cb(msg)
  File "/home/hyeongseon/catkin_ws/src/lane_tracking_pkg/scripts/lane_tracking_node.py", line 99, in image_cb
    self.handle_frame(frame, msg.header)
  File "/home/hyeongseon/catkin_ws/src/lane_tracking_pkg/scripts/lane_tracking_node.py", line 111, in handle_frame
    lane_center, roi_overlay = detect_lane_center(edges, roi_color, self.debug)
  File "/home/hyeongseon/catkin_ws/src/lane_tracking_pkg/vision/detector.py", line 63, in detect_lane_center
    left_line = _fit_lane(np.vstack(left_points)) if left_points else None
TypeError: _fit_lane() missing 2 required positional arguments: 'y_bottom' and 'y_top'

1758341692.643132925 ERROR /lane_tracking_node [topics.py:753(_SubscriberImpl._invoke_callback)] [topics: /rosout, /lane_overlay, /camera/image_raw, /lane/center_offset, /lane/steering_angle] bad callback: <bound method LaneTrackingNode.image_cb of <__main__.LaneTrackingNode object at 0x7f55bef5a1c0>>
Traceback (most recent call last):
  File "/opt/ros/noetic/lib/python3/dist-packages/rospy/topics.py", line 750, in _invoke_callback
    cb(msg)
  File "/home/hyeongseon/catkin_ws/src/lane_tracking_pkg/scripts/lane_tracking_node.py", line 99, in image_cb
    self.handle_frame(frame, msg.header)
  File "/home/hyeongseon/catkin_ws/src/lane_tracking_pkg/scripts/lane_tracking_node.py", line 111, in handle_frame
    lane_center, roi_overlay = detect_lane_center(edges, roi_color, self.debug)
  File "/home/hyeongseon/catkin_ws/src/lane_tracking_pkg/vision/detector.py", line 63, in detect_lane_center
    left_line = _fit_lane(np.vstack(left_points)) if left_points else None
TypeError: _fit_lane() missing 2 required positional arguments: 'y_bottom' and 'y_top'

1758341692.699772596 ERROR /lane_tracking_node [topics.py:753(_SubscriberImpl._invoke_callback)] [topics: /rosout, /lane_overlay, /camera/image_raw, /lane/center_offset, /lane/steering_angle] bad callback: <bound method LaneTrackingNode.image_cb of <__main__.LaneTrackingNode object at 0x7f55bef5a1c0>>
Traceback (most recent call last):
  File "/opt/ros/noetic/lib/python3/dist-packages/rospy/topics.py", line 750, in _invoke_callback
    cb(msg)
  File "/home/hyeongseon/catkin_ws/src/lane_tracking_pkg/scripts/lane_tracking_node.py", line 99, in image_cb
    self.handle_frame(frame, msg.header)
  File "/home/hyeongseon/catkin_ws/src/lane_tracking_pkg/scripts/lane_tracking_node.py", line 111, in handle_frame
    lane_center, roi_overlay = detect_lane_center(edges, roi_color, self.debug)
  File "/home/hyeongseon/catkin_ws/src/lane_tracking_pkg/vision/detector.py", line 63, in detect_lane_center
    left_line = _fit_lane(np.vstack(left_points)) if left_points else None
TypeError: _fit_lane() missing 2 required positional arguments: 'y_bottom' and 'y_top'

1758341692.726893901 ERROR /lane_tracking_node [topics.py:753(_SubscriberImpl._invoke_callback)] [topics: /rosout, /lane_overlay, /camera/image_raw, /lane/center_offset, /lane/steering_angle] bad callback: <bound method LaneTrackingNode.image_cb of <__main__.LaneTrackingNode object at 0x7f55bef5a1c0>>
Traceback (most recent call last):
  File "/opt/ros/noetic/lib/python3/dist-packages/rospy/topics.py", line 750, in _invoke_callback
    cb(msg)
  File "/home/hyeongseon/catkin_ws/src/lane_tracking_pkg/scripts/lane_tracking_node.py", line 99, in image_cb
    self.handle_frame(frame, msg.header)
  File "/home/hyeongseon/catkin_ws/src/lane_tracking_pkg/scripts/lane_tracking_node.py", line 111, in handle_frame
    lane_center, roi_overlay = detect_lane_center(edges, roi_color, self.debug)
  File "/home/hyeongseon/catkin_ws/src/lane_tracking_pkg/vision/detector.py", line 63, in detect_lane_center
    left_line = _fit_lane(np.vstack(left_points)) if left_points else None
TypeError: _fit_lane() missing 2 required positional arguments: 'y_bottom' and 'y_top'

1758341692.760138750 ERROR /lane_tracking_node [topics.py:753(_SubscriberImpl._invoke_callback)] [topics: /rosout, /lane_overlay, /camera/image_raw, /lane/center_offset, /lane/steering_angle] bad callback: <bound method LaneTrackingNode.image_cb of <__main__.LaneTrackingNode object at 0x7f55bef5a1c0>>
Traceback (most recent call last):
  File "/opt/ros/noetic/lib/python3/dist-packages/rospy/topics.py", line 750, in _invoke_callback
    cb(msg)
  File "/home/hyeongseon/catkin_ws/src/lane_tracking_pkg/scripts/lane_tracking_node.py", line 99, in image_cb
    self.handle_frame(frame, msg.header)
  File "/home/hyeongseon/catkin_ws/src/lane_tracking_pkg/scripts/lane_tracking_node.py", line 111, in handle_frame
    lane_center, roi_overlay = detect_lane_center(edges, roi_color, self.debug)
  File "/home/hyeongseon/catkin_ws/src/lane_tracking_pkg/vision/detector.py", line 63, in detect_lane_center
    left_line = _fit_lane(np.vstack(left_points)) if left_points else None
TypeError: _fit_lane() missing 2 required positional arguments: 'y_bottom' and 'y_top'

1758341692.790991306 ERROR /lane_tracking_node [topics.py:753(_SubscriberImpl._invoke_callback)] [topics: /rosout, /lane_overlay, /camera/image_raw, /lane/center_offset, /lane/steering_angle] bad callback: <bound method LaneTrackingNode.image_cb of <__main__.LaneTrackingNode object at 0x7f55bef5a1c0>>
Traceback (most recent call last):
  File "/opt/ros/noetic/lib/python3/dist-packages/rospy/topics.py", line 750, in _invoke_callback
    cb(msg)
  File "/home/hyeongseon/catkin_ws/src/lane_tracking_pkg/scripts/lane_tracking_node.py", line 99, in image_cb
    self.handle_frame(frame, msg.header)
  File "/home/hyeongseon/catkin_ws/src/lane_tracking_pkg/scripts/lane_tracking_node.py", line 111, in handle_frame
    lane_center, roi_overlay = detect_lane_center(edges, roi_color, self.debug)
  File "/home/hyeongseon/catkin_ws/src/lane_tracking_pkg/vision/detector.py", line 63, in detect_lane_center
    left_line = _fit_lane(np.vstack(left_points)) if left_points else None
TypeError: _fit_lane() missing 2 required positional arguments: 'y_bottom' and 'y_top'

1758341692.812345743 ERROR /lane_tracking_node [topics.py:753(_SubscriberImpl._invoke_callback)] [topics: /rosout, /lane_overlay, /camera/image_raw, /lane/center_offset, /lane/steering_angle] bad callback: <bound method LaneTrackingNode.image_cb of <__main__.LaneTrackingNode object at 0x7f55bef5a1c0>>
Traceback (most recent call last):
  File "/opt/ros/noetic/lib/python3/dist-packages/rospy/topics.py", line 750, in _invoke_callback
    cb(msg)
  File "/home/hyeongseon/catkin_ws/src/lane_tracking_pkg/scripts/lane_tracking_node.py", line 99, in image_cb
    self.handle_frame(frame, msg.header)
  File "/home/hyeongseon/catkin_ws/src/lane_tracking_pkg/scripts/lane_tracking_node.py", line 111, in handle_frame
    lane_center, roi_overlay = detect_lane_center(edges, roi_color, self.debug)
  File "/home/hyeongseon/catkin_ws/src/lane_tracking_pkg/vision/detector.py", line 63, in detect_lane_center
    left_line = _fit_lane(np.vstack(left_points)) if left_points else None
TypeError: _fit_lane() missing 2 required positional arguments: 'y_bottom' and 'y_top'

1758341692.848692178 ERROR /lane_tracking_node [topics.py:753(_SubscriberImpl._invoke_callback)] [topics: /rosout, /lane_overlay, /camera/image_raw, /lane/center_offset, /lane/steering_angle] bad callback: <bound method LaneTrackingNode.image_cb of <__main__.LaneTrackingNode object at 0x7f55bef5a1c0>>
Traceback (most recent call last):
  File "/opt/ros/noetic/lib/python3/dist-packages/rospy/topics.py", line 750, in _invoke_callback
    cb(msg)
  File "/home/hyeongseon/catkin_ws/src/lane_tracking_pkg/scripts/lane_tracking_node.py", line 99, in image_cb
    self.handle_frame(frame, msg.header)
  File "/home/hyeongseon/catkin_ws/src/lane_tracking_pkg/scripts/lane_tracking_node.py", line 111, in handle_frame
    lane_center, roi_overlay = detect_lane_center(edges, roi_color, self.debug)
  File "/home/hyeongseon/catkin_ws/src/lane_tracking_pkg/vision/detector.py", line 63, in detect_lane_center
    left_line = _fit_lane(np.vstack(left_points)) if left_points else None
TypeError: _fit_lane() missing 2 required positional arguments: 'y_bottom' and 'y_top'

1758341692.878582954 ERROR /lane_tracking_node [topics.py:753(_SubscriberImpl._invoke_callback)] [topics: /rosout, /lane_overlay, /camera/image_raw, /lane/center_offset, /lane/steering_angle] bad callback: <bound method LaneTrackingNode.image_cb of <__main__.LaneTrackingNode object at 0x7f55bef5a1c0>>
Traceback (most recent call last):
  File "/opt/ros/noetic/lib/python3/dist-packages/rospy/topics.py", line 750, in _invoke_callback
    cb(msg)
  File "/home/hyeongseon/catkin_ws/src/lane_tracking_pkg/scripts/lane_tracking_node.py", line 99, in image_cb
    self.handle_frame(frame, msg.header)
  File "/home/hyeongseon/catkin_ws/src/lane_tracking_pkg/scripts/lane_tracking_node.py", line 111, in handle_frame
    lane_center, roi_overlay = detect_lane_center(edges, roi_color, self.debug)
  File "/home/hyeongseon/catkin_ws/src/lane_tracking_pkg/vision/detector.py", line 63, in detect_lane_center
    left_line = _fit_lane(np.vstack(left_points)) if left_points else None
TypeError: _fit_lane() missing 2 required positional arguments: 'y_bottom' and 'y_top'

1758341692.911425828 ERROR /lane_tracking_node [topics.py:753(_SubscriberImpl._invoke_callback)] [topics: /rosout, /lane_overlay, /camera/image_raw, /lane/center_offset, /lane/steering_angle] bad callback: <bound method LaneTrackingNode.image_cb of <__main__.LaneTrackingNode object at 0x7f55bef5a1c0>>
Traceback (most recent call last):
  File "/opt/ros/noetic/lib/python3/dist-packages/rospy/topics.py", line 750, in _invoke_callback
    cb(msg)
  File "/home/hyeongseon/catkin_ws/src/lane_tracking_pkg/scripts/lane_tracking_node.py", line 99, in image_cb
    self.handle_frame(frame, msg.header)
  File "/home/hyeongseon/catkin_ws/src/lane_tracking_pkg/scripts/lane_tracking_node.py", line 111, in handle_frame
    lane_center, roi_overlay = detect_lane_center(edges, roi_color, self.debug)
  File "/home/hyeongseon/catkin_ws/src/lane_tracking_pkg/vision/detector.py", line 63, in detect_lane_center
    left_line = _fit_lane(np.vstack(left_points)) if left_points else None
TypeError: _fit_lane() missing 2 required positional arguments: 'y_bottom' and 'y_top'

1758341692.961041450 ERROR /lane_tracking_node [topics.py:753(_SubscriberImpl._invoke_callback)] [topics: /rosout, /lane_overlay, /camera/image_raw, /lane/center_offset, /lane/steering_angle] bad callback: <bound method LaneTrackingNode.image_cb of <__main__.LaneTrackingNode object at 0x7f55bef5a1c0>>
Traceback (most recent call last):
  File "/opt/ros/noetic/lib/python3/dist-packages/rospy/topics.py", line 750, in _invoke_callback
    cb(msg)
  File "/home/hyeongseon/catkin_ws/src/lane_tracking_pkg/scripts/lane_tracking_node.py", line 99, in image_cb
    self.handle_frame(frame, msg.header)
  File "/home/hyeongseon/catkin_ws/src/lane_tracking_pkg/scripts/lane_tracking_node.py", line 111, in handle_frame
    lane_center, roi_overlay = detect_lane_center(edges, roi_color, self.debug)
  File "/home/hyeongseon/catkin_ws/src/lane_tracking_pkg/vision/detector.py", line 63, in detect_lane_center
    left_line = _fit_lane(np.vstack(left_points)) if left_points else None
TypeError: _fit_lane() missing 2 required positional arguments: 'y_bottom' and 'y_top'

1758341692.986348628 ERROR /lane_tracking_node [topics.py:753(_SubscriberImpl._invoke_callback)] [topics: /rosout, /lane_overlay, /camera/image_raw, /lane/center_offset, /lane/steering_angle] bad callback: <bound method LaneTrackingNode.image_cb of <__main__.LaneTrackingNode object at 0x7f55bef5a1c0>>
Traceback (most recent call last):
  File "/opt/ros/noetic/lib/python3/dist-packages/rospy/topics.py", line 750, in _invoke_callback
    cb(msg)
  File "/home/hyeongseon/catkin_ws/src/lane_tracking_pkg/scripts/lane_tracking_node.py", line 99, in image_cb
    self.handle_frame(frame, msg.header)
  File "/home/hyeongseon/catkin_ws/src/lane_tracking_pkg/scripts/lane_tracking_node.py", line 111, in handle_frame
    lane_center, roi_overlay = detect_lane_center(edges, roi_color, self.debug)
  File "/home/hyeongseon/catkin_ws/src/lane_tracking_pkg/vision/detector.py", line 63, in detect_lane_center
    left_line = _fit_lane(np.vstack(left_points)) if left_points else None
TypeError: _fit_lane() missing 2 required positional arguments: 'y_bottom' and 'y_top'

1758341693.001414060 ERROR /lane_tracking_node [topics.py:753(_SubscriberImpl._invoke_callback)] [topics: /rosout, /lane_overlay, /camera/image_raw, /lane/center_offset, /lane/steering_angle] bad callback: <bound method LaneTrackingNode.image_cb of <__main__.LaneTrackingNode object at 0x7f55bef5a1c0>>
Traceback (most recent call last):
  File "/opt/ros/noetic/lib/python3/dist-packages/rospy/topics.py", line 750, in _invoke_callback
    cb(msg)
  File "/home/hyeongseon/catkin_ws/src/lane_tracking_pkg/scripts/lane_tracking_node.py", line 99, in image_cb
    self.handle_frame(frame, msg.header)
  File "/home/hyeongseon/catkin_ws/src/lane_tracking_pkg/scripts/lane_tracking_node.py", line 111, in handle_frame
    lane_center, roi_overlay = detect_lane_center(edges, roi_color, self.debug)
  File "/home/hyeongseon/catkin_ws/src/lane_tracking_pkg/vision/detector.py", line 63, in detect_lane_center
    left_line = _fit_lane(np.vstack(left_points)) if left_points else None
TypeError: _fit_lane() missing 2 required positional arguments: 'y_bottom' and 'y_top'

1758341693.048434972 ERROR /lane_tracking_node [topics.py:753(_SubscriberImpl._invoke_callback)] [topics: /rosout, /lane_overlay, /camera/image_raw, /lane/center_offset, /lane/steering_angle] bad callback: <bound method LaneTrackingNode.image_cb of <__main__.LaneTrackingNode object at 0x7f55bef5a1c0>>
Traceback (most recent call last):
  File "/opt/ros/noetic/lib/python3/dist-packages/rospy/topics.py", line 750, in _invoke_callback
    cb(msg)
  File "/home/hyeongseon/catkin_ws/src/lane_tracking_pkg/scripts/lane_tracking_node.py", line 99, in image_cb
    self.handle_frame(frame, msg.header)
  File "/home/hyeongseon/catkin_ws/src/lane_tracking_pkg/scripts/lane_tracking_node.py", line 111, in handle_frame
    lane_center, roi_overlay = detect_lane_center(edges, roi_color, self.debug)
  File "/home/hyeongseon/catkin_ws/src/lane_tracking_pkg/vision/detector.py", line 63, in detect_lane_center
    left_line = _fit_lane(np.vstack(left_points)) if left_points else None
TypeError: _fit_lane() missing 2 required positional arguments: 'y_bottom' and 'y_top'

1758341693.076985836 ERROR /lane_tracking_node [topics.py:753(_SubscriberImpl._invoke_callback)] [topics: /rosout, /lane_overlay, /camera/image_raw, /lane/center_offset, /lane/steering_angle] bad callback: <bound method LaneTrackingNode.image_cb of <__main__.LaneTrackingNode object at 0x7f55bef5a1c0>>
Traceback (most recent call last):
  File "/opt/ros/noetic/lib/python3/dist-packages/rospy/topics.py", line 750, in _invoke_callback
    cb(msg)
  File "/home/hyeongseon/catkin_ws/src/lane_tracking_pkg/scripts/lane_tracking_node.py", line 99, in image_cb
    self.handle_frame(frame, msg.header)
  File "/home/hyeongseon/catkin_ws/src/lane_tracking_pkg/scripts/lane_tracking_node.py", line 111, in handle_frame
    lane_center, roi_overlay = detect_lane_center(edges, roi_color, self.debug)
  File "/home/hyeongseon/catkin_ws/src/lane_tracking_pkg/vision/detector.py", line 63, in detect_lane_center
    left_line = _fit_lane(np.vstack(left_points)) if left_points else None
TypeError: _fit_lane() missing 2 required positional arguments: 'y_bottom' and 'y_top'

1758341693.109444856 ERROR /lane_tracking_node [topics.py:753(_SubscriberImpl._invoke_callback)] [topics: /rosout, /lane_overlay, /camera/image_raw, /lane/center_offset, /lane/steering_angle] bad callback: <bound method LaneTrackingNode.image_cb of <__main__.LaneTrackingNode object at 0x7f55bef5a1c0>>
Traceback (most recent call last):
  File "/opt/ros/noetic/lib/python3/dist-packages/rospy/topics.py", line 750, in _invoke_callback
    cb(msg)
  File "/home/hyeongseon/catkin_ws/src/lane_tracking_pkg/scripts/lane_tracking_node.py", line 99, in image_cb
    self.handle_frame(frame, msg.header)
  File "/home/hyeongseon/catkin_ws/src/lane_tracking_pkg/scripts/lane_tracking_node.py", line 111, in handle_frame
    lane_center, roi_overlay = detect_lane_center(edges, roi_color, self.debug)
  File "/home/hyeongseon/catkin_ws/src/lane_tracking_pkg/vision/detector.py", line 63, in detect_lane_center
    left_line = _fit_lane(np.vstack(left_points)) if left_points else None
TypeError: _fit_lane() missing 2 required positional arguments: 'y_bottom' and 'y_top'

1758341693.132449865 ERROR /lane_tracking_node [topics.py:753(_SubscriberImpl._invoke_callback)] [topics: /rosout, /lane_overlay, /camera/image_raw, /lane/center_offset, /lane/steering_angle] bad callback: <bound method LaneTrackingNode.image_cb of <__main__.LaneTrackingNode object at 0x7f55bef5a1c0>>
Traceback (most recent call last):
  File "/opt/ros/noetic/lib/python3/dist-packages/rospy/topics.py", line 750, in _invoke_callback
    cb(msg)
  File "/home/hyeongseon/catkin_ws/src/lane_tracking_pkg/scripts/lane_tracking_node.py", line 99, in image_cb
    self.handle_frame(frame, msg.header)
  File "/home/hyeongseon/catkin_ws/src/lane_tracking_pkg/scripts/lane_tracking_node.py", line 111, in handle_frame
    lane_center, roi_overlay = detect_lane_center(edges, roi_color, self.debug)
  File "/home/hyeongseon/catkin_ws/src/lane_tracking_pkg/vision/detector.py", line 63, in detect_lane_center
    left_line = _fit_lane(np.vstack(left_points)) if left_points else None
TypeError: _fit_lane() missing 2 required positional arguments: 'y_bottom' and 'y_top'

1758341693.164070367 ERROR /lane_tracking_node [topics.py:753(_SubscriberImpl._invoke_callback)] [topics: /rosout, /lane_overlay, /camera/image_raw, /lane/center_offset, /lane/steering_angle] bad callback: <bound method LaneTrackingNode.image_cb of <__main__.LaneTrackingNode object at 0x7f55bef5a1c0>>
Traceback (most recent call last):
  File "/opt/ros/noetic/lib/python3/dist-packages/rospy/topics.py", line 750, in _invoke_callback
    cb(msg)
  File "/home/hyeongseon/catkin_ws/src/lane_tracking_pkg/scripts/lane_tracking_node.py", line 99, in image_cb
    self.handle_frame(frame, msg.header)
  File "/home/hyeongseon/catkin_ws/src/lane_tracking_pkg/scripts/lane_tracking_node.py", line 111, in handle_frame
    lane_center, roi_overlay = detect_lane_center(edges, roi_color, self.debug)
  File "/home/hyeongseon/catkin_ws/src/lane_tracking_pkg/vision/detector.py", line 63, in detect_lane_center
    left_line = _fit_lane(np.vstack(left_points)) if left_points else None
TypeError: _fit_lane() missing 2 required positional arguments: 'y_bottom' and 'y_top'

1758341693.209596157 ERROR /lane_tracking_node [topics.py:753(_SubscriberImpl._invoke_callback)] [topics: /rosout, /lane_overlay, /camera/image_raw, /lane/center_offset, /lane/steering_angle] bad callback: <bound method LaneTrackingNode.image_cb of <__main__.LaneTrackingNode object at 0x7f55bef5a1c0>>
Traceback (most recent call last):
  File "/opt/ros/noetic/lib/python3/dist-packages/rospy/topics.py", line 750, in _invoke_callback
    cb(msg)
  File "/home/hyeongseon/catkin_ws/src/lane_tracking_pkg/scripts/lane_tracking_node.py", line 99, in image_cb
    self.handle_frame(frame, msg.header)
  File "/home/hyeongseon/catkin_ws/src/lane_tracking_pkg/scripts/lane_tracking_node.py", line 111, in handle_frame
    lane_center, roi_overlay = detect_lane_center(edges, roi_color, self.debug)
  File "/home/hyeongseon/catkin_ws/src/lane_tracking_pkg/vision/detector.py", line 63, in detect_lane_center
    left_line = _fit_lane(np.vstack(left_points)) if left_points else None
TypeError: _fit_lane() missing 2 required positional arguments: 'y_bottom' and 'y_top'

1758341693.238145828 ERROR /lane_tracking_node [topics.py:753(_SubscriberImpl._invoke_callback)] [topics: /rosout, /lane_overlay, /camera/image_raw, /lane/center_offset, /lane/steering_angle] bad callback: <bound method LaneTrackingNode.image_cb of <__main__.LaneTrackingNode object at 0x7f55bef5a1c0>>
Traceback (most recent call last):
  File "/opt/ros/noetic/lib/python3/dist-packages/rospy/topics.py", line 750, in _invoke_callback
    cb(msg)
  File "/home/hyeongseon/catkin_ws/src/lane_tracking_pkg/scripts/lane_tracking_node.py", line 99, in image_cb
    self.handle_frame(frame, msg.header)
  File "/home/hyeongseon/catkin_ws/src/lane_tracking_pkg/scripts/lane_tracking_node.py", line 111, in handle_frame
    lane_center, roi_overlay = detect_lane_center(edges, roi_color, self.debug)
  File "/home/hyeongseon/catkin_ws/src/lane_tracking_pkg/vision/detector.py", line 63, in detect_lane_center
    left_line = _fit_lane(np.vstack(left_points)) if left_points else None
TypeError: _fit_lane() missing 2 required positional arguments: 'y_bottom' and 'y_top'

1758341693.283475875 ERROR /lane_tracking_node [topics.py:753(_SubscriberImpl._invoke_callback)] [topics: /rosout, /lane_overlay, /camera/image_raw, /lane/center_offset, /lane/steering_angle] bad callback: <bound method LaneTrackingNode.image_cb of <__main__.LaneTrackingNode object at 0x7f55bef5a1c0>>
Traceback (most recent call last):
  File "/opt/ros/noetic/lib/python3/dist-packages/rospy/topics.py", line 750, in _invoke_callback
    cb(msg)
  File "/home/hyeongseon/catkin_ws/src/lane_tracking_pkg/scripts/lane_tracking_node.py", line 99, in image_cb
    self.handle_frame(frame, msg.header)
  File "/home/hyeongseon/catkin_ws/src/lane_tracking_pkg/scripts/lane_tracking_node.py", line 111, in handle_frame
    lane_center, roi_overlay = detect_lane_center(edges, roi_color, self.debug)
  File "/home/hyeongseon/catkin_ws/src/lane_tracking_pkg/vision/detector.py", line 63, in detect_lane_center
    left_line = _fit_lane(np.vstack(left_points)) if left_points else None
TypeError: _fit_lane() missing 2 required positional arguments: 'y_bottom' and 'y_top'

1758341693.297386169 ERROR /lane_tracking_node [topics.py:753(_SubscriberImpl._invoke_callback)] [topics: /rosout, /lane_overlay, /camera/image_raw, /lane/center_offset, /lane/steering_angle] bad callback: <bound method LaneTrackingNode.image_cb of <__main__.LaneTrackingNode object at 0x7f55bef5a1c0>>
Traceback (most recent call last):
  File "/opt/ros/noetic/lib/python3/dist-packages/rospy/topics.py", line 750, in _invoke_callback
    cb(msg)
  File "/home/hyeongseon/catkin_ws/src/lane_tracking_pkg/scripts/lane_tracking_node.py", line 99, in image_cb
    self.handle_frame(frame, msg.header)
  File "/home/hyeongseon/catkin_ws/src/lane_tracking_pkg/scripts/lane_tracking_node.py", line 111, in handle_frame
    lane_center, roi_overlay = detect_lane_center(edges, roi_color, self.debug)
  File "/home/hyeongseon/catkin_ws/src/lane_tracking_pkg/vision/detector.py", line 63, in detect_lane_center
    left_line = _fit_lane(np.vstack(left_points)) if left_points else None
TypeError: _fit_lane() missing 2 required positional arguments: 'y_bottom' and 'y_top'

1758341693.318214654 ERROR /lane_tracking_node [topics.py:753(_SubscriberImpl._invoke_callback)] [topics: /rosout, /lane_overlay, /camera/image_raw, /lane/center_offset, /lane/steering_angle] bad callback: <bound method LaneTrackingNode.image_cb of <__main__.LaneTrackingNode object at 0x7f55bef5a1c0>>
Traceback (most recent call last):
  File "/opt/ros/noetic/lib/python3/dist-packages/rospy/topics.py", line 750, in _invoke_callback
    cb(msg)
  File "/home/hyeongseon/catkin_ws/src/lane_tracking_pkg/scripts/lane_tracking_node.py", line 99, in image_cb
    self.handle_frame(frame, msg.header)
  File "/home/hyeongseon/catkin_ws/src/lane_tracking_pkg/scripts/lane_tracking_node.py", line 111, in handle_frame
    lane_center, roi_overlay = detect_lane_center(edges, roi_color, self.debug)
  File "/home/hyeongseon/catkin_ws/src/lane_tracking_pkg/vision/detector.py", line 63, in detect_lane_center
    left_line = _fit_lane(np.vstack(left_points)) if left_points else None
TypeError: _fit_lane() missing 2 required positional arguments: 'y_bottom' and 'y_top'

1758341693.373281002 ERROR /lane_tracking_node [topics.py:753(_SubscriberImpl._invoke_callback)] [topics: /rosout, /lane_overlay, /camera/image_raw, /lane/center_offset, /lane/steering_angle] bad callback: <bound method LaneTrackingNode.image_cb of <__main__.LaneTrackingNode object at 0x7f55bef5a1c0>>
Traceback (most recent call last):
  File "/opt/ros/noetic/lib/python3/dist-packages/rospy/topics.py", line 750, in _invoke_callback
    cb(msg)
  File "/home/hyeongseon/catkin_ws/src/lane_tracking_pkg/scripts/lane_tracking_node.py", line 99, in image_cb
    self.handle_frame(frame, msg.header)
  File "/home/hyeongseon/catkin_ws/src/lane_tracking_pkg/scripts/lane_tracking_node.py", line 111, in handle_frame
    lane_center, roi_overlay = detect_lane_center(edges, roi_color, self.debug)
  File "/home/hyeongseon/catkin_ws/src/lane_tracking_pkg/vision/detector.py", line 63, in detect_lane_center
    left_line = _fit_lane(np.vstack(left_points)) if left_points else None
TypeError: _fit_lane() missing 2 required positional arguments: 'y_bottom' and 'y_top'

1758341693.419505357 ERROR /lane_tracking_node [topics.py:753(_SubscriberImpl._invoke_callback)] [topics: /rosout, /lane_overlay, /camera/image_raw, /lane/center_offset, /lane/steering_angle] bad callback: <bound method LaneTrackingNode.image_cb of <__main__.LaneTrackingNode object at 0x7f55bef5a1c0>>
Traceback (most recent call last):
  File "/opt/ros/noetic/lib/python3/dist-packages/rospy/topics.py", line 750, in _invoke_callback
    cb(msg)
  File "/home/hyeongseon/catkin_ws/src/lane_tracking_pkg/scripts/lane_tracking_node.py", line 99, in image_cb
    self.handle_frame(frame, msg.header)
  File "/home/hyeongseon/catkin_ws/src/lane_tracking_pkg/scripts/lane_tracking_node.py", line 111, in handle_frame
    lane_center, roi_overlay = detect_lane_center(edges, roi_color, self.debug)
  File "/home/hyeongseon/catkin_ws/src/lane_tracking_pkg/vision/detector.py", line 63, in detect_lane_center
    left_line = _fit_lane(np.vstack(left_points)) if left_points else None
TypeError: _fit_lane() missing 2 required positional arguments: 'y_bottom' and 'y_top'

1758341693.429922580 ERROR /lane_tracking_node [topics.py:753(_SubscriberImpl._invoke_callback)] [topics: /rosout, /lane_overlay, /camera/image_raw, /lane/center_offset, /lane/steering_angle] bad callback: <bound method LaneTrackingNode.image_cb of <__main__.LaneTrackingNode object at 0x7f55bef5a1c0>>
Traceback (most recent call last):
  File "/opt/ros/noetic/lib/python3/dist-packages/rospy/topics.py", line 750, in _invoke_callback
    cb(msg)
  File "/home/hyeongseon/catkin_ws/src/lane_tracking_pkg/scripts/lane_tracking_node.py", line 99, in image_cb
    self.handle_frame(frame, msg.header)
  File "/home/hyeongseon/catkin_ws/src/lane_tracking_pkg/scripts/lane_tracking_node.py", line 111, in handle_frame
    lane_center, roi_overlay = detect_lane_center(edges, roi_color, self.debug)
  File "/home/hyeongseon/catkin_ws/src/lane_tracking_pkg/vision/detector.py", line 63, in detect_lane_center
    left_line = _fit_lane(np.vstack(left_points)) if left_points else None
TypeError: _fit_lane() missing 2 required positional arguments: 'y_bottom' and 'y_top'

1758341693.459908008 ERROR /lane_tracking_node [topics.py:753(_SubscriberImpl._invoke_callback)] [topics: /rosout, /lane_overlay, /camera/image_raw, /lane/center_offset, /lane/steering_angle] bad callback: <bound method LaneTrackingNode.image_cb of <__main__.LaneTrackingNode object at 0x7f55bef5a1c0>>
Traceback (most recent call last):
  File "/opt/ros/noetic/lib/python3/dist-packages/rospy/topics.py", line 750, in _invoke_callback
    cb(msg)
  File "/home/hyeongseon/catkin_ws/src/lane_tracking_pkg/scripts/lane_tracking_node.py", line 99, in image_cb
    self.handle_frame(frame, msg.header)
  File "/home/hyeongseon/catkin_ws/src/lane_tracking_pkg/scripts/lane_tracking_node.py", line 111, in handle_frame
    lane_center, roi_overlay = detect_lane_center(edges, roi_color, self.debug)
  File "/home/hyeongseon/catkin_ws/src/lane_tracking_pkg/vision/detector.py", line 63, in detect_lane_center
    left_line = _fit_lane(np.vstack(left_points)) if left_points else None
TypeError: _fit_lane() missing 2 required positional arguments: 'y_bottom' and 'y_top'

1758341693.512659549 ERROR /lane_tracking_node [topics.py:753(_SubscriberImpl._invoke_callback)] [topics: /rosout, /lane_overlay, /camera/image_raw, /lane/center_offset, /lane/steering_angle] bad callback: <bound method LaneTrackingNode.image_cb of <__main__.LaneTrackingNode object at 0x7f55bef5a1c0>>
Traceback (most recent call last):
  File "/opt/ros/noetic/lib/python3/dist-packages/rospy/topics.py", line 750, in _invoke_callback
    cb(msg)
  File "/home/hyeongseon/catkin_ws/src/lane_tracking_pkg/scripts/lane_tracking_node.py", line 99, in image_cb
    self.handle_frame(frame, msg.header)
  File "/home/hyeongseon/catkin_ws/src/lane_tracking_pkg/scripts/lane_tracking_node.py", line 111, in handle_frame
    lane_center, roi_overlay = detect_lane_center(edges, roi_color, self.debug)
  File "/home/hyeongseon/catkin_ws/src/lane_tracking_pkg/vision/detector.py", line 63, in detect_lane_center
    left_line = _fit_lane(np.vstack(left_points)) if left_points else None
TypeError: _fit_lane() missing 2 required positional arguments: 'y_bottom' and 'y_top'

1758341693.566271543 ERROR /lane_tracking_node [topics.py:753(_SubscriberImpl._invoke_callback)] [topics: /rosout, /lane_overlay, /camera/image_raw, /lane/center_offset, /lane/steering_angle] bad callback: <bound method LaneTrackingNode.image_cb of <__main__.LaneTrackingNode object at 0x7f55bef5a1c0>>
Traceback (most recent call last):
  File "/opt/ros/noetic/lib/python3/dist-packages/rospy/topics.py", line 750, in _invoke_callback
    cb(msg)
  File "/home/hyeongseon/catkin_ws/src/lane_tracking_pkg/scripts/lane_tracking_node.py", line 99, in image_cb
    self.handle_frame(frame, msg.header)
  File "/home/hyeongseon/catkin_ws/src/lane_tracking_pkg/scripts/lane_tracking_node.py", line 111, in handle_frame
    lane_center, roi_overlay = detect_lane_center(edges, roi_color, self.debug)
  File "/home/hyeongseon/catkin_ws/src/lane_tracking_pkg/vision/detector.py", line 63, in detect_lane_center
    left_line = _fit_lane(np.vstack(left_points)) if left_points else None
TypeError: _fit_lane() missing 2 required positional arguments: 'y_bottom' and 'y_top'

1758341693.584155559 ERROR /lane_tracking_node [topics.py:753(_SubscriberImpl._invoke_callback)] [topics: /rosout, /lane_overlay, /camera/image_raw, /lane/center_offset, /lane/steering_angle] bad callback: <bound method LaneTrackingNode.image_cb of <__main__.LaneTrackingNode object at 0x7f55bef5a1c0>>
Traceback (most recent call last):
  File "/opt/ros/noetic/lib/python3/dist-packages/rospy/topics.py", line 750, in _invoke_callback
    cb(msg)
  File "/home/hyeongseon/catkin_ws/src/lane_tracking_pkg/scripts/lane_tracking_node.py", line 99, in image_cb
    self.handle_frame(frame, msg.header)
  File "/home/hyeongseon/catkin_ws/src/lane_tracking_pkg/scripts/lane_tracking_node.py", line 111, in handle_frame
    lane_center, roi_overlay = detect_lane_center(edges, roi_color, self.debug)
  File "/home/hyeongseon/catkin_ws/src/lane_tracking_pkg/vision/detector.py", line 63, in detect_lane_center
    left_line = _fit_lane(np.vstack(left_points)) if left_points else None
TypeError: _fit_lane() missing 2 required positional arguments: 'y_bottom' and 'y_top'

1758341693.621946811 ERROR /lane_tracking_node [topics.py:753(_SubscriberImpl._invoke_callback)] [topics: /rosout, /lane_overlay, /camera/image_raw, /lane/center_offset, /lane/steering_angle] bad callback: <bound method LaneTrackingNode.image_cb of <__main__.LaneTrackingNode object at 0x7f55bef5a1c0>>
Traceback (most recent call last):
  File "/opt/ros/noetic/lib/python3/dist-packages/rospy/topics.py", line 750, in _invoke_callback
    cb(msg)
  File "/home/hyeongseon/catkin_ws/src/lane_tracking_pkg/scripts/lane_tracking_node.py", line 99, in image_cb
    self.handle_frame(frame, msg.header)
  File "/home/hyeongseon/catkin_ws/src/lane_tracking_pkg/scripts/lane_tracking_node.py", line 111, in handle_frame
    lane_center, roi_overlay = detect_lane_center(edges, roi_color, self.debug)
  File "/home/hyeongseon/catkin_ws/src/lane_tracking_pkg/vision/detector.py", line 63, in detect_lane_center
    left_line = _fit_lane(np.vstack(left_points)) if left_points else None
TypeError: _fit_lane() missing 2 required positional arguments: 'y_bottom' and 'y_top'

1758341693.659847974 ERROR /lane_tracking_node [topics.py:753(_SubscriberImpl._invoke_callback)] [topics: /rosout, /lane_overlay, /camera/image_raw, /lane/center_offset, /lane/steering_angle] bad callback: <bound method LaneTrackingNode.image_cb of <__main__.LaneTrackingNode object at 0x7f55bef5a1c0>>
Traceback (most recent call last):
  File "/opt/ros/noetic/lib/python3/dist-packages/rospy/topics.py", line 750, in _invoke_callback
    cb(msg)
  File "/home/hyeongseon/catkin_ws/src/lane_tracking_pkg/scripts/lane_tracking_node.py", line 99, in image_cb
    self.handle_frame(frame, msg.header)
  File "/home/hyeongseon/catkin_ws/src/lane_tracking_pkg/scripts/lane_tracking_node.py", line 111, in handle_frame
    lane_center, roi_overlay = detect_lane_center(edges, roi_color, self.debug)
  File "/home/hyeongseon/catkin_ws/src/lane_tracking_pkg/vision/detector.py", line 63, in detect_lane_center
    left_line = _fit_lane(np.vstack(left_points)) if left_points else None
TypeError: _fit_lane() missing 2 required positional arguments: 'y_bottom' and 'y_top'

1758341693.674476623 ERROR /lane_tracking_node [topics.py:753(_SubscriberImpl._invoke_callback)] [topics: /rosout, /lane_overlay, /camera/image_raw, /lane/center_offset, /lane/steering_angle] bad callback: <bound method LaneTrackingNode.image_cb of <__main__.LaneTrackingNode object at 0x7f55bef5a1c0>>
Traceback (most recent call last):
  File "/opt/ros/noetic/lib/python3/dist-packages/rospy/topics.py", line 750, in _invoke_callback
    cb(msg)
  File "/home/hyeongseon/catkin_ws/src/lane_tracking_pkg/scripts/lane_tracking_node.py", line 99, in image_cb
    self.handle_frame(frame, msg.header)
  File "/home/hyeongseon/catkin_ws/src/lane_tracking_pkg/scripts/lane_tracking_node.py", line 111, in handle_frame
    lane_center, roi_overlay = detect_lane_center(edges, roi_color, self.debug)
  File "/home/hyeongseon/catkin_ws/src/lane_tracking_pkg/vision/detector.py", line 63, in detect_lane_center
    left_line = _fit_lane(np.vstack(left_points)) if left_points else None
TypeError: _fit_lane() missing 2 required positional arguments: 'y_bottom' and 'y_top'

1758341693.731911182 ERROR /lane_tracking_node [topics.py:753(_SubscriberImpl._invoke_callback)] [topics: /rosout, /lane_overlay, /camera/image_raw, /lane/center_offset, /lane/steering_angle] bad callback: <bound method LaneTrackingNode.image_cb of <__main__.LaneTrackingNode object at 0x7f55bef5a1c0>>
Traceback (most recent call last):
  File "/opt/ros/noetic/lib/python3/dist-packages/rospy/topics.py", line 750, in _invoke_callback
    cb(msg)
  File "/home/hyeongseon/catkin_ws/src/lane_tracking_pkg/scripts/lane_tracking_node.py", line 99, in image_cb
    self.handle_frame(frame, msg.header)
  File "/home/hyeongseon/catkin_ws/src/lane_tracking_pkg/scripts/lane_tracking_node.py", line 111, in handle_frame
    lane_center, roi_overlay = detect_lane_center(edges, roi_color, self.debug)
  File "/home/hyeongseon/catkin_ws/src/lane_tracking_pkg/vision/detector.py", line 63, in detect_lane_center
    left_line = _fit_lane(np.vstack(left_points)) if left_points else None
TypeError: _fit_lane() missing 2 required positional arguments: 'y_bottom' and 'y_top'

1758341693.765774011 ERROR /lane_tracking_node [topics.py:753(_SubscriberImpl._invoke_callback)] [topics: /rosout, /lane_overlay, /camera/image_raw, /lane/center_offset, /lane/steering_angle] bad callback: <bound method LaneTrackingNode.image_cb of <__main__.LaneTrackingNode object at 0x7f55bef5a1c0>>
Traceback (most recent call last):
  File "/opt/ros/noetic/lib/python3/dist-packages/rospy/topics.py", line 750, in _invoke_callback
    cb(msg)
  File "/home/hyeongseon/catkin_ws/src/lane_tracking_pkg/scripts/lane_tracking_node.py", line 99, in image_cb
    self.handle_frame(frame, msg.header)
  File "/home/hyeongseon/catkin_ws/src/lane_tracking_pkg/scripts/lane_tracking_node.py", line 111, in handle_frame
    lane_center, roi_overlay = detect_lane_center(edges, roi_color, self.debug)
  File "/home/hyeongseon/catkin_ws/src/lane_tracking_pkg/vision/detector.py", line 63, in detect_lane_center
    left_line = _fit_lane(np.vstack(left_points)) if left_points else None
TypeError: _fit_lane() missing 2 required positional arguments: 'y_bottom' and 'y_top'

1758341693.788600683 ERROR /lane_tracking_node [topics.py:753(_SubscriberImpl._invoke_callback)] [topics: /rosout, /lane_overlay, /camera/image_raw, /lane/center_offset, /lane/steering_angle] bad callback: <bound method LaneTrackingNode.image_cb of <__main__.LaneTrackingNode object at 0x7f55bef5a1c0>>
Traceback (most recent call last):
  File "/opt/ros/noetic/lib/python3/dist-packages/rospy/topics.py", line 750, in _invoke_callback
    cb(msg)
  File "/home/hyeongseon/catkin_ws/src/lane_tracking_pkg/scripts/lane_tracking_node.py", line 99, in image_cb
    self.handle_frame(frame, msg.header)
  File "/home/hyeongseon/catkin_ws/src/lane_tracking_pkg/scripts/lane_tracking_node.py", line 111, in handle_frame
    lane_center, roi_overlay = detect_lane_center(edges, roi_color, self.debug)
  File "/home/hyeongseon/catkin_ws/src/lane_tracking_pkg/vision/detector.py", line 63, in detect_lane_center
    left_line = _fit_lane(np.vstack(left_points)) if left_points else None
TypeError: _fit_lane() missing 2 required positional arguments: 'y_bottom' and 'y_top'

1758341693.833474636 ERROR /lane_tracking_node [topics.py:753(_SubscriberImpl._invoke_callback)] [topics: /rosout, /lane_overlay, /camera/image_raw, /lane/center_offset, /lane/steering_angle] bad callback: <bound method LaneTrackingNode.image_cb of <__main__.LaneTrackingNode object at 0x7f55bef5a1c0>>
Traceback (most recent call last):
  File "/opt/ros/noetic/lib/python3/dist-packages/rospy/topics.py", line 750, in _invoke_callback
    cb(msg)
  File "/home/hyeongseon/catkin_ws/src/lane_tracking_pkg/scripts/lane_tracking_node.py", line 99, in image_cb
    self.handle_frame(frame, msg.header)
  File "/home/hyeongseon/catkin_ws/src/lane_tracking_pkg/scripts/lane_tracking_node.py", line 111, in handle_frame
    lane_center, roi_overlay = detect_lane_center(edges, roi_color, self.debug)
  File "/home/hyeongseon/catkin_ws/src/lane_tracking_pkg/vision/detector.py", line 63, in detect_lane_center
    left_line = _fit_lane(np.vstack(left_points)) if left_points else None
TypeError: _fit_lane() missing 2 required positional arguments: 'y_bottom' and 'y_top'

1758341693.855484008 ERROR /lane_tracking_node [topics.py:753(_SubscriberImpl._invoke_callback)] [topics: /rosout, /lane_overlay, /camera/image_raw, /lane/center_offset, /lane/steering_angle] bad callback: <bound method LaneTrackingNode.image_cb of <__main__.LaneTrackingNode object at 0x7f55bef5a1c0>>
Traceback (most recent call last):
  File "/opt/ros/noetic/lib/python3/dist-packages/rospy/topics.py", line 750, in _invoke_callback
    cb(msg)
  File "/home/hyeongseon/catkin_ws/src/lane_tracking_pkg/scripts/lane_tracking_node.py", line 99, in image_cb
    self.handle_frame(frame, msg.header)
  File "/home/hyeongseon/catkin_ws/src/lane_tracking_pkg/scripts/lane_tracking_node.py", line 111, in handle_frame
    lane_center, roi_overlay = detect_lane_center(edges, roi_color, self.debug)
  File "/home/hyeongseon/catkin_ws/src/lane_tracking_pkg/vision/detector.py", line 63, in detect_lane_center
    left_line = _fit_lane(np.vstack(left_points)) if left_points else None
TypeError: _fit_lane() missing 2 required positional arguments: 'y_bottom' and 'y_top'

1758341693.868716239 ERROR /lane_tracking_node [topics.py:753(_SubscriberImpl._invoke_callback)] [topics: /rosout, /lane_overlay, /camera/image_raw, /lane/center_offset, /lane/steering_angle] bad callback: <bound method LaneTrackingNode.image_cb of <__main__.LaneTrackingNode object at 0x7f55bef5a1c0>>
Traceback (most recent call last):
  File "/opt/ros/noetic/lib/python3/dist-packages/rospy/topics.py", line 750, in _invoke_callback
    cb(msg)
  File "/home/hyeongseon/catkin_ws/src/lane_tracking_pkg/scripts/lane_tracking_node.py", line 99, in image_cb
    self.handle_frame(frame, msg.header)
  File "/home/hyeongseon/catkin_ws/src/lane_tracking_pkg/scripts/lane_tracking_node.py", line 111, in handle_frame
    lane_center, roi_overlay = detect_lane_center(edges, roi_color, self.debug)
  File "/home/hyeongseon/catkin_ws/src/lane_tracking_pkg/vision/detector.py", line 63, in detect_lane_center
    left_line = _fit_lane(np.vstack(left_points)) if left_points else None
TypeError: _fit_lane() missing 2 required positional arguments: 'y_bottom' and 'y_top'

1758341693.935910224 ERROR /lane_tracking_node [topics.py:753(_SubscriberImpl._invoke_callback)] [topics: /rosout, /lane_overlay, /camera/image_raw, /lane/center_offset, /lane/steering_angle] bad callback: <bound method LaneTrackingNode.image_cb of <__main__.LaneTrackingNode object at 0x7f55bef5a1c0>>
Traceback (most recent call last):
  File "/opt/ros/noetic/lib/python3/dist-packages/rospy/topics.py", line 750, in _invoke_callback
    cb(msg)
  File "/home/hyeongseon/catkin_ws/src/lane_tracking_pkg/scripts/lane_tracking_node.py", line 99, in image_cb
    self.handle_frame(frame, msg.header)
  File "/home/hyeongseon/catkin_ws/src/lane_tracking_pkg/scripts/lane_tracking_node.py", line 111, in handle_frame
    lane_center, roi_overlay = detect_lane_center(edges, roi_color, self.debug)
  File "/home/hyeongseon/catkin_ws/src/lane_tracking_pkg/vision/detector.py", line 63, in detect_lane_center
    left_line = _fit_lane(np.vstack(left_points)) if left_points else None
TypeError: _fit_lane() missing 2 required positional arguments: 'y_bottom' and 'y_top'

1758341693.966347932 ERROR /lane_tracking_node [topics.py:753(_SubscriberImpl._invoke_callback)] [topics: /rosout, /lane_overlay, /camera/image_raw, /lane/center_offset, /lane/steering_angle] bad callback: <bound method LaneTrackingNode.image_cb of <__main__.LaneTrackingNode object at 0x7f55bef5a1c0>>
Traceback (most recent call last):
  File "/opt/ros/noetic/lib/python3/dist-packages/rospy/topics.py", line 750, in _invoke_callback
    cb(msg)
  File "/home/hyeongseon/catkin_ws/src/lane_tracking_pkg/scripts/lane_tracking_node.py", line 99, in image_cb
    self.handle_frame(frame, msg.header)
  File "/home/hyeongseon/catkin_ws/src/lane_tracking_pkg/scripts/lane_tracking_node.py", line 111, in handle_frame
    lane_center, roi_overlay = detect_lane_center(edges, roi_color, self.debug)
  File "/home/hyeongseon/catkin_ws/src/lane_tracking_pkg/vision/detector.py", line 63, in detect_lane_center
    left_line = _fit_lane(np.vstack(left_points)) if left_points else None
TypeError: _fit_lane() missing 2 required positional arguments: 'y_bottom' and 'y_top'

1758341693.993965148 ERROR /lane_tracking_node [topics.py:753(_SubscriberImpl._invoke_callback)] [topics: /rosout, /lane_overlay, /camera/image_raw, /lane/center_offset, /lane/steering_angle] bad callback: <bound method LaneTrackingNode.image_cb of <__main__.LaneTrackingNode object at 0x7f55bef5a1c0>>
Traceback (most recent call last):
  File "/opt/ros/noetic/lib/python3/dist-packages/rospy/topics.py", line 750, in _invoke_callback
    cb(msg)
  File "/home/hyeongseon/catkin_ws/src/lane_tracking_pkg/scripts/lane_tracking_node.py", line 99, in image_cb
    self.handle_frame(frame, msg.header)
  File "/home/hyeongseon/catkin_ws/src/lane_tracking_pkg/scripts/lane_tracking_node.py", line 111, in handle_frame
    lane_center, roi_overlay = detect_lane_center(edges, roi_color, self.debug)
  File "/home/hyeongseon/catkin_ws/src/lane_tracking_pkg/vision/detector.py", line 63, in detect_lane_center
    left_line = _fit_lane(np.vstack(left_points)) if left_points else None
TypeError: _fit_lane() missing 2 required positional arguments: 'y_bottom' and 'y_top'

1758341694.022451639 ERROR /lane_tracking_node [topics.py:753(_SubscriberImpl._invoke_callback)] [topics: /rosout, /lane_overlay, /camera/image_raw, /lane/center_offset, /lane/steering_angle] bad callback: <bound method LaneTrackingNode.image_cb of <__main__.LaneTrackingNode object at 0x7f55bef5a1c0>>
Traceback (most recent call last):
  File "/opt/ros/noetic/lib/python3/dist-packages/rospy/topics.py", line 750, in _invoke_callback
    cb(msg)
  File "/home/hyeongseon/catkin_ws/src/lane_tracking_pkg/scripts/lane_tracking_node.py", line 99, in image_cb
    self.handle_frame(frame, msg.header)
  File "/home/hyeongseon/catkin_ws/src/lane_tracking_pkg/scripts/lane_tracking_node.py", line 111, in handle_frame
    lane_center, roi_overlay = detect_lane_center(edges, roi_color, self.debug)
  File "/home/hyeongseon/catkin_ws/src/lane_tracking_pkg/vision/detector.py", line 63, in detect_lane_center
    left_line = _fit_lane(np.vstack(left_points)) if left_points else None
TypeError: _fit_lane() missing 2 required positional arguments: 'y_bottom' and 'y_top'

1758341694.035184860 ERROR /lane_tracking_node [topics.py:753(_SubscriberImpl._invoke_callback)] [topics: /rosout, /lane_overlay, /camera/image_raw, /lane/center_offset, /lane/steering_angle] bad callback: <bound method LaneTrackingNode.image_cb of <__main__.LaneTrackingNode object at 0x7f55bef5a1c0>>
Traceback (most recent call last):
  File "/opt/ros/noetic/lib/python3/dist-packages/rospy/topics.py", line 750, in _invoke_callback
    cb(msg)
  File "/home/hyeongseon/catkin_ws/src/lane_tracking_pkg/scripts/lane_tracking_node.py", line 99, in image_cb
    self.handle_frame(frame, msg.header)
  File "/home/hyeongseon/catkin_ws/src/lane_tracking_pkg/scripts/lane_tracking_node.py", line 111, in handle_frame
    lane_center, roi_overlay = detect_lane_center(edges, roi_color, self.debug)
  File "/home/hyeongseon/catkin_ws/src/lane_tracking_pkg/vision/detector.py", line 63, in detect_lane_center
    left_line = _fit_lane(np.vstack(left_points)) if left_points else None
TypeError: _fit_lane() missing 2 required positional arguments: 'y_bottom' and 'y_top'

1758341694.078446149 ERROR /lane_tracking_node [topics.py:753(_SubscriberImpl._invoke_callback)] [topics: /rosout, /lane_overlay, /camera/image_raw, /lane/center_offset, /lane/steering_angle] bad callback: <bound method LaneTrackingNode.image_cb of <__main__.LaneTrackingNode object at 0x7f55bef5a1c0>>
Traceback (most recent call last):
  File "/opt/ros/noetic/lib/python3/dist-packages/rospy/topics.py", line 750, in _invoke_callback
    cb(msg)
  File "/home/hyeongseon/catkin_ws/src/lane_tracking_pkg/scripts/lane_tracking_node.py", line 99, in image_cb
    self.handle_frame(frame, msg.header)
  File "/home/hyeongseon/catkin_ws/src/lane_tracking_pkg/scripts/lane_tracking_node.py", line 111, in handle_frame
    lane_center, roi_overlay = detect_lane_center(edges, roi_color, self.debug)
  File "/home/hyeongseon/catkin_ws/src/lane_tracking_pkg/vision/detector.py", line 63, in detect_lane_center
    left_line = _fit_lane(np.vstack(left_points)) if left_points else None
TypeError: _fit_lane() missing 2 required positional arguments: 'y_bottom' and 'y_top'

1758341694.119287014 ERROR /lane_tracking_node [topics.py:753(_SubscriberImpl._invoke_callback)] [topics: /rosout, /lane_overlay, /camera/image_raw, /lane/center_offset, /lane/steering_angle] bad callback: <bound method LaneTrackingNode.image_cb of <__main__.LaneTrackingNode object at 0x7f55bef5a1c0>>
Traceback (most recent call last):
  File "/opt/ros/noetic/lib/python3/dist-packages/rospy/topics.py", line 750, in _invoke_callback
    cb(msg)
  File "/home/hyeongseon/catkin_ws/src/lane_tracking_pkg/scripts/lane_tracking_node.py", line 99, in image_cb
    self.handle_frame(frame, msg.header)
  File "/home/hyeongseon/catkin_ws/src/lane_tracking_pkg/scripts/lane_tracking_node.py", line 111, in handle_frame
    lane_center, roi_overlay = detect_lane_center(edges, roi_color, self.debug)
  File "/home/hyeongseon/catkin_ws/src/lane_tracking_pkg/vision/detector.py", line 63, in detect_lane_center
    left_line = _fit_lane(np.vstack(left_points)) if left_points else None
TypeError: _fit_lane() missing 2 required positional arguments: 'y_bottom' and 'y_top'

1758341694.134373903 ERROR /lane_tracking_node [topics.py:753(_SubscriberImpl._invoke_callback)] [topics: /rosout, /lane_overlay, /camera/image_raw, /lane/center_offset, /lane/steering_angle] bad callback: <bound method LaneTrackingNode.image_cb of <__main__.LaneTrackingNode object at 0x7f55bef5a1c0>>
Traceback (most recent call last):
  File "/opt/ros/noetic/lib/python3/dist-packages/rospy/topics.py", line 750, in _invoke_callback
    cb(msg)
  File "/home/hyeongseon/catkin_ws/src/lane_tracking_pkg/scripts/lane_tracking_node.py", line 99, in image_cb
    self.handle_frame(frame, msg.header)
  File "/home/hyeongseon/catkin_ws/src/lane_tracking_pkg/scripts/lane_tracking_node.py", line 111, in handle_frame
    lane_center, roi_overlay = detect_lane_center(edges, roi_color, self.debug)
  File "/home/hyeongseon/catkin_ws/src/lane_tracking_pkg/vision/detector.py", line 63, in detect_lane_center
    left_line = _fit_lane(np.vstack(left_points)) if left_points else None
TypeError: _fit_lane() missing 2 required positional arguments: 'y_bottom' and 'y_top'

1758341694.167511224 ERROR /lane_tracking_node [topics.py:753(_SubscriberImpl._invoke_callback)] [topics: /rosout, /lane_overlay, /camera/image_raw, /lane/center_offset, /lane/steering_angle] bad callback: <bound method LaneTrackingNode.image_cb of <__main__.LaneTrackingNode object at 0x7f55bef5a1c0>>
Traceback (most recent call last):
  File "/opt/ros/noetic/lib/python3/dist-packages/rospy/topics.py", line 750, in _invoke_callback
    cb(msg)
  File "/home/hyeongseon/catkin_ws/src/lane_tracking_pkg/scripts/lane_tracking_node.py", line 99, in image_cb
    self.handle_frame(frame, msg.header)
  File "/home/hyeongseon/catkin_ws/src/lane_tracking_pkg/scripts/lane_tracking_node.py", line 111, in handle_frame
    lane_center, roi_overlay = detect_lane_center(edges, roi_color, self.debug)
  File "/home/hyeongseon/catkin_ws/src/lane_tracking_pkg/vision/detector.py", line 63, in detect_lane_center
    left_line = _fit_lane(np.vstack(left_points)) if left_points else None
TypeError: _fit_lane() missing 2 required positional arguments: 'y_bottom' and 'y_top'

1758341694.214936256 ERROR /lane_tracking_node [topics.py:753(_SubscriberImpl._invoke_callback)] [topics: /rosout, /lane_overlay, /camera/image_raw, /lane/center_offset, /lane/steering_angle] bad callback: <bound method LaneTrackingNode.image_cb of <__main__.LaneTrackingNode object at 0x7f55bef5a1c0>>
Traceback (most recent call last):
  File "/opt/ros/noetic/lib/python3/dist-packages/rospy/topics.py", line 750, in _invoke_callback
    cb(msg)
  File "/home/hyeongseon/catkin_ws/src/lane_tracking_pkg/scripts/lane_tracking_node.py", line 99, in image_cb
    self.handle_frame(frame, msg.header)
  File "/home/hyeongseon/catkin_ws/src/lane_tracking_pkg/scripts/lane_tracking_node.py", line 111, in handle_frame
    lane_center, roi_overlay = detect_lane_center(edges, roi_color, self.debug)
  File "/home/hyeongseon/catkin_ws/src/lane_tracking_pkg/vision/detector.py", line 63, in detect_lane_center
    left_line = _fit_lane(np.vstack(left_points)) if left_points else None
TypeError: _fit_lane() missing 2 required positional arguments: 'y_bottom' and 'y_top'

1758341694.245683431 ERROR /lane_tracking_node [topics.py:753(_SubscriberImpl._invoke_callback)] [topics: /rosout, /lane_overlay, /camera/image_raw, /lane/center_offset, /lane/steering_angle] bad callback: <bound method LaneTrackingNode.image_cb of <__main__.LaneTrackingNode object at 0x7f55bef5a1c0>>
Traceback (most recent call last):
  File "/opt/ros/noetic/lib/python3/dist-packages/rospy/topics.py", line 750, in _invoke_callback
    cb(msg)
  File "/home/hyeongseon/catkin_ws/src/lane_tracking_pkg/scripts/lane_tracking_node.py", line 99, in image_cb
    self.handle_frame(frame, msg.header)
  File "/home/hyeongseon/catkin_ws/src/lane_tracking_pkg/scripts/lane_tracking_node.py", line 111, in handle_frame
    lane_center, roi_overlay = detect_lane_center(edges, roi_color, self.debug)
  File "/home/hyeongseon/catkin_ws/src/lane_tracking_pkg/vision/detector.py", line 63, in detect_lane_center
    left_line = _fit_lane(np.vstack(left_points)) if left_points else None
TypeError: _fit_lane() missing 2 required positional arguments: 'y_bottom' and 'y_top'

1758341694.293173789 ERROR /lane_tracking_node [topics.py:753(_SubscriberImpl._invoke_callback)] [topics: /rosout, /lane_overlay, /camera/image_raw, /lane/center_offset, /lane/steering_angle] bad callback: <bound method LaneTrackingNode.image_cb of <__main__.LaneTrackingNode object at 0x7f55bef5a1c0>>
Traceback (most recent call last):
  File "/opt/ros/noetic/lib/python3/dist-packages/rospy/topics.py", line 750, in _invoke_callback
    cb(msg)
  File "/home/hyeongseon/catkin_ws/src/lane_tracking_pkg/scripts/lane_tracking_node.py", line 99, in image_cb
    self.handle_frame(frame, msg.header)
  File "/home/hyeongseon/catkin_ws/src/lane_tracking_pkg/scripts/lane_tracking_node.py", line 111, in handle_frame
    lane_center, roi_overlay = detect_lane_center(edges, roi_color, self.debug)
  File "/home/hyeongseon/catkin_ws/src/lane_tracking_pkg/vision/detector.py", line 63, in detect_lane_center
    left_line = _fit_lane(np.vstack(left_points)) if left_points else None
TypeError: _fit_lane() missing 2 required positional arguments: 'y_bottom' and 'y_top'

1758341694.326826095 ERROR /lane_tracking_node [topics.py:753(_SubscriberImpl._invoke_callback)] [topics: /rosout, /lane_overlay, /camera/image_raw, /lane/center_offset, /lane/steering_angle] bad callback: <bound method LaneTrackingNode.image_cb of <__main__.LaneTrackingNode object at 0x7f55bef5a1c0>>
Traceback (most recent call last):
  File "/opt/ros/noetic/lib/python3/dist-packages/rospy/topics.py", line 750, in _invoke_callback
    cb(msg)
  File "/home/hyeongseon/catkin_ws/src/lane_tracking_pkg/scripts/lane_tracking_node.py", line 99, in image_cb
    self.handle_frame(frame, msg.header)
  File "/home/hyeongseon/catkin_ws/src/lane_tracking_pkg/scripts/lane_tracking_node.py", line 111, in handle_frame
    lane_center, roi_overlay = detect_lane_center(edges, roi_color, self.debug)
  File "/home/hyeongseon/catkin_ws/src/lane_tracking_pkg/vision/detector.py", line 63, in detect_lane_center
    left_line = _fit_lane(np.vstack(left_points)) if left_points else None
TypeError: _fit_lane() missing 2 required positional arguments: 'y_bottom' and 'y_top'

1758341694.359934806 ERROR /lane_tracking_node [topics.py:753(_SubscriberImpl._invoke_callback)] [topics: /rosout, /lane_overlay, /camera/image_raw, /lane/center_offset, /lane/steering_angle] bad callback: <bound method LaneTrackingNode.image_cb of <__main__.LaneTrackingNode object at 0x7f55bef5a1c0>>
Traceback (most recent call last):
  File "/opt/ros/noetic/lib/python3/dist-packages/rospy/topics.py", line 750, in _invoke_callback
    cb(msg)
  File "/home/hyeongseon/catkin_ws/src/lane_tracking_pkg/scripts/lane_tracking_node.py", line 99, in image_cb
    self.handle_frame(frame, msg.header)
  File "/home/hyeongseon/catkin_ws/src/lane_tracking_pkg/scripts/lane_tracking_node.py", line 111, in handle_frame
    lane_center, roi_overlay = detect_lane_center(edges, roi_color, self.debug)
  File "/home/hyeongseon/catkin_ws/src/lane_tracking_pkg/vision/detector.py", line 63, in detect_lane_center
    left_line = _fit_lane(np.vstack(left_points)) if left_points else None
TypeError: _fit_lane() missing 2 required positional arguments: 'y_bottom' and 'y_top'

1758341694.376705169 ERROR /lane_tracking_node [topics.py:753(_SubscriberImpl._invoke_callback)] [topics: /rosout, /lane_overlay, /camera/image_raw, /lane/center_offset, /lane/steering_angle] bad callback: <bound method LaneTrackingNode.image_cb of <__main__.LaneTrackingNode object at 0x7f55bef5a1c0>>
Traceback (most recent call last):
  File "/opt/ros/noetic/lib/python3/dist-packages/rospy/topics.py", line 750, in _invoke_callback
    cb(msg)
  File "/home/hyeongseon/catkin_ws/src/lane_tracking_pkg/scripts/lane_tracking_node.py", line 99, in image_cb
    self.handle_frame(frame, msg.header)
  File "/home/hyeongseon/catkin_ws/src/lane_tracking_pkg/scripts/lane_tracking_node.py", line 111, in handle_frame
    lane_center, roi_overlay = detect_lane_center(edges, roi_color, self.debug)
  File "/home/hyeongseon/catkin_ws/src/lane_tracking_pkg/vision/detector.py", line 63, in detect_lane_center
    left_line = _fit_lane(np.vstack(left_points)) if left_points else None
TypeError: _fit_lane() missing 2 required positional arguments: 'y_bottom' and 'y_top'

1758341694.434546232 ERROR /lane_tracking_node [topics.py:753(_SubscriberImpl._invoke_callback)] [topics: /rosout, /lane_overlay, /camera/image_raw, /lane/center_offset, /lane/steering_angle] bad callback: <bound method LaneTrackingNode.image_cb of <__main__.LaneTrackingNode object at 0x7f55bef5a1c0>>
Traceback (most recent call last):
  File "/opt/ros/noetic/lib/python3/dist-packages/rospy/topics.py", line 750, in _invoke_callback
    cb(msg)
  File "/home/hyeongseon/catkin_ws/src/lane_tracking_pkg/scripts/lane_tracking_node.py", line 99, in image_cb
    self.handle_frame(frame, msg.header)
  File "/home/hyeongseon/catkin_ws/src/lane_tracking_pkg/scripts/lane_tracking_node.py", line 111, in handle_frame
    lane_center, roi_overlay = detect_lane_center(edges, roi_color, self.debug)
  File "/home/hyeongseon/catkin_ws/src/lane_tracking_pkg/vision/detector.py", line 63, in detect_lane_center
    left_line = _fit_lane(np.vstack(left_points)) if left_points else None
TypeError: _fit_lane() missing 2 required positional arguments: 'y_bottom' and 'y_top'

1758341694.466816663 ERROR /lane_tracking_node [topics.py:753(_SubscriberImpl._invoke_callback)] [topics: /rosout, /lane_overlay, /camera/image_raw, /lane/center_offset, /lane/steering_angle] bad callback: <bound method LaneTrackingNode.image_cb of <__main__.LaneTrackingNode object at 0x7f55bef5a1c0>>
Traceback (most recent call last):
  File "/opt/ros/noetic/lib/python3/dist-packages/rospy/topics.py", line 750, in _invoke_callback
    cb(msg)
  File "/home/hyeongseon/catkin_ws/src/lane_tracking_pkg/scripts/lane_tracking_node.py", line 99, in image_cb
    self.handle_frame(frame, msg.header)
  File "/home/hyeongseon/catkin_ws/src/lane_tracking_pkg/scripts/lane_tracking_node.py", line 111, in handle_frame
    lane_center, roi_overlay = detect_lane_center(edges, roi_color, self.debug)
  File "/home/hyeongseon/catkin_ws/src/lane_tracking_pkg/vision/detector.py", line 63, in detect_lane_center
    left_line = _fit_lane(np.vstack(left_points)) if left_points else None
TypeError: _fit_lane() missing 2 required positional arguments: 'y_bottom' and 'y_top'

1758341694.497763872 ERROR /lane_tracking_node [topics.py:753(_SubscriberImpl._invoke_callback)] [topics: /rosout, /lane_overlay, /camera/image_raw, /lane/center_offset, /lane/steering_angle] bad callback: <bound method LaneTrackingNode.image_cb of <__main__.LaneTrackingNode object at 0x7f55bef5a1c0>>
Traceback (most recent call last):
  File "/opt/ros/noetic/lib/python3/dist-packages/rospy/topics.py", line 750, in _invoke_callback
    cb(msg)
  File "/home/hyeongseon/catkin_ws/src/lane_tracking_pkg/scripts/lane_tracking_node.py", line 99, in image_cb
    self.handle_frame(frame, msg.header)
  File "/home/hyeongseon/catkin_ws/src/lane_tracking_pkg/scripts/lane_tracking_node.py", line 111, in handle_frame
    lane_center, roi_overlay = detect_lane_center(edges, roi_color, self.debug)
  File "/home/hyeongseon/catkin_ws/src/lane_tracking_pkg/vision/detector.py", line 63, in detect_lane_center
    left_line = _fit_lane(np.vstack(left_points)) if left_points else None
TypeError: _fit_lane() missing 2 required positional arguments: 'y_bottom' and 'y_top'

1758341694.520492792 ERROR /lane_tracking_node [topics.py:753(_SubscriberImpl._invoke_callback)] [topics: /rosout, /lane_overlay, /camera/image_raw, /lane/center_offset, /lane/steering_angle] bad callback: <bound method LaneTrackingNode.image_cb of <__main__.LaneTrackingNode object at 0x7f55bef5a1c0>>
Traceback (most recent call last):
  File "/opt/ros/noetic/lib/python3/dist-packages/rospy/topics.py", line 750, in _invoke_callback
    cb(msg)
  File "/home/hyeongseon/catkin_ws/src/lane_tracking_pkg/scripts/lane_tracking_node.py", line 99, in image_cb
    self.handle_frame(frame, msg.header)
  File "/home/hyeongseon/catkin_ws/src/lane_tracking_pkg/scripts/lane_tracking_node.py", line 111, in handle_frame
    lane_center, roi_overlay = detect_lane_center(edges, roi_color, self.debug)
  File "/home/hyeongseon/catkin_ws/src/lane_tracking_pkg/vision/detector.py", line 63, in detect_lane_center
    left_line = _fit_lane(np.vstack(left_points)) if left_points else None
TypeError: _fit_lane() missing 2 required positional arguments: 'y_bottom' and 'y_top'

1758341694.551433801 ERROR /lane_tracking_node [topics.py:753(_SubscriberImpl._invoke_callback)] [topics: /rosout, /lane_overlay, /camera/image_raw, /lane/center_offset, /lane/steering_angle] bad callback: <bound method LaneTrackingNode.image_cb of <__main__.LaneTrackingNode object at 0x7f55bef5a1c0>>
Traceback (most recent call last):
  File "/opt/ros/noetic/lib/python3/dist-packages/rospy/topics.py", line 750, in _invoke_callback
    cb(msg)
  File "/home/hyeongseon/catkin_ws/src/lane_tracking_pkg/scripts/lane_tracking_node.py", line 99, in image_cb
    self.handle_frame(frame, msg.header)
  File "/home/hyeongseon/catkin_ws/src/lane_tracking_pkg/scripts/lane_tracking_node.py", line 111, in handle_frame
    lane_center, roi_overlay = detect_lane_center(edges, roi_color, self.debug)
  File "/home/hyeongseon/catkin_ws/src/lane_tracking_pkg/vision/detector.py", line 63, in detect_lane_center
    left_line = _fit_lane(np.vstack(left_points)) if left_points else None
TypeError: _fit_lane() missing 2 required positional arguments: 'y_bottom' and 'y_top'

1758341694.590548753 ERROR /lane_tracking_node [topics.py:753(_SubscriberImpl._invoke_callback)] [topics: /rosout, /lane_overlay, /camera/image_raw, /lane/center_offset, /lane/steering_angle] bad callback: <bound method LaneTrackingNode.image_cb of <__main__.LaneTrackingNode object at 0x7f55bef5a1c0>>
Traceback (most recent call last):
  File "/opt/ros/noetic/lib/python3/dist-packages/rospy/topics.py", line 750, in _invoke_callback
    cb(msg)
  File "/home/hyeongseon/catkin_ws/src/lane_tracking_pkg/scripts/lane_tracking_node.py", line 99, in image_cb
    self.handle_frame(frame, msg.header)
  File "/home/hyeongseon/catkin_ws/src/lane_tracking_pkg/scripts/lane_tracking_node.py", line 111, in handle_frame
    lane_center, roi_overlay = detect_lane_center(edges, roi_color, self.debug)
  File "/home/hyeongseon/catkin_ws/src/lane_tracking_pkg/vision/detector.py", line 63, in detect_lane_center
    left_line = _fit_lane(np.vstack(left_points)) if left_points else None
TypeError: _fit_lane() missing 2 required positional arguments: 'y_bottom' and 'y_top'

1758341694.632445096 ERROR /lane_tracking_node [topics.py:753(_SubscriberImpl._invoke_callback)] [topics: /rosout, /lane_overlay, /camera/image_raw, /lane/center_offset, /lane/steering_angle] bad callback: <bound method LaneTrackingNode.image_cb of <__main__.LaneTrackingNode object at 0x7f55bef5a1c0>>
Traceback (most recent call last):
  File "/opt/ros/noetic/lib/python3/dist-packages/rospy/topics.py", line 750, in _invoke_callback
    cb(msg)
  File "/home/hyeongseon/catkin_ws/src/lane_tracking_pkg/scripts/lane_tracking_node.py", line 99, in image_cb
    self.handle_frame(frame, msg.header)
  File "/home/hyeongseon/catkin_ws/src/lane_tracking_pkg/scripts/lane_tracking_node.py", line 111, in handle_frame
    lane_center, roi_overlay = detect_lane_center(edges, roi_color, self.debug)
  File "/home/hyeongseon/catkin_ws/src/lane_tracking_pkg/vision/detector.py", line 63, in detect_lane_center
    left_line = _fit_lane(np.vstack(left_points)) if left_points else None
TypeError: _fit_lane() missing 2 required positional arguments: 'y_bottom' and 'y_top'

1758341694.650012731 ERROR /lane_tracking_node [topics.py:753(_SubscriberImpl._invoke_callback)] [topics: /rosout, /lane_overlay, /camera/image_raw, /lane/center_offset, /lane/steering_angle] bad callback: <bound method LaneTrackingNode.image_cb of <__main__.LaneTrackingNode object at 0x7f55bef5a1c0>>
Traceback (most recent call last):
  File "/opt/ros/noetic/lib/python3/dist-packages/rospy/topics.py", line 750, in _invoke_callback
    cb(msg)
  File "/home/hyeongseon/catkin_ws/src/lane_tracking_pkg/scripts/lane_tracking_node.py", line 99, in image_cb
    self.handle_frame(frame, msg.header)
  File "/home/hyeongseon/catkin_ws/src/lane_tracking_pkg/scripts/lane_tracking_node.py", line 111, in handle_frame
    lane_center, roi_overlay = detect_lane_center(edges, roi_color, self.debug)
  File "/home/hyeongseon/catkin_ws/src/lane_tracking_pkg/vision/detector.py", line 63, in detect_lane_center
    left_line = _fit_lane(np.vstack(left_points)) if left_points else None
TypeError: _fit_lane() missing 2 required positional arguments: 'y_bottom' and 'y_top'

1758341694.688878536 ERROR /lane_tracking_node [topics.py:753(_SubscriberImpl._invoke_callback)] [topics: /rosout, /lane_overlay, /camera/image_raw, /lane/center_offset, /lane/steering_angle] bad callback: <bound method LaneTrackingNode.image_cb of <__main__.LaneTrackingNode object at 0x7f55bef5a1c0>>
Traceback (most recent call last):
  File "/opt/ros/noetic/lib/python3/dist-packages/rospy/topics.py", line 750, in _invoke_callback
    cb(msg)
  File "/home/hyeongseon/catkin_ws/src/lane_tracking_pkg/scripts/lane_tracking_node.py", line 99, in image_cb
    self.handle_frame(frame, msg.header)
  File "/home/hyeongseon/catkin_ws/src/lane_tracking_pkg/scripts/lane_tracking_node.py", line 111, in handle_frame
    lane_center, roi_overlay = detect_lane_center(edges, roi_color, self.debug)
  File "/home/hyeongseon/catkin_ws/src/lane_tracking_pkg/vision/detector.py", line 63, in detect_lane_center
    left_line = _fit_lane(np.vstack(left_points)) if left_points else None
TypeError: _fit_lane() missing 2 required positional arguments: 'y_bottom' and 'y_top'

1758341694.705752849 ERROR /lane_tracking_node [topics.py:753(_SubscriberImpl._invoke_callback)] [topics: /rosout, /lane_overlay, /camera/image_raw, /lane/center_offset, /lane/steering_angle] bad callback: <bound method LaneTrackingNode.image_cb of <__main__.LaneTrackingNode object at 0x7f55bef5a1c0>>
Traceback (most recent call last):
  File "/opt/ros/noetic/lib/python3/dist-packages/rospy/topics.py", line 750, in _invoke_callback
    cb(msg)
  File "/home/hyeongseon/catkin_ws/src/lane_tracking_pkg/scripts/lane_tracking_node.py", line 99, in image_cb
    self.handle_frame(frame, msg.header)
  File "/home/hyeongseon/catkin_ws/src/lane_tracking_pkg/scripts/lane_tracking_node.py", line 111, in handle_frame
    lane_center, roi_overlay = detect_lane_center(edges, roi_color, self.debug)
  File "/home/hyeongseon/catkin_ws/src/lane_tracking_pkg/vision/detector.py", line 63, in detect_lane_center
    left_line = _fit_lane(np.vstack(left_points)) if left_points else None
TypeError: _fit_lane() missing 2 required positional arguments: 'y_bottom' and 'y_top'

1758341694.753681659 ERROR /lane_tracking_node [topics.py:753(_SubscriberImpl._invoke_callback)] [topics: /rosout, /lane_overlay, /camera/image_raw, /lane/center_offset, /lane/steering_angle] bad callback: <bound method LaneTrackingNode.image_cb of <__main__.LaneTrackingNode object at 0x7f55bef5a1c0>>
Traceback (most recent call last):
  File "/opt/ros/noetic/lib/python3/dist-packages/rospy/topics.py", line 750, in _invoke_callback
    cb(msg)
  File "/home/hyeongseon/catkin_ws/src/lane_tracking_pkg/scripts/lane_tracking_node.py", line 99, in image_cb
    self.handle_frame(frame, msg.header)
  File "/home/hyeongseon/catkin_ws/src/lane_tracking_pkg/scripts/lane_tracking_node.py", line 111, in handle_frame
    lane_center, roi_overlay = detect_lane_center(edges, roi_color, self.debug)
  File "/home/hyeongseon/catkin_ws/src/lane_tracking_pkg/vision/detector.py", line 63, in detect_lane_center
    left_line = _fit_lane(np.vstack(left_points)) if left_points else None
TypeError: _fit_lane() missing 2 required positional arguments: 'y_bottom' and 'y_top'

1758341694.782410144 ERROR /lane_tracking_node [topics.py:753(_SubscriberImpl._invoke_callback)] [topics: /rosout, /lane_overlay, /camera/image_raw, /lane/center_offset, /lane/steering_angle] bad callback: <bound method LaneTrackingNode.image_cb of <__main__.LaneTrackingNode object at 0x7f55bef5a1c0>>
Traceback (most recent call last):
  File "/opt/ros/noetic/lib/python3/dist-packages/rospy/topics.py", line 750, in _invoke_callback
    cb(msg)
  File "/home/hyeongseon/catkin_ws/src/lane_tracking_pkg/scripts/lane_tracking_node.py", line 99, in image_cb
    self.handle_frame(frame, msg.header)
  File "/home/hyeongseon/catkin_ws/src/lane_tracking_pkg/scripts/lane_tracking_node.py", line 111, in handle_frame
    lane_center, roi_overlay = detect_lane_center(edges, roi_color, self.debug)
  File "/home/hyeongseon/catkin_ws/src/lane_tracking_pkg/vision/detector.py", line 63, in detect_lane_center
    left_line = _fit_lane(np.vstack(left_points)) if left_points else None
TypeError: _fit_lane() missing 2 required positional arguments: 'y_bottom' and 'y_top'

1758341694.805203914 ERROR /lane_tracking_node [topics.py:753(_SubscriberImpl._invoke_callback)] [topics: /rosout, /lane_overlay, /camera/image_raw, /lane/center_offset, /lane/steering_angle] bad callback: <bound method LaneTrackingNode.image_cb of <__main__.LaneTrackingNode object at 0x7f55bef5a1c0>>
Traceback (most recent call last):
  File "/opt/ros/noetic/lib/python3/dist-packages/rospy/topics.py", line 750, in _invoke_callback
    cb(msg)
  File "/home/hyeongseon/catkin_ws/src/lane_tracking_pkg/scripts/lane_tracking_node.py", line 99, in image_cb
    self.handle_frame(frame, msg.header)
  File "/home/hyeongseon/catkin_ws/src/lane_tracking_pkg/scripts/lane_tracking_node.py", line 111, in handle_frame
    lane_center, roi_overlay = detect_lane_center(edges, roi_color, self.debug)
  File "/home/hyeongseon/catkin_ws/src/lane_tracking_pkg/vision/detector.py", line 63, in detect_lane_center
    left_line = _fit_lane(np.vstack(left_points)) if left_points else None
TypeError: _fit_lane() missing 2 required positional arguments: 'y_bottom' and 'y_top'

1758341694.852659940 ERROR /lane_tracking_node [topics.py:753(_SubscriberImpl._invoke_callback)] [topics: /rosout, /lane_overlay, /camera/image_raw, /lane/center_offset, /lane/steering_angle] bad callback: <bound method LaneTrackingNode.image_cb of <__main__.LaneTrackingNode object at 0x7f55bef5a1c0>>
Traceback (most recent call last):
  File "/opt/ros/noetic/lib/python3/dist-packages/rospy/topics.py", line 750, in _invoke_callback
    cb(msg)
  File "/home/hyeongseon/catkin_ws/src/lane_tracking_pkg/scripts/lane_tracking_node.py", line 99, in image_cb
    self.handle_frame(frame, msg.header)
  File "/home/hyeongseon/catkin_ws/src/lane_tracking_pkg/scripts/lane_tracking_node.py", line 111, in handle_frame
    lane_center, roi_overlay = detect_lane_center(edges, roi_color, self.debug)
  File "/home/hyeongseon/catkin_ws/src/lane_tracking_pkg/vision/detector.py", line 63, in detect_lane_center
    left_line = _fit_lane(np.vstack(left_points)) if left_points else None
TypeError: _fit_lane() missing 2 required positional arguments: 'y_bottom' and 'y_top'

1758341694.891787052 ERROR /lane_tracking_node [topics.py:753(_SubscriberImpl._invoke_callback)] [topics: /rosout, /lane_overlay, /camera/image_raw, /lane/center_offset, /lane/steering_angle] bad callback: <bound method LaneTrackingNode.image_cb of <__main__.LaneTrackingNode object at 0x7f55bef5a1c0>>
Traceback (most recent call last):
  File "/opt/ros/noetic/lib/python3/dist-packages/rospy/topics.py", line 750, in _invoke_callback
    cb(msg)
  File "/home/hyeongseon/catkin_ws/src/lane_tracking_pkg/scripts/lane_tracking_node.py", line 99, in image_cb
    self.handle_frame(frame, msg.header)
  File "/home/hyeongseon/catkin_ws/src/lane_tracking_pkg/scripts/lane_tracking_node.py", line 111, in handle_frame
    lane_center, roi_overlay = detect_lane_center(edges, roi_color, self.debug)
  File "/home/hyeongseon/catkin_ws/src/lane_tracking_pkg/vision/detector.py", line 63, in detect_lane_center
    left_line = _fit_lane(np.vstack(left_points)) if left_points else None
TypeError: _fit_lane() missing 2 required positional arguments: 'y_bottom' and 'y_top'

1758341694.921589851 ERROR /lane_tracking_node [topics.py:753(_SubscriberImpl._invoke_callback)] [topics: /rosout, /lane_overlay, /camera/image_raw, /lane/center_offset, /lane/steering_angle] bad callback: <bound method LaneTrackingNode.image_cb of <__main__.LaneTrackingNode object at 0x7f55bef5a1c0>>
Traceback (most recent call last):
  File "/opt/ros/noetic/lib/python3/dist-packages/rospy/topics.py", line 750, in _invoke_callback
    cb(msg)
  File "/home/hyeongseon/catkin_ws/src/lane_tracking_pkg/scripts/lane_tracking_node.py", line 99, in image_cb
    self.handle_frame(frame, msg.header)
  File "/home/hyeongseon/catkin_ws/src/lane_tracking_pkg/scripts/lane_tracking_node.py", line 111, in handle_frame
    lane_center, roi_overlay = detect_lane_center(edges, roi_color, self.debug)
  File "/home/hyeongseon/catkin_ws/src/lane_tracking_pkg/vision/detector.py", line 63, in detect_lane_center
    left_line = _fit_lane(np.vstack(left_points)) if left_points else None
TypeError: _fit_lane() missing 2 required positional arguments: 'y_bottom' and 'y_top'

1758341694.950605392 ERROR /lane_tracking_node [topics.py:753(_SubscriberImpl._invoke_callback)] [topics: /rosout, /lane_overlay, /camera/image_raw, /lane/center_offset, /lane/steering_angle] bad callback: <bound method LaneTrackingNode.image_cb of <__main__.LaneTrackingNode object at 0x7f55bef5a1c0>>
Traceback (most recent call last):
  File "/opt/ros/noetic/lib/python3/dist-packages/rospy/topics.py", line 750, in _invoke_callback
    cb(msg)
  File "/home/hyeongseon/catkin_ws/src/lane_tracking_pkg/scripts/lane_tracking_node.py", line 99, in image_cb
    self.handle_frame(frame, msg.header)
  File "/home/hyeongseon/catkin_ws/src/lane_tracking_pkg/scripts/lane_tracking_node.py", line 111, in handle_frame
    lane_center, roi_overlay = detect_lane_center(edges, roi_color, self.debug)
  File "/home/hyeongseon/catkin_ws/src/lane_tracking_pkg/vision/detector.py", line 63, in detect_lane_center
    left_line = _fit_lane(np.vstack(left_points)) if left_points else None
TypeError: _fit_lane() missing 2 required positional arguments: 'y_bottom' and 'y_top'

1758341694.971390962 ERROR /lane_tracking_node [topics.py:753(_SubscriberImpl._invoke_callback)] [topics: /rosout, /lane_overlay, /camera/image_raw, /lane/center_offset, /lane/steering_angle] bad callback: <bound method LaneTrackingNode.image_cb of <__main__.LaneTrackingNode object at 0x7f55bef5a1c0>>
Traceback (most recent call last):
  File "/opt/ros/noetic/lib/python3/dist-packages/rospy/topics.py", line 750, in _invoke_callback
    cb(msg)
  File "/home/hyeongseon/catkin_ws/src/lane_tracking_pkg/scripts/lane_tracking_node.py", line 99, in image_cb
    self.handle_frame(frame, msg.header)
  File "/home/hyeongseon/catkin_ws/src/lane_tracking_pkg/scripts/lane_tracking_node.py", line 111, in handle_frame
    lane_center, roi_overlay = detect_lane_center(edges, roi_color, self.debug)
  File "/home/hyeongseon/catkin_ws/src/lane_tracking_pkg/vision/detector.py", line 63, in detect_lane_center
    left_line = _fit_lane(np.vstack(left_points)) if left_points else None
TypeError: _fit_lane() missing 2 required positional arguments: 'y_bottom' and 'y_top'

1758341695.021879196 ERROR /lane_tracking_node [topics.py:753(_SubscriberImpl._invoke_callback)] [topics: /rosout, /lane_overlay, /camera/image_raw, /lane/center_offset, /lane/steering_angle] bad callback: <bound method LaneTrackingNode.image_cb of <__main__.LaneTrackingNode object at 0x7f55bef5a1c0>>
Traceback (most recent call last):
  File "/opt/ros/noetic/lib/python3/dist-packages/rospy/topics.py", line 750, in _invoke_callback
    cb(msg)
  File "/home/hyeongseon/catkin_ws/src/lane_tracking_pkg/scripts/lane_tracking_node.py", line 99, in image_cb
    self.handle_frame(frame, msg.header)
  File "/home/hyeongseon/catkin_ws/src/lane_tracking_pkg/scripts/lane_tracking_node.py", line 111, in handle_frame
    lane_center, roi_overlay = detect_lane_center(edges, roi_color, self.debug)
  File "/home/hyeongseon/catkin_ws/src/lane_tracking_pkg/vision/detector.py", line 63, in detect_lane_center
    left_line = _fit_lane(np.vstack(left_points)) if left_points else None
TypeError: _fit_lane() missing 2 required positional arguments: 'y_bottom' and 'y_top'

1758341695.079213857 ERROR /lane_tracking_node [topics.py:753(_SubscriberImpl._invoke_callback)] [topics: /rosout, /lane_overlay, /camera/image_raw, /lane/center_offset, /lane/steering_angle] bad callback: <bound method LaneTrackingNode.image_cb of <__main__.LaneTrackingNode object at 0x7f55bef5a1c0>>
Traceback (most recent call last):
  File "/opt/ros/noetic/lib/python3/dist-packages/rospy/topics.py", line 750, in _invoke_callback
    cb(msg)
  File "/home/hyeongseon/catkin_ws/src/lane_tracking_pkg/scripts/lane_tracking_node.py", line 99, in image_cb
    self.handle_frame(frame, msg.header)
  File "/home/hyeongseon/catkin_ws/src/lane_tracking_pkg/scripts/lane_tracking_node.py", line 111, in handle_frame
    lane_center, roi_overlay = detect_lane_center(edges, roi_color, self.debug)
  File "/home/hyeongseon/catkin_ws/src/lane_tracking_pkg/vision/detector.py", line 63, in detect_lane_center
    left_line = _fit_lane(np.vstack(left_points)) if left_points else None
TypeError: _fit_lane() missing 2 required positional arguments: 'y_bottom' and 'y_top'

1758341695.118236780 ERROR /lane_tracking_node [topics.py:753(_SubscriberImpl._invoke_callback)] [topics: /rosout, /lane_overlay, /camera/image_raw, /lane/center_offset, /lane/steering_angle] bad callback: <bound method LaneTrackingNode.image_cb of <__main__.LaneTrackingNode object at 0x7f55bef5a1c0>>
Traceback (most recent call last):
  File "/opt/ros/noetic/lib/python3/dist-packages/rospy/topics.py", line 750, in _invoke_callback
    cb(msg)
  File "/home/hyeongseon/catkin_ws/src/lane_tracking_pkg/scripts/lane_tracking_node.py", line 99, in image_cb
    self.handle_frame(frame, msg.header)
  File "/home/hyeongseon/catkin_ws/src/lane_tracking_pkg/scripts/lane_tracking_node.py", line 111, in handle_frame
    lane_center, roi_overlay = detect_lane_center(edges, roi_color, self.debug)
  File "/home/hyeongseon/catkin_ws/src/lane_tracking_pkg/vision/detector.py", line 63, in detect_lane_center
    left_line = _fit_lane(np.vstack(left_points)) if left_points else None
TypeError: _fit_lane() missing 2 required positional arguments: 'y_bottom' and 'y_top'

1758341695.134679794 ERROR /lane_tracking_node [topics.py:753(_SubscriberImpl._invoke_callback)] [topics: /rosout, /lane_overlay, /camera/image_raw, /lane/center_offset, /lane/steering_angle] bad callback: <bound method LaneTrackingNode.image_cb of <__main__.LaneTrackingNode object at 0x7f55bef5a1c0>>
Traceback (most recent call last):
  File "/opt/ros/noetic/lib/python3/dist-packages/rospy/topics.py", line 750, in _invoke_callback
    cb(msg)
  File "/home/hyeongseon/catkin_ws/src/lane_tracking_pkg/scripts/lane_tracking_node.py", line 99, in image_cb
    self.handle_frame(frame, msg.header)
  File "/home/hyeongseon/catkin_ws/src/lane_tracking_pkg/scripts/lane_tracking_node.py", line 111, in handle_frame
    lane_center, roi_overlay = detect_lane_center(edges, roi_color, self.debug)
  File "/home/hyeongseon/catkin_ws/src/lane_tracking_pkg/vision/detector.py", line 63, in detect_lane_center
    left_line = _fit_lane(np.vstack(left_points)) if left_points else None
TypeError: _fit_lane() missing 2 required positional arguments: 'y_bottom' and 'y_top'

1758341695.169625043 ERROR /lane_tracking_node [topics.py:753(_SubscriberImpl._invoke_callback)] [topics: /rosout, /lane_overlay, /camera/image_raw, /lane/center_offset, /lane/steering_angle] bad callback: <bound method LaneTrackingNode.image_cb of <__main__.LaneTrackingNode object at 0x7f55bef5a1c0>>
Traceback (most recent call last):
  File "/opt/ros/noetic/lib/python3/dist-packages/rospy/topics.py", line 750, in _invoke_callback
    cb(msg)
  File "/home/hyeongseon/catkin_ws/src/lane_tracking_pkg/scripts/lane_tracking_node.py", line 99, in image_cb
    self.handle_frame(frame, msg.header)
  File "/home/hyeongseon/catkin_ws/src/lane_tracking_pkg/scripts/lane_tracking_node.py", line 111, in handle_frame
    lane_center, roi_overlay = detect_lane_center(edges, roi_color, self.debug)
  File "/home/hyeongseon/catkin_ws/src/lane_tracking_pkg/vision/detector.py", line 63, in detect_lane_center
    left_line = _fit_lane(np.vstack(left_points)) if left_points else None
TypeError: _fit_lane() missing 2 required positional arguments: 'y_bottom' and 'y_top'

1758341695.186326265 ERROR /lane_tracking_node [topics.py:753(_SubscriberImpl._invoke_callback)] [topics: /rosout, /lane_overlay, /camera/image_raw, /lane/center_offset, /lane/steering_angle] bad callback: <bound method LaneTrackingNode.image_cb of <__main__.LaneTrackingNode object at 0x7f55bef5a1c0>>
Traceback (most recent call last):
  File "/opt/ros/noetic/lib/python3/dist-packages/rospy/topics.py", line 750, in _invoke_callback
    cb(msg)
  File "/home/hyeongseon/catkin_ws/src/lane_tracking_pkg/scripts/lane_tracking_node.py", line 99, in image_cb
    self.handle_frame(frame, msg.header)
  File "/home/hyeongseon/catkin_ws/src/lane_tracking_pkg/scripts/lane_tracking_node.py", line 111, in handle_frame
    lane_center, roi_overlay = detect_lane_center(edges, roi_color, self.debug)
  File "/home/hyeongseon/catkin_ws/src/lane_tracking_pkg/vision/detector.py", line 63, in detect_lane_center
    left_line = _fit_lane(np.vstack(left_points)) if left_points else None
TypeError: _fit_lane() missing 2 required positional arguments: 'y_bottom' and 'y_top'

1758341695.232498884 ERROR /lane_tracking_node [topics.py:753(_SubscriberImpl._invoke_callback)] [topics: /rosout, /lane_overlay, /camera/image_raw, /lane/center_offset, /lane/steering_angle] bad callback: <bound method LaneTrackingNode.image_cb of <__main__.LaneTrackingNode object at 0x7f55bef5a1c0>>
Traceback (most recent call last):
  File "/opt/ros/noetic/lib/python3/dist-packages/rospy/topics.py", line 750, in _invoke_callback
    cb(msg)
  File "/home/hyeongseon/catkin_ws/src/lane_tracking_pkg/scripts/lane_tracking_node.py", line 99, in image_cb
    self.handle_frame(frame, msg.header)
  File "/home/hyeongseon/catkin_ws/src/lane_tracking_pkg/scripts/lane_tracking_node.py", line 111, in handle_frame
    lane_center, roi_overlay = detect_lane_center(edges, roi_color, self.debug)
  File "/home/hyeongseon/catkin_ws/src/lane_tracking_pkg/vision/detector.py", line 63, in detect_lane_center
    left_line = _fit_lane(np.vstack(left_points)) if left_points else None
TypeError: _fit_lane() missing 2 required positional arguments: 'y_bottom' and 'y_top'

1758341695.262950897 ERROR /lane_tracking_node [topics.py:753(_SubscriberImpl._invoke_callback)] [topics: /rosout, /lane_overlay, /camera/image_raw, /lane/center_offset, /lane/steering_angle] bad callback: <bound method LaneTrackingNode.image_cb of <__main__.LaneTrackingNode object at 0x7f55bef5a1c0>>
Traceback (most recent call last):
  File "/opt/ros/noetic/lib/python3/dist-packages/rospy/topics.py", line 750, in _invoke_callback
    cb(msg)
  File "/home/hyeongseon/catkin_ws/src/lane_tracking_pkg/scripts/lane_tracking_node.py", line 99, in image_cb
    self.handle_frame(frame, msg.header)
  File "/home/hyeongseon/catkin_ws/src/lane_tracking_pkg/scripts/lane_tracking_node.py", line 111, in handle_frame
    lane_center, roi_overlay = detect_lane_center(edges, roi_color, self.debug)
  File "/home/hyeongseon/catkin_ws/src/lane_tracking_pkg/vision/detector.py", line 63, in detect_lane_center
    left_line = _fit_lane(np.vstack(left_points)) if left_points else None
TypeError: _fit_lane() missing 2 required positional arguments: 'y_bottom' and 'y_top'

1758341695.303878068 ERROR /lane_tracking_node [topics.py:753(_SubscriberImpl._invoke_callback)] [topics: /rosout, /lane_overlay, /camera/image_raw, /lane/center_offset, /lane/steering_angle] bad callback: <bound method LaneTrackingNode.image_cb of <__main__.LaneTrackingNode object at 0x7f55bef5a1c0>>
Traceback (most recent call last):
  File "/opt/ros/noetic/lib/python3/dist-packages/rospy/topics.py", line 750, in _invoke_callback
    cb(msg)
  File "/home/hyeongseon/catkin_ws/src/lane_tracking_pkg/scripts/lane_tracking_node.py", line 99, in image_cb
    self.handle_frame(frame, msg.header)
  File "/home/hyeongseon/catkin_ws/src/lane_tracking_pkg/scripts/lane_tracking_node.py", line 111, in handle_frame
    lane_center, roi_overlay = detect_lane_center(edges, roi_color, self.debug)
  File "/home/hyeongseon/catkin_ws/src/lane_tracking_pkg/vision/detector.py", line 63, in detect_lane_center
    left_line = _fit_lane(np.vstack(left_points)) if left_points else None
TypeError: _fit_lane() missing 2 required positional arguments: 'y_bottom' and 'y_top'

1758341695.318323373 ERROR /lane_tracking_node [topics.py:753(_SubscriberImpl._invoke_callback)] [topics: /rosout, /lane_overlay, /camera/image_raw, /lane/center_offset, /lane/steering_angle] bad callback: <bound method LaneTrackingNode.image_cb of <__main__.LaneTrackingNode object at 0x7f55bef5a1c0>>
Traceback (most recent call last):
  File "/opt/ros/noetic/lib/python3/dist-packages/rospy/topics.py", line 750, in _invoke_callback
    cb(msg)
  File "/home/hyeongseon/catkin_ws/src/lane_tracking_pkg/scripts/lane_tracking_node.py", line 99, in image_cb
    self.handle_frame(frame, msg.header)
  File "/home/hyeongseon/catkin_ws/src/lane_tracking_pkg/scripts/lane_tracking_node.py", line 111, in handle_frame
    lane_center, roi_overlay = detect_lane_center(edges, roi_color, self.debug)
  File "/home/hyeongseon/catkin_ws/src/lane_tracking_pkg/vision/detector.py", line 63, in detect_lane_center
    left_line = _fit_lane(np.vstack(left_points)) if left_points else None
TypeError: _fit_lane() missing 2 required positional arguments: 'y_bottom' and 'y_top'

1758341695.339136362 ERROR /lane_tracking_node [topics.py:753(_SubscriberImpl._invoke_callback)] [topics: /rosout, /lane_overlay, /camera/image_raw, /lane/center_offset, /lane/steering_angle] bad callback: <bound method LaneTrackingNode.image_cb of <__main__.LaneTrackingNode object at 0x7f55bef5a1c0>>
Traceback (most recent call last):
  File "/opt/ros/noetic/lib/python3/dist-packages/rospy/topics.py", line 750, in _invoke_callback
    cb(msg)
  File "/home/hyeongseon/catkin_ws/src/lane_tracking_pkg/scripts/lane_tracking_node.py", line 99, in image_cb
    self.handle_frame(frame, msg.header)
  File "/home/hyeongseon/catkin_ws/src/lane_tracking_pkg/scripts/lane_tracking_node.py", line 111, in handle_frame
    lane_center, roi_overlay = detect_lane_center(edges, roi_color, self.debug)
  File "/home/hyeongseon/catkin_ws/src/lane_tracking_pkg/vision/detector.py", line 63, in detect_lane_center
    left_line = _fit_lane(np.vstack(left_points)) if left_points else None
TypeError: _fit_lane() missing 2 required positional arguments: 'y_bottom' and 'y_top'

1758341695.421641111 ERROR /lane_tracking_node [topics.py:753(_SubscriberImpl._invoke_callback)] [topics: /rosout, /lane_overlay, /camera/image_raw, /lane/center_offset, /lane/steering_angle] bad callback: <bound method LaneTrackingNode.image_cb of <__main__.LaneTrackingNode object at 0x7f55bef5a1c0>>
Traceback (most recent call last):
  File "/opt/ros/noetic/lib/python3/dist-packages/rospy/topics.py", line 750, in _invoke_callback
    cb(msg)
  File "/home/hyeongseon/catkin_ws/src/lane_tracking_pkg/scripts/lane_tracking_node.py", line 99, in image_cb
    self.handle_frame(frame, msg.header)
  File "/home/hyeongseon/catkin_ws/src/lane_tracking_pkg/scripts/lane_tracking_node.py", line 111, in handle_frame
    lane_center, roi_overlay = detect_lane_center(edges, roi_color, self.debug)
  File "/home/hyeongseon/catkin_ws/src/lane_tracking_pkg/vision/detector.py", line 63, in detect_lane_center
    left_line = _fit_lane(np.vstack(left_points)) if left_points else None
TypeError: _fit_lane() missing 2 required positional arguments: 'y_bottom' and 'y_top'

1758341695.436836004 ERROR /lane_tracking_node [topics.py:753(_SubscriberImpl._invoke_callback)] [topics: /rosout, /lane_overlay, /camera/image_raw, /lane/center_offset, /lane/steering_angle] bad callback: <bound method LaneTrackingNode.image_cb of <__main__.LaneTrackingNode object at 0x7f55bef5a1c0>>
Traceback (most recent call last):
  File "/opt/ros/noetic/lib/python3/dist-packages/rospy/topics.py", line 750, in _invoke_callback
    cb(msg)
  File "/home/hyeongseon/catkin_ws/src/lane_tracking_pkg/scripts/lane_tracking_node.py", line 99, in image_cb
    self.handle_frame(frame, msg.header)
  File "/home/hyeongseon/catkin_ws/src/lane_tracking_pkg/scripts/lane_tracking_node.py", line 111, in handle_frame
    lane_center, roi_overlay = detect_lane_center(edges, roi_color, self.debug)
  File "/home/hyeongseon/catkin_ws/src/lane_tracking_pkg/vision/detector.py", line 63, in detect_lane_center
    left_line = _fit_lane(np.vstack(left_points)) if left_points else None
TypeError: _fit_lane() missing 2 required positional arguments: 'y_bottom' and 'y_top'

1758341695.470302104 ERROR /lane_tracking_node [topics.py:753(_SubscriberImpl._invoke_callback)] [topics: /rosout, /lane_overlay, /camera/image_raw, /lane/center_offset, /lane/steering_angle] bad callback: <bound method LaneTrackingNode.image_cb of <__main__.LaneTrackingNode object at 0x7f55bef5a1c0>>
Traceback (most recent call last):
  File "/opt/ros/noetic/lib/python3/dist-packages/rospy/topics.py", line 750, in _invoke_callback
    cb(msg)
  File "/home/hyeongseon/catkin_ws/src/lane_tracking_pkg/scripts/lane_tracking_node.py", line 99, in image_cb
    self.handle_frame(frame, msg.header)
  File "/home/hyeongseon/catkin_ws/src/lane_tracking_pkg/scripts/lane_tracking_node.py", line 111, in handle_frame
    lane_center, roi_overlay = detect_lane_center(edges, roi_color, self.debug)
  File "/home/hyeongseon/catkin_ws/src/lane_tracking_pkg/vision/detector.py", line 63, in detect_lane_center
    left_line = _fit_lane(np.vstack(left_points)) if left_points else None
TypeError: _fit_lane() missing 2 required positional arguments: 'y_bottom' and 'y_top'

1758341695.509689331 ERROR /lane_tracking_node [topics.py:753(_SubscriberImpl._invoke_callback)] [topics: /rosout, /lane_overlay, /camera/image_raw, /lane/center_offset, /lane/steering_angle] bad callback: <bound method LaneTrackingNode.image_cb of <__main__.LaneTrackingNode object at 0x7f55bef5a1c0>>
Traceback (most recent call last):
  File "/opt/ros/noetic/lib/python3/dist-packages/rospy/topics.py", line 750, in _invoke_callback
    cb(msg)
  File "/home/hyeongseon/catkin_ws/src/lane_tracking_pkg/scripts/lane_tracking_node.py", line 99, in image_cb
    self.handle_frame(frame, msg.header)
  File "/home/hyeongseon/catkin_ws/src/lane_tracking_pkg/scripts/lane_tracking_node.py", line 111, in handle_frame
    lane_center, roi_overlay = detect_lane_center(edges, roi_color, self.debug)
  File "/home/hyeongseon/catkin_ws/src/lane_tracking_pkg/vision/detector.py", line 63, in detect_lane_center
    left_line = _fit_lane(np.vstack(left_points)) if left_points else None
TypeError: _fit_lane() missing 2 required positional arguments: 'y_bottom' and 'y_top'

1758341695.520903348 ERROR /lane_tracking_node [topics.py:753(_SubscriberImpl._invoke_callback)] [topics: /rosout, /lane_overlay, /camera/image_raw, /lane/center_offset, /lane/steering_angle] bad callback: <bound method LaneTrackingNode.image_cb of <__main__.LaneTrackingNode object at 0x7f55bef5a1c0>>
Traceback (most recent call last):
  File "/opt/ros/noetic/lib/python3/dist-packages/rospy/topics.py", line 750, in _invoke_callback
    cb(msg)
  File "/home/hyeongseon/catkin_ws/src/lane_tracking_pkg/scripts/lane_tracking_node.py", line 99, in image_cb
    self.handle_frame(frame, msg.header)
  File "/home/hyeongseon/catkin_ws/src/lane_tracking_pkg/scripts/lane_tracking_node.py", line 111, in handle_frame
    lane_center, roi_overlay = detect_lane_center(edges, roi_color, self.debug)
  File "/home/hyeongseon/catkin_ws/src/lane_tracking_pkg/vision/detector.py", line 63, in detect_lane_center
    left_line = _fit_lane(np.vstack(left_points)) if left_points else None
TypeError: _fit_lane() missing 2 required positional arguments: 'y_bottom' and 'y_top'

1758341695.546948671 ERROR /lane_tracking_node [topics.py:753(_SubscriberImpl._invoke_callback)] [topics: /rosout, /lane_overlay, /camera/image_raw, /lane/center_offset, /lane/steering_angle] bad callback: <bound method LaneTrackingNode.image_cb of <__main__.LaneTrackingNode object at 0x7f55bef5a1c0>>
Traceback (most recent call last):
  File "/opt/ros/noetic/lib/python3/dist-packages/rospy/topics.py", line 750, in _invoke_callback
    cb(msg)
  File "/home/hyeongseon/catkin_ws/src/lane_tracking_pkg/scripts/lane_tracking_node.py", line 99, in image_cb
    self.handle_frame(frame, msg.header)
  File "/home/hyeongseon/catkin_ws/src/lane_tracking_pkg/scripts/lane_tracking_node.py", line 111, in handle_frame
    lane_center, roi_overlay = detect_lane_center(edges, roi_color, self.debug)
  File "/home/hyeongseon/catkin_ws/src/lane_tracking_pkg/vision/detector.py", line 63, in detect_lane_center
    left_line = _fit_lane(np.vstack(left_points)) if left_points else None
TypeError: _fit_lane() missing 2 required positional arguments: 'y_bottom' and 'y_top'

1758341695.604401350 ERROR /lane_tracking_node [topics.py:753(_SubscriberImpl._invoke_callback)] [topics: /rosout, /lane_overlay, /camera/image_raw, /lane/center_offset, /lane/steering_angle] bad callback: <bound method LaneTrackingNode.image_cb of <__main__.LaneTrackingNode object at 0x7f55bef5a1c0>>
Traceback (most recent call last):
  File "/opt/ros/noetic/lib/python3/dist-packages/rospy/topics.py", line 750, in _invoke_callback
    cb(msg)
  File "/home/hyeongseon/catkin_ws/src/lane_tracking_pkg/scripts/lane_tracking_node.py", line 99, in image_cb
    self.handle_frame(frame, msg.header)
  File "/home/hyeongseon/catkin_ws/src/lane_tracking_pkg/scripts/lane_tracking_node.py", line 111, in handle_frame
    lane_center, roi_overlay = detect_lane_center(edges, roi_color, self.debug)
  File "/home/hyeongseon/catkin_ws/src/lane_tracking_pkg/vision/detector.py", line 63, in detect_lane_center
    left_line = _fit_lane(np.vstack(left_points)) if left_points else None
TypeError: _fit_lane() missing 2 required positional arguments: 'y_bottom' and 'y_top'

1758341695.618109464 ERROR /lane_tracking_node [topics.py:753(_SubscriberImpl._invoke_callback)] [topics: /rosout, /lane_overlay, /camera/image_raw, /lane/center_offset, /lane/steering_angle] bad callback: <bound method LaneTrackingNode.image_cb of <__main__.LaneTrackingNode object at 0x7f55bef5a1c0>>
Traceback (most recent call last):
  File "/opt/ros/noetic/lib/python3/dist-packages/rospy/topics.py", line 750, in _invoke_callback
    cb(msg)
  File "/home/hyeongseon/catkin_ws/src/lane_tracking_pkg/scripts/lane_tracking_node.py", line 99, in image_cb
    self.handle_frame(frame, msg.header)
  File "/home/hyeongseon/catkin_ws/src/lane_tracking_pkg/scripts/lane_tracking_node.py", line 111, in handle_frame
    lane_center, roi_overlay = detect_lane_center(edges, roi_color, self.debug)
  File "/home/hyeongseon/catkin_ws/src/lane_tracking_pkg/vision/detector.py", line 63, in detect_lane_center
    left_line = _fit_lane(np.vstack(left_points)) if left_points else None
TypeError: _fit_lane() missing 2 required positional arguments: 'y_bottom' and 'y_top'

1758341695.651291608 ERROR /lane_tracking_node [topics.py:753(_SubscriberImpl._invoke_callback)] [topics: /rosout, /lane_overlay, /camera/image_raw, /lane/center_offset, /lane/steering_angle] bad callback: <bound method LaneTrackingNode.image_cb of <__main__.LaneTrackingNode object at 0x7f55bef5a1c0>>
Traceback (most recent call last):
  File "/opt/ros/noetic/lib/python3/dist-packages/rospy/topics.py", line 750, in _invoke_callback
    cb(msg)
  File "/home/hyeongseon/catkin_ws/src/lane_tracking_pkg/scripts/lane_tracking_node.py", line 99, in image_cb
    self.handle_frame(frame, msg.header)
  File "/home/hyeongseon/catkin_ws/src/lane_tracking_pkg/scripts/lane_tracking_node.py", line 111, in handle_frame
    lane_center, roi_overlay = detect_lane_center(edges, roi_color, self.debug)
  File "/home/hyeongseon/catkin_ws/src/lane_tracking_pkg/vision/detector.py", line 63, in detect_lane_center
    left_line = _fit_lane(np.vstack(left_points)) if left_points else None
TypeError: _fit_lane() missing 2 required positional arguments: 'y_bottom' and 'y_top'

1758341695.684649467 ERROR /lane_tracking_node [topics.py:753(_SubscriberImpl._invoke_callback)] [topics: /rosout, /lane_overlay, /camera/image_raw, /lane/center_offset, /lane/steering_angle] bad callback: <bound method LaneTrackingNode.image_cb of <__main__.LaneTrackingNode object at 0x7f55bef5a1c0>>
Traceback (most recent call last):
  File "/opt/ros/noetic/lib/python3/dist-packages/rospy/topics.py", line 750, in _invoke_callback
    cb(msg)
  File "/home/hyeongseon/catkin_ws/src/lane_tracking_pkg/scripts/lane_tracking_node.py", line 99, in image_cb
    self.handle_frame(frame, msg.header)
  File "/home/hyeongseon/catkin_ws/src/lane_tracking_pkg/scripts/lane_tracking_node.py", line 111, in handle_frame
    lane_center, roi_overlay = detect_lane_center(edges, roi_color, self.debug)
  File "/home/hyeongseon/catkin_ws/src/lane_tracking_pkg/vision/detector.py", line 63, in detect_lane_center
    left_line = _fit_lane(np.vstack(left_points)) if left_points else None
TypeError: _fit_lane() missing 2 required positional arguments: 'y_bottom' and 'y_top'

1758341695.714003086 ERROR /lane_tracking_node [topics.py:753(_SubscriberImpl._invoke_callback)] [topics: /rosout, /lane_overlay, /camera/image_raw, /lane/center_offset, /lane/steering_angle] bad callback: <bound method LaneTrackingNode.image_cb of <__main__.LaneTrackingNode object at 0x7f55bef5a1c0>>
Traceback (most recent call last):
  File "/opt/ros/noetic/lib/python3/dist-packages/rospy/topics.py", line 750, in _invoke_callback
    cb(msg)
  File "/home/hyeongseon/catkin_ws/src/lane_tracking_pkg/scripts/lane_tracking_node.py", line 99, in image_cb
    self.handle_frame(frame, msg.header)
  File "/home/hyeongseon/catkin_ws/src/lane_tracking_pkg/scripts/lane_tracking_node.py", line 111, in handle_frame
    lane_center, roi_overlay = detect_lane_center(edges, roi_color, self.debug)
  File "/home/hyeongseon/catkin_ws/src/lane_tracking_pkg/vision/detector.py", line 63, in detect_lane_center
    left_line = _fit_lane(np.vstack(left_points)) if left_points else None
TypeError: _fit_lane() missing 2 required positional arguments: 'y_bottom' and 'y_top'

1758341695.771234273 ERROR /lane_tracking_node [topics.py:753(_SubscriberImpl._invoke_callback)] [topics: /rosout, /lane_overlay, /camera/image_raw, /lane/center_offset, /lane/steering_angle] bad callback: <bound method LaneTrackingNode.image_cb of <__main__.LaneTrackingNode object at 0x7f55bef5a1c0>>
Traceback (most recent call last):
  File "/opt/ros/noetic/lib/python3/dist-packages/rospy/topics.py", line 750, in _invoke_callback
    cb(msg)
  File "/home/hyeongseon/catkin_ws/src/lane_tracking_pkg/scripts/lane_tracking_node.py", line 99, in image_cb
    self.handle_frame(frame, msg.header)
  File "/home/hyeongseon/catkin_ws/src/lane_tracking_pkg/scripts/lane_tracking_node.py", line 111, in handle_frame
    lane_center, roi_overlay = detect_lane_center(edges, roi_color, self.debug)
  File "/home/hyeongseon/catkin_ws/src/lane_tracking_pkg/vision/detector.py", line 63, in detect_lane_center
    left_line = _fit_lane(np.vstack(left_points)) if left_points else None
TypeError: _fit_lane() missing 2 required positional arguments: 'y_bottom' and 'y_top'

1758341695.793385982 ERROR /lane_tracking_node [topics.py:753(_SubscriberImpl._invoke_callback)] [topics: /rosout, /lane_overlay, /camera/image_raw, /lane/center_offset, /lane/steering_angle] bad callback: <bound method LaneTrackingNode.image_cb of <__main__.LaneTrackingNode object at 0x7f55bef5a1c0>>
Traceback (most recent call last):
  File "/opt/ros/noetic/lib/python3/dist-packages/rospy/topics.py", line 750, in _invoke_callback
    cb(msg)
  File "/home/hyeongseon/catkin_ws/src/lane_tracking_pkg/scripts/lane_tracking_node.py", line 99, in image_cb
    self.handle_frame(frame, msg.header)
  File "/home/hyeongseon/catkin_ws/src/lane_tracking_pkg/scripts/lane_tracking_node.py", line 111, in handle_frame
    lane_center, roi_overlay = detect_lane_center(edges, roi_color, self.debug)
  File "/home/hyeongseon/catkin_ws/src/lane_tracking_pkg/vision/detector.py", line 63, in detect_lane_center
    left_line = _fit_lane(np.vstack(left_points)) if left_points else None
TypeError: _fit_lane() missing 2 required positional arguments: 'y_bottom' and 'y_top'

1758341695.820562601 ERROR /lane_tracking_node [topics.py:753(_SubscriberImpl._invoke_callback)] [topics: /rosout, /lane_overlay, /camera/image_raw, /lane/center_offset, /lane/steering_angle] bad callback: <bound method LaneTrackingNode.image_cb of <__main__.LaneTrackingNode object at 0x7f55bef5a1c0>>
Traceback (most recent call last):
  File "/opt/ros/noetic/lib/python3/dist-packages/rospy/topics.py", line 750, in _invoke_callback
    cb(msg)
  File "/home/hyeongseon/catkin_ws/src/lane_tracking_pkg/scripts/lane_tracking_node.py", line 99, in image_cb
    self.handle_frame(frame, msg.header)
  File "/home/hyeongseon/catkin_ws/src/lane_tracking_pkg/scripts/lane_tracking_node.py", line 111, in handle_frame
    lane_center, roi_overlay = detect_lane_center(edges, roi_color, self.debug)
  File "/home/hyeongseon/catkin_ws/src/lane_tracking_pkg/vision/detector.py", line 63, in detect_lane_center
    left_line = _fit_lane(np.vstack(left_points)) if left_points else None
TypeError: _fit_lane() missing 2 required positional arguments: 'y_bottom' and 'y_top'

1758341695.851707220 ERROR /lane_tracking_node [topics.py:753(_SubscriberImpl._invoke_callback)] [topics: /rosout, /lane_overlay, /camera/image_raw, /lane/center_offset, /lane/steering_angle] bad callback: <bound method LaneTrackingNode.image_cb of <__main__.LaneTrackingNode object at 0x7f55bef5a1c0>>
Traceback (most recent call last):
  File "/opt/ros/noetic/lib/python3/dist-packages/rospy/topics.py", line 750, in _invoke_callback
    cb(msg)
  File "/home/hyeongseon/catkin_ws/src/lane_tracking_pkg/scripts/lane_tracking_node.py", line 99, in image_cb
    self.handle_frame(frame, msg.header)
  File "/home/hyeongseon/catkin_ws/src/lane_tracking_pkg/scripts/lane_tracking_node.py", line 111, in handle_frame
    lane_center, roi_overlay = detect_lane_center(edges, roi_color, self.debug)
  File "/home/hyeongseon/catkin_ws/src/lane_tracking_pkg/vision/detector.py", line 63, in detect_lane_center
    left_line = _fit_lane(np.vstack(left_points)) if left_points else None
TypeError: _fit_lane() missing 2 required positional arguments: 'y_bottom' and 'y_top'

1758341695.889544963 ERROR /lane_tracking_node [topics.py:753(_SubscriberImpl._invoke_callback)] [topics: /rosout, /lane_overlay, /camera/image_raw, /lane/center_offset, /lane/steering_angle] bad callback: <bound method LaneTrackingNode.image_cb of <__main__.LaneTrackingNode object at 0x7f55bef5a1c0>>
Traceback (most recent call last):
  File "/opt/ros/noetic/lib/python3/dist-packages/rospy/topics.py", line 750, in _invoke_callback
    cb(msg)
  File "/home/hyeongseon/catkin_ws/src/lane_tracking_pkg/scripts/lane_tracking_node.py", line 99, in image_cb
    self.handle_frame(frame, msg.header)
  File "/home/hyeongseon/catkin_ws/src/lane_tracking_pkg/scripts/lane_tracking_node.py", line 111, in handle_frame
    lane_center, roi_overlay = detect_lane_center(edges, roi_color, self.debug)
  File "/home/hyeongseon/catkin_ws/src/lane_tracking_pkg/vision/detector.py", line 63, in detect_lane_center
    left_line = _fit_lane(np.vstack(left_points)) if left_points else None
TypeError: _fit_lane() missing 2 required positional arguments: 'y_bottom' and 'y_top'

1758341695.906676769 ERROR /lane_tracking_node [topics.py:753(_SubscriberImpl._invoke_callback)] [topics: /rosout, /lane_overlay, /camera/image_raw, /lane/center_offset, /lane/steering_angle] bad callback: <bound method LaneTrackingNode.image_cb of <__main__.LaneTrackingNode object at 0x7f55bef5a1c0>>
Traceback (most recent call last):
  File "/opt/ros/noetic/lib/python3/dist-packages/rospy/topics.py", line 750, in _invoke_callback
    cb(msg)
  File "/home/hyeongseon/catkin_ws/src/lane_tracking_pkg/scripts/lane_tracking_node.py", line 99, in image_cb
    self.handle_frame(frame, msg.header)
  File "/home/hyeongseon/catkin_ws/src/lane_tracking_pkg/scripts/lane_tracking_node.py", line 111, in handle_frame
    lane_center, roi_overlay = detect_lane_center(edges, roi_color, self.debug)
  File "/home/hyeongseon/catkin_ws/src/lane_tracking_pkg/vision/detector.py", line 63, in detect_lane_center
    left_line = _fit_lane(np.vstack(left_points)) if left_points else None
TypeError: _fit_lane() missing 2 required positional arguments: 'y_bottom' and 'y_top'

1758341695.968087911 ERROR /lane_tracking_node [topics.py:753(_SubscriberImpl._invoke_callback)] [topics: /rosout, /lane_overlay, /camera/image_raw, /lane/center_offset, /lane/steering_angle] bad callback: <bound method LaneTrackingNode.image_cb of <__main__.LaneTrackingNode object at 0x7f55bef5a1c0>>
Traceback (most recent call last):
  File "/opt/ros/noetic/lib/python3/dist-packages/rospy/topics.py", line 750, in _invoke_callback
    cb(msg)
  File "/home/hyeongseon/catkin_ws/src/lane_tracking_pkg/scripts/lane_tracking_node.py", line 99, in image_cb
    self.handle_frame(frame, msg.header)
  File "/home/hyeongseon/catkin_ws/src/lane_tracking_pkg/scripts/lane_tracking_node.py", line 111, in handle_frame
    lane_center, roi_overlay = detect_lane_center(edges, roi_color, self.debug)
  File "/home/hyeongseon/catkin_ws/src/lane_tracking_pkg/vision/detector.py", line 63, in detect_lane_center
    left_line = _fit_lane(np.vstack(left_points)) if left_points else None
TypeError: _fit_lane() missing 2 required positional arguments: 'y_bottom' and 'y_top'

1758341695.984832525 ERROR /lane_tracking_node [topics.py:753(_SubscriberImpl._invoke_callback)] [topics: /rosout, /lane_overlay, /camera/image_raw, /lane/center_offset, /lane/steering_angle] bad callback: <bound method LaneTrackingNode.image_cb of <__main__.LaneTrackingNode object at 0x7f55bef5a1c0>>
Traceback (most recent call last):
  File "/opt/ros/noetic/lib/python3/dist-packages/rospy/topics.py", line 750, in _invoke_callback
    cb(msg)
  File "/home/hyeongseon/catkin_ws/src/lane_tracking_pkg/scripts/lane_tracking_node.py", line 99, in image_cb
    self.handle_frame(frame, msg.header)
  File "/home/hyeongseon/catkin_ws/src/lane_tracking_pkg/scripts/lane_tracking_node.py", line 111, in handle_frame
    lane_center, roi_overlay = detect_lane_center(edges, roi_color, self.debug)
  File "/home/hyeongseon/catkin_ws/src/lane_tracking_pkg/vision/detector.py", line 63, in detect_lane_center
    left_line = _fit_lane(np.vstack(left_points)) if left_points else None
TypeError: _fit_lane() missing 2 required positional arguments: 'y_bottom' and 'y_top'

1758341696.003916025 ERROR /lane_tracking_node [topics.py:753(_SubscriberImpl._invoke_callback)] [topics: /rosout, /lane_overlay, /camera/image_raw, /lane/center_offset, /lane/steering_angle] bad callback: <bound method LaneTrackingNode.image_cb of <__main__.LaneTrackingNode object at 0x7f55bef5a1c0>>
Traceback (most recent call last):
  File "/opt/ros/noetic/lib/python3/dist-packages/rospy/topics.py", line 750, in _invoke_callback
    cb(msg)
  File "/home/hyeongseon/catkin_ws/src/lane_tracking_pkg/scripts/lane_tracking_node.py", line 99, in image_cb
    self.handle_frame(frame, msg.header)
  File "/home/hyeongseon/catkin_ws/src/lane_tracking_pkg/scripts/lane_tracking_node.py", line 111, in handle_frame
    lane_center, roi_overlay = detect_lane_center(edges, roi_color, self.debug)
  File "/home/hyeongseon/catkin_ws/src/lane_tracking_pkg/vision/detector.py", line 63, in detect_lane_center
    left_line = _fit_lane(np.vstack(left_points)) if left_points else None
TypeError: _fit_lane() missing 2 required positional arguments: 'y_bottom' and 'y_top'

1758341696.037710428 ERROR /lane_tracking_node [topics.py:753(_SubscriberImpl._invoke_callback)] [topics: /rosout, /lane_overlay, /camera/image_raw, /lane/center_offset, /lane/steering_angle] bad callback: <bound method LaneTrackingNode.image_cb of <__main__.LaneTrackingNode object at 0x7f55bef5a1c0>>
Traceback (most recent call last):
  File "/opt/ros/noetic/lib/python3/dist-packages/rospy/topics.py", line 750, in _invoke_callback
    cb(msg)
  File "/home/hyeongseon/catkin_ws/src/lane_tracking_pkg/scripts/lane_tracking_node.py", line 99, in image_cb
    self.handle_frame(frame, msg.header)
  File "/home/hyeongseon/catkin_ws/src/lane_tracking_pkg/scripts/lane_tracking_node.py", line 111, in handle_frame
    lane_center, roi_overlay = detect_lane_center(edges, roi_color, self.debug)
  File "/home/hyeongseon/catkin_ws/src/lane_tracking_pkg/vision/detector.py", line 63, in detect_lane_center
    left_line = _fit_lane(np.vstack(left_points)) if left_points else None
TypeError: _fit_lane() missing 2 required positional arguments: 'y_bottom' and 'y_top'

1758341696.050130605 ERROR /lane_tracking_node [topics.py:753(_SubscriberImpl._invoke_callback)] [topics: /rosout, /lane_overlay, /camera/image_raw, /lane/center_offset, /lane/steering_angle] bad callback: <bound method LaneTrackingNode.image_cb of <__main__.LaneTrackingNode object at 0x7f55bef5a1c0>>
Traceback (most recent call last):
  File "/opt/ros/noetic/lib/python3/dist-packages/rospy/topics.py", line 750, in _invoke_callback
    cb(msg)
  File "/home/hyeongseon/catkin_ws/src/lane_tracking_pkg/scripts/lane_tracking_node.py", line 99, in image_cb
    self.handle_frame(frame, msg.header)
  File "/home/hyeongseon/catkin_ws/src/lane_tracking_pkg/scripts/lane_tracking_node.py", line 111, in handle_frame
    lane_center, roi_overlay = detect_lane_center(edges, roi_color, self.debug)
  File "/home/hyeongseon/catkin_ws/src/lane_tracking_pkg/vision/detector.py", line 63, in detect_lane_center
    left_line = _fit_lane(np.vstack(left_points)) if left_points else None
TypeError: _fit_lane() missing 2 required positional arguments: 'y_bottom' and 'y_top'

1758341696.109857082 ERROR /lane_tracking_node [topics.py:753(_SubscriberImpl._invoke_callback)] [topics: /rosout, /lane_overlay, /camera/image_raw, /lane/center_offset, /lane/steering_angle] bad callback: <bound method LaneTrackingNode.image_cb of <__main__.LaneTrackingNode object at 0x7f55bef5a1c0>>
Traceback (most recent call last):
  File "/opt/ros/noetic/lib/python3/dist-packages/rospy/topics.py", line 750, in _invoke_callback
    cb(msg)
  File "/home/hyeongseon/catkin_ws/src/lane_tracking_pkg/scripts/lane_tracking_node.py", line 99, in image_cb
    self.handle_frame(frame, msg.header)
  File "/home/hyeongseon/catkin_ws/src/lane_tracking_pkg/scripts/lane_tracking_node.py", line 111, in handle_frame
    lane_center, roi_overlay = detect_lane_center(edges, roi_color, self.debug)
  File "/home/hyeongseon/catkin_ws/src/lane_tracking_pkg/vision/detector.py", line 63, in detect_lane_center
    left_line = _fit_lane(np.vstack(left_points)) if left_points else None
TypeError: _fit_lane() missing 2 required positional arguments: 'y_bottom' and 'y_top'

1758341696.141052484 ERROR /lane_tracking_node [topics.py:753(_SubscriberImpl._invoke_callback)] [topics: /rosout, /lane_overlay, /camera/image_raw, /lane/center_offset, /lane/steering_angle] bad callback: <bound method LaneTrackingNode.image_cb of <__main__.LaneTrackingNode object at 0x7f55bef5a1c0>>
Traceback (most recent call last):
  File "/opt/ros/noetic/lib/python3/dist-packages/rospy/topics.py", line 750, in _invoke_callback
    cb(msg)
  File "/home/hyeongseon/catkin_ws/src/lane_tracking_pkg/scripts/lane_tracking_node.py", line 99, in image_cb
    self.handle_frame(frame, msg.header)
  File "/home/hyeongseon/catkin_ws/src/lane_tracking_pkg/scripts/lane_tracking_node.py", line 111, in handle_frame
    lane_center, roi_overlay = detect_lane_center(edges, roi_color, self.debug)
  File "/home/hyeongseon/catkin_ws/src/lane_tracking_pkg/vision/detector.py", line 63, in detect_lane_center
    left_line = _fit_lane(np.vstack(left_points)) if left_points else None
TypeError: _fit_lane() missing 2 required positional arguments: 'y_bottom' and 'y_top'

1758341696.174514532 ERROR /lane_tracking_node [topics.py:753(_SubscriberImpl._invoke_callback)] [topics: /rosout, /lane_overlay, /camera/image_raw, /lane/center_offset, /lane/steering_angle] bad callback: <bound method LaneTrackingNode.image_cb of <__main__.LaneTrackingNode object at 0x7f55bef5a1c0>>
Traceback (most recent call last):
  File "/opt/ros/noetic/lib/python3/dist-packages/rospy/topics.py", line 750, in _invoke_callback
    cb(msg)
  File "/home/hyeongseon/catkin_ws/src/lane_tracking_pkg/scripts/lane_tracking_node.py", line 99, in image_cb
    self.handle_frame(frame, msg.header)
  File "/home/hyeongseon/catkin_ws/src/lane_tracking_pkg/scripts/lane_tracking_node.py", line 111, in handle_frame
    lane_center, roi_overlay = detect_lane_center(edges, roi_color, self.debug)
  File "/home/hyeongseon/catkin_ws/src/lane_tracking_pkg/vision/detector.py", line 63, in detect_lane_center
    left_line = _fit_lane(np.vstack(left_points)) if left_points else None
TypeError: _fit_lane() missing 2 required positional arguments: 'y_bottom' and 'y_top'

1758341696.199620008 ERROR /lane_tracking_node [topics.py:753(_SubscriberImpl._invoke_callback)] [topics: /rosout, /lane_overlay, /camera/image_raw, /lane/center_offset, /lane/steering_angle] bad callback: <bound method LaneTrackingNode.image_cb of <__main__.LaneTrackingNode object at 0x7f55bef5a1c0>>
Traceback (most recent call last):
  File "/opt/ros/noetic/lib/python3/dist-packages/rospy/topics.py", line 750, in _invoke_callback
    cb(msg)
  File "/home/hyeongseon/catkin_ws/src/lane_tracking_pkg/scripts/lane_tracking_node.py", line 99, in image_cb
    self.handle_frame(frame, msg.header)
  File "/home/hyeongseon/catkin_ws/src/lane_tracking_pkg/scripts/lane_tracking_node.py", line 111, in handle_frame
    lane_center, roi_overlay = detect_lane_center(edges, roi_color, self.debug)
  File "/home/hyeongseon/catkin_ws/src/lane_tracking_pkg/vision/detector.py", line 63, in detect_lane_center
    left_line = _fit_lane(np.vstack(left_points)) if left_points else None
TypeError: _fit_lane() missing 2 required positional arguments: 'y_bottom' and 'y_top'

1758341696.237086057 ERROR /lane_tracking_node [topics.py:753(_SubscriberImpl._invoke_callback)] [topics: /rosout, /lane_overlay, /camera/image_raw, /lane/center_offset, /lane/steering_angle] bad callback: <bound method LaneTrackingNode.image_cb of <__main__.LaneTrackingNode object at 0x7f55bef5a1c0>>
Traceback (most recent call last):
  File "/opt/ros/noetic/lib/python3/dist-packages/rospy/topics.py", line 750, in _invoke_callback
    cb(msg)
  File "/home/hyeongseon/catkin_ws/src/lane_tracking_pkg/scripts/lane_tracking_node.py", line 99, in image_cb
    self.handle_frame(frame, msg.header)
  File "/home/hyeongseon/catkin_ws/src/lane_tracking_pkg/scripts/lane_tracking_node.py", line 111, in handle_frame
    lane_center, roi_overlay = detect_lane_center(edges, roi_color, self.debug)
  File "/home/hyeongseon/catkin_ws/src/lane_tracking_pkg/vision/detector.py", line 63, in detect_lane_center
    left_line = _fit_lane(np.vstack(left_points)) if left_points else None
TypeError: _fit_lane() missing 2 required positional arguments: 'y_bottom' and 'y_top'

1758341696.288722038 ERROR /lane_tracking_node [topics.py:753(_SubscriberImpl._invoke_callback)] [topics: /rosout, /lane_overlay, /camera/image_raw, /lane/center_offset, /lane/steering_angle] bad callback: <bound method LaneTrackingNode.image_cb of <__main__.LaneTrackingNode object at 0x7f55bef5a1c0>>
Traceback (most recent call last):
  File "/opt/ros/noetic/lib/python3/dist-packages/rospy/topics.py", line 750, in _invoke_callback
    cb(msg)
  File "/home/hyeongseon/catkin_ws/src/lane_tracking_pkg/scripts/lane_tracking_node.py", line 99, in image_cb
    self.handle_frame(frame, msg.header)
  File "/home/hyeongseon/catkin_ws/src/lane_tracking_pkg/scripts/lane_tracking_node.py", line 111, in handle_frame
    lane_center, roi_overlay = detect_lane_center(edges, roi_color, self.debug)
  File "/home/hyeongseon/catkin_ws/src/lane_tracking_pkg/vision/detector.py", line 63, in detect_lane_center
    left_line = _fit_lane(np.vstack(left_points)) if left_points else None
TypeError: _fit_lane() missing 2 required positional arguments: 'y_bottom' and 'y_top'

1758341696.310649156 ERROR /lane_tracking_node [topics.py:753(_SubscriberImpl._invoke_callback)] [topics: /rosout, /lane_overlay, /camera/image_raw, /lane/center_offset, /lane/steering_angle] bad callback: <bound method LaneTrackingNode.image_cb of <__main__.LaneTrackingNode object at 0x7f55bef5a1c0>>
Traceback (most recent call last):
  File "/opt/ros/noetic/lib/python3/dist-packages/rospy/topics.py", line 750, in _invoke_callback
    cb(msg)
  File "/home/hyeongseon/catkin_ws/src/lane_tracking_pkg/scripts/lane_tracking_node.py", line 99, in image_cb
    self.handle_frame(frame, msg.header)
  File "/home/hyeongseon/catkin_ws/src/lane_tracking_pkg/scripts/lane_tracking_node.py", line 111, in handle_frame
    lane_center, roi_overlay = detect_lane_center(edges, roi_color, self.debug)
  File "/home/hyeongseon/catkin_ws/src/lane_tracking_pkg/vision/detector.py", line 63, in detect_lane_center
    left_line = _fit_lane(np.vstack(left_points)) if left_points else None
TypeError: _fit_lane() missing 2 required positional arguments: 'y_bottom' and 'y_top'

1758341696.346193552 ERROR /lane_tracking_node [topics.py:753(_SubscriberImpl._invoke_callback)] [topics: /rosout, /lane_overlay, /camera/image_raw, /lane/center_offset, /lane/steering_angle] bad callback: <bound method LaneTrackingNode.image_cb of <__main__.LaneTrackingNode object at 0x7f55bef5a1c0>>
Traceback (most recent call last):
  File "/opt/ros/noetic/lib/python3/dist-packages/rospy/topics.py", line 750, in _invoke_callback
    cb(msg)
  File "/home/hyeongseon/catkin_ws/src/lane_tracking_pkg/scripts/lane_tracking_node.py", line 99, in image_cb
    self.handle_frame(frame, msg.header)
  File "/home/hyeongseon/catkin_ws/src/lane_tracking_pkg/scripts/lane_tracking_node.py", line 111, in handle_frame
    lane_center, roi_overlay = detect_lane_center(edges, roi_color, self.debug)
  File "/home/hyeongseon/catkin_ws/src/lane_tracking_pkg/vision/detector.py", line 63, in detect_lane_center
    left_line = _fit_lane(np.vstack(left_points)) if left_points else None
TypeError: _fit_lane() missing 2 required positional arguments: 'y_bottom' and 'y_top'

1758341696.357867240 ERROR /lane_tracking_node [topics.py:753(_SubscriberImpl._invoke_callback)] [topics: /rosout, /lane_overlay, /camera/image_raw, /lane/center_offset, /lane/steering_angle] bad callback: <bound method LaneTrackingNode.image_cb of <__main__.LaneTrackingNode object at 0x7f55bef5a1c0>>
Traceback (most recent call last):
  File "/opt/ros/noetic/lib/python3/dist-packages/rospy/topics.py", line 750, in _invoke_callback
    cb(msg)
  File "/home/hyeongseon/catkin_ws/src/lane_tracking_pkg/scripts/lane_tracking_node.py", line 99, in image_cb
    self.handle_frame(frame, msg.header)
  File "/home/hyeongseon/catkin_ws/src/lane_tracking_pkg/scripts/lane_tracking_node.py", line 111, in handle_frame
    lane_center, roi_overlay = detect_lane_center(edges, roi_color, self.debug)
  File "/home/hyeongseon/catkin_ws/src/lane_tracking_pkg/vision/detector.py", line 63, in detect_lane_center
    left_line = _fit_lane(np.vstack(left_points)) if left_points else None
TypeError: _fit_lane() missing 2 required positional arguments: 'y_bottom' and 'y_top'

1758341696.411391973 ERROR /lane_tracking_node [topics.py:753(_SubscriberImpl._invoke_callback)] [topics: /rosout, /lane_overlay, /camera/image_raw, /lane/center_offset, /lane/steering_angle] bad callback: <bound method LaneTrackingNode.image_cb of <__main__.LaneTrackingNode object at 0x7f55bef5a1c0>>
Traceback (most recent call last):
  File "/opt/ros/noetic/lib/python3/dist-packages/rospy/topics.py", line 750, in _invoke_callback
    cb(msg)
  File "/home/hyeongseon/catkin_ws/src/lane_tracking_pkg/scripts/lane_tracking_node.py", line 99, in image_cb
    self.handle_frame(frame, msg.header)
  File "/home/hyeongseon/catkin_ws/src/lane_tracking_pkg/scripts/lane_tracking_node.py", line 111, in handle_frame
    lane_center, roi_overlay = detect_lane_center(edges, roi_color, self.debug)
  File "/home/hyeongseon/catkin_ws/src/lane_tracking_pkg/vision/detector.py", line 63, in detect_lane_center
    left_line = _fit_lane(np.vstack(left_points)) if left_points else None
TypeError: _fit_lane() missing 2 required positional arguments: 'y_bottom' and 'y_top'

1758341696.440367698 ERROR /lane_tracking_node [topics.py:753(_SubscriberImpl._invoke_callback)] [topics: /rosout, /lane_overlay, /camera/image_raw, /lane/center_offset, /lane/steering_angle] bad callback: <bound method LaneTrackingNode.image_cb of <__main__.LaneTrackingNode object at 0x7f55bef5a1c0>>
Traceback (most recent call last):
  File "/opt/ros/noetic/lib/python3/dist-packages/rospy/topics.py", line 750, in _invoke_callback
    cb(msg)
  File "/home/hyeongseon/catkin_ws/src/lane_tracking_pkg/scripts/lane_tracking_node.py", line 99, in image_cb
    self.handle_frame(frame, msg.header)
  File "/home/hyeongseon/catkin_ws/src/lane_tracking_pkg/scripts/lane_tracking_node.py", line 111, in handle_frame
    lane_center, roi_overlay = detect_lane_center(edges, roi_color, self.debug)
  File "/home/hyeongseon/catkin_ws/src/lane_tracking_pkg/vision/detector.py", line 63, in detect_lane_center
    left_line = _fit_lane(np.vstack(left_points)) if left_points else None
TypeError: _fit_lane() missing 2 required positional arguments: 'y_bottom' and 'y_top'

1758341696.459133386 ERROR /lane_tracking_node [topics.py:753(_SubscriberImpl._invoke_callback)] [topics: /rosout, /lane_overlay, /camera/image_raw, /lane/center_offset, /lane/steering_angle] bad callback: <bound method LaneTrackingNode.image_cb of <__main__.LaneTrackingNode object at 0x7f55bef5a1c0>>
Traceback (most recent call last):
  File "/opt/ros/noetic/lib/python3/dist-packages/rospy/topics.py", line 750, in _invoke_callback
    cb(msg)
  File "/home/hyeongseon/catkin_ws/src/lane_tracking_pkg/scripts/lane_tracking_node.py", line 99, in image_cb
    self.handle_frame(frame, msg.header)
  File "/home/hyeongseon/catkin_ws/src/lane_tracking_pkg/scripts/lane_tracking_node.py", line 111, in handle_frame
    lane_center, roi_overlay = detect_lane_center(edges, roi_color, self.debug)
  File "/home/hyeongseon/catkin_ws/src/lane_tracking_pkg/vision/detector.py", line 63, in detect_lane_center
    left_line = _fit_lane(np.vstack(left_points)) if left_points else None
TypeError: _fit_lane() missing 2 required positional arguments: 'y_bottom' and 'y_top'

1758341696.485411167 ERROR /lane_tracking_node [topics.py:753(_SubscriberImpl._invoke_callback)] [topics: /rosout, /lane_overlay, /camera/image_raw, /lane/center_offset, /lane/steering_angle] bad callback: <bound method LaneTrackingNode.image_cb of <__main__.LaneTrackingNode object at 0x7f55bef5a1c0>>
Traceback (most recent call last):
  File "/opt/ros/noetic/lib/python3/dist-packages/rospy/topics.py", line 750, in _invoke_callback
    cb(msg)
  File "/home/hyeongseon/catkin_ws/src/lane_tracking_pkg/scripts/lane_tracking_node.py", line 99, in image_cb
    self.handle_frame(frame, msg.header)
  File "/home/hyeongseon/catkin_ws/src/lane_tracking_pkg/scripts/lane_tracking_node.py", line 111, in handle_frame
    lane_center, roi_overlay = detect_lane_center(edges, roi_color, self.debug)
  File "/home/hyeongseon/catkin_ws/src/lane_tracking_pkg/vision/detector.py", line 63, in detect_lane_center
    left_line = _fit_lane(np.vstack(left_points)) if left_points else None
TypeError: _fit_lane() missing 2 required positional arguments: 'y_bottom' and 'y_top'

1758341696.538293600 ERROR /lane_tracking_node [topics.py:753(_SubscriberImpl._invoke_callback)] [topics: /rosout, /lane_overlay, /camera/image_raw, /lane/center_offset, /lane/steering_angle] bad callback: <bound method LaneTrackingNode.image_cb of <__main__.LaneTrackingNode object at 0x7f55bef5a1c0>>
Traceback (most recent call last):
  File "/opt/ros/noetic/lib/python3/dist-packages/rospy/topics.py", line 750, in _invoke_callback
    cb(msg)
  File "/home/hyeongseon/catkin_ws/src/lane_tracking_pkg/scripts/lane_tracking_node.py", line 99, in image_cb
    self.handle_frame(frame, msg.header)
  File "/home/hyeongseon/catkin_ws/src/lane_tracking_pkg/scripts/lane_tracking_node.py", line 111, in handle_frame
    lane_center, roi_overlay = detect_lane_center(edges, roi_color, self.debug)
  File "/home/hyeongseon/catkin_ws/src/lane_tracking_pkg/vision/detector.py", line 63, in detect_lane_center
    left_line = _fit_lane(np.vstack(left_points)) if left_points else None
TypeError: _fit_lane() missing 2 required positional arguments: 'y_bottom' and 'y_top'

1758341696.573551416 ERROR /lane_tracking_node [topics.py:753(_SubscriberImpl._invoke_callback)] [topics: /rosout, /lane_overlay, /camera/image_raw, /lane/center_offset, /lane/steering_angle] bad callback: <bound method LaneTrackingNode.image_cb of <__main__.LaneTrackingNode object at 0x7f55bef5a1c0>>
Traceback (most recent call last):
  File "/opt/ros/noetic/lib/python3/dist-packages/rospy/topics.py", line 750, in _invoke_callback
    cb(msg)
  File "/home/hyeongseon/catkin_ws/src/lane_tracking_pkg/scripts/lane_tracking_node.py", line 99, in image_cb
    self.handle_frame(frame, msg.header)
  File "/home/hyeongseon/catkin_ws/src/lane_tracking_pkg/scripts/lane_tracking_node.py", line 111, in handle_frame
    lane_center, roi_overlay = detect_lane_center(edges, roi_color, self.debug)
  File "/home/hyeongseon/catkin_ws/src/lane_tracking_pkg/vision/detector.py", line 63, in detect_lane_center
    left_line = _fit_lane(np.vstack(left_points)) if left_points else None
TypeError: _fit_lane() missing 2 required positional arguments: 'y_bottom' and 'y_top'

1758341696.613036394 ERROR /lane_tracking_node [topics.py:753(_SubscriberImpl._invoke_callback)] [topics: /rosout, /lane_overlay, /camera/image_raw, /lane/center_offset, /lane/steering_angle] bad callback: <bound method LaneTrackingNode.image_cb of <__main__.LaneTrackingNode object at 0x7f55bef5a1c0>>
Traceback (most recent call last):
  File "/opt/ros/noetic/lib/python3/dist-packages/rospy/topics.py", line 750, in _invoke_callback
    cb(msg)
  File "/home/hyeongseon/catkin_ws/src/lane_tracking_pkg/scripts/lane_tracking_node.py", line 99, in image_cb
    self.handle_frame(frame, msg.header)
  File "/home/hyeongseon/catkin_ws/src/lane_tracking_pkg/scripts/lane_tracking_node.py", line 111, in handle_frame
    lane_center, roi_overlay = detect_lane_center(edges, roi_color, self.debug)
  File "/home/hyeongseon/catkin_ws/src/lane_tracking_pkg/vision/detector.py", line 63, in detect_lane_center
    left_line = _fit_lane(np.vstack(left_points)) if left_points else None
TypeError: _fit_lane() missing 2 required positional arguments: 'y_bottom' and 'y_top'

1758341696.624863147 ERROR /lane_tracking_node [topics.py:753(_SubscriberImpl._invoke_callback)] [topics: /rosout, /lane_overlay, /camera/image_raw, /lane/center_offset, /lane/steering_angle] bad callback: <bound method LaneTrackingNode.image_cb of <__main__.LaneTrackingNode object at 0x7f55bef5a1c0>>
Traceback (most recent call last):
  File "/opt/ros/noetic/lib/python3/dist-packages/rospy/topics.py", line 750, in _invoke_callback
    cb(msg)
  File "/home/hyeongseon/catkin_ws/src/lane_tracking_pkg/scripts/lane_tracking_node.py", line 99, in image_cb
    self.handle_frame(frame, msg.header)
  File "/home/hyeongseon/catkin_ws/src/lane_tracking_pkg/scripts/lane_tracking_node.py", line 111, in handle_frame
    lane_center, roi_overlay = detect_lane_center(edges, roi_color, self.debug)
  File "/home/hyeongseon/catkin_ws/src/lane_tracking_pkg/vision/detector.py", line 63, in detect_lane_center
    left_line = _fit_lane(np.vstack(left_points)) if left_points else None
TypeError: _fit_lane() missing 2 required positional arguments: 'y_bottom' and 'y_top'

1758341696.646638393 ERROR /lane_tracking_node [topics.py:753(_SubscriberImpl._invoke_callback)] [topics: /rosout, /lane_overlay, /camera/image_raw, /lane/center_offset, /lane/steering_angle] bad callback: <bound method LaneTrackingNode.image_cb of <__main__.LaneTrackingNode object at 0x7f55bef5a1c0>>
Traceback (most recent call last):
  File "/opt/ros/noetic/lib/python3/dist-packages/rospy/topics.py", line 750, in _invoke_callback
    cb(msg)
  File "/home/hyeongseon/catkin_ws/src/lane_tracking_pkg/scripts/lane_tracking_node.py", line 99, in image_cb
    self.handle_frame(frame, msg.header)
  File "/home/hyeongseon/catkin_ws/src/lane_tracking_pkg/scripts/lane_tracking_node.py", line 111, in handle_frame
    lane_center, roi_overlay = detect_lane_center(edges, roi_color, self.debug)
  File "/home/hyeongseon/catkin_ws/src/lane_tracking_pkg/vision/detector.py", line 63, in detect_lane_center
    left_line = _fit_lane(np.vstack(left_points)) if left_points else None
TypeError: _fit_lane() missing 2 required positional arguments: 'y_bottom' and 'y_top'

1758341696.700956821 ERROR /lane_tracking_node [topics.py:753(_SubscriberImpl._invoke_callback)] [topics: /rosout, /lane_overlay, /camera/image_raw, /lane/center_offset, /lane/steering_angle] bad callback: <bound method LaneTrackingNode.image_cb of <__main__.LaneTrackingNode object at 0x7f55bef5a1c0>>
Traceback (most recent call last):
  File "/opt/ros/noetic/lib/python3/dist-packages/rospy/topics.py", line 750, in _invoke_callback
    cb(msg)
  File "/home/hyeongseon/catkin_ws/src/lane_tracking_pkg/scripts/lane_tracking_node.py", line 99, in image_cb
    self.handle_frame(frame, msg.header)
  File "/home/hyeongseon/catkin_ws/src/lane_tracking_pkg/scripts/lane_tracking_node.py", line 111, in handle_frame
    lane_center, roi_overlay = detect_lane_center(edges, roi_color, self.debug)
  File "/home/hyeongseon/catkin_ws/src/lane_tracking_pkg/vision/detector.py", line 63, in detect_lane_center
    left_line = _fit_lane(np.vstack(left_points)) if left_points else None
TypeError: _fit_lane() missing 2 required positional arguments: 'y_bottom' and 'y_top'

1758341696.739710807 ERROR /lane_tracking_node [topics.py:753(_SubscriberImpl._invoke_callback)] [topics: /rosout, /lane_overlay, /camera/image_raw, /lane/center_offset, /lane/steering_angle] bad callback: <bound method LaneTrackingNode.image_cb of <__main__.LaneTrackingNode object at 0x7f55bef5a1c0>>
Traceback (most recent call last):
  File "/opt/ros/noetic/lib/python3/dist-packages/rospy/topics.py", line 750, in _invoke_callback
    cb(msg)
  File "/home/hyeongseon/catkin_ws/src/lane_tracking_pkg/scripts/lane_tracking_node.py", line 99, in image_cb
    self.handle_frame(frame, msg.header)
  File "/home/hyeongseon/catkin_ws/src/lane_tracking_pkg/scripts/lane_tracking_node.py", line 111, in handle_frame
    lane_center, roi_overlay = detect_lane_center(edges, roi_color, self.debug)
  File "/home/hyeongseon/catkin_ws/src/lane_tracking_pkg/vision/detector.py", line 63, in detect_lane_center
    left_line = _fit_lane(np.vstack(left_points)) if left_points else None
TypeError: _fit_lane() missing 2 required positional arguments: 'y_bottom' and 'y_top'

1758341696.758826494 ERROR /lane_tracking_node [topics.py:753(_SubscriberImpl._invoke_callback)] [topics: /rosout, /lane_overlay, /camera/image_raw, /lane/center_offset, /lane/steering_angle] bad callback: <bound method LaneTrackingNode.image_cb of <__main__.LaneTrackingNode object at 0x7f55bef5a1c0>>
Traceback (most recent call last):
  File "/opt/ros/noetic/lib/python3/dist-packages/rospy/topics.py", line 750, in _invoke_callback
    cb(msg)
  File "/home/hyeongseon/catkin_ws/src/lane_tracking_pkg/scripts/lane_tracking_node.py", line 99, in image_cb
    self.handle_frame(frame, msg.header)
  File "/home/hyeongseon/catkin_ws/src/lane_tracking_pkg/scripts/lane_tracking_node.py", line 111, in handle_frame
    lane_center, roi_overlay = detect_lane_center(edges, roi_color, self.debug)
  File "/home/hyeongseon/catkin_ws/src/lane_tracking_pkg/vision/detector.py", line 63, in detect_lane_center
    left_line = _fit_lane(np.vstack(left_points)) if left_points else None
TypeError: _fit_lane() missing 2 required positional arguments: 'y_bottom' and 'y_top'

1758341696.780185699 ERROR /lane_tracking_node [topics.py:753(_SubscriberImpl._invoke_callback)] [topics: /rosout, /lane_overlay, /camera/image_raw, /lane/center_offset, /lane/steering_angle] bad callback: <bound method LaneTrackingNode.image_cb of <__main__.LaneTrackingNode object at 0x7f55bef5a1c0>>
Traceback (most recent call last):
  File "/opt/ros/noetic/lib/python3/dist-packages/rospy/topics.py", line 750, in _invoke_callback
    cb(msg)
  File "/home/hyeongseon/catkin_ws/src/lane_tracking_pkg/scripts/lane_tracking_node.py", line 99, in image_cb
    self.handle_frame(frame, msg.header)
  File "/home/hyeongseon/catkin_ws/src/lane_tracking_pkg/scripts/lane_tracking_node.py", line 111, in handle_frame
    lane_center, roi_overlay = detect_lane_center(edges, roi_color, self.debug)
  File "/home/hyeongseon/catkin_ws/src/lane_tracking_pkg/vision/detector.py", line 63, in detect_lane_center
    left_line = _fit_lane(np.vstack(left_points)) if left_points else None
TypeError: _fit_lane() missing 2 required positional arguments: 'y_bottom' and 'y_top'

1758341696.833562850 ERROR /lane_tracking_node [topics.py:753(_SubscriberImpl._invoke_callback)] [topics: /rosout, /lane_overlay, /camera/image_raw, /lane/center_offset, /lane/steering_angle] bad callback: <bound method LaneTrackingNode.image_cb of <__main__.LaneTrackingNode object at 0x7f55bef5a1c0>>
Traceback (most recent call last):
  File "/opt/ros/noetic/lib/python3/dist-packages/rospy/topics.py", line 750, in _invoke_callback
    cb(msg)
  File "/home/hyeongseon/catkin_ws/src/lane_tracking_pkg/scripts/lane_tracking_node.py", line 99, in image_cb
    self.handle_frame(frame, msg.header)
  File "/home/hyeongseon/catkin_ws/src/lane_tracking_pkg/scripts/lane_tracking_node.py", line 111, in handle_frame
    lane_center, roi_overlay = detect_lane_center(edges, roi_color, self.debug)
  File "/home/hyeongseon/catkin_ws/src/lane_tracking_pkg/vision/detector.py", line 63, in detect_lane_center
    left_line = _fit_lane(np.vstack(left_points)) if left_points else None
TypeError: _fit_lane() missing 2 required positional arguments: 'y_bottom' and 'y_top'

1758341696.880082368 ERROR /lane_tracking_node [topics.py:753(_SubscriberImpl._invoke_callback)] [topics: /rosout, /lane_overlay, /camera/image_raw, /lane/center_offset, /lane/steering_angle] bad callback: <bound method LaneTrackingNode.image_cb of <__main__.LaneTrackingNode object at 0x7f55bef5a1c0>>
Traceback (most recent call last):
  File "/opt/ros/noetic/lib/python3/dist-packages/rospy/topics.py", line 750, in _invoke_callback
    cb(msg)
  File "/home/hyeongseon/catkin_ws/src/lane_tracking_pkg/scripts/lane_tracking_node.py", line 99, in image_cb
    self.handle_frame(frame, msg.header)
  File "/home/hyeongseon/catkin_ws/src/lane_tracking_pkg/scripts/lane_tracking_node.py", line 111, in handle_frame
    lane_center, roi_overlay = detect_lane_center(edges, roi_color, self.debug)
  File "/home/hyeongseon/catkin_ws/src/lane_tracking_pkg/vision/detector.py", line 63, in detect_lane_center
    left_line = _fit_lane(np.vstack(left_points)) if left_points else None
TypeError: _fit_lane() missing 2 required positional arguments: 'y_bottom' and 'y_top'

1758341696.910076856 ERROR /lane_tracking_node [topics.py:753(_SubscriberImpl._invoke_callback)] [topics: /rosout, /lane_overlay, /camera/image_raw, /lane/center_offset, /lane/steering_angle] bad callback: <bound method LaneTrackingNode.image_cb of <__main__.LaneTrackingNode object at 0x7f55bef5a1c0>>
Traceback (most recent call last):
  File "/opt/ros/noetic/lib/python3/dist-packages/rospy/topics.py", line 750, in _invoke_callback
    cb(msg)
  File "/home/hyeongseon/catkin_ws/src/lane_tracking_pkg/scripts/lane_tracking_node.py", line 99, in image_cb
    self.handle_frame(frame, msg.header)
  File "/home/hyeongseon/catkin_ws/src/lane_tracking_pkg/scripts/lane_tracking_node.py", line 111, in handle_frame
    lane_center, roi_overlay = detect_lane_center(edges, roi_color, self.debug)
  File "/home/hyeongseon/catkin_ws/src/lane_tracking_pkg/vision/detector.py", line 63, in detect_lane_center
    left_line = _fit_lane(np.vstack(left_points)) if left_points else None
TypeError: _fit_lane() missing 2 required positional arguments: 'y_bottom' and 'y_top'

1758341696.933319330 ERROR /lane_tracking_node [topics.py:753(_SubscriberImpl._invoke_callback)] [topics: /rosout, /lane_overlay, /camera/image_raw, /lane/center_offset, /lane/steering_angle] bad callback: <bound method LaneTrackingNode.image_cb of <__main__.LaneTrackingNode object at 0x7f55bef5a1c0>>
Traceback (most recent call last):
  File "/opt/ros/noetic/lib/python3/dist-packages/rospy/topics.py", line 750, in _invoke_callback
    cb(msg)
  File "/home/hyeongseon/catkin_ws/src/lane_tracking_pkg/scripts/lane_tracking_node.py", line 99, in image_cb
    self.handle_frame(frame, msg.header)
  File "/home/hyeongseon/catkin_ws/src/lane_tracking_pkg/scripts/lane_tracking_node.py", line 111, in handle_frame
    lane_center, roi_overlay = detect_lane_center(edges, roi_color, self.debug)
  File "/home/hyeongseon/catkin_ws/src/lane_tracking_pkg/vision/detector.py", line 63, in detect_lane_center
    left_line = _fit_lane(np.vstack(left_points)) if left_points else None
TypeError: _fit_lane() missing 2 required positional arguments: 'y_bottom' and 'y_top'

1758341696.968634843 ERROR /lane_tracking_node [topics.py:753(_SubscriberImpl._invoke_callback)] [topics: /rosout, /lane_overlay, /camera/image_raw, /lane/center_offset, /lane/steering_angle] bad callback: <bound method LaneTrackingNode.image_cb of <__main__.LaneTrackingNode object at 0x7f55bef5a1c0>>
Traceback (most recent call last):
  File "/opt/ros/noetic/lib/python3/dist-packages/rospy/topics.py", line 750, in _invoke_callback
    cb(msg)
  File "/home/hyeongseon/catkin_ws/src/lane_tracking_pkg/scripts/lane_tracking_node.py", line 99, in image_cb
    self.handle_frame(frame, msg.header)
  File "/home/hyeongseon/catkin_ws/src/lane_tracking_pkg/scripts/lane_tracking_node.py", line 111, in handle_frame
    lane_center, roi_overlay = detect_lane_center(edges, roi_color, self.debug)
  File "/home/hyeongseon/catkin_ws/src/lane_tracking_pkg/vision/detector.py", line 63, in detect_lane_center
    left_line = _fit_lane(np.vstack(left_points)) if left_points else None
TypeError: _fit_lane() missing 2 required positional arguments: 'y_bottom' and 'y_top'

1758341697.012064695 ERROR /lane_tracking_node [topics.py:753(_SubscriberImpl._invoke_callback)] [topics: /rosout, /lane_overlay, /camera/image_raw, /lane/center_offset, /lane/steering_angle] bad callback: <bound method LaneTrackingNode.image_cb of <__main__.LaneTrackingNode object at 0x7f55bef5a1c0>>
Traceback (most recent call last):
  File "/opt/ros/noetic/lib/python3/dist-packages/rospy/topics.py", line 750, in _invoke_callback
    cb(msg)
  File "/home/hyeongseon/catkin_ws/src/lane_tracking_pkg/scripts/lane_tracking_node.py", line 99, in image_cb
    self.handle_frame(frame, msg.header)
  File "/home/hyeongseon/catkin_ws/src/lane_tracking_pkg/scripts/lane_tracking_node.py", line 111, in handle_frame
    lane_center, roi_overlay = detect_lane_center(edges, roi_color, self.debug)
  File "/home/hyeongseon/catkin_ws/src/lane_tracking_pkg/vision/detector.py", line 63, in detect_lane_center
    left_line = _fit_lane(np.vstack(left_points)) if left_points else None
TypeError: _fit_lane() missing 2 required positional arguments: 'y_bottom' and 'y_top'

1758341697.038304805 ERROR /lane_tracking_node [topics.py:753(_SubscriberImpl._invoke_callback)] [topics: /rosout, /lane_overlay, /camera/image_raw, /lane/center_offset, /lane/steering_angle] bad callback: <bound method LaneTrackingNode.image_cb of <__main__.LaneTrackingNode object at 0x7f55bef5a1c0>>
Traceback (most recent call last):
  File "/opt/ros/noetic/lib/python3/dist-packages/rospy/topics.py", line 750, in _invoke_callback
    cb(msg)
  File "/home/hyeongseon/catkin_ws/src/lane_tracking_pkg/scripts/lane_tracking_node.py", line 99, in image_cb
    self.handle_frame(frame, msg.header)
  File "/home/hyeongseon/catkin_ws/src/lane_tracking_pkg/scripts/lane_tracking_node.py", line 111, in handle_frame
    lane_center, roi_overlay = detect_lane_center(edges, roi_color, self.debug)
  File "/home/hyeongseon/catkin_ws/src/lane_tracking_pkg/vision/detector.py", line 63, in detect_lane_center
    left_line = _fit_lane(np.vstack(left_points)) if left_points else None
TypeError: _fit_lane() missing 2 required positional arguments: 'y_bottom' and 'y_top'

1758341697.054966211 ERROR /lane_tracking_node [topics.py:753(_SubscriberImpl._invoke_callback)] [topics: /rosout, /lane_overlay, /camera/image_raw, /lane/center_offset, /lane/steering_angle] bad callback: <bound method LaneTrackingNode.image_cb of <__main__.LaneTrackingNode object at 0x7f55bef5a1c0>>
Traceback (most recent call last):
  File "/opt/ros/noetic/lib/python3/dist-packages/rospy/topics.py", line 750, in _invoke_callback
    cb(msg)
  File "/home/hyeongseon/catkin_ws/src/lane_tracking_pkg/scripts/lane_tracking_node.py", line 99, in image_cb
    self.handle_frame(frame, msg.header)
  File "/home/hyeongseon/catkin_ws/src/lane_tracking_pkg/scripts/lane_tracking_node.py", line 111, in handle_frame
    lane_center, roi_overlay = detect_lane_center(edges, roi_color, self.debug)
  File "/home/hyeongseon/catkin_ws/src/lane_tracking_pkg/vision/detector.py", line 63, in detect_lane_center
    left_line = _fit_lane(np.vstack(left_points)) if left_points else None
TypeError: _fit_lane() missing 2 required positional arguments: 'y_bottom' and 'y_top'

1758341697.101134300 ERROR /lane_tracking_node [topics.py:753(_SubscriberImpl._invoke_callback)] [topics: /rosout, /lane_overlay, /camera/image_raw, /lane/center_offset, /lane/steering_angle] bad callback: <bound method LaneTrackingNode.image_cb of <__main__.LaneTrackingNode object at 0x7f55bef5a1c0>>
Traceback (most recent call last):
  File "/opt/ros/noetic/lib/python3/dist-packages/rospy/topics.py", line 750, in _invoke_callback
    cb(msg)
  File "/home/hyeongseon/catkin_ws/src/lane_tracking_pkg/scripts/lane_tracking_node.py", line 99, in image_cb
    self.handle_frame(frame, msg.header)
  File "/home/hyeongseon/catkin_ws/src/lane_tracking_pkg/scripts/lane_tracking_node.py", line 111, in handle_frame
    lane_center, roi_overlay = detect_lane_center(edges, roi_color, self.debug)
  File "/home/hyeongseon/catkin_ws/src/lane_tracking_pkg/vision/detector.py", line 63, in detect_lane_center
    left_line = _fit_lane(np.vstack(left_points)) if left_points else None
TypeError: _fit_lane() missing 2 required positional arguments: 'y_bottom' and 'y_top'

1758341697.143163204 ERROR /lane_tracking_node [topics.py:753(_SubscriberImpl._invoke_callback)] [topics: /rosout, /lane_overlay, /camera/image_raw, /lane/center_offset, /lane/steering_angle] bad callback: <bound method LaneTrackingNode.image_cb of <__main__.LaneTrackingNode object at 0x7f55bef5a1c0>>
Traceback (most recent call last):
  File "/opt/ros/noetic/lib/python3/dist-packages/rospy/topics.py", line 750, in _invoke_callback
    cb(msg)
  File "/home/hyeongseon/catkin_ws/src/lane_tracking_pkg/scripts/lane_tracking_node.py", line 99, in image_cb
    self.handle_frame(frame, msg.header)
  File "/home/hyeongseon/catkin_ws/src/lane_tracking_pkg/scripts/lane_tracking_node.py", line 111, in handle_frame
    lane_center, roi_overlay = detect_lane_center(edges, roi_color, self.debug)
  File "/home/hyeongseon/catkin_ws/src/lane_tracking_pkg/vision/detector.py", line 63, in detect_lane_center
    left_line = _fit_lane(np.vstack(left_points)) if left_points else None
TypeError: _fit_lane() missing 2 required positional arguments: 'y_bottom' and 'y_top'

1758341697.158740043 ERROR /lane_tracking_node [topics.py:753(_SubscriberImpl._invoke_callback)] [topics: /rosout, /lane_overlay, /camera/image_raw, /lane/center_offset, /lane/steering_angle] bad callback: <bound method LaneTrackingNode.image_cb of <__main__.LaneTrackingNode object at 0x7f55bef5a1c0>>
Traceback (most recent call last):
  File "/opt/ros/noetic/lib/python3/dist-packages/rospy/topics.py", line 750, in _invoke_callback
    cb(msg)
  File "/home/hyeongseon/catkin_ws/src/lane_tracking_pkg/scripts/lane_tracking_node.py", line 99, in image_cb
    self.handle_frame(frame, msg.header)
  File "/home/hyeongseon/catkin_ws/src/lane_tracking_pkg/scripts/lane_tracking_node.py", line 111, in handle_frame
    lane_center, roi_overlay = detect_lane_center(edges, roi_color, self.debug)
  File "/home/hyeongseon/catkin_ws/src/lane_tracking_pkg/vision/detector.py", line 63, in detect_lane_center
    left_line = _fit_lane(np.vstack(left_points)) if left_points else None
TypeError: _fit_lane() missing 2 required positional arguments: 'y_bottom' and 'y_top'

1758341697.185647010 ERROR /lane_tracking_node [topics.py:753(_SubscriberImpl._invoke_callback)] [topics: /rosout, /lane_overlay, /camera/image_raw, /lane/center_offset, /lane/steering_angle] bad callback: <bound method LaneTrackingNode.image_cb of <__main__.LaneTrackingNode object at 0x7f55bef5a1c0>>
Traceback (most recent call last):
  File "/opt/ros/noetic/lib/python3/dist-packages/rospy/topics.py", line 750, in _invoke_callback
    cb(msg)
  File "/home/hyeongseon/catkin_ws/src/lane_tracking_pkg/scripts/lane_tracking_node.py", line 99, in image_cb
    self.handle_frame(frame, msg.header)
  File "/home/hyeongseon/catkin_ws/src/lane_tracking_pkg/scripts/lane_tracking_node.py", line 111, in handle_frame
    lane_center, roi_overlay = detect_lane_center(edges, roi_color, self.debug)
  File "/home/hyeongseon/catkin_ws/src/lane_tracking_pkg/vision/detector.py", line 63, in detect_lane_center
    left_line = _fit_lane(np.vstack(left_points)) if left_points else None
TypeError: _fit_lane() missing 2 required positional arguments: 'y_bottom' and 'y_top'

1758341697.261908054 ERROR /lane_tracking_node [topics.py:753(_SubscriberImpl._invoke_callback)] [topics: /rosout, /lane_overlay, /camera/image_raw, /lane/center_offset, /lane/steering_angle] bad callback: <bound method LaneTrackingNode.image_cb of <__main__.LaneTrackingNode object at 0x7f55bef5a1c0>>
Traceback (most recent call last):
  File "/opt/ros/noetic/lib/python3/dist-packages/rospy/topics.py", line 750, in _invoke_callback
    cb(msg)
  File "/home/hyeongseon/catkin_ws/src/lane_tracking_pkg/scripts/lane_tracking_node.py", line 99, in image_cb
    self.handle_frame(frame, msg.header)
  File "/home/hyeongseon/catkin_ws/src/lane_tracking_pkg/scripts/lane_tracking_node.py", line 111, in handle_frame
    lane_center, roi_overlay = detect_lane_center(edges, roi_color, self.debug)
  File "/home/hyeongseon/catkin_ws/src/lane_tracking_pkg/vision/detector.py", line 63, in detect_lane_center
    left_line = _fit_lane(np.vstack(left_points)) if left_points else None
TypeError: _fit_lane() missing 2 required positional arguments: 'y_bottom' and 'y_top'

1758341697.283486604 ERROR /lane_tracking_node [topics.py:753(_SubscriberImpl._invoke_callback)] [topics: /rosout, /lane_overlay, /camera/image_raw, /lane/center_offset, /lane/steering_angle] bad callback: <bound method LaneTrackingNode.image_cb of <__main__.LaneTrackingNode object at 0x7f55bef5a1c0>>
Traceback (most recent call last):
  File "/opt/ros/noetic/lib/python3/dist-packages/rospy/topics.py", line 750, in _invoke_callback
    cb(msg)
  File "/home/hyeongseon/catkin_ws/src/lane_tracking_pkg/scripts/lane_tracking_node.py", line 99, in image_cb
    self.handle_frame(frame, msg.header)
  File "/home/hyeongseon/catkin_ws/src/lane_tracking_pkg/scripts/lane_tracking_node.py", line 111, in handle_frame
    lane_center, roi_overlay = detect_lane_center(edges, roi_color, self.debug)
  File "/home/hyeongseon/catkin_ws/src/lane_tracking_pkg/vision/detector.py", line 63, in detect_lane_center
    left_line = _fit_lane(np.vstack(left_points)) if left_points else None
TypeError: _fit_lane() missing 2 required positional arguments: 'y_bottom' and 'y_top'

1758341697.319619178 ERROR /lane_tracking_node [topics.py:753(_SubscriberImpl._invoke_callback)] [topics: /rosout, /lane_overlay, /camera/image_raw, /lane/center_offset, /lane/steering_angle] bad callback: <bound method LaneTrackingNode.image_cb of <__main__.LaneTrackingNode object at 0x7f55bef5a1c0>>
Traceback (most recent call last):
  File "/opt/ros/noetic/lib/python3/dist-packages/rospy/topics.py", line 750, in _invoke_callback
    cb(msg)
  File "/home/hyeongseon/catkin_ws/src/lane_tracking_pkg/scripts/lane_tracking_node.py", line 99, in image_cb
    self.handle_frame(frame, msg.header)
  File "/home/hyeongseon/catkin_ws/src/lane_tracking_pkg/scripts/lane_tracking_node.py", line 111, in handle_frame
    lane_center, roi_overlay = detect_lane_center(edges, roi_color, self.debug)
  File "/home/hyeongseon/catkin_ws/src/lane_tracking_pkg/vision/detector.py", line 63, in detect_lane_center
    left_line = _fit_lane(np.vstack(left_points)) if left_points else None
TypeError: _fit_lane() missing 2 required positional arguments: 'y_bottom' and 'y_top'

1758341697.349743127 ERROR /lane_tracking_node [topics.py:753(_SubscriberImpl._invoke_callback)] [topics: /rosout, /lane_overlay, /camera/image_raw, /lane/center_offset, /lane/steering_angle] bad callback: <bound method LaneTrackingNode.image_cb of <__main__.LaneTrackingNode object at 0x7f55bef5a1c0>>
Traceback (most recent call last):
  File "/opt/ros/noetic/lib/python3/dist-packages/rospy/topics.py", line 750, in _invoke_callback
    cb(msg)
  File "/home/hyeongseon/catkin_ws/src/lane_tracking_pkg/scripts/lane_tracking_node.py", line 99, in image_cb
    self.handle_frame(frame, msg.header)
  File "/home/hyeongseon/catkin_ws/src/lane_tracking_pkg/scripts/lane_tracking_node.py", line 111, in handle_frame
    lane_center, roi_overlay = detect_lane_center(edges, roi_color, self.debug)
  File "/home/hyeongseon/catkin_ws/src/lane_tracking_pkg/vision/detector.py", line 63, in detect_lane_center
    left_line = _fit_lane(np.vstack(left_points)) if left_points else None
TypeError: _fit_lane() missing 2 required positional arguments: 'y_bottom' and 'y_top'

1758341697.374669790 ERROR /lane_tracking_node [topics.py:753(_SubscriberImpl._invoke_callback)] [topics: /rosout, /lane_overlay, /camera/image_raw, /lane/center_offset, /lane/steering_angle] bad callback: <bound method LaneTrackingNode.image_cb of <__main__.LaneTrackingNode object at 0x7f55bef5a1c0>>
Traceback (most recent call last):
  File "/opt/ros/noetic/lib/python3/dist-packages/rospy/topics.py", line 750, in _invoke_callback
    cb(msg)
  File "/home/hyeongseon/catkin_ws/src/lane_tracking_pkg/scripts/lane_tracking_node.py", line 99, in image_cb
    self.handle_frame(frame, msg.header)
  File "/home/hyeongseon/catkin_ws/src/lane_tracking_pkg/scripts/lane_tracking_node.py", line 111, in handle_frame
    lane_center, roi_overlay = detect_lane_center(edges, roi_color, self.debug)
  File "/home/hyeongseon/catkin_ws/src/lane_tracking_pkg/vision/detector.py", line 63, in detect_lane_center
    left_line = _fit_lane(np.vstack(left_points)) if left_points else None
TypeError: _fit_lane() missing 2 required positional arguments: 'y_bottom' and 'y_top'

1758341697.456634044 ERROR /lane_tracking_node [topics.py:753(_SubscriberImpl._invoke_callback)] [topics: /rosout, /lane_overlay, /camera/image_raw, /lane/center_offset, /lane/steering_angle] bad callback: <bound method LaneTrackingNode.image_cb of <__main__.LaneTrackingNode object at 0x7f55bef5a1c0>>
Traceback (most recent call last):
  File "/opt/ros/noetic/lib/python3/dist-packages/rospy/topics.py", line 750, in _invoke_callback
    cb(msg)
  File "/home/hyeongseon/catkin_ws/src/lane_tracking_pkg/scripts/lane_tracking_node.py", line 99, in image_cb
    self.handle_frame(frame, msg.header)
  File "/home/hyeongseon/catkin_ws/src/lane_tracking_pkg/scripts/lane_tracking_node.py", line 111, in handle_frame
    lane_center, roi_overlay = detect_lane_center(edges, roi_color, self.debug)
  File "/home/hyeongseon/catkin_ws/src/lane_tracking_pkg/vision/detector.py", line 63, in detect_lane_center
    left_line = _fit_lane(np.vstack(left_points)) if left_points else None
TypeError: _fit_lane() missing 2 required positional arguments: 'y_bottom' and 'y_top'

1758341697.475543737 ERROR /lane_tracking_node [topics.py:753(_SubscriberImpl._invoke_callback)] [topics: /rosout, /lane_overlay, /camera/image_raw, /lane/center_offset, /lane/steering_angle] bad callback: <bound method LaneTrackingNode.image_cb of <__main__.LaneTrackingNode object at 0x7f55bef5a1c0>>
Traceback (most recent call last):
  File "/opt/ros/noetic/lib/python3/dist-packages/rospy/topics.py", line 750, in _invoke_callback
    cb(msg)
  File "/home/hyeongseon/catkin_ws/src/lane_tracking_pkg/scripts/lane_tracking_node.py", line 99, in image_cb
    self.handle_frame(frame, msg.header)
  File "/home/hyeongseon/catkin_ws/src/lane_tracking_pkg/scripts/lane_tracking_node.py", line 111, in handle_frame
    lane_center, roi_overlay = detect_lane_center(edges, roi_color, self.debug)
  File "/home/hyeongseon/catkin_ws/src/lane_tracking_pkg/vision/detector.py", line 63, in detect_lane_center
    left_line = _fit_lane(np.vstack(left_points)) if left_points else None
TypeError: _fit_lane() missing 2 required positional arguments: 'y_bottom' and 'y_top'

1758341697.503137826 ERROR /lane_tracking_node [topics.py:753(_SubscriberImpl._invoke_callback)] [topics: /rosout, /lane_overlay, /camera/image_raw, /lane/center_offset, /lane/steering_angle] bad callback: <bound method LaneTrackingNode.image_cb of <__main__.LaneTrackingNode object at 0x7f55bef5a1c0>>
Traceback (most recent call last):
  File "/opt/ros/noetic/lib/python3/dist-packages/rospy/topics.py", line 750, in _invoke_callback
    cb(msg)
  File "/home/hyeongseon/catkin_ws/src/lane_tracking_pkg/scripts/lane_tracking_node.py", line 99, in image_cb
    self.handle_frame(frame, msg.header)
  File "/home/hyeongseon/catkin_ws/src/lane_tracking_pkg/scripts/lane_tracking_node.py", line 111, in handle_frame
    lane_center, roi_overlay = detect_lane_center(edges, roi_color, self.debug)
  File "/home/hyeongseon/catkin_ws/src/lane_tracking_pkg/vision/detector.py", line 63, in detect_lane_center
    left_line = _fit_lane(np.vstack(left_points)) if left_points else None
TypeError: _fit_lane() missing 2 required positional arguments: 'y_bottom' and 'y_top'

1758341697.558394193 ERROR /lane_tracking_node [topics.py:753(_SubscriberImpl._invoke_callback)] [topics: /rosout, /lane_overlay, /camera/image_raw, /lane/center_offset, /lane/steering_angle] bad callback: <bound method LaneTrackingNode.image_cb of <__main__.LaneTrackingNode object at 0x7f55bef5a1c0>>
Traceback (most recent call last):
  File "/opt/ros/noetic/lib/python3/dist-packages/rospy/topics.py", line 750, in _invoke_callback
    cb(msg)
  File "/home/hyeongseon/catkin_ws/src/lane_tracking_pkg/scripts/lane_tracking_node.py", line 99, in image_cb
    self.handle_frame(frame, msg.header)
  File "/home/hyeongseon/catkin_ws/src/lane_tracking_pkg/scripts/lane_tracking_node.py", line 111, in handle_frame
    lane_center, roi_overlay = detect_lane_center(edges, roi_color, self.debug)
  File "/home/hyeongseon/catkin_ws/src/lane_tracking_pkg/vision/detector.py", line 63, in detect_lane_center
    left_line = _fit_lane(np.vstack(left_points)) if left_points else None
TypeError: _fit_lane() missing 2 required positional arguments: 'y_bottom' and 'y_top'

1758341697.584496736 ERROR /lane_tracking_node [topics.py:753(_SubscriberImpl._invoke_callback)] [topics: /rosout, /lane_overlay, /camera/image_raw, /lane/center_offset, /lane/steering_angle] bad callback: <bound method LaneTrackingNode.image_cb of <__main__.LaneTrackingNode object at 0x7f55bef5a1c0>>
Traceback (most recent call last):
  File "/opt/ros/noetic/lib/python3/dist-packages/rospy/topics.py", line 750, in _invoke_callback
    cb(msg)
  File "/home/hyeongseon/catkin_ws/src/lane_tracking_pkg/scripts/lane_tracking_node.py", line 99, in image_cb
    self.handle_frame(frame, msg.header)
  File "/home/hyeongseon/catkin_ws/src/lane_tracking_pkg/scripts/lane_tracking_node.py", line 111, in handle_frame
    lane_center, roi_overlay = detect_lane_center(edges, roi_color, self.debug)
  File "/home/hyeongseon/catkin_ws/src/lane_tracking_pkg/vision/detector.py", line 63, in detect_lane_center
    left_line = _fit_lane(np.vstack(left_points)) if left_points else None
TypeError: _fit_lane() missing 2 required positional arguments: 'y_bottom' and 'y_top'

1758341697.617999076 ERROR /lane_tracking_node [topics.py:753(_SubscriberImpl._invoke_callback)] [topics: /rosout, /lane_overlay, /camera/image_raw, /lane/center_offset, /lane/steering_angle] bad callback: <bound method LaneTrackingNode.image_cb of <__main__.LaneTrackingNode object at 0x7f55bef5a1c0>>
Traceback (most recent call last):
  File "/opt/ros/noetic/lib/python3/dist-packages/rospy/topics.py", line 750, in _invoke_callback
    cb(msg)
  File "/home/hyeongseon/catkin_ws/src/lane_tracking_pkg/scripts/lane_tracking_node.py", line 99, in image_cb
    self.handle_frame(frame, msg.header)
  File "/home/hyeongseon/catkin_ws/src/lane_tracking_pkg/scripts/lane_tracking_node.py", line 111, in handle_frame
    lane_center, roi_overlay = detect_lane_center(edges, roi_color, self.debug)
  File "/home/hyeongseon/catkin_ws/src/lane_tracking_pkg/vision/detector.py", line 63, in detect_lane_center
    left_line = _fit_lane(np.vstack(left_points)) if left_points else None
TypeError: _fit_lane() missing 2 required positional arguments: 'y_bottom' and 'y_top'

1758341697.676400423 ERROR /lane_tracking_node [topics.py:753(_SubscriberImpl._invoke_callback)] [topics: /rosout, /lane_overlay, /camera/image_raw, /lane/center_offset, /lane/steering_angle] bad callback: <bound method LaneTrackingNode.image_cb of <__main__.LaneTrackingNode object at 0x7f55bef5a1c0>>
Traceback (most recent call last):
  File "/opt/ros/noetic/lib/python3/dist-packages/rospy/topics.py", line 750, in _invoke_callback
    cb(msg)
  File "/home/hyeongseon/catkin_ws/src/lane_tracking_pkg/scripts/lane_tracking_node.py", line 99, in image_cb
    self.handle_frame(frame, msg.header)
  File "/home/hyeongseon/catkin_ws/src/lane_tracking_pkg/scripts/lane_tracking_node.py", line 111, in handle_frame
    lane_center, roi_overlay = detect_lane_center(edges, roi_color, self.debug)
  File "/home/hyeongseon/catkin_ws/src/lane_tracking_pkg/vision/detector.py", line 63, in detect_lane_center
    left_line = _fit_lane(np.vstack(left_points)) if left_points else None
TypeError: _fit_lane() missing 2 required positional arguments: 'y_bottom' and 'y_top'

1758341697.722886800 ERROR /lane_tracking_node [topics.py:753(_SubscriberImpl._invoke_callback)] [topics: /rosout, /lane_overlay, /camera/image_raw, /lane/center_offset, /lane/steering_angle] bad callback: <bound method LaneTrackingNode.image_cb of <__main__.LaneTrackingNode object at 0x7f55bef5a1c0>>
Traceback (most recent call last):
  File "/opt/ros/noetic/lib/python3/dist-packages/rospy/topics.py", line 750, in _invoke_callback
    cb(msg)
  File "/home/hyeongseon/catkin_ws/src/lane_tracking_pkg/scripts/lane_tracking_node.py", line 99, in image_cb
    self.handle_frame(frame, msg.header)
  File "/home/hyeongseon/catkin_ws/src/lane_tracking_pkg/scripts/lane_tracking_node.py", line 111, in handle_frame
    lane_center, roi_overlay = detect_lane_center(edges, roi_color, self.debug)
  File "/home/hyeongseon/catkin_ws/src/lane_tracking_pkg/vision/detector.py", line 63, in detect_lane_center
    left_line = _fit_lane(np.vstack(left_points)) if left_points else None
TypeError: _fit_lane() missing 2 required positional arguments: 'y_bottom' and 'y_top'

1758341697.741011857 ERROR /lane_tracking_node [topics.py:753(_SubscriberImpl._invoke_callback)] [topics: /rosout, /lane_overlay, /camera/image_raw, /lane/center_offset, /lane/steering_angle] bad callback: <bound method LaneTrackingNode.image_cb of <__main__.LaneTrackingNode object at 0x7f55bef5a1c0>>
Traceback (most recent call last):
  File "/opt/ros/noetic/lib/python3/dist-packages/rospy/topics.py", line 750, in _invoke_callback
    cb(msg)
  File "/home/hyeongseon/catkin_ws/src/lane_tracking_pkg/scripts/lane_tracking_node.py", line 99, in image_cb
    self.handle_frame(frame, msg.header)
  File "/home/hyeongseon/catkin_ws/src/lane_tracking_pkg/scripts/lane_tracking_node.py", line 111, in handle_frame
    lane_center, roi_overlay = detect_lane_center(edges, roi_color, self.debug)
  File "/home/hyeongseon/catkin_ws/src/lane_tracking_pkg/vision/detector.py", line 63, in detect_lane_center
    left_line = _fit_lane(np.vstack(left_points)) if left_points else None
TypeError: _fit_lane() missing 2 required positional arguments: 'y_bottom' and 'y_top'

1758341697.783702373 ERROR /lane_tracking_node [topics.py:753(_SubscriberImpl._invoke_callback)] [topics: /rosout, /lane_overlay, /camera/image_raw, /lane/center_offset, /lane/steering_angle] bad callback: <bound method LaneTrackingNode.image_cb of <__main__.LaneTrackingNode object at 0x7f55bef5a1c0>>
Traceback (most recent call last):
  File "/opt/ros/noetic/lib/python3/dist-packages/rospy/topics.py", line 750, in _invoke_callback
    cb(msg)
  File "/home/hyeongseon/catkin_ws/src/lane_tracking_pkg/scripts/lane_tracking_node.py", line 99, in image_cb
    self.handle_frame(frame, msg.header)
  File "/home/hyeongseon/catkin_ws/src/lane_tracking_pkg/scripts/lane_tracking_node.py", line 111, in handle_frame
    lane_center, roi_overlay = detect_lane_center(edges, roi_color, self.debug)
  File "/home/hyeongseon/catkin_ws/src/lane_tracking_pkg/vision/detector.py", line 63, in detect_lane_center
    left_line = _fit_lane(np.vstack(left_points)) if left_points else None
TypeError: _fit_lane() missing 2 required positional arguments: 'y_bottom' and 'y_top'

1758341697.806545495 ERROR /lane_tracking_node [topics.py:753(_SubscriberImpl._invoke_callback)] [topics: /rosout, /lane_overlay, /camera/image_raw, /lane/center_offset, /lane/steering_angle] bad callback: <bound method LaneTrackingNode.image_cb of <__main__.LaneTrackingNode object at 0x7f55bef5a1c0>>
Traceback (most recent call last):
  File "/opt/ros/noetic/lib/python3/dist-packages/rospy/topics.py", line 750, in _invoke_callback
    cb(msg)
  File "/home/hyeongseon/catkin_ws/src/lane_tracking_pkg/scripts/lane_tracking_node.py", line 99, in image_cb
    self.handle_frame(frame, msg.header)
  File "/home/hyeongseon/catkin_ws/src/lane_tracking_pkg/scripts/lane_tracking_node.py", line 111, in handle_frame
    lane_center, roi_overlay = detect_lane_center(edges, roi_color, self.debug)
  File "/home/hyeongseon/catkin_ws/src/lane_tracking_pkg/vision/detector.py", line 63, in detect_lane_center
    left_line = _fit_lane(np.vstack(left_points)) if left_points else None
TypeError: _fit_lane() missing 2 required positional arguments: 'y_bottom' and 'y_top'

1758341697.860379695 ERROR /lane_tracking_node [topics.py:753(_SubscriberImpl._invoke_callback)] [topics: /rosout, /lane_overlay, /camera/image_raw, /lane/center_offset, /lane/steering_angle] bad callback: <bound method LaneTrackingNode.image_cb of <__main__.LaneTrackingNode object at 0x7f55bef5a1c0>>
Traceback (most recent call last):
  File "/opt/ros/noetic/lib/python3/dist-packages/rospy/topics.py", line 750, in _invoke_callback
    cb(msg)
  File "/home/hyeongseon/catkin_ws/src/lane_tracking_pkg/scripts/lane_tracking_node.py", line 99, in image_cb
    self.handle_frame(frame, msg.header)
  File "/home/hyeongseon/catkin_ws/src/lane_tracking_pkg/scripts/lane_tracking_node.py", line 111, in handle_frame
    lane_center, roi_overlay = detect_lane_center(edges, roi_color, self.debug)
  File "/home/hyeongseon/catkin_ws/src/lane_tracking_pkg/vision/detector.py", line 63, in detect_lane_center
    left_line = _fit_lane(np.vstack(left_points)) if left_points else None
TypeError: _fit_lane() missing 2 required positional arguments: 'y_bottom' and 'y_top'

1758341697.894259929 ERROR /lane_tracking_node [topics.py:753(_SubscriberImpl._invoke_callback)] [topics: /rosout, /lane_overlay, /camera/image_raw, /lane/center_offset, /lane/steering_angle] bad callback: <bound method LaneTrackingNode.image_cb of <__main__.LaneTrackingNode object at 0x7f55bef5a1c0>>
Traceback (most recent call last):
  File "/opt/ros/noetic/lib/python3/dist-packages/rospy/topics.py", line 750, in _invoke_callback
    cb(msg)
  File "/home/hyeongseon/catkin_ws/src/lane_tracking_pkg/scripts/lane_tracking_node.py", line 99, in image_cb
    self.handle_frame(frame, msg.header)
  File "/home/hyeongseon/catkin_ws/src/lane_tracking_pkg/scripts/lane_tracking_node.py", line 111, in handle_frame
    lane_center, roi_overlay = detect_lane_center(edges, roi_color, self.debug)
  File "/home/hyeongseon/catkin_ws/src/lane_tracking_pkg/vision/detector.py", line 63, in detect_lane_center
    left_line = _fit_lane(np.vstack(left_points)) if left_points else None
TypeError: _fit_lane() missing 2 required positional arguments: 'y_bottom' and 'y_top'

1758341697.944191217 ERROR /lane_tracking_node [topics.py:753(_SubscriberImpl._invoke_callback)] [topics: /rosout, /lane_overlay, /camera/image_raw, /lane/center_offset, /lane/steering_angle] bad callback: <bound method LaneTrackingNode.image_cb of <__main__.LaneTrackingNode object at 0x7f55bef5a1c0>>
Traceback (most recent call last):
  File "/opt/ros/noetic/lib/python3/dist-packages/rospy/topics.py", line 750, in _invoke_callback
    cb(msg)
  File "/home/hyeongseon/catkin_ws/src/lane_tracking_pkg/scripts/lane_tracking_node.py", line 99, in image_cb
    self.handle_frame(frame, msg.header)
  File "/home/hyeongseon/catkin_ws/src/lane_tracking_pkg/scripts/lane_tracking_node.py", line 111, in handle_frame
    lane_center, roi_overlay = detect_lane_center(edges, roi_color, self.debug)
  File "/home/hyeongseon/catkin_ws/src/lane_tracking_pkg/vision/detector.py", line 63, in detect_lane_center
    left_line = _fit_lane(np.vstack(left_points)) if left_points else None
TypeError: _fit_lane() missing 2 required positional arguments: 'y_bottom' and 'y_top'

1758341697.978662729 ERROR /lane_tracking_node [topics.py:753(_SubscriberImpl._invoke_callback)] [topics: /rosout, /lane_overlay, /camera/image_raw, /lane/center_offset, /lane/steering_angle] bad callback: <bound method LaneTrackingNode.image_cb of <__main__.LaneTrackingNode object at 0x7f55bef5a1c0>>
Traceback (most recent call last):
  File "/opt/ros/noetic/lib/python3/dist-packages/rospy/topics.py", line 750, in _invoke_callback
    cb(msg)
  File "/home/hyeongseon/catkin_ws/src/lane_tracking_pkg/scripts/lane_tracking_node.py", line 99, in image_cb
    self.handle_frame(frame, msg.header)
  File "/home/hyeongseon/catkin_ws/src/lane_tracking_pkg/scripts/lane_tracking_node.py", line 111, in handle_frame
    lane_center, roi_overlay = detect_lane_center(edges, roi_color, self.debug)
  File "/home/hyeongseon/catkin_ws/src/lane_tracking_pkg/vision/detector.py", line 63, in detect_lane_center
    left_line = _fit_lane(np.vstack(left_points)) if left_points else None
TypeError: _fit_lane() missing 2 required positional arguments: 'y_bottom' and 'y_top'

1758341697.994750261 ERROR /lane_tracking_node [topics.py:753(_SubscriberImpl._invoke_callback)] [topics: /rosout, /lane_overlay, /camera/image_raw, /lane/center_offset, /lane/steering_angle] bad callback: <bound method LaneTrackingNode.image_cb of <__main__.LaneTrackingNode object at 0x7f55bef5a1c0>>
Traceback (most recent call last):
  File "/opt/ros/noetic/lib/python3/dist-packages/rospy/topics.py", line 750, in _invoke_callback
    cb(msg)
  File "/home/hyeongseon/catkin_ws/src/lane_tracking_pkg/scripts/lane_tracking_node.py", line 99, in image_cb
    self.handle_frame(frame, msg.header)
  File "/home/hyeongseon/catkin_ws/src/lane_tracking_pkg/scripts/lane_tracking_node.py", line 111, in handle_frame
    lane_center, roi_overlay = detect_lane_center(edges, roi_color, self.debug)
  File "/home/hyeongseon/catkin_ws/src/lane_tracking_pkg/vision/detector.py", line 63, in detect_lane_center
    left_line = _fit_lane(np.vstack(left_points)) if left_points else None
TypeError: _fit_lane() missing 2 required positional arguments: 'y_bottom' and 'y_top'

1758341698.041932344 ERROR /lane_tracking_node [topics.py:753(_SubscriberImpl._invoke_callback)] [topics: /rosout, /lane_overlay, /camera/image_raw, /lane/center_offset, /lane/steering_angle] bad callback: <bound method LaneTrackingNode.image_cb of <__main__.LaneTrackingNode object at 0x7f55bef5a1c0>>
Traceback (most recent call last):
  File "/opt/ros/noetic/lib/python3/dist-packages/rospy/topics.py", line 750, in _invoke_callback
    cb(msg)
  File "/home/hyeongseon/catkin_ws/src/lane_tracking_pkg/scripts/lane_tracking_node.py", line 99, in image_cb
    self.handle_frame(frame, msg.header)
  File "/home/hyeongseon/catkin_ws/src/lane_tracking_pkg/scripts/lane_tracking_node.py", line 111, in handle_frame
    lane_center, roi_overlay = detect_lane_center(edges, roi_color, self.debug)
  File "/home/hyeongseon/catkin_ws/src/lane_tracking_pkg/vision/detector.py", line 63, in detect_lane_center
    left_line = _fit_lane(np.vstack(left_points)) if left_points else None
TypeError: _fit_lane() missing 2 required positional arguments: 'y_bottom' and 'y_top'

1758341698.062170267 ERROR /lane_tracking_node [topics.py:753(_SubscriberImpl._invoke_callback)] [topics: /rosout, /lane_overlay, /camera/image_raw, /lane/center_offset, /lane/steering_angle] bad callback: <bound method LaneTrackingNode.image_cb of <__main__.LaneTrackingNode object at 0x7f55bef5a1c0>>
Traceback (most recent call last):
  File "/opt/ros/noetic/lib/python3/dist-packages/rospy/topics.py", line 750, in _invoke_callback
    cb(msg)
  File "/home/hyeongseon/catkin_ws/src/lane_tracking_pkg/scripts/lane_tracking_node.py", line 99, in image_cb
    self.handle_frame(frame, msg.header)
  File "/home/hyeongseon/catkin_ws/src/lane_tracking_pkg/scripts/lane_tracking_node.py", line 111, in handle_frame
    lane_center, roi_overlay = detect_lane_center(edges, roi_color, self.debug)
  File "/home/hyeongseon/catkin_ws/src/lane_tracking_pkg/vision/detector.py", line 63, in detect_lane_center
    left_line = _fit_lane(np.vstack(left_points)) if left_points else None
TypeError: _fit_lane() missing 2 required positional arguments: 'y_bottom' and 'y_top'

1758341698.095525741 ERROR /lane_tracking_node [topics.py:753(_SubscriberImpl._invoke_callback)] [topics: /rosout, /lane_overlay, /camera/image_raw, /lane/center_offset, /lane/steering_angle] bad callback: <bound method LaneTrackingNode.image_cb of <__main__.LaneTrackingNode object at 0x7f55bef5a1c0>>
Traceback (most recent call last):
  File "/opt/ros/noetic/lib/python3/dist-packages/rospy/topics.py", line 750, in _invoke_callback
    cb(msg)
  File "/home/hyeongseon/catkin_ws/src/lane_tracking_pkg/scripts/lane_tracking_node.py", line 99, in image_cb
    self.handle_frame(frame, msg.header)
  File "/home/hyeongseon/catkin_ws/src/lane_tracking_pkg/scripts/lane_tracking_node.py", line 111, in handle_frame
    lane_center, roi_overlay = detect_lane_center(edges, roi_color, self.debug)
  File "/home/hyeongseon/catkin_ws/src/lane_tracking_pkg/vision/detector.py", line 63, in detect_lane_center
    left_line = _fit_lane(np.vstack(left_points)) if left_points else None
TypeError: _fit_lane() missing 2 required positional arguments: 'y_bottom' and 'y_top'

1758341698.125430107 ERROR /lane_tracking_node [topics.py:753(_SubscriberImpl._invoke_callback)] [topics: /rosout, /lane_overlay, /camera/image_raw, /lane/center_offset, /lane/steering_angle] bad callback: <bound method LaneTrackingNode.image_cb of <__main__.LaneTrackingNode object at 0x7f55bef5a1c0>>
Traceback (most recent call last):
  File "/opt/ros/noetic/lib/python3/dist-packages/rospy/topics.py", line 750, in _invoke_callback
    cb(msg)
  File "/home/hyeongseon/catkin_ws/src/lane_tracking_pkg/scripts/lane_tracking_node.py", line 99, in image_cb
    self.handle_frame(frame, msg.header)
  File "/home/hyeongseon/catkin_ws/src/lane_tracking_pkg/scripts/lane_tracking_node.py", line 111, in handle_frame
    lane_center, roi_overlay = detect_lane_center(edges, roi_color, self.debug)
  File "/home/hyeongseon/catkin_ws/src/lane_tracking_pkg/vision/detector.py", line 63, in detect_lane_center
    left_line = _fit_lane(np.vstack(left_points)) if left_points else None
TypeError: _fit_lane() missing 2 required positional arguments: 'y_bottom' and 'y_top'

1758341698.167932271 ERROR /lane_tracking_node [topics.py:753(_SubscriberImpl._invoke_callback)] [topics: /rosout, /lane_overlay, /camera/image_raw, /lane/center_offset, /lane/steering_angle] bad callback: <bound method LaneTrackingNode.image_cb of <__main__.LaneTrackingNode object at 0x7f55bef5a1c0>>
Traceback (most recent call last):
  File "/opt/ros/noetic/lib/python3/dist-packages/rospy/topics.py", line 750, in _invoke_callback
    cb(msg)
  File "/home/hyeongseon/catkin_ws/src/lane_tracking_pkg/scripts/lane_tracking_node.py", line 99, in image_cb
    self.handle_frame(frame, msg.header)
  File "/home/hyeongseon/catkin_ws/src/lane_tracking_pkg/scripts/lane_tracking_node.py", line 111, in handle_frame
    lane_center, roi_overlay = detect_lane_center(edges, roi_color, self.debug)
  File "/home/hyeongseon/catkin_ws/src/lane_tracking_pkg/vision/detector.py", line 63, in detect_lane_center
    left_line = _fit_lane(np.vstack(left_points)) if left_points else None
TypeError: _fit_lane() missing 2 required positional arguments: 'y_bottom' and 'y_top'

1758341698.193207979 ERROR /lane_tracking_node [topics.py:753(_SubscriberImpl._invoke_callback)] [topics: /rosout, /lane_overlay, /camera/image_raw, /lane/center_offset, /lane/steering_angle] bad callback: <bound method LaneTrackingNode.image_cb of <__main__.LaneTrackingNode object at 0x7f55bef5a1c0>>
Traceback (most recent call last):
  File "/opt/ros/noetic/lib/python3/dist-packages/rospy/topics.py", line 750, in _invoke_callback
    cb(msg)
  File "/home/hyeongseon/catkin_ws/src/lane_tracking_pkg/scripts/lane_tracking_node.py", line 99, in image_cb
    self.handle_frame(frame, msg.header)
  File "/home/hyeongseon/catkin_ws/src/lane_tracking_pkg/scripts/lane_tracking_node.py", line 111, in handle_frame
    lane_center, roi_overlay = detect_lane_center(edges, roi_color, self.debug)
  File "/home/hyeongseon/catkin_ws/src/lane_tracking_pkg/vision/detector.py", line 63, in detect_lane_center
    left_line = _fit_lane(np.vstack(left_points)) if left_points else None
TypeError: _fit_lane() missing 2 required positional arguments: 'y_bottom' and 'y_top'

1758341698.224044084 ERROR /lane_tracking_node [topics.py:753(_SubscriberImpl._invoke_callback)] [topics: /rosout, /lane_overlay, /camera/image_raw, /lane/center_offset, /lane/steering_angle] bad callback: <bound method LaneTrackingNode.image_cb of <__main__.LaneTrackingNode object at 0x7f55bef5a1c0>>
Traceback (most recent call last):
  File "/opt/ros/noetic/lib/python3/dist-packages/rospy/topics.py", line 750, in _invoke_callback
    cb(msg)
  File "/home/hyeongseon/catkin_ws/src/lane_tracking_pkg/scripts/lane_tracking_node.py", line 99, in image_cb
    self.handle_frame(frame, msg.header)
  File "/home/hyeongseon/catkin_ws/src/lane_tracking_pkg/scripts/lane_tracking_node.py", line 111, in handle_frame
    lane_center, roi_overlay = detect_lane_center(edges, roi_color, self.debug)
  File "/home/hyeongseon/catkin_ws/src/lane_tracking_pkg/vision/detector.py", line 63, in detect_lane_center
    left_line = _fit_lane(np.vstack(left_points)) if left_points else None
TypeError: _fit_lane() missing 2 required positional arguments: 'y_bottom' and 'y_top'

1758341698.253647565 ERROR /lane_tracking_node [topics.py:753(_SubscriberImpl._invoke_callback)] [topics: /rosout, /lane_overlay, /camera/image_raw, /lane/center_offset, /lane/steering_angle] bad callback: <bound method LaneTrackingNode.image_cb of <__main__.LaneTrackingNode object at 0x7f55bef5a1c0>>
Traceback (most recent call last):
  File "/opt/ros/noetic/lib/python3/dist-packages/rospy/topics.py", line 750, in _invoke_callback
    cb(msg)
  File "/home/hyeongseon/catkin_ws/src/lane_tracking_pkg/scripts/lane_tracking_node.py", line 99, in image_cb
    self.handle_frame(frame, msg.header)
  File "/home/hyeongseon/catkin_ws/src/lane_tracking_pkg/scripts/lane_tracking_node.py", line 111, in handle_frame
    lane_center, roi_overlay = detect_lane_center(edges, roi_color, self.debug)
  File "/home/hyeongseon/catkin_ws/src/lane_tracking_pkg/vision/detector.py", line 63, in detect_lane_center
    left_line = _fit_lane(np.vstack(left_points)) if left_points else None
TypeError: _fit_lane() missing 2 required positional arguments: 'y_bottom' and 'y_top'

1758341698.274687528 ERROR /lane_tracking_node [topics.py:753(_SubscriberImpl._invoke_callback)] [topics: /rosout, /lane_overlay, /camera/image_raw, /lane/center_offset, /lane/steering_angle] bad callback: <bound method LaneTrackingNode.image_cb of <__main__.LaneTrackingNode object at 0x7f55bef5a1c0>>
Traceback (most recent call last):
  File "/opt/ros/noetic/lib/python3/dist-packages/rospy/topics.py", line 750, in _invoke_callback
    cb(msg)
  File "/home/hyeongseon/catkin_ws/src/lane_tracking_pkg/scripts/lane_tracking_node.py", line 99, in image_cb
    self.handle_frame(frame, msg.header)
  File "/home/hyeongseon/catkin_ws/src/lane_tracking_pkg/scripts/lane_tracking_node.py", line 111, in handle_frame
    lane_center, roi_overlay = detect_lane_center(edges, roi_color, self.debug)
  File "/home/hyeongseon/catkin_ws/src/lane_tracking_pkg/vision/detector.py", line 63, in detect_lane_center
    left_line = _fit_lane(np.vstack(left_points)) if left_points else None
TypeError: _fit_lane() missing 2 required positional arguments: 'y_bottom' and 'y_top'

1758341698.319155931 ERROR /lane_tracking_node [topics.py:753(_SubscriberImpl._invoke_callback)] [topics: /rosout, /lane_overlay, /camera/image_raw, /lane/center_offset, /lane/steering_angle] bad callback: <bound method LaneTrackingNode.image_cb of <__main__.LaneTrackingNode object at 0x7f55bef5a1c0>>
Traceback (most recent call last):
  File "/opt/ros/noetic/lib/python3/dist-packages/rospy/topics.py", line 750, in _invoke_callback
    cb(msg)
  File "/home/hyeongseon/catkin_ws/src/lane_tracking_pkg/scripts/lane_tracking_node.py", line 99, in image_cb
    self.handle_frame(frame, msg.header)
  File "/home/hyeongseon/catkin_ws/src/lane_tracking_pkg/scripts/lane_tracking_node.py", line 111, in handle_frame
    lane_center, roi_overlay = detect_lane_center(edges, roi_color, self.debug)
  File "/home/hyeongseon/catkin_ws/src/lane_tracking_pkg/vision/detector.py", line 63, in detect_lane_center
    left_line = _fit_lane(np.vstack(left_points)) if left_points else None
TypeError: _fit_lane() missing 2 required positional arguments: 'y_bottom' and 'y_top'

1758341698.351487398 ERROR /lane_tracking_node [topics.py:753(_SubscriberImpl._invoke_callback)] [topics: /rosout, /lane_overlay, /camera/image_raw, /lane/center_offset, /lane/steering_angle] bad callback: <bound method LaneTrackingNode.image_cb of <__main__.LaneTrackingNode object at 0x7f55bef5a1c0>>
Traceback (most recent call last):
  File "/opt/ros/noetic/lib/python3/dist-packages/rospy/topics.py", line 750, in _invoke_callback
    cb(msg)
  File "/home/hyeongseon/catkin_ws/src/lane_tracking_pkg/scripts/lane_tracking_node.py", line 99, in image_cb
    self.handle_frame(frame, msg.header)
  File "/home/hyeongseon/catkin_ws/src/lane_tracking_pkg/scripts/lane_tracking_node.py", line 111, in handle_frame
    lane_center, roi_overlay = detect_lane_center(edges, roi_color, self.debug)
  File "/home/hyeongseon/catkin_ws/src/lane_tracking_pkg/vision/detector.py", line 63, in detect_lane_center
    left_line = _fit_lane(np.vstack(left_points)) if left_points else None
TypeError: _fit_lane() missing 2 required positional arguments: 'y_bottom' and 'y_top'

1758341698.378630638 ERROR /lane_tracking_node [topics.py:753(_SubscriberImpl._invoke_callback)] [topics: /rosout, /lane_overlay, /camera/image_raw, /lane/center_offset, /lane/steering_angle] bad callback: <bound method LaneTrackingNode.image_cb of <__main__.LaneTrackingNode object at 0x7f55bef5a1c0>>
Traceback (most recent call last):
  File "/opt/ros/noetic/lib/python3/dist-packages/rospy/topics.py", line 750, in _invoke_callback
    cb(msg)
  File "/home/hyeongseon/catkin_ws/src/lane_tracking_pkg/scripts/lane_tracking_node.py", line 99, in image_cb
    self.handle_frame(frame, msg.header)
  File "/home/hyeongseon/catkin_ws/src/lane_tracking_pkg/scripts/lane_tracking_node.py", line 111, in handle_frame
    lane_center, roi_overlay = detect_lane_center(edges, roi_color, self.debug)
  File "/home/hyeongseon/catkin_ws/src/lane_tracking_pkg/vision/detector.py", line 63, in detect_lane_center
    left_line = _fit_lane(np.vstack(left_points)) if left_points else None
TypeError: _fit_lane() missing 2 required positional arguments: 'y_bottom' and 'y_top'

1758341698.403709888 ERROR /lane_tracking_node [topics.py:753(_SubscriberImpl._invoke_callback)] [topics: /rosout, /lane_overlay, /camera/image_raw, /lane/center_offset, /lane/steering_angle] bad callback: <bound method LaneTrackingNode.image_cb of <__main__.LaneTrackingNode object at 0x7f55bef5a1c0>>
Traceback (most recent call last):
  File "/opt/ros/noetic/lib/python3/dist-packages/rospy/topics.py", line 750, in _invoke_callback
    cb(msg)
  File "/home/hyeongseon/catkin_ws/src/lane_tracking_pkg/scripts/lane_tracking_node.py", line 99, in image_cb
    self.handle_frame(frame, msg.header)
  File "/home/hyeongseon/catkin_ws/src/lane_tracking_pkg/scripts/lane_tracking_node.py", line 111, in handle_frame
    lane_center, roi_overlay = detect_lane_center(edges, roi_color, self.debug)
  File "/home/hyeongseon/catkin_ws/src/lane_tracking_pkg/vision/detector.py", line 63, in detect_lane_center
    left_line = _fit_lane(np.vstack(left_points)) if left_points else None
TypeError: _fit_lane() missing 2 required positional arguments: 'y_bottom' and 'y_top'

1758341698.436557769 ERROR /lane_tracking_node [topics.py:753(_SubscriberImpl._invoke_callback)] [topics: /rosout, /lane_overlay, /camera/image_raw, /lane/center_offset, /lane/steering_angle] bad callback: <bound method LaneTrackingNode.image_cb of <__main__.LaneTrackingNode object at 0x7f55bef5a1c0>>
Traceback (most recent call last):
  File "/opt/ros/noetic/lib/python3/dist-packages/rospy/topics.py", line 750, in _invoke_callback
    cb(msg)
  File "/home/hyeongseon/catkin_ws/src/lane_tracking_pkg/scripts/lane_tracking_node.py", line 99, in image_cb
    self.handle_frame(frame, msg.header)
  File "/home/hyeongseon/catkin_ws/src/lane_tracking_pkg/scripts/lane_tracking_node.py", line 111, in handle_frame
    lane_center, roi_overlay = detect_lane_center(edges, roi_color, self.debug)
  File "/home/hyeongseon/catkin_ws/src/lane_tracking_pkg/vision/detector.py", line 63, in detect_lane_center
    left_line = _fit_lane(np.vstack(left_points)) if left_points else None
TypeError: _fit_lane() missing 2 required positional arguments: 'y_bottom' and 'y_top'

1758341698.463750839 ERROR /lane_tracking_node [topics.py:753(_SubscriberImpl._invoke_callback)] [topics: /rosout, /lane_overlay, /camera/image_raw, /lane/center_offset, /lane/steering_angle] bad callback: <bound method LaneTrackingNode.image_cb of <__main__.LaneTrackingNode object at 0x7f55bef5a1c0>>
Traceback (most recent call last):
  File "/opt/ros/noetic/lib/python3/dist-packages/rospy/topics.py", line 750, in _invoke_callback
    cb(msg)
  File "/home/hyeongseon/catkin_ws/src/lane_tracking_pkg/scripts/lane_tracking_node.py", line 99, in image_cb
    self.handle_frame(frame, msg.header)
  File "/home/hyeongseon/catkin_ws/src/lane_tracking_pkg/scripts/lane_tracking_node.py", line 111, in handle_frame
    lane_center, roi_overlay = detect_lane_center(edges, roi_color, self.debug)
  File "/home/hyeongseon/catkin_ws/src/lane_tracking_pkg/vision/detector.py", line 63, in detect_lane_center
    left_line = _fit_lane(np.vstack(left_points)) if left_points else None
TypeError: _fit_lane() missing 2 required positional arguments: 'y_bottom' and 'y_top'

1758341698.484849214 ERROR /lane_tracking_node [topics.py:753(_SubscriberImpl._invoke_callback)] [topics: /rosout, /lane_overlay, /camera/image_raw, /lane/center_offset, /lane/steering_angle] bad callback: <bound method LaneTrackingNode.image_cb of <__main__.LaneTrackingNode object at 0x7f55bef5a1c0>>
Traceback (most recent call last):
  File "/opt/ros/noetic/lib/python3/dist-packages/rospy/topics.py", line 750, in _invoke_callback
    cb(msg)
  File "/home/hyeongseon/catkin_ws/src/lane_tracking_pkg/scripts/lane_tracking_node.py", line 99, in image_cb
    self.handle_frame(frame, msg.header)
  File "/home/hyeongseon/catkin_ws/src/lane_tracking_pkg/scripts/lane_tracking_node.py", line 111, in handle_frame
    lane_center, roi_overlay = detect_lane_center(edges, roi_color, self.debug)
  File "/home/hyeongseon/catkin_ws/src/lane_tracking_pkg/vision/detector.py", line 63, in detect_lane_center
    left_line = _fit_lane(np.vstack(left_points)) if left_points else None
TypeError: _fit_lane() missing 2 required positional arguments: 'y_bottom' and 'y_top'

1758341698.518735408 ERROR /lane_tracking_node [topics.py:753(_SubscriberImpl._invoke_callback)] [topics: /rosout, /lane_overlay, /camera/image_raw, /lane/center_offset, /lane/steering_angle] bad callback: <bound method LaneTrackingNode.image_cb of <__main__.LaneTrackingNode object at 0x7f55bef5a1c0>>
Traceback (most recent call last):
  File "/opt/ros/noetic/lib/python3/dist-packages/rospy/topics.py", line 750, in _invoke_callback
    cb(msg)
  File "/home/hyeongseon/catkin_ws/src/lane_tracking_pkg/scripts/lane_tracking_node.py", line 99, in image_cb
    self.handle_frame(frame, msg.header)
  File "/home/hyeongseon/catkin_ws/src/lane_tracking_pkg/scripts/lane_tracking_node.py", line 111, in handle_frame
    lane_center, roi_overlay = detect_lane_center(edges, roi_color, self.debug)
  File "/home/hyeongseon/catkin_ws/src/lane_tracking_pkg/vision/detector.py", line 63, in detect_lane_center
    left_line = _fit_lane(np.vstack(left_points)) if left_points else None
TypeError: _fit_lane() missing 2 required positional arguments: 'y_bottom' and 'y_top'

1758341698.544867277 ERROR /lane_tracking_node [topics.py:753(_SubscriberImpl._invoke_callback)] [topics: /rosout, /lane_overlay, /camera/image_raw, /lane/center_offset, /lane/steering_angle] bad callback: <bound method LaneTrackingNode.image_cb of <__main__.LaneTrackingNode object at 0x7f55bef5a1c0>>
Traceback (most recent call last):
  File "/opt/ros/noetic/lib/python3/dist-packages/rospy/topics.py", line 750, in _invoke_callback
    cb(msg)
  File "/home/hyeongseon/catkin_ws/src/lane_tracking_pkg/scripts/lane_tracking_node.py", line 99, in image_cb
    self.handle_frame(frame, msg.header)
  File "/home/hyeongseon/catkin_ws/src/lane_tracking_pkg/scripts/lane_tracking_node.py", line 111, in handle_frame
    lane_center, roi_overlay = detect_lane_center(edges, roi_color, self.debug)
  File "/home/hyeongseon/catkin_ws/src/lane_tracking_pkg/vision/detector.py", line 63, in detect_lane_center
    left_line = _fit_lane(np.vstack(left_points)) if left_points else None
TypeError: _fit_lane() missing 2 required positional arguments: 'y_bottom' and 'y_top'

1758341698.573705673 ERROR /lane_tracking_node [topics.py:753(_SubscriberImpl._invoke_callback)] [topics: /rosout, /lane_overlay, /camera/image_raw, /lane/center_offset, /lane/steering_angle] bad callback: <bound method LaneTrackingNode.image_cb of <__main__.LaneTrackingNode object at 0x7f55bef5a1c0>>
Traceback (most recent call last):
  File "/opt/ros/noetic/lib/python3/dist-packages/rospy/topics.py", line 750, in _invoke_callback
    cb(msg)
  File "/home/hyeongseon/catkin_ws/src/lane_tracking_pkg/scripts/lane_tracking_node.py", line 99, in image_cb
    self.handle_frame(frame, msg.header)
  File "/home/hyeongseon/catkin_ws/src/lane_tracking_pkg/scripts/lane_tracking_node.py", line 111, in handle_frame
    lane_center, roi_overlay = detect_lane_center(edges, roi_color, self.debug)
  File "/home/hyeongseon/catkin_ws/src/lane_tracking_pkg/vision/detector.py", line 63, in detect_lane_center
    left_line = _fit_lane(np.vstack(left_points)) if left_points else None
TypeError: _fit_lane() missing 2 required positional arguments: 'y_bottom' and 'y_top'

1758341698.600921630 ERROR /lane_tracking_node [topics.py:753(_SubscriberImpl._invoke_callback)] [topics: /rosout, /lane_overlay, /camera/image_raw, /lane/center_offset, /lane/steering_angle] bad callback: <bound method LaneTrackingNode.image_cb of <__main__.LaneTrackingNode object at 0x7f55bef5a1c0>>
Traceback (most recent call last):
  File "/opt/ros/noetic/lib/python3/dist-packages/rospy/topics.py", line 750, in _invoke_callback
    cb(msg)
  File "/home/hyeongseon/catkin_ws/src/lane_tracking_pkg/scripts/lane_tracking_node.py", line 99, in image_cb
    self.handle_frame(frame, msg.header)
  File "/home/hyeongseon/catkin_ws/src/lane_tracking_pkg/scripts/lane_tracking_node.py", line 111, in handle_frame
    lane_center, roi_overlay = detect_lane_center(edges, roi_color, self.debug)
  File "/home/hyeongseon/catkin_ws/src/lane_tracking_pkg/vision/detector.py", line 63, in detect_lane_center
    left_line = _fit_lane(np.vstack(left_points)) if left_points else None
TypeError: _fit_lane() missing 2 required positional arguments: 'y_bottom' and 'y_top'

1758341698.633680582 ERROR /lane_tracking_node [topics.py:753(_SubscriberImpl._invoke_callback)] [topics: /rosout, /lane_overlay, /camera/image_raw, /lane/center_offset, /lane/steering_angle] bad callback: <bound method LaneTrackingNode.image_cb of <__main__.LaneTrackingNode object at 0x7f55bef5a1c0>>
Traceback (most recent call last):
  File "/opt/ros/noetic/lib/python3/dist-packages/rospy/topics.py", line 750, in _invoke_callback
    cb(msg)
  File "/home/hyeongseon/catkin_ws/src/lane_tracking_pkg/scripts/lane_tracking_node.py", line 99, in image_cb
    self.handle_frame(frame, msg.header)
  File "/home/hyeongseon/catkin_ws/src/lane_tracking_pkg/scripts/lane_tracking_node.py", line 111, in handle_frame
    lane_center, roi_overlay = detect_lane_center(edges, roi_color, self.debug)
  File "/home/hyeongseon/catkin_ws/src/lane_tracking_pkg/vision/detector.py", line 63, in detect_lane_center
    left_line = _fit_lane(np.vstack(left_points)) if left_points else None
TypeError: _fit_lane() missing 2 required positional arguments: 'y_bottom' and 'y_top'

1758341698.665961503 ERROR /lane_tracking_node [topics.py:753(_SubscriberImpl._invoke_callback)] [topics: /rosout, /lane_overlay, /camera/image_raw, /lane/center_offset, /lane/steering_angle] bad callback: <bound method LaneTrackingNode.image_cb of <__main__.LaneTrackingNode object at 0x7f55bef5a1c0>>
Traceback (most recent call last):
  File "/opt/ros/noetic/lib/python3/dist-packages/rospy/topics.py", line 750, in _invoke_callback
    cb(msg)
  File "/home/hyeongseon/catkin_ws/src/lane_tracking_pkg/scripts/lane_tracking_node.py", line 99, in image_cb
    self.handle_frame(frame, msg.header)
  File "/home/hyeongseon/catkin_ws/src/lane_tracking_pkg/scripts/lane_tracking_node.py", line 111, in handle_frame
    lane_center, roi_overlay = detect_lane_center(edges, roi_color, self.debug)
  File "/home/hyeongseon/catkin_ws/src/lane_tracking_pkg/vision/detector.py", line 63, in detect_lane_center
    left_line = _fit_lane(np.vstack(left_points)) if left_points else None
TypeError: _fit_lane() missing 2 required positional arguments: 'y_bottom' and 'y_top'

1758341698.685454130 ERROR /lane_tracking_node [topics.py:753(_SubscriberImpl._invoke_callback)] [topics: /rosout, /lane_overlay, /camera/image_raw, /lane/center_offset, /lane/steering_angle] bad callback: <bound method LaneTrackingNode.image_cb of <__main__.LaneTrackingNode object at 0x7f55bef5a1c0>>
Traceback (most recent call last):
  File "/opt/ros/noetic/lib/python3/dist-packages/rospy/topics.py", line 750, in _invoke_callback
    cb(msg)
  File "/home/hyeongseon/catkin_ws/src/lane_tracking_pkg/scripts/lane_tracking_node.py", line 99, in image_cb
    self.handle_frame(frame, msg.header)
  File "/home/hyeongseon/catkin_ws/src/lane_tracking_pkg/scripts/lane_tracking_node.py", line 111, in handle_frame
    lane_center, roi_overlay = detect_lane_center(edges, roi_color, self.debug)
  File "/home/hyeongseon/catkin_ws/src/lane_tracking_pkg/vision/detector.py", line 63, in detect_lane_center
    left_line = _fit_lane(np.vstack(left_points)) if left_points else None
TypeError: _fit_lane() missing 2 required positional arguments: 'y_bottom' and 'y_top'

1758341698.702908277 ERROR /lane_tracking_node [topics.py:753(_SubscriberImpl._invoke_callback)] [topics: /rosout, /lane_overlay, /camera/image_raw, /lane/center_offset, /lane/steering_angle] bad callback: <bound method LaneTrackingNode.image_cb of <__main__.LaneTrackingNode object at 0x7f55bef5a1c0>>
Traceback (most recent call last):
  File "/opt/ros/noetic/lib/python3/dist-packages/rospy/topics.py", line 750, in _invoke_callback
    cb(msg)
  File "/home/hyeongseon/catkin_ws/src/lane_tracking_pkg/scripts/lane_tracking_node.py", line 99, in image_cb
    self.handle_frame(frame, msg.header)
  File "/home/hyeongseon/catkin_ws/src/lane_tracking_pkg/scripts/lane_tracking_node.py", line 111, in handle_frame
    lane_center, roi_overlay = detect_lane_center(edges, roi_color, self.debug)
  File "/home/hyeongseon/catkin_ws/src/lane_tracking_pkg/vision/detector.py", line 63, in detect_lane_center
    left_line = _fit_lane(np.vstack(left_points)) if left_points else None
TypeError: _fit_lane() missing 2 required positional arguments: 'y_bottom' and 'y_top'

1758341698.726615905 ERROR /lane_tracking_node [topics.py:753(_SubscriberImpl._invoke_callback)] [topics: /rosout, /lane_overlay, /camera/image_raw, /lane/center_offset, /lane/steering_angle] bad callback: <bound method LaneTrackingNode.image_cb of <__main__.LaneTrackingNode object at 0x7f55bef5a1c0>>
Traceback (most recent call last):
  File "/opt/ros/noetic/lib/python3/dist-packages/rospy/topics.py", line 750, in _invoke_callback
    cb(msg)
  File "/home/hyeongseon/catkin_ws/src/lane_tracking_pkg/scripts/lane_tracking_node.py", line 99, in image_cb
    self.handle_frame(frame, msg.header)
  File "/home/hyeongseon/catkin_ws/src/lane_tracking_pkg/scripts/lane_tracking_node.py", line 111, in handle_frame
    lane_center, roi_overlay = detect_lane_center(edges, roi_color, self.debug)
  File "/home/hyeongseon/catkin_ws/src/lane_tracking_pkg/vision/detector.py", line 63, in detect_lane_center
    left_line = _fit_lane(np.vstack(left_points)) if left_points else None
TypeError: _fit_lane() missing 2 required positional arguments: 'y_bottom' and 'y_top'

1758341698.780241012 ERROR /lane_tracking_node [topics.py:753(_SubscriberImpl._invoke_callback)] [topics: /rosout, /lane_overlay, /camera/image_raw, /lane/center_offset, /lane/steering_angle] bad callback: <bound method LaneTrackingNode.image_cb of <__main__.LaneTrackingNode object at 0x7f55bef5a1c0>>
Traceback (most recent call last):
  File "/opt/ros/noetic/lib/python3/dist-packages/rospy/topics.py", line 750, in _invoke_callback
    cb(msg)
  File "/home/hyeongseon/catkin_ws/src/lane_tracking_pkg/scripts/lane_tracking_node.py", line 99, in image_cb
    self.handle_frame(frame, msg.header)
  File "/home/hyeongseon/catkin_ws/src/lane_tracking_pkg/scripts/lane_tracking_node.py", line 111, in handle_frame
    lane_center, roi_overlay = detect_lane_center(edges, roi_color, self.debug)
  File "/home/hyeongseon/catkin_ws/src/lane_tracking_pkg/vision/detector.py", line 63, in detect_lane_center
    left_line = _fit_lane(np.vstack(left_points)) if left_points else None
TypeError: _fit_lane() missing 2 required positional arguments: 'y_bottom' and 'y_top'

1758341698.829238414 ERROR /lane_tracking_node [topics.py:753(_SubscriberImpl._invoke_callback)] [topics: /rosout, /lane_overlay, /camera/image_raw, /lane/center_offset, /lane/steering_angle] bad callback: <bound method LaneTrackingNode.image_cb of <__main__.LaneTrackingNode object at 0x7f55bef5a1c0>>
Traceback (most recent call last):
  File "/opt/ros/noetic/lib/python3/dist-packages/rospy/topics.py", line 750, in _invoke_callback
    cb(msg)
  File "/home/hyeongseon/catkin_ws/src/lane_tracking_pkg/scripts/lane_tracking_node.py", line 99, in image_cb
    self.handle_frame(frame, msg.header)
  File "/home/hyeongseon/catkin_ws/src/lane_tracking_pkg/scripts/lane_tracking_node.py", line 111, in handle_frame
    lane_center, roi_overlay = detect_lane_center(edges, roi_color, self.debug)
  File "/home/hyeongseon/catkin_ws/src/lane_tracking_pkg/vision/detector.py", line 63, in detect_lane_center
    left_line = _fit_lane(np.vstack(left_points)) if left_points else None
TypeError: _fit_lane() missing 2 required positional arguments: 'y_bottom' and 'y_top'

1758341698.842666149 ERROR /lane_tracking_node [topics.py:753(_SubscriberImpl._invoke_callback)] [topics: /rosout, /lane_overlay, /camera/image_raw, /lane/center_offset, /lane/steering_angle] bad callback: <bound method LaneTrackingNode.image_cb of <__main__.LaneTrackingNode object at 0x7f55bef5a1c0>>
Traceback (most recent call last):
  File "/opt/ros/noetic/lib/python3/dist-packages/rospy/topics.py", line 750, in _invoke_callback
    cb(msg)
  File "/home/hyeongseon/catkin_ws/src/lane_tracking_pkg/scripts/lane_tracking_node.py", line 99, in image_cb
    self.handle_frame(frame, msg.header)
  File "/home/hyeongseon/catkin_ws/src/lane_tracking_pkg/scripts/lane_tracking_node.py", line 111, in handle_frame
    lane_center, roi_overlay = detect_lane_center(edges, roi_color, self.debug)
  File "/home/hyeongseon/catkin_ws/src/lane_tracking_pkg/vision/detector.py", line 63, in detect_lane_center
    left_line = _fit_lane(np.vstack(left_points)) if left_points else None
TypeError: _fit_lane() missing 2 required positional arguments: 'y_bottom' and 'y_top'

1758341698.856788158 ERROR /lane_tracking_node [topics.py:753(_SubscriberImpl._invoke_callback)] [topics: /rosout, /lane_overlay, /camera/image_raw, /lane/center_offset, /lane/steering_angle] bad callback: <bound method LaneTrackingNode.image_cb of <__main__.LaneTrackingNode object at 0x7f55bef5a1c0>>
Traceback (most recent call last):
  File "/opt/ros/noetic/lib/python3/dist-packages/rospy/topics.py", line 750, in _invoke_callback
    cb(msg)
  File "/home/hyeongseon/catkin_ws/src/lane_tracking_pkg/scripts/lane_tracking_node.py", line 99, in image_cb
    self.handle_frame(frame, msg.header)
  File "/home/hyeongseon/catkin_ws/src/lane_tracking_pkg/scripts/lane_tracking_node.py", line 111, in handle_frame
    lane_center, roi_overlay = detect_lane_center(edges, roi_color, self.debug)
  File "/home/hyeongseon/catkin_ws/src/lane_tracking_pkg/vision/detector.py", line 63, in detect_lane_center
    left_line = _fit_lane(np.vstack(left_points)) if left_points else None
TypeError: _fit_lane() missing 2 required positional arguments: 'y_bottom' and 'y_top'

1758341698.883350610 ERROR /lane_tracking_node [topics.py:753(_SubscriberImpl._invoke_callback)] [topics: /rosout, /lane_overlay, /camera/image_raw, /lane/center_offset, /lane/steering_angle] bad callback: <bound method LaneTrackingNode.image_cb of <__main__.LaneTrackingNode object at 0x7f55bef5a1c0>>
Traceback (most recent call last):
  File "/opt/ros/noetic/lib/python3/dist-packages/rospy/topics.py", line 750, in _invoke_callback
    cb(msg)
  File "/home/hyeongseon/catkin_ws/src/lane_tracking_pkg/scripts/lane_tracking_node.py", line 99, in image_cb
    self.handle_frame(frame, msg.header)
  File "/home/hyeongseon/catkin_ws/src/lane_tracking_pkg/scripts/lane_tracking_node.py", line 111, in handle_frame
    lane_center, roi_overlay = detect_lane_center(edges, roi_color, self.debug)
  File "/home/hyeongseon/catkin_ws/src/lane_tracking_pkg/vision/detector.py", line 63, in detect_lane_center
    left_line = _fit_lane(np.vstack(left_points)) if left_points else None
TypeError: _fit_lane() missing 2 required positional arguments: 'y_bottom' and 'y_top'

1758341698.939659118 ERROR /lane_tracking_node [topics.py:753(_SubscriberImpl._invoke_callback)] [topics: /rosout, /lane_overlay, /camera/image_raw, /lane/center_offset, /lane/steering_angle] bad callback: <bound method LaneTrackingNode.image_cb of <__main__.LaneTrackingNode object at 0x7f55bef5a1c0>>
Traceback (most recent call last):
  File "/opt/ros/noetic/lib/python3/dist-packages/rospy/topics.py", line 750, in _invoke_callback
    cb(msg)
  File "/home/hyeongseon/catkin_ws/src/lane_tracking_pkg/scripts/lane_tracking_node.py", line 99, in image_cb
    self.handle_frame(frame, msg.header)
  File "/home/hyeongseon/catkin_ws/src/lane_tracking_pkg/scripts/lane_tracking_node.py", line 111, in handle_frame
    lane_center, roi_overlay = detect_lane_center(edges, roi_color, self.debug)
  File "/home/hyeongseon/catkin_ws/src/lane_tracking_pkg/vision/detector.py", line 63, in detect_lane_center
    left_line = _fit_lane(np.vstack(left_points)) if left_points else None
TypeError: _fit_lane() missing 2 required positional arguments: 'y_bottom' and 'y_top'

1758341698.979208707 ERROR /lane_tracking_node [topics.py:753(_SubscriberImpl._invoke_callback)] [topics: /rosout, /lane_overlay, /camera/image_raw, /lane/center_offset, /lane/steering_angle] bad callback: <bound method LaneTrackingNode.image_cb of <__main__.LaneTrackingNode object at 0x7f55bef5a1c0>>
Traceback (most recent call last):
  File "/opt/ros/noetic/lib/python3/dist-packages/rospy/topics.py", line 750, in _invoke_callback
    cb(msg)
  File "/home/hyeongseon/catkin_ws/src/lane_tracking_pkg/scripts/lane_tracking_node.py", line 99, in image_cb
    self.handle_frame(frame, msg.header)
  File "/home/hyeongseon/catkin_ws/src/lane_tracking_pkg/scripts/lane_tracking_node.py", line 111, in handle_frame
    lane_center, roi_overlay = detect_lane_center(edges, roi_color, self.debug)
  File "/home/hyeongseon/catkin_ws/src/lane_tracking_pkg/vision/detector.py", line 63, in detect_lane_center
    left_line = _fit_lane(np.vstack(left_points)) if left_points else None
TypeError: _fit_lane() missing 2 required positional arguments: 'y_bottom' and 'y_top'

1758341699.002297163 ERROR /lane_tracking_node [topics.py:753(_SubscriberImpl._invoke_callback)] [topics: /rosout, /lane_overlay, /camera/image_raw, /lane/center_offset, /lane/steering_angle] bad callback: <bound method LaneTrackingNode.image_cb of <__main__.LaneTrackingNode object at 0x7f55bef5a1c0>>
Traceback (most recent call last):
  File "/opt/ros/noetic/lib/python3/dist-packages/rospy/topics.py", line 750, in _invoke_callback
    cb(msg)
  File "/home/hyeongseon/catkin_ws/src/lane_tracking_pkg/scripts/lane_tracking_node.py", line 99, in image_cb
    self.handle_frame(frame, msg.header)
  File "/home/hyeongseon/catkin_ws/src/lane_tracking_pkg/scripts/lane_tracking_node.py", line 111, in handle_frame
    lane_center, roi_overlay = detect_lane_center(edges, roi_color, self.debug)
  File "/home/hyeongseon/catkin_ws/src/lane_tracking_pkg/vision/detector.py", line 63, in detect_lane_center
    left_line = _fit_lane(np.vstack(left_points)) if left_points else None
TypeError: _fit_lane() missing 2 required positional arguments: 'y_bottom' and 'y_top'

1758341699.036859273 ERROR /lane_tracking_node [topics.py:753(_SubscriberImpl._invoke_callback)] [topics: /rosout, /lane_overlay, /camera/image_raw, /lane/center_offset, /lane/steering_angle] bad callback: <bound method LaneTrackingNode.image_cb of <__main__.LaneTrackingNode object at 0x7f55bef5a1c0>>
Traceback (most recent call last):
  File "/opt/ros/noetic/lib/python3/dist-packages/rospy/topics.py", line 750, in _invoke_callback
    cb(msg)
  File "/home/hyeongseon/catkin_ws/src/lane_tracking_pkg/scripts/lane_tracking_node.py", line 99, in image_cb
    self.handle_frame(frame, msg.header)
  File "/home/hyeongseon/catkin_ws/src/lane_tracking_pkg/scripts/lane_tracking_node.py", line 111, in handle_frame
    lane_center, roi_overlay = detect_lane_center(edges, roi_color, self.debug)
  File "/home/hyeongseon/catkin_ws/src/lane_tracking_pkg/vision/detector.py", line 63, in detect_lane_center
    left_line = _fit_lane(np.vstack(left_points)) if left_points else None
TypeError: _fit_lane() missing 2 required positional arguments: 'y_bottom' and 'y_top'

1758341699.050349473 ERROR /lane_tracking_node [topics.py:753(_SubscriberImpl._invoke_callback)] [topics: /rosout, /lane_overlay, /camera/image_raw, /lane/center_offset, /lane/steering_angle] bad callback: <bound method LaneTrackingNode.image_cb of <__main__.LaneTrackingNode object at 0x7f55bef5a1c0>>
Traceback (most recent call last):
  File "/opt/ros/noetic/lib/python3/dist-packages/rospy/topics.py", line 750, in _invoke_callback
    cb(msg)
  File "/home/hyeongseon/catkin_ws/src/lane_tracking_pkg/scripts/lane_tracking_node.py", line 99, in image_cb
    self.handle_frame(frame, msg.header)
  File "/home/hyeongseon/catkin_ws/src/lane_tracking_pkg/scripts/lane_tracking_node.py", line 111, in handle_frame
    lane_center, roi_overlay = detect_lane_center(edges, roi_color, self.debug)
  File "/home/hyeongseon/catkin_ws/src/lane_tracking_pkg/vision/detector.py", line 63, in detect_lane_center
    left_line = _fit_lane(np.vstack(left_points)) if left_points else None
TypeError: _fit_lane() missing 2 required positional arguments: 'y_bottom' and 'y_top'

1758341699.106311321 ERROR /lane_tracking_node [topics.py:753(_SubscriberImpl._invoke_callback)] [topics: /rosout, /lane_overlay, /camera/image_raw, /lane/center_offset, /lane/steering_angle] bad callback: <bound method LaneTrackingNode.image_cb of <__main__.LaneTrackingNode object at 0x7f55bef5a1c0>>
Traceback (most recent call last):
  File "/opt/ros/noetic/lib/python3/dist-packages/rospy/topics.py", line 750, in _invoke_callback
    cb(msg)
  File "/home/hyeongseon/catkin_ws/src/lane_tracking_pkg/scripts/lane_tracking_node.py", line 99, in image_cb
    self.handle_frame(frame, msg.header)
  File "/home/hyeongseon/catkin_ws/src/lane_tracking_pkg/scripts/lane_tracking_node.py", line 111, in handle_frame
    lane_center, roi_overlay = detect_lane_center(edges, roi_color, self.debug)
  File "/home/hyeongseon/catkin_ws/src/lane_tracking_pkg/vision/detector.py", line 63, in detect_lane_center
    left_line = _fit_lane(np.vstack(left_points)) if left_points else None
TypeError: _fit_lane() missing 2 required positional arguments: 'y_bottom' and 'y_top'

1758341699.142879247 ERROR /lane_tracking_node [topics.py:753(_SubscriberImpl._invoke_callback)] [topics: /rosout, /lane_overlay, /camera/image_raw, /lane/center_offset, /lane/steering_angle] bad callback: <bound method LaneTrackingNode.image_cb of <__main__.LaneTrackingNode object at 0x7f55bef5a1c0>>
Traceback (most recent call last):
  File "/opt/ros/noetic/lib/python3/dist-packages/rospy/topics.py", line 750, in _invoke_callback
    cb(msg)
  File "/home/hyeongseon/catkin_ws/src/lane_tracking_pkg/scripts/lane_tracking_node.py", line 99, in image_cb
    self.handle_frame(frame, msg.header)
  File "/home/hyeongseon/catkin_ws/src/lane_tracking_pkg/scripts/lane_tracking_node.py", line 111, in handle_frame
    lane_center, roi_overlay = detect_lane_center(edges, roi_color, self.debug)
  File "/home/hyeongseon/catkin_ws/src/lane_tracking_pkg/vision/detector.py", line 63, in detect_lane_center
    left_line = _fit_lane(np.vstack(left_points)) if left_points else None
TypeError: _fit_lane() missing 2 required positional arguments: 'y_bottom' and 'y_top'

1758341699.177417993 ERROR /lane_tracking_node [topics.py:753(_SubscriberImpl._invoke_callback)] [topics: /rosout, /lane_overlay, /camera/image_raw, /lane/center_offset, /lane/steering_angle] bad callback: <bound method LaneTrackingNode.image_cb of <__main__.LaneTrackingNode object at 0x7f55bef5a1c0>>
Traceback (most recent call last):
  File "/opt/ros/noetic/lib/python3/dist-packages/rospy/topics.py", line 750, in _invoke_callback
    cb(msg)
  File "/home/hyeongseon/catkin_ws/src/lane_tracking_pkg/scripts/lane_tracking_node.py", line 99, in image_cb
    self.handle_frame(frame, msg.header)
  File "/home/hyeongseon/catkin_ws/src/lane_tracking_pkg/scripts/lane_tracking_node.py", line 111, in handle_frame
    lane_center, roi_overlay = detect_lane_center(edges, roi_color, self.debug)
  File "/home/hyeongseon/catkin_ws/src/lane_tracking_pkg/vision/detector.py", line 63, in detect_lane_center
    left_line = _fit_lane(np.vstack(left_points)) if left_points else None
TypeError: _fit_lane() missing 2 required positional arguments: 'y_bottom' and 'y_top'

1758341699.189099073 ERROR /lane_tracking_node [topics.py:753(_SubscriberImpl._invoke_callback)] [topics: /rosout, /lane_overlay, /camera/image_raw, /lane/center_offset, /lane/steering_angle] bad callback: <bound method LaneTrackingNode.image_cb of <__main__.LaneTrackingNode object at 0x7f55bef5a1c0>>
Traceback (most recent call last):
  File "/opt/ros/noetic/lib/python3/dist-packages/rospy/topics.py", line 750, in _invoke_callback
    cb(msg)
  File "/home/hyeongseon/catkin_ws/src/lane_tracking_pkg/scripts/lane_tracking_node.py", line 99, in image_cb
    self.handle_frame(frame, msg.header)
  File "/home/hyeongseon/catkin_ws/src/lane_tracking_pkg/scripts/lane_tracking_node.py", line 111, in handle_frame
    lane_center, roi_overlay = detect_lane_center(edges, roi_color, self.debug)
  File "/home/hyeongseon/catkin_ws/src/lane_tracking_pkg/vision/detector.py", line 63, in detect_lane_center
    left_line = _fit_lane(np.vstack(left_points)) if left_points else None
TypeError: _fit_lane() missing 2 required positional arguments: 'y_bottom' and 'y_top'

1758341699.244204998 ERROR /lane_tracking_node [topics.py:753(_SubscriberImpl._invoke_callback)] [topics: /rosout, /lane_overlay, /camera/image_raw, /lane/center_offset, /lane/steering_angle] bad callback: <bound method LaneTrackingNode.image_cb of <__main__.LaneTrackingNode object at 0x7f55bef5a1c0>>
Traceback (most recent call last):
  File "/opt/ros/noetic/lib/python3/dist-packages/rospy/topics.py", line 750, in _invoke_callback
    cb(msg)
  File "/home/hyeongseon/catkin_ws/src/lane_tracking_pkg/scripts/lane_tracking_node.py", line 99, in image_cb
    self.handle_frame(frame, msg.header)
  File "/home/hyeongseon/catkin_ws/src/lane_tracking_pkg/scripts/lane_tracking_node.py", line 111, in handle_frame
    lane_center, roi_overlay = detect_lane_center(edges, roi_color, self.debug)
  File "/home/hyeongseon/catkin_ws/src/lane_tracking_pkg/vision/detector.py", line 63, in detect_lane_center
    left_line = _fit_lane(np.vstack(left_points)) if left_points else None
TypeError: _fit_lane() missing 2 required positional arguments: 'y_bottom' and 'y_top'

1758341699.314004421 ERROR /lane_tracking_node [topics.py:753(_SubscriberImpl._invoke_callback)] [topics: /rosout, /lane_overlay, /camera/image_raw, /lane/center_offset, /lane/steering_angle] bad callback: <bound method LaneTrackingNode.image_cb of <__main__.LaneTrackingNode object at 0x7f55bef5a1c0>>
Traceback (most recent call last):
  File "/opt/ros/noetic/lib/python3/dist-packages/rospy/topics.py", line 750, in _invoke_callback
    cb(msg)
  File "/home/hyeongseon/catkin_ws/src/lane_tracking_pkg/scripts/lane_tracking_node.py", line 99, in image_cb
    self.handle_frame(frame, msg.header)
  File "/home/hyeongseon/catkin_ws/src/lane_tracking_pkg/scripts/lane_tracking_node.py", line 111, in handle_frame
    lane_center, roi_overlay = detect_lane_center(edges, roi_color, self.debug)
  File "/home/hyeongseon/catkin_ws/src/lane_tracking_pkg/vision/detector.py", line 63, in detect_lane_center
    left_line = _fit_lane(np.vstack(left_points)) if left_points else None
TypeError: _fit_lane() missing 2 required positional arguments: 'y_bottom' and 'y_top'

1758341699.332183122 ERROR /lane_tracking_node [topics.py:753(_SubscriberImpl._invoke_callback)] [topics: /rosout, /lane_overlay, /camera/image_raw, /lane/center_offset, /lane/steering_angle] bad callback: <bound method LaneTrackingNode.image_cb of <__main__.LaneTrackingNode object at 0x7f55bef5a1c0>>
Traceback (most recent call last):
  File "/opt/ros/noetic/lib/python3/dist-packages/rospy/topics.py", line 750, in _invoke_callback
    cb(msg)
  File "/home/hyeongseon/catkin_ws/src/lane_tracking_pkg/scripts/lane_tracking_node.py", line 99, in image_cb
    self.handle_frame(frame, msg.header)
  File "/home/hyeongseon/catkin_ws/src/lane_tracking_pkg/scripts/lane_tracking_node.py", line 111, in handle_frame
    lane_center, roi_overlay = detect_lane_center(edges, roi_color, self.debug)
  File "/home/hyeongseon/catkin_ws/src/lane_tracking_pkg/vision/detector.py", line 63, in detect_lane_center
    left_line = _fit_lane(np.vstack(left_points)) if left_points else None
TypeError: _fit_lane() missing 2 required positional arguments: 'y_bottom' and 'y_top'

1758341699.356569290 ERROR /lane_tracking_node [topics.py:753(_SubscriberImpl._invoke_callback)] [topics: /rosout, /lane_overlay, /camera/image_raw, /lane/center_offset, /lane/steering_angle] bad callback: <bound method LaneTrackingNode.image_cb of <__main__.LaneTrackingNode object at 0x7f55bef5a1c0>>
Traceback (most recent call last):
  File "/opt/ros/noetic/lib/python3/dist-packages/rospy/topics.py", line 750, in _invoke_callback
    cb(msg)
  File "/home/hyeongseon/catkin_ws/src/lane_tracking_pkg/scripts/lane_tracking_node.py", line 99, in image_cb
    self.handle_frame(frame, msg.header)
  File "/home/hyeongseon/catkin_ws/src/lane_tracking_pkg/scripts/lane_tracking_node.py", line 111, in handle_frame
    lane_center, roi_overlay = detect_lane_center(edges, roi_color, self.debug)
  File "/home/hyeongseon/catkin_ws/src/lane_tracking_pkg/vision/detector.py", line 63, in detect_lane_center
    left_line = _fit_lane(np.vstack(left_points)) if left_points else None
TypeError: _fit_lane() missing 2 required positional arguments: 'y_bottom' and 'y_top'

1758341699.390741586 ERROR /lane_tracking_node [topics.py:753(_SubscriberImpl._invoke_callback)] [topics: /rosout, /lane_overlay, /camera/image_raw, /lane/center_offset, /lane/steering_angle] bad callback: <bound method LaneTrackingNode.image_cb of <__main__.LaneTrackingNode object at 0x7f55bef5a1c0>>
Traceback (most recent call last):
  File "/opt/ros/noetic/lib/python3/dist-packages/rospy/topics.py", line 750, in _invoke_callback
    cb(msg)
  File "/home/hyeongseon/catkin_ws/src/lane_tracking_pkg/scripts/lane_tracking_node.py", line 99, in image_cb
    self.handle_frame(frame, msg.header)
  File "/home/hyeongseon/catkin_ws/src/lane_tracking_pkg/scripts/lane_tracking_node.py", line 111, in handle_frame
    lane_center, roi_overlay = detect_lane_center(edges, roi_color, self.debug)
  File "/home/hyeongseon/catkin_ws/src/lane_tracking_pkg/vision/detector.py", line 63, in detect_lane_center
    left_line = _fit_lane(np.vstack(left_points)) if left_points else None
TypeError: _fit_lane() missing 2 required positional arguments: 'y_bottom' and 'y_top'

1758341699.415068149 ERROR /lane_tracking_node [topics.py:753(_SubscriberImpl._invoke_callback)] [topics: /rosout, /lane_overlay, /camera/image_raw, /lane/center_offset, /lane/steering_angle] bad callback: <bound method LaneTrackingNode.image_cb of <__main__.LaneTrackingNode object at 0x7f55bef5a1c0>>
Traceback (most recent call last):
  File "/opt/ros/noetic/lib/python3/dist-packages/rospy/topics.py", line 750, in _invoke_callback
    cb(msg)
  File "/home/hyeongseon/catkin_ws/src/lane_tracking_pkg/scripts/lane_tracking_node.py", line 99, in image_cb
    self.handle_frame(frame, msg.header)
  File "/home/hyeongseon/catkin_ws/src/lane_tracking_pkg/scripts/lane_tracking_node.py", line 111, in handle_frame
    lane_center, roi_overlay = detect_lane_center(edges, roi_color, self.debug)
  File "/home/hyeongseon/catkin_ws/src/lane_tracking_pkg/vision/detector.py", line 63, in detect_lane_center
    left_line = _fit_lane(np.vstack(left_points)) if left_points else None
TypeError: _fit_lane() missing 2 required positional arguments: 'y_bottom' and 'y_top'

1758341699.440413475 ERROR /lane_tracking_node [topics.py:753(_SubscriberImpl._invoke_callback)] [topics: /rosout, /lane_overlay, /camera/image_raw, /lane/center_offset, /lane/steering_angle] bad callback: <bound method LaneTrackingNode.image_cb of <__main__.LaneTrackingNode object at 0x7f55bef5a1c0>>
Traceback (most recent call last):
  File "/opt/ros/noetic/lib/python3/dist-packages/rospy/topics.py", line 750, in _invoke_callback
    cb(msg)
  File "/home/hyeongseon/catkin_ws/src/lane_tracking_pkg/scripts/lane_tracking_node.py", line 99, in image_cb
    self.handle_frame(frame, msg.header)
  File "/home/hyeongseon/catkin_ws/src/lane_tracking_pkg/scripts/lane_tracking_node.py", line 111, in handle_frame
    lane_center, roi_overlay = detect_lane_center(edges, roi_color, self.debug)
  File "/home/hyeongseon/catkin_ws/src/lane_tracking_pkg/vision/detector.py", line 63, in detect_lane_center
    left_line = _fit_lane(np.vstack(left_points)) if left_points else None
TypeError: _fit_lane() missing 2 required positional arguments: 'y_bottom' and 'y_top'

1758341699.499150753 ERROR /lane_tracking_node [topics.py:753(_SubscriberImpl._invoke_callback)] [topics: /rosout, /lane_overlay, /camera/image_raw, /lane/center_offset, /lane/steering_angle] bad callback: <bound method LaneTrackingNode.image_cb of <__main__.LaneTrackingNode object at 0x7f55bef5a1c0>>
Traceback (most recent call last):
  File "/opt/ros/noetic/lib/python3/dist-packages/rospy/topics.py", line 750, in _invoke_callback
    cb(msg)
  File "/home/hyeongseon/catkin_ws/src/lane_tracking_pkg/scripts/lane_tracking_node.py", line 99, in image_cb
    self.handle_frame(frame, msg.header)
  File "/home/hyeongseon/catkin_ws/src/lane_tracking_pkg/scripts/lane_tracking_node.py", line 111, in handle_frame
    lane_center, roi_overlay = detect_lane_center(edges, roi_color, self.debug)
  File "/home/hyeongseon/catkin_ws/src/lane_tracking_pkg/vision/detector.py", line 63, in detect_lane_center
    left_line = _fit_lane(np.vstack(left_points)) if left_points else None
TypeError: _fit_lane() missing 2 required positional arguments: 'y_bottom' and 'y_top'

1758341699.527049303 ERROR /lane_tracking_node [topics.py:753(_SubscriberImpl._invoke_callback)] [topics: /rosout, /lane_overlay, /camera/image_raw, /lane/center_offset, /lane/steering_angle] bad callback: <bound method LaneTrackingNode.image_cb of <__main__.LaneTrackingNode object at 0x7f55bef5a1c0>>
Traceback (most recent call last):
  File "/opt/ros/noetic/lib/python3/dist-packages/rospy/topics.py", line 750, in _invoke_callback
    cb(msg)
  File "/home/hyeongseon/catkin_ws/src/lane_tracking_pkg/scripts/lane_tracking_node.py", line 99, in image_cb
    self.handle_frame(frame, msg.header)
  File "/home/hyeongseon/catkin_ws/src/lane_tracking_pkg/scripts/lane_tracking_node.py", line 111, in handle_frame
    lane_center, roi_overlay = detect_lane_center(edges, roi_color, self.debug)
  File "/home/hyeongseon/catkin_ws/src/lane_tracking_pkg/vision/detector.py", line 63, in detect_lane_center
    left_line = _fit_lane(np.vstack(left_points)) if left_points else None
TypeError: _fit_lane() missing 2 required positional arguments: 'y_bottom' and 'y_top'

1758341699.552001237 ERROR /lane_tracking_node [topics.py:753(_SubscriberImpl._invoke_callback)] [topics: /rosout, /lane_overlay, /camera/image_raw, /lane/center_offset, /lane/steering_angle] bad callback: <bound method LaneTrackingNode.image_cb of <__main__.LaneTrackingNode object at 0x7f55bef5a1c0>>
Traceback (most recent call last):
  File "/opt/ros/noetic/lib/python3/dist-packages/rospy/topics.py", line 750, in _invoke_callback
    cb(msg)
  File "/home/hyeongseon/catkin_ws/src/lane_tracking_pkg/scripts/lane_tracking_node.py", line 99, in image_cb
    self.handle_frame(frame, msg.header)
  File "/home/hyeongseon/catkin_ws/src/lane_tracking_pkg/scripts/lane_tracking_node.py", line 111, in handle_frame
    lane_center, roi_overlay = detect_lane_center(edges, roi_color, self.debug)
  File "/home/hyeongseon/catkin_ws/src/lane_tracking_pkg/vision/detector.py", line 63, in detect_lane_center
    left_line = _fit_lane(np.vstack(left_points)) if left_points else None
TypeError: _fit_lane() missing 2 required positional arguments: 'y_bottom' and 'y_top'

1758341699.574935197 ERROR /lane_tracking_node [topics.py:753(_SubscriberImpl._invoke_callback)] [topics: /rosout, /lane_overlay, /camera/image_raw, /lane/center_offset, /lane/steering_angle] bad callback: <bound method LaneTrackingNode.image_cb of <__main__.LaneTrackingNode object at 0x7f55bef5a1c0>>
Traceback (most recent call last):
  File "/opt/ros/noetic/lib/python3/dist-packages/rospy/topics.py", line 750, in _invoke_callback
    cb(msg)
  File "/home/hyeongseon/catkin_ws/src/lane_tracking_pkg/scripts/lane_tracking_node.py", line 99, in image_cb
    self.handle_frame(frame, msg.header)
  File "/home/hyeongseon/catkin_ws/src/lane_tracking_pkg/scripts/lane_tracking_node.py", line 111, in handle_frame
    lane_center, roi_overlay = detect_lane_center(edges, roi_color, self.debug)
  File "/home/hyeongseon/catkin_ws/src/lane_tracking_pkg/vision/detector.py", line 63, in detect_lane_center
    left_line = _fit_lane(np.vstack(left_points)) if left_points else None
TypeError: _fit_lane() missing 2 required positional arguments: 'y_bottom' and 'y_top'

1758341699.646445035 ERROR /lane_tracking_node [topics.py:753(_SubscriberImpl._invoke_callback)] [topics: /rosout, /lane_overlay, /camera/image_raw, /lane/center_offset, /lane/steering_angle] bad callback: <bound method LaneTrackingNode.image_cb of <__main__.LaneTrackingNode object at 0x7f55bef5a1c0>>
Traceback (most recent call last):
  File "/opt/ros/noetic/lib/python3/dist-packages/rospy/topics.py", line 750, in _invoke_callback
    cb(msg)
  File "/home/hyeongseon/catkin_ws/src/lane_tracking_pkg/scripts/lane_tracking_node.py", line 99, in image_cb
    self.handle_frame(frame, msg.header)
  File "/home/hyeongseon/catkin_ws/src/lane_tracking_pkg/scripts/lane_tracking_node.py", line 111, in handle_frame
    lane_center, roi_overlay = detect_lane_center(edges, roi_color, self.debug)
  File "/home/hyeongseon/catkin_ws/src/lane_tracking_pkg/vision/detector.py", line 63, in detect_lane_center
    left_line = _fit_lane(np.vstack(left_points)) if left_points else None
TypeError: _fit_lane() missing 2 required positional arguments: 'y_bottom' and 'y_top'

1758341699.687162876 ERROR /lane_tracking_node [topics.py:753(_SubscriberImpl._invoke_callback)] [topics: /rosout, /lane_overlay, /camera/image_raw, /lane/center_offset, /lane/steering_angle] bad callback: <bound method LaneTrackingNode.image_cb of <__main__.LaneTrackingNode object at 0x7f55bef5a1c0>>
Traceback (most recent call last):
  File "/opt/ros/noetic/lib/python3/dist-packages/rospy/topics.py", line 750, in _invoke_callback
    cb(msg)
  File "/home/hyeongseon/catkin_ws/src/lane_tracking_pkg/scripts/lane_tracking_node.py", line 99, in image_cb
    self.handle_frame(frame, msg.header)
  File "/home/hyeongseon/catkin_ws/src/lane_tracking_pkg/scripts/lane_tracking_node.py", line 111, in handle_frame
    lane_center, roi_overlay = detect_lane_center(edges, roi_color, self.debug)
  File "/home/hyeongseon/catkin_ws/src/lane_tracking_pkg/vision/detector.py", line 63, in detect_lane_center
    left_line = _fit_lane(np.vstack(left_points)) if left_points else None
TypeError: _fit_lane() missing 2 required positional arguments: 'y_bottom' and 'y_top'

1758341699.710289478 ERROR /lane_tracking_node [topics.py:753(_SubscriberImpl._invoke_callback)] [topics: /rosout, /lane_overlay, /camera/image_raw, /lane/center_offset, /lane/steering_angle] bad callback: <bound method LaneTrackingNode.image_cb of <__main__.LaneTrackingNode object at 0x7f55bef5a1c0>>
Traceback (most recent call last):
  File "/opt/ros/noetic/lib/python3/dist-packages/rospy/topics.py", line 750, in _invoke_callback
    cb(msg)
  File "/home/hyeongseon/catkin_ws/src/lane_tracking_pkg/scripts/lane_tracking_node.py", line 99, in image_cb
    self.handle_frame(frame, msg.header)
  File "/home/hyeongseon/catkin_ws/src/lane_tracking_pkg/scripts/lane_tracking_node.py", line 111, in handle_frame
    lane_center, roi_overlay = detect_lane_center(edges, roi_color, self.debug)
  File "/home/hyeongseon/catkin_ws/src/lane_tracking_pkg/vision/detector.py", line 63, in detect_lane_center
    left_line = _fit_lane(np.vstack(left_points)) if left_points else None
TypeError: _fit_lane() missing 2 required positional arguments: 'y_bottom' and 'y_top'

1758341699.750540256 ERROR /lane_tracking_node [topics.py:753(_SubscriberImpl._invoke_callback)] [topics: /rosout, /lane_overlay, /camera/image_raw, /lane/center_offset, /lane/steering_angle] bad callback: <bound method LaneTrackingNode.image_cb of <__main__.LaneTrackingNode object at 0x7f55bef5a1c0>>
Traceback (most recent call last):
  File "/opt/ros/noetic/lib/python3/dist-packages/rospy/topics.py", line 750, in _invoke_callback
    cb(msg)
  File "/home/hyeongseon/catkin_ws/src/lane_tracking_pkg/scripts/lane_tracking_node.py", line 99, in image_cb
    self.handle_frame(frame, msg.header)
  File "/home/hyeongseon/catkin_ws/src/lane_tracking_pkg/scripts/lane_tracking_node.py", line 111, in handle_frame
    lane_center, roi_overlay = detect_lane_center(edges, roi_color, self.debug)
  File "/home/hyeongseon/catkin_ws/src/lane_tracking_pkg/vision/detector.py", line 63, in detect_lane_center
    left_line = _fit_lane(np.vstack(left_points)) if left_points else None
TypeError: _fit_lane() missing 2 required positional arguments: 'y_bottom' and 'y_top'

1758341699.776524543 ERROR /lane_tracking_node [topics.py:753(_SubscriberImpl._invoke_callback)] [topics: /rosout, /lane_overlay, /camera/image_raw, /lane/center_offset, /lane/steering_angle] bad callback: <bound method LaneTrackingNode.image_cb of <__main__.LaneTrackingNode object at 0x7f55bef5a1c0>>
Traceback (most recent call last):
  File "/opt/ros/noetic/lib/python3/dist-packages/rospy/topics.py", line 750, in _invoke_callback
    cb(msg)
  File "/home/hyeongseon/catkin_ws/src/lane_tracking_pkg/scripts/lane_tracking_node.py", line 99, in image_cb
    self.handle_frame(frame, msg.header)
  File "/home/hyeongseon/catkin_ws/src/lane_tracking_pkg/scripts/lane_tracking_node.py", line 111, in handle_frame
    lane_center, roi_overlay = detect_lane_center(edges, roi_color, self.debug)
  File "/home/hyeongseon/catkin_ws/src/lane_tracking_pkg/vision/detector.py", line 63, in detect_lane_center
    left_line = _fit_lane(np.vstack(left_points)) if left_points else None
TypeError: _fit_lane() missing 2 required positional arguments: 'y_bottom' and 'y_top'

1758341699.790142297 ERROR /lane_tracking_node [topics.py:753(_SubscriberImpl._invoke_callback)] [topics: /rosout, /lane_overlay, /camera/image_raw, /lane/center_offset, /lane/steering_angle] bad callback: <bound method LaneTrackingNode.image_cb of <__main__.LaneTrackingNode object at 0x7f55bef5a1c0>>
Traceback (most recent call last):
  File "/opt/ros/noetic/lib/python3/dist-packages/rospy/topics.py", line 750, in _invoke_callback
    cb(msg)
  File "/home/hyeongseon/catkin_ws/src/lane_tracking_pkg/scripts/lane_tracking_node.py", line 99, in image_cb
    self.handle_frame(frame, msg.header)
  File "/home/hyeongseon/catkin_ws/src/lane_tracking_pkg/scripts/lane_tracking_node.py", line 111, in handle_frame
    lane_center, roi_overlay = detect_lane_center(edges, roi_color, self.debug)
  File "/home/hyeongseon/catkin_ws/src/lane_tracking_pkg/vision/detector.py", line 63, in detect_lane_center
    left_line = _fit_lane(np.vstack(left_points)) if left_points else None
TypeError: _fit_lane() missing 2 required positional arguments: 'y_bottom' and 'y_top'

1758341699.819618225 ERROR /lane_tracking_node [topics.py:753(_SubscriberImpl._invoke_callback)] [topics: /rosout, /lane_overlay, /camera/image_raw, /lane/center_offset, /lane/steering_angle] bad callback: <bound method LaneTrackingNode.image_cb of <__main__.LaneTrackingNode object at 0x7f55bef5a1c0>>
Traceback (most recent call last):
  File "/opt/ros/noetic/lib/python3/dist-packages/rospy/topics.py", line 750, in _invoke_callback
    cb(msg)
  File "/home/hyeongseon/catkin_ws/src/lane_tracking_pkg/scripts/lane_tracking_node.py", line 99, in image_cb
    self.handle_frame(frame, msg.header)
  File "/home/hyeongseon/catkin_ws/src/lane_tracking_pkg/scripts/lane_tracking_node.py", line 111, in handle_frame
    lane_center, roi_overlay = detect_lane_center(edges, roi_color, self.debug)
  File "/home/hyeongseon/catkin_ws/src/lane_tracking_pkg/vision/detector.py", line 63, in detect_lane_center
    left_line = _fit_lane(np.vstack(left_points)) if left_points else None
TypeError: _fit_lane() missing 2 required positional arguments: 'y_bottom' and 'y_top'

1758341699.883208751 ERROR /lane_tracking_node [topics.py:753(_SubscriberImpl._invoke_callback)] [topics: /rosout, /lane_overlay, /camera/image_raw, /lane/center_offset, /lane/steering_angle] bad callback: <bound method LaneTrackingNode.image_cb of <__main__.LaneTrackingNode object at 0x7f55bef5a1c0>>
Traceback (most recent call last):
  File "/opt/ros/noetic/lib/python3/dist-packages/rospy/topics.py", line 750, in _invoke_callback
    cb(msg)
  File "/home/hyeongseon/catkin_ws/src/lane_tracking_pkg/scripts/lane_tracking_node.py", line 99, in image_cb
    self.handle_frame(frame, msg.header)
  File "/home/hyeongseon/catkin_ws/src/lane_tracking_pkg/scripts/lane_tracking_node.py", line 111, in handle_frame
    lane_center, roi_overlay = detect_lane_center(edges, roi_color, self.debug)
  File "/home/hyeongseon/catkin_ws/src/lane_tracking_pkg/vision/detector.py", line 63, in detect_lane_center
    left_line = _fit_lane(np.vstack(left_points)) if left_points else None
TypeError: _fit_lane() missing 2 required positional arguments: 'y_bottom' and 'y_top'

1758341699.930326938 ERROR /lane_tracking_node [topics.py:753(_SubscriberImpl._invoke_callback)] [topics: /rosout, /lane_overlay, /camera/image_raw, /lane/center_offset, /lane/steering_angle] bad callback: <bound method LaneTrackingNode.image_cb of <__main__.LaneTrackingNode object at 0x7f55bef5a1c0>>
Traceback (most recent call last):
  File "/opt/ros/noetic/lib/python3/dist-packages/rospy/topics.py", line 750, in _invoke_callback
    cb(msg)
  File "/home/hyeongseon/catkin_ws/src/lane_tracking_pkg/scripts/lane_tracking_node.py", line 99, in image_cb
    self.handle_frame(frame, msg.header)
  File "/home/hyeongseon/catkin_ws/src/lane_tracking_pkg/scripts/lane_tracking_node.py", line 111, in handle_frame
    lane_center, roi_overlay = detect_lane_center(edges, roi_color, self.debug)
  File "/home/hyeongseon/catkin_ws/src/lane_tracking_pkg/vision/detector.py", line 63, in detect_lane_center
    left_line = _fit_lane(np.vstack(left_points)) if left_points else None
TypeError: _fit_lane() missing 2 required positional arguments: 'y_bottom' and 'y_top'

1758341699.947297334 ERROR /lane_tracking_node [topics.py:753(_SubscriberImpl._invoke_callback)] [topics: /rosout, /lane_overlay, /camera/image_raw, /lane/center_offset, /lane/steering_angle] bad callback: <bound method LaneTrackingNode.image_cb of <__main__.LaneTrackingNode object at 0x7f55bef5a1c0>>
Traceback (most recent call last):
  File "/opt/ros/noetic/lib/python3/dist-packages/rospy/topics.py", line 750, in _invoke_callback
    cb(msg)
  File "/home/hyeongseon/catkin_ws/src/lane_tracking_pkg/scripts/lane_tracking_node.py", line 99, in image_cb
    self.handle_frame(frame, msg.header)
  File "/home/hyeongseon/catkin_ws/src/lane_tracking_pkg/scripts/lane_tracking_node.py", line 111, in handle_frame
    lane_center, roi_overlay = detect_lane_center(edges, roi_color, self.debug)
  File "/home/hyeongseon/catkin_ws/src/lane_tracking_pkg/vision/detector.py", line 63, in detect_lane_center
    left_line = _fit_lane(np.vstack(left_points)) if left_points else None
TypeError: _fit_lane() missing 2 required positional arguments: 'y_bottom' and 'y_top'

1758341699.982768535 ERROR /lane_tracking_node [topics.py:753(_SubscriberImpl._invoke_callback)] [topics: /rosout, /lane_overlay, /camera/image_raw, /lane/center_offset, /lane/steering_angle] bad callback: <bound method LaneTrackingNode.image_cb of <__main__.LaneTrackingNode object at 0x7f55bef5a1c0>>
Traceback (most recent call last):
  File "/opt/ros/noetic/lib/python3/dist-packages/rospy/topics.py", line 750, in _invoke_callback
    cb(msg)
  File "/home/hyeongseon/catkin_ws/src/lane_tracking_pkg/scripts/lane_tracking_node.py", line 99, in image_cb
    self.handle_frame(frame, msg.header)
  File "/home/hyeongseon/catkin_ws/src/lane_tracking_pkg/scripts/lane_tracking_node.py", line 111, in handle_frame
    lane_center, roi_overlay = detect_lane_center(edges, roi_color, self.debug)
  File "/home/hyeongseon/catkin_ws/src/lane_tracking_pkg/vision/detector.py", line 63, in detect_lane_center
    left_line = _fit_lane(np.vstack(left_points)) if left_points else None
TypeError: _fit_lane() missing 2 required positional arguments: 'y_bottom' and 'y_top'

1758341700.010435342 ERROR /lane_tracking_node [topics.py:753(_SubscriberImpl._invoke_callback)] [topics: /rosout, /lane_overlay, /camera/image_raw, /lane/center_offset, /lane/steering_angle] bad callback: <bound method LaneTrackingNode.image_cb of <__main__.LaneTrackingNode object at 0x7f55bef5a1c0>>
Traceback (most recent call last):
  File "/opt/ros/noetic/lib/python3/dist-packages/rospy/topics.py", line 750, in _invoke_callback
    cb(msg)
  File "/home/hyeongseon/catkin_ws/src/lane_tracking_pkg/scripts/lane_tracking_node.py", line 99, in image_cb
    self.handle_frame(frame, msg.header)
  File "/home/hyeongseon/catkin_ws/src/lane_tracking_pkg/scripts/lane_tracking_node.py", line 111, in handle_frame
    lane_center, roi_overlay = detect_lane_center(edges, roi_color, self.debug)
  File "/home/hyeongseon/catkin_ws/src/lane_tracking_pkg/vision/detector.py", line 63, in detect_lane_center
    left_line = _fit_lane(np.vstack(left_points)) if left_points else None
TypeError: _fit_lane() missing 2 required positional arguments: 'y_bottom' and 'y_top'

1758341700.053393363 ERROR /lane_tracking_node [topics.py:753(_SubscriberImpl._invoke_callback)] [topics: /rosout, /lane_overlay, /camera/image_raw, /lane/center_offset, /lane/steering_angle] bad callback: <bound method LaneTrackingNode.image_cb of <__main__.LaneTrackingNode object at 0x7f55bef5a1c0>>
Traceback (most recent call last):
  File "/opt/ros/noetic/lib/python3/dist-packages/rospy/topics.py", line 750, in _invoke_callback
    cb(msg)
  File "/home/hyeongseon/catkin_ws/src/lane_tracking_pkg/scripts/lane_tracking_node.py", line 99, in image_cb
    self.handle_frame(frame, msg.header)
  File "/home/hyeongseon/catkin_ws/src/lane_tracking_pkg/scripts/lane_tracking_node.py", line 111, in handle_frame
    lane_center, roi_overlay = detect_lane_center(edges, roi_color, self.debug)
  File "/home/hyeongseon/catkin_ws/src/lane_tracking_pkg/vision/detector.py", line 63, in detect_lane_center
    left_line = _fit_lane(np.vstack(left_points)) if left_points else None
TypeError: _fit_lane() missing 2 required positional arguments: 'y_bottom' and 'y_top'

1758341700.066534519 ERROR /lane_tracking_node [topics.py:753(_SubscriberImpl._invoke_callback)] [topics: /rosout, /lane_overlay, /camera/image_raw, /lane/center_offset, /lane/steering_angle] bad callback: <bound method LaneTrackingNode.image_cb of <__main__.LaneTrackingNode object at 0x7f55bef5a1c0>>
Traceback (most recent call last):
  File "/opt/ros/noetic/lib/python3/dist-packages/rospy/topics.py", line 750, in _invoke_callback
    cb(msg)
  File "/home/hyeongseon/catkin_ws/src/lane_tracking_pkg/scripts/lane_tracking_node.py", line 99, in image_cb
    self.handle_frame(frame, msg.header)
  File "/home/hyeongseon/catkin_ws/src/lane_tracking_pkg/scripts/lane_tracking_node.py", line 111, in handle_frame
    lane_center, roi_overlay = detect_lane_center(edges, roi_color, self.debug)
  File "/home/hyeongseon/catkin_ws/src/lane_tracking_pkg/vision/detector.py", line 63, in detect_lane_center
    left_line = _fit_lane(np.vstack(left_points)) if left_points else None
TypeError: _fit_lane() missing 2 required positional arguments: 'y_bottom' and 'y_top'

1758341700.093703508 ERROR /lane_tracking_node [topics.py:753(_SubscriberImpl._invoke_callback)] [topics: /rosout, /lane_overlay, /camera/image_raw, /lane/center_offset, /lane/steering_angle] bad callback: <bound method LaneTrackingNode.image_cb of <__main__.LaneTrackingNode object at 0x7f55bef5a1c0>>
Traceback (most recent call last):
  File "/opt/ros/noetic/lib/python3/dist-packages/rospy/topics.py", line 750, in _invoke_callback
    cb(msg)
  File "/home/hyeongseon/catkin_ws/src/lane_tracking_pkg/scripts/lane_tracking_node.py", line 99, in image_cb
    self.handle_frame(frame, msg.header)
  File "/home/hyeongseon/catkin_ws/src/lane_tracking_pkg/scripts/lane_tracking_node.py", line 111, in handle_frame
    lane_center, roi_overlay = detect_lane_center(edges, roi_color, self.debug)
  File "/home/hyeongseon/catkin_ws/src/lane_tracking_pkg/vision/detector.py", line 63, in detect_lane_center
    left_line = _fit_lane(np.vstack(left_points)) if left_points else None
TypeError: _fit_lane() missing 2 required positional arguments: 'y_bottom' and 'y_top'

1758341700.112207651 ERROR /lane_tracking_node [topics.py:753(_SubscriberImpl._invoke_callback)] [topics: /rosout, /lane_overlay, /camera/image_raw, /lane/center_offset, /lane/steering_angle] bad callback: <bound method LaneTrackingNode.image_cb of <__main__.LaneTrackingNode object at 0x7f55bef5a1c0>>
Traceback (most recent call last):
  File "/opt/ros/noetic/lib/python3/dist-packages/rospy/topics.py", line 750, in _invoke_callback
    cb(msg)
  File "/home/hyeongseon/catkin_ws/src/lane_tracking_pkg/scripts/lane_tracking_node.py", line 99, in image_cb
    self.handle_frame(frame, msg.header)
  File "/home/hyeongseon/catkin_ws/src/lane_tracking_pkg/scripts/lane_tracking_node.py", line 111, in handle_frame
    lane_center, roi_overlay = detect_lane_center(edges, roi_color, self.debug)
  File "/home/hyeongseon/catkin_ws/src/lane_tracking_pkg/vision/detector.py", line 63, in detect_lane_center
    left_line = _fit_lane(np.vstack(left_points)) if left_points else None
TypeError: _fit_lane() missing 2 required positional arguments: 'y_bottom' and 'y_top'

1758341700.155153512 ERROR /lane_tracking_node [topics.py:753(_SubscriberImpl._invoke_callback)] [topics: /rosout, /lane_overlay, /camera/image_raw, /lane/center_offset, /lane/steering_angle] bad callback: <bound method LaneTrackingNode.image_cb of <__main__.LaneTrackingNode object at 0x7f55bef5a1c0>>
Traceback (most recent call last):
  File "/opt/ros/noetic/lib/python3/dist-packages/rospy/topics.py", line 750, in _invoke_callback
    cb(msg)
  File "/home/hyeongseon/catkin_ws/src/lane_tracking_pkg/scripts/lane_tracking_node.py", line 99, in image_cb
    self.handle_frame(frame, msg.header)
  File "/home/hyeongseon/catkin_ws/src/lane_tracking_pkg/scripts/lane_tracking_node.py", line 111, in handle_frame
    lane_center, roi_overlay = detect_lane_center(edges, roi_color, self.debug)
  File "/home/hyeongseon/catkin_ws/src/lane_tracking_pkg/vision/detector.py", line 63, in detect_lane_center
    left_line = _fit_lane(np.vstack(left_points)) if left_points else None
TypeError: _fit_lane() missing 2 required positional arguments: 'y_bottom' and 'y_top'

1758341700.188565492 ERROR /lane_tracking_node [topics.py:753(_SubscriberImpl._invoke_callback)] [topics: /rosout, /lane_overlay, /camera/image_raw, /lane/center_offset, /lane/steering_angle] bad callback: <bound method LaneTrackingNode.image_cb of <__main__.LaneTrackingNode object at 0x7f55bef5a1c0>>
Traceback (most recent call last):
  File "/opt/ros/noetic/lib/python3/dist-packages/rospy/topics.py", line 750, in _invoke_callback
    cb(msg)
  File "/home/hyeongseon/catkin_ws/src/lane_tracking_pkg/scripts/lane_tracking_node.py", line 99, in image_cb
    self.handle_frame(frame, msg.header)
  File "/home/hyeongseon/catkin_ws/src/lane_tracking_pkg/scripts/lane_tracking_node.py", line 111, in handle_frame
    lane_center, roi_overlay = detect_lane_center(edges, roi_color, self.debug)
  File "/home/hyeongseon/catkin_ws/src/lane_tracking_pkg/vision/detector.py", line 63, in detect_lane_center
    left_line = _fit_lane(np.vstack(left_points)) if left_points else None
TypeError: _fit_lane() missing 2 required positional arguments: 'y_bottom' and 'y_top'

1758341700.216497182 ERROR /lane_tracking_node [topics.py:753(_SubscriberImpl._invoke_callback)] [topics: /rosout, /lane_overlay, /camera/image_raw, /lane/center_offset, /lane/steering_angle] bad callback: <bound method LaneTrackingNode.image_cb of <__main__.LaneTrackingNode object at 0x7f55bef5a1c0>>
Traceback (most recent call last):
  File "/opt/ros/noetic/lib/python3/dist-packages/rospy/topics.py", line 750, in _invoke_callback
    cb(msg)
  File "/home/hyeongseon/catkin_ws/src/lane_tracking_pkg/scripts/lane_tracking_node.py", line 99, in image_cb
    self.handle_frame(frame, msg.header)
  File "/home/hyeongseon/catkin_ws/src/lane_tracking_pkg/scripts/lane_tracking_node.py", line 111, in handle_frame
    lane_center, roi_overlay = detect_lane_center(edges, roi_color, self.debug)
  File "/home/hyeongseon/catkin_ws/src/lane_tracking_pkg/vision/detector.py", line 63, in detect_lane_center
    left_line = _fit_lane(np.vstack(left_points)) if left_points else None
TypeError: _fit_lane() missing 2 required positional arguments: 'y_bottom' and 'y_top'

1758341700.247457027 ERROR /lane_tracking_node [topics.py:753(_SubscriberImpl._invoke_callback)] [topics: /rosout, /lane_overlay, /camera/image_raw, /lane/center_offset, /lane/steering_angle] bad callback: <bound method LaneTrackingNode.image_cb of <__main__.LaneTrackingNode object at 0x7f55bef5a1c0>>
Traceback (most recent call last):
  File "/opt/ros/noetic/lib/python3/dist-packages/rospy/topics.py", line 750, in _invoke_callback
    cb(msg)
  File "/home/hyeongseon/catkin_ws/src/lane_tracking_pkg/scripts/lane_tracking_node.py", line 99, in image_cb
    self.handle_frame(frame, msg.header)
  File "/home/hyeongseon/catkin_ws/src/lane_tracking_pkg/scripts/lane_tracking_node.py", line 111, in handle_frame
    lane_center, roi_overlay = detect_lane_center(edges, roi_color, self.debug)
  File "/home/hyeongseon/catkin_ws/src/lane_tracking_pkg/vision/detector.py", line 63, in detect_lane_center
    left_line = _fit_lane(np.vstack(left_points)) if left_points else None
TypeError: _fit_lane() missing 2 required positional arguments: 'y_bottom' and 'y_top'

1758341700.268075704 ERROR /lane_tracking_node [topics.py:753(_SubscriberImpl._invoke_callback)] [topics: /rosout, /lane_overlay, /camera/image_raw, /lane/center_offset, /lane/steering_angle] bad callback: <bound method LaneTrackingNode.image_cb of <__main__.LaneTrackingNode object at 0x7f55bef5a1c0>>
Traceback (most recent call last):
  File "/opt/ros/noetic/lib/python3/dist-packages/rospy/topics.py", line 750, in _invoke_callback
    cb(msg)
  File "/home/hyeongseon/catkin_ws/src/lane_tracking_pkg/scripts/lane_tracking_node.py", line 99, in image_cb
    self.handle_frame(frame, msg.header)
  File "/home/hyeongseon/catkin_ws/src/lane_tracking_pkg/scripts/lane_tracking_node.py", line 111, in handle_frame
    lane_center, roi_overlay = detect_lane_center(edges, roi_color, self.debug)
  File "/home/hyeongseon/catkin_ws/src/lane_tracking_pkg/vision/detector.py", line 63, in detect_lane_center
    left_line = _fit_lane(np.vstack(left_points)) if left_points else None
TypeError: _fit_lane() missing 2 required positional arguments: 'y_bottom' and 'y_top'

1758341700.304870843 ERROR /lane_tracking_node [topics.py:753(_SubscriberImpl._invoke_callback)] [topics: /rosout, /lane_overlay, /camera/image_raw, /lane/center_offset, /lane/steering_angle] bad callback: <bound method LaneTrackingNode.image_cb of <__main__.LaneTrackingNode object at 0x7f55bef5a1c0>>
Traceback (most recent call last):
  File "/opt/ros/noetic/lib/python3/dist-packages/rospy/topics.py", line 750, in _invoke_callback
    cb(msg)
  File "/home/hyeongseon/catkin_ws/src/lane_tracking_pkg/scripts/lane_tracking_node.py", line 99, in image_cb
    self.handle_frame(frame, msg.header)
  File "/home/hyeongseon/catkin_ws/src/lane_tracking_pkg/scripts/lane_tracking_node.py", line 111, in handle_frame
    lane_center, roi_overlay = detect_lane_center(edges, roi_color, self.debug)
  File "/home/hyeongseon/catkin_ws/src/lane_tracking_pkg/vision/detector.py", line 63, in detect_lane_center
    left_line = _fit_lane(np.vstack(left_points)) if left_points else None
TypeError: _fit_lane() missing 2 required positional arguments: 'y_bottom' and 'y_top'

1758341700.353753328 ERROR /lane_tracking_node [topics.py:753(_SubscriberImpl._invoke_callback)] [topics: /rosout, /lane_overlay, /camera/image_raw, /lane/center_offset, /lane/steering_angle] bad callback: <bound method LaneTrackingNode.image_cb of <__main__.LaneTrackingNode object at 0x7f55bef5a1c0>>
Traceback (most recent call last):
  File "/opt/ros/noetic/lib/python3/dist-packages/rospy/topics.py", line 750, in _invoke_callback
    cb(msg)
  File "/home/hyeongseon/catkin_ws/src/lane_tracking_pkg/scripts/lane_tracking_node.py", line 99, in image_cb
    self.handle_frame(frame, msg.header)
  File "/home/hyeongseon/catkin_ws/src/lane_tracking_pkg/scripts/lane_tracking_node.py", line 111, in handle_frame
    lane_center, roi_overlay = detect_lane_center(edges, roi_color, self.debug)
  File "/home/hyeongseon/catkin_ws/src/lane_tracking_pkg/vision/detector.py", line 63, in detect_lane_center
    left_line = _fit_lane(np.vstack(left_points)) if left_points else None
TypeError: _fit_lane() missing 2 required positional arguments: 'y_bottom' and 'y_top'

1758341700.384947776 ERROR /lane_tracking_node [topics.py:753(_SubscriberImpl._invoke_callback)] [topics: /rosout, /lane_overlay, /camera/image_raw, /lane/center_offset, /lane/steering_angle] bad callback: <bound method LaneTrackingNode.image_cb of <__main__.LaneTrackingNode object at 0x7f55bef5a1c0>>
Traceback (most recent call last):
  File "/opt/ros/noetic/lib/python3/dist-packages/rospy/topics.py", line 750, in _invoke_callback
    cb(msg)
  File "/home/hyeongseon/catkin_ws/src/lane_tracking_pkg/scripts/lane_tracking_node.py", line 99, in image_cb
    self.handle_frame(frame, msg.header)
  File "/home/hyeongseon/catkin_ws/src/lane_tracking_pkg/scripts/lane_tracking_node.py", line 111, in handle_frame
    lane_center, roi_overlay = detect_lane_center(edges, roi_color, self.debug)
  File "/home/hyeongseon/catkin_ws/src/lane_tracking_pkg/vision/detector.py", line 63, in detect_lane_center
    left_line = _fit_lane(np.vstack(left_points)) if left_points else None
TypeError: _fit_lane() missing 2 required positional arguments: 'y_bottom' and 'y_top'

1758341700.407493352 ERROR /lane_tracking_node [topics.py:753(_SubscriberImpl._invoke_callback)] [topics: /rosout, /lane_overlay, /camera/image_raw, /lane/center_offset, /lane/steering_angle] bad callback: <bound method LaneTrackingNode.image_cb of <__main__.LaneTrackingNode object at 0x7f55bef5a1c0>>
Traceback (most recent call last):
  File "/opt/ros/noetic/lib/python3/dist-packages/rospy/topics.py", line 750, in _invoke_callback
    cb(msg)
  File "/home/hyeongseon/catkin_ws/src/lane_tracking_pkg/scripts/lane_tracking_node.py", line 99, in image_cb
    self.handle_frame(frame, msg.header)
  File "/home/hyeongseon/catkin_ws/src/lane_tracking_pkg/scripts/lane_tracking_node.py", line 111, in handle_frame
    lane_center, roi_overlay = detect_lane_center(edges, roi_color, self.debug)
  File "/home/hyeongseon/catkin_ws/src/lane_tracking_pkg/vision/detector.py", line 63, in detect_lane_center
    left_line = _fit_lane(np.vstack(left_points)) if left_points else None
TypeError: _fit_lane() missing 2 required positional arguments: 'y_bottom' and 'y_top'

1758341700.457483530 ERROR /lane_tracking_node [topics.py:753(_SubscriberImpl._invoke_callback)] [topics: /rosout, /lane_overlay, /camera/image_raw, /lane/center_offset, /lane/steering_angle] bad callback: <bound method LaneTrackingNode.image_cb of <__main__.LaneTrackingNode object at 0x7f55bef5a1c0>>
Traceback (most recent call last):
  File "/opt/ros/noetic/lib/python3/dist-packages/rospy/topics.py", line 750, in _invoke_callback
    cb(msg)
  File "/home/hyeongseon/catkin_ws/src/lane_tracking_pkg/scripts/lane_tracking_node.py", line 99, in image_cb
    self.handle_frame(frame, msg.header)
  File "/home/hyeongseon/catkin_ws/src/lane_tracking_pkg/scripts/lane_tracking_node.py", line 111, in handle_frame
    lane_center, roi_overlay = detect_lane_center(edges, roi_color, self.debug)
  File "/home/hyeongseon/catkin_ws/src/lane_tracking_pkg/vision/detector.py", line 63, in detect_lane_center
    left_line = _fit_lane(np.vstack(left_points)) if left_points else None
TypeError: _fit_lane() missing 2 required positional arguments: 'y_bottom' and 'y_top'

1758341700.501166820 ERROR /lane_tracking_node [topics.py:753(_SubscriberImpl._invoke_callback)] [topics: /rosout, /lane_overlay, /camera/image_raw, /lane/center_offset, /lane/steering_angle] bad callback: <bound method LaneTrackingNode.image_cb of <__main__.LaneTrackingNode object at 0x7f55bef5a1c0>>
Traceback (most recent call last):
  File "/opt/ros/noetic/lib/python3/dist-packages/rospy/topics.py", line 750, in _invoke_callback
    cb(msg)
  File "/home/hyeongseon/catkin_ws/src/lane_tracking_pkg/scripts/lane_tracking_node.py", line 99, in image_cb
    self.handle_frame(frame, msg.header)
  File "/home/hyeongseon/catkin_ws/src/lane_tracking_pkg/scripts/lane_tracking_node.py", line 111, in handle_frame
    lane_center, roi_overlay = detect_lane_center(edges, roi_color, self.debug)
  File "/home/hyeongseon/catkin_ws/src/lane_tracking_pkg/vision/detector.py", line 63, in detect_lane_center
    left_line = _fit_lane(np.vstack(left_points)) if left_points else None
TypeError: _fit_lane() missing 2 required positional arguments: 'y_bottom' and 'y_top'

1758341700.523569583 ERROR /lane_tracking_node [topics.py:753(_SubscriberImpl._invoke_callback)] [topics: /rosout, /lane_overlay, /camera/image_raw, /lane/center_offset, /lane/steering_angle] bad callback: <bound method LaneTrackingNode.image_cb of <__main__.LaneTrackingNode object at 0x7f55bef5a1c0>>
Traceback (most recent call last):
  File "/opt/ros/noetic/lib/python3/dist-packages/rospy/topics.py", line 750, in _invoke_callback
    cb(msg)
  File "/home/hyeongseon/catkin_ws/src/lane_tracking_pkg/scripts/lane_tracking_node.py", line 99, in image_cb
    self.handle_frame(frame, msg.header)
  File "/home/hyeongseon/catkin_ws/src/lane_tracking_pkg/scripts/lane_tracking_node.py", line 111, in handle_frame
    lane_center, roi_overlay = detect_lane_center(edges, roi_color, self.debug)
  File "/home/hyeongseon/catkin_ws/src/lane_tracking_pkg/vision/detector.py", line 63, in detect_lane_center
    left_line = _fit_lane(np.vstack(left_points)) if left_points else None
TypeError: _fit_lane() missing 2 required positional arguments: 'y_bottom' and 'y_top'

1758341700.563029527 ERROR /lane_tracking_node [topics.py:753(_SubscriberImpl._invoke_callback)] [topics: /rosout, /lane_overlay, /camera/image_raw, /lane/center_offset, /lane/steering_angle] bad callback: <bound method LaneTrackingNode.image_cb of <__main__.LaneTrackingNode object at 0x7f55bef5a1c0>>
Traceback (most recent call last):
  File "/opt/ros/noetic/lib/python3/dist-packages/rospy/topics.py", line 750, in _invoke_callback
    cb(msg)
  File "/home/hyeongseon/catkin_ws/src/lane_tracking_pkg/scripts/lane_tracking_node.py", line 99, in image_cb
    self.handle_frame(frame, msg.header)
  File "/home/hyeongseon/catkin_ws/src/lane_tracking_pkg/scripts/lane_tracking_node.py", line 111, in handle_frame
    lane_center, roi_overlay = detect_lane_center(edges, roi_color, self.debug)
  File "/home/hyeongseon/catkin_ws/src/lane_tracking_pkg/vision/detector.py", line 63, in detect_lane_center
    left_line = _fit_lane(np.vstack(left_points)) if left_points else None
TypeError: _fit_lane() missing 2 required positional arguments: 'y_bottom' and 'y_top'

1758341700.585450649 ERROR /lane_tracking_node [topics.py:753(_SubscriberImpl._invoke_callback)] [topics: /rosout, /lane_overlay, /camera/image_raw, /lane/center_offset, /lane/steering_angle] bad callback: <bound method LaneTrackingNode.image_cb of <__main__.LaneTrackingNode object at 0x7f55bef5a1c0>>
Traceback (most recent call last):
  File "/opt/ros/noetic/lib/python3/dist-packages/rospy/topics.py", line 750, in _invoke_callback
    cb(msg)
  File "/home/hyeongseon/catkin_ws/src/lane_tracking_pkg/scripts/lane_tracking_node.py", line 99, in image_cb
    self.handle_frame(frame, msg.header)
  File "/home/hyeongseon/catkin_ws/src/lane_tracking_pkg/scripts/lane_tracking_node.py", line 111, in handle_frame
    lane_center, roi_overlay = detect_lane_center(edges, roi_color, self.debug)
  File "/home/hyeongseon/catkin_ws/src/lane_tracking_pkg/vision/detector.py", line 63, in detect_lane_center
    left_line = _fit_lane(np.vstack(left_points)) if left_points else None
TypeError: _fit_lane() missing 2 required positional arguments: 'y_bottom' and 'y_top'

1758341700.636860847 ERROR /lane_tracking_node [topics.py:753(_SubscriberImpl._invoke_callback)] [topics: /rosout, /lane_overlay, /camera/image_raw, /lane/center_offset, /lane/steering_angle] bad callback: <bound method LaneTrackingNode.image_cb of <__main__.LaneTrackingNode object at 0x7f55bef5a1c0>>
Traceback (most recent call last):
  File "/opt/ros/noetic/lib/python3/dist-packages/rospy/topics.py", line 750, in _invoke_callback
    cb(msg)
  File "/home/hyeongseon/catkin_ws/src/lane_tracking_pkg/scripts/lane_tracking_node.py", line 99, in image_cb
    self.handle_frame(frame, msg.header)
  File "/home/hyeongseon/catkin_ws/src/lane_tracking_pkg/scripts/lane_tracking_node.py", line 111, in handle_frame
    lane_center, roi_overlay = detect_lane_center(edges, roi_color, self.debug)
  File "/home/hyeongseon/catkin_ws/src/lane_tracking_pkg/vision/detector.py", line 63, in detect_lane_center
    left_line = _fit_lane(np.vstack(left_points)) if left_points else None
TypeError: _fit_lane() missing 2 required positional arguments: 'y_bottom' and 'y_top'

1758341700.654451608 ERROR /lane_tracking_node [topics.py:753(_SubscriberImpl._invoke_callback)] [topics: /rosout, /lane_overlay, /camera/image_raw, /lane/center_offset, /lane/steering_angle] bad callback: <bound method LaneTrackingNode.image_cb of <__main__.LaneTrackingNode object at 0x7f55bef5a1c0>>
Traceback (most recent call last):
  File "/opt/ros/noetic/lib/python3/dist-packages/rospy/topics.py", line 750, in _invoke_callback
    cb(msg)
  File "/home/hyeongseon/catkin_ws/src/lane_tracking_pkg/scripts/lane_tracking_node.py", line 99, in image_cb
    self.handle_frame(frame, msg.header)
  File "/home/hyeongseon/catkin_ws/src/lane_tracking_pkg/scripts/lane_tracking_node.py", line 111, in handle_frame
    lane_center, roi_overlay = detect_lane_center(edges, roi_color, self.debug)
  File "/home/hyeongseon/catkin_ws/src/lane_tracking_pkg/vision/detector.py", line 63, in detect_lane_center
    left_line = _fit_lane(np.vstack(left_points)) if left_points else None
TypeError: _fit_lane() missing 2 required positional arguments: 'y_bottom' and 'y_top'

1758341700.682221651 ERROR /lane_tracking_node [topics.py:753(_SubscriberImpl._invoke_callback)] [topics: /rosout, /lane_overlay, /camera/image_raw, /lane/center_offset, /lane/steering_angle] bad callback: <bound method LaneTrackingNode.image_cb of <__main__.LaneTrackingNode object at 0x7f55bef5a1c0>>
Traceback (most recent call last):
  File "/opt/ros/noetic/lib/python3/dist-packages/rospy/topics.py", line 750, in _invoke_callback
    cb(msg)
  File "/home/hyeongseon/catkin_ws/src/lane_tracking_pkg/scripts/lane_tracking_node.py", line 99, in image_cb
    self.handle_frame(frame, msg.header)
  File "/home/hyeongseon/catkin_ws/src/lane_tracking_pkg/scripts/lane_tracking_node.py", line 111, in handle_frame
    lane_center, roi_overlay = detect_lane_center(edges, roi_color, self.debug)
  File "/home/hyeongseon/catkin_ws/src/lane_tracking_pkg/vision/detector.py", line 63, in detect_lane_center
    left_line = _fit_lane(np.vstack(left_points)) if left_points else None
TypeError: _fit_lane() missing 2 required positional arguments: 'y_bottom' and 'y_top'

1758341700.740033864 ERROR /lane_tracking_node [topics.py:753(_SubscriberImpl._invoke_callback)] [topics: /rosout, /lane_overlay, /camera/image_raw, /lane/center_offset, /lane/steering_angle] bad callback: <bound method LaneTrackingNode.image_cb of <__main__.LaneTrackingNode object at 0x7f55bef5a1c0>>
Traceback (most recent call last):
  File "/opt/ros/noetic/lib/python3/dist-packages/rospy/topics.py", line 750, in _invoke_callback
    cb(msg)
  File "/home/hyeongseon/catkin_ws/src/lane_tracking_pkg/scripts/lane_tracking_node.py", line 99, in image_cb
    self.handle_frame(frame, msg.header)
  File "/home/hyeongseon/catkin_ws/src/lane_tracking_pkg/scripts/lane_tracking_node.py", line 111, in handle_frame
    lane_center, roi_overlay = detect_lane_center(edges, roi_color, self.debug)
  File "/home/hyeongseon/catkin_ws/src/lane_tracking_pkg/vision/detector.py", line 63, in detect_lane_center
    left_line = _fit_lane(np.vstack(left_points)) if left_points else None
TypeError: _fit_lane() missing 2 required positional arguments: 'y_bottom' and 'y_top'

1758341700.786388158 ERROR /lane_tracking_node [topics.py:753(_SubscriberImpl._invoke_callback)] [topics: /rosout, /lane_overlay, /camera/image_raw, /lane/center_offset, /lane/steering_angle] bad callback: <bound method LaneTrackingNode.image_cb of <__main__.LaneTrackingNode object at 0x7f55bef5a1c0>>
Traceback (most recent call last):
  File "/opt/ros/noetic/lib/python3/dist-packages/rospy/topics.py", line 750, in _invoke_callback
    cb(msg)
  File "/home/hyeongseon/catkin_ws/src/lane_tracking_pkg/scripts/lane_tracking_node.py", line 99, in image_cb
    self.handle_frame(frame, msg.header)
  File "/home/hyeongseon/catkin_ws/src/lane_tracking_pkg/scripts/lane_tracking_node.py", line 111, in handle_frame
    lane_center, roi_overlay = detect_lane_center(edges, roi_color, self.debug)
  File "/home/hyeongseon/catkin_ws/src/lane_tracking_pkg/vision/detector.py", line 63, in detect_lane_center
    left_line = _fit_lane(np.vstack(left_points)) if left_points else None
TypeError: _fit_lane() missing 2 required positional arguments: 'y_bottom' and 'y_top'

1758341700.823802471 ERROR /lane_tracking_node [topics.py:753(_SubscriberImpl._invoke_callback)] [topics: /rosout, /lane_overlay, /camera/image_raw, /lane/center_offset, /lane/steering_angle] bad callback: <bound method LaneTrackingNode.image_cb of <__main__.LaneTrackingNode object at 0x7f55bef5a1c0>>
Traceback (most recent call last):
  File "/opt/ros/noetic/lib/python3/dist-packages/rospy/topics.py", line 750, in _invoke_callback
    cb(msg)
  File "/home/hyeongseon/catkin_ws/src/lane_tracking_pkg/scripts/lane_tracking_node.py", line 99, in image_cb
    self.handle_frame(frame, msg.header)
  File "/home/hyeongseon/catkin_ws/src/lane_tracking_pkg/scripts/lane_tracking_node.py", line 111, in handle_frame
    lane_center, roi_overlay = detect_lane_center(edges, roi_color, self.debug)
  File "/home/hyeongseon/catkin_ws/src/lane_tracking_pkg/vision/detector.py", line 63, in detect_lane_center
    left_line = _fit_lane(np.vstack(left_points)) if left_points else None
TypeError: _fit_lane() missing 2 required positional arguments: 'y_bottom' and 'y_top'

1758341700.873804092 ERROR /lane_tracking_node [topics.py:753(_SubscriberImpl._invoke_callback)] [topics: /rosout, /lane_overlay, /camera/image_raw, /lane/center_offset, /lane/steering_angle] bad callback: <bound method LaneTrackingNode.image_cb of <__main__.LaneTrackingNode object at 0x7f55bef5a1c0>>
Traceback (most recent call last):
  File "/opt/ros/noetic/lib/python3/dist-packages/rospy/topics.py", line 750, in _invoke_callback
    cb(msg)
  File "/home/hyeongseon/catkin_ws/src/lane_tracking_pkg/scripts/lane_tracking_node.py", line 99, in image_cb
    self.handle_frame(frame, msg.header)
  File "/home/hyeongseon/catkin_ws/src/lane_tracking_pkg/scripts/lane_tracking_node.py", line 111, in handle_frame
    lane_center, roi_overlay = detect_lane_center(edges, roi_color, self.debug)
  File "/home/hyeongseon/catkin_ws/src/lane_tracking_pkg/vision/detector.py", line 63, in detect_lane_center
    left_line = _fit_lane(np.vstack(left_points)) if left_points else None
TypeError: _fit_lane() missing 2 required positional arguments: 'y_bottom' and 'y_top'

1758341700.889646530 ERROR /lane_tracking_node [topics.py:753(_SubscriberImpl._invoke_callback)] [topics: /rosout, /lane_overlay, /camera/image_raw, /lane/center_offset, /lane/steering_angle] bad callback: <bound method LaneTrackingNode.image_cb of <__main__.LaneTrackingNode object at 0x7f55bef5a1c0>>
Traceback (most recent call last):
  File "/opt/ros/noetic/lib/python3/dist-packages/rospy/topics.py", line 750, in _invoke_callback
    cb(msg)
  File "/home/hyeongseon/catkin_ws/src/lane_tracking_pkg/scripts/lane_tracking_node.py", line 99, in image_cb
    self.handle_frame(frame, msg.header)
  File "/home/hyeongseon/catkin_ws/src/lane_tracking_pkg/scripts/lane_tracking_node.py", line 111, in handle_frame
    lane_center, roi_overlay = detect_lane_center(edges, roi_color, self.debug)
  File "/home/hyeongseon/catkin_ws/src/lane_tracking_pkg/vision/detector.py", line 63, in detect_lane_center
    left_line = _fit_lane(np.vstack(left_points)) if left_points else None
TypeError: _fit_lane() missing 2 required positional arguments: 'y_bottom' and 'y_top'

1758341700.927151203 ERROR /lane_tracking_node [topics.py:753(_SubscriberImpl._invoke_callback)] [topics: /rosout, /lane_overlay, /camera/image_raw, /lane/center_offset, /lane/steering_angle] bad callback: <bound method LaneTrackingNode.image_cb of <__main__.LaneTrackingNode object at 0x7f55bef5a1c0>>
Traceback (most recent call last):
  File "/opt/ros/noetic/lib/python3/dist-packages/rospy/topics.py", line 750, in _invoke_callback
    cb(msg)
  File "/home/hyeongseon/catkin_ws/src/lane_tracking_pkg/scripts/lane_tracking_node.py", line 99, in image_cb
    self.handle_frame(frame, msg.header)
  File "/home/hyeongseon/catkin_ws/src/lane_tracking_pkg/scripts/lane_tracking_node.py", line 111, in handle_frame
    lane_center, roi_overlay = detect_lane_center(edges, roi_color, self.debug)
  File "/home/hyeongseon/catkin_ws/src/lane_tracking_pkg/vision/detector.py", line 63, in detect_lane_center
    left_line = _fit_lane(np.vstack(left_points)) if left_points else None
TypeError: _fit_lane() missing 2 required positional arguments: 'y_bottom' and 'y_top'

1758341700.960242271 ERROR /lane_tracking_node [topics.py:753(_SubscriberImpl._invoke_callback)] [topics: /rosout, /lane_overlay, /camera/image_raw, /lane/center_offset, /lane/steering_angle] bad callback: <bound method LaneTrackingNode.image_cb of <__main__.LaneTrackingNode object at 0x7f55bef5a1c0>>
Traceback (most recent call last):
  File "/opt/ros/noetic/lib/python3/dist-packages/rospy/topics.py", line 750, in _invoke_callback
    cb(msg)
  File "/home/hyeongseon/catkin_ws/src/lane_tracking_pkg/scripts/lane_tracking_node.py", line 99, in image_cb
    self.handle_frame(frame, msg.header)
  File "/home/hyeongseon/catkin_ws/src/lane_tracking_pkg/scripts/lane_tracking_node.py", line 111, in handle_frame
    lane_center, roi_overlay = detect_lane_center(edges, roi_color, self.debug)
  File "/home/hyeongseon/catkin_ws/src/lane_tracking_pkg/vision/detector.py", line 63, in detect_lane_center
    left_line = _fit_lane(np.vstack(left_points)) if left_points else None
TypeError: _fit_lane() missing 2 required positional arguments: 'y_bottom' and 'y_top'

1758341701.007356166 ERROR /lane_tracking_node [topics.py:753(_SubscriberImpl._invoke_callback)] [topics: /rosout, /lane_overlay, /camera/image_raw, /lane/center_offset, /lane/steering_angle] bad callback: <bound method LaneTrackingNode.image_cb of <__main__.LaneTrackingNode object at 0x7f55bef5a1c0>>
Traceback (most recent call last):
  File "/opt/ros/noetic/lib/python3/dist-packages/rospy/topics.py", line 750, in _invoke_callback
    cb(msg)
  File "/home/hyeongseon/catkin_ws/src/lane_tracking_pkg/scripts/lane_tracking_node.py", line 99, in image_cb
    self.handle_frame(frame, msg.header)
  File "/home/hyeongseon/catkin_ws/src/lane_tracking_pkg/scripts/lane_tracking_node.py", line 111, in handle_frame
    lane_center, roi_overlay = detect_lane_center(edges, roi_color, self.debug)
  File "/home/hyeongseon/catkin_ws/src/lane_tracking_pkg/vision/detector.py", line 63, in detect_lane_center
    left_line = _fit_lane(np.vstack(left_points)) if left_points else None
TypeError: _fit_lane() missing 2 required positional arguments: 'y_bottom' and 'y_top'

1758341701.025207996 ERROR /lane_tracking_node [topics.py:753(_SubscriberImpl._invoke_callback)] [topics: /rosout, /lane_overlay, /camera/image_raw, /lane/center_offset, /lane/steering_angle] bad callback: <bound method LaneTrackingNode.image_cb of <__main__.LaneTrackingNode object at 0x7f55bef5a1c0>>
Traceback (most recent call last):
  File "/opt/ros/noetic/lib/python3/dist-packages/rospy/topics.py", line 750, in _invoke_callback
    cb(msg)
  File "/home/hyeongseon/catkin_ws/src/lane_tracking_pkg/scripts/lane_tracking_node.py", line 99, in image_cb
    self.handle_frame(frame, msg.header)
  File "/home/hyeongseon/catkin_ws/src/lane_tracking_pkg/scripts/lane_tracking_node.py", line 111, in handle_frame
    lane_center, roi_overlay = detect_lane_center(edges, roi_color, self.debug)
  File "/home/hyeongseon/catkin_ws/src/lane_tracking_pkg/vision/detector.py", line 63, in detect_lane_center
    left_line = _fit_lane(np.vstack(left_points)) if left_points else None
TypeError: _fit_lane() missing 2 required positional arguments: 'y_bottom' and 'y_top'

1758341701.081800460 ERROR /lane_tracking_node [topics.py:753(_SubscriberImpl._invoke_callback)] [topics: /rosout, /lane_overlay, /camera/image_raw, /lane/center_offset, /lane/steering_angle] bad callback: <bound method LaneTrackingNode.image_cb of <__main__.LaneTrackingNode object at 0x7f55bef5a1c0>>
Traceback (most recent call last):
  File "/opt/ros/noetic/lib/python3/dist-packages/rospy/topics.py", line 750, in _invoke_callback
    cb(msg)
  File "/home/hyeongseon/catkin_ws/src/lane_tracking_pkg/scripts/lane_tracking_node.py", line 99, in image_cb
    self.handle_frame(frame, msg.header)
  File "/home/hyeongseon/catkin_ws/src/lane_tracking_pkg/scripts/lane_tracking_node.py", line 111, in handle_frame
    lane_center, roi_overlay = detect_lane_center(edges, roi_color, self.debug)
  File "/home/hyeongseon/catkin_ws/src/lane_tracking_pkg/vision/detector.py", line 63, in detect_lane_center
    left_line = _fit_lane(np.vstack(left_points)) if left_points else None
TypeError: _fit_lane() missing 2 required positional arguments: 'y_bottom' and 'y_top'

1758341701.101707458 ERROR /lane_tracking_node [topics.py:753(_SubscriberImpl._invoke_callback)] [topics: /rosout, /lane_overlay, /camera/image_raw, /lane/center_offset, /lane/steering_angle] bad callback: <bound method LaneTrackingNode.image_cb of <__main__.LaneTrackingNode object at 0x7f55bef5a1c0>>
Traceback (most recent call last):
  File "/opt/ros/noetic/lib/python3/dist-packages/rospy/topics.py", line 750, in _invoke_callback
    cb(msg)
  File "/home/hyeongseon/catkin_ws/src/lane_tracking_pkg/scripts/lane_tracking_node.py", line 99, in image_cb
    self.handle_frame(frame, msg.header)
  File "/home/hyeongseon/catkin_ws/src/lane_tracking_pkg/scripts/lane_tracking_node.py", line 111, in handle_frame
    lane_center, roi_overlay = detect_lane_center(edges, roi_color, self.debug)
  File "/home/hyeongseon/catkin_ws/src/lane_tracking_pkg/vision/detector.py", line 63, in detect_lane_center
    left_line = _fit_lane(np.vstack(left_points)) if left_points else None
TypeError: _fit_lane() missing 2 required positional arguments: 'y_bottom' and 'y_top'

1758341701.142380475 ERROR /lane_tracking_node [topics.py:753(_SubscriberImpl._invoke_callback)] [topics: /rosout, /lane_overlay, /camera/image_raw, /lane/center_offset, /lane/steering_angle] bad callback: <bound method LaneTrackingNode.image_cb of <__main__.LaneTrackingNode object at 0x7f55bef5a1c0>>
Traceback (most recent call last):
  File "/opt/ros/noetic/lib/python3/dist-packages/rospy/topics.py", line 750, in _invoke_callback
    cb(msg)
  File "/home/hyeongseon/catkin_ws/src/lane_tracking_pkg/scripts/lane_tracking_node.py", line 99, in image_cb
    self.handle_frame(frame, msg.header)
  File "/home/hyeongseon/catkin_ws/src/lane_tracking_pkg/scripts/lane_tracking_node.py", line 111, in handle_frame
    lane_center, roi_overlay = detect_lane_center(edges, roi_color, self.debug)
  File "/home/hyeongseon/catkin_ws/src/lane_tracking_pkg/vision/detector.py", line 63, in detect_lane_center
    left_line = _fit_lane(np.vstack(left_points)) if left_points else None
TypeError: _fit_lane() missing 2 required positional arguments: 'y_bottom' and 'y_top'

1758341701.181822299 ERROR /lane_tracking_node [topics.py:753(_SubscriberImpl._invoke_callback)] [topics: /rosout, /lane_overlay, /camera/image_raw, /lane/center_offset, /lane/steering_angle] bad callback: <bound method LaneTrackingNode.image_cb of <__main__.LaneTrackingNode object at 0x7f55bef5a1c0>>
Traceback (most recent call last):
  File "/opt/ros/noetic/lib/python3/dist-packages/rospy/topics.py", line 750, in _invoke_callback
    cb(msg)
  File "/home/hyeongseon/catkin_ws/src/lane_tracking_pkg/scripts/lane_tracking_node.py", line 99, in image_cb
    self.handle_frame(frame, msg.header)
  File "/home/hyeongseon/catkin_ws/src/lane_tracking_pkg/scripts/lane_tracking_node.py", line 111, in handle_frame
    lane_center, roi_overlay = detect_lane_center(edges, roi_color, self.debug)
  File "/home/hyeongseon/catkin_ws/src/lane_tracking_pkg/vision/detector.py", line 63, in detect_lane_center
    left_line = _fit_lane(np.vstack(left_points)) if left_points else None
TypeError: _fit_lane() missing 2 required positional arguments: 'y_bottom' and 'y_top'

1758341701.221013069 ERROR /lane_tracking_node [topics.py:753(_SubscriberImpl._invoke_callback)] [topics: /rosout, /lane_overlay, /camera/image_raw, /lane/center_offset, /lane/steering_angle] bad callback: <bound method LaneTrackingNode.image_cb of <__main__.LaneTrackingNode object at 0x7f55bef5a1c0>>
Traceback (most recent call last):
  File "/opt/ros/noetic/lib/python3/dist-packages/rospy/topics.py", line 750, in _invoke_callback
    cb(msg)
  File "/home/hyeongseon/catkin_ws/src/lane_tracking_pkg/scripts/lane_tracking_node.py", line 99, in image_cb
    self.handle_frame(frame, msg.header)
  File "/home/hyeongseon/catkin_ws/src/lane_tracking_pkg/scripts/lane_tracking_node.py", line 111, in handle_frame
    lane_center, roi_overlay = detect_lane_center(edges, roi_color, self.debug)
  File "/home/hyeongseon/catkin_ws/src/lane_tracking_pkg/vision/detector.py", line 63, in detect_lane_center
    left_line = _fit_lane(np.vstack(left_points)) if left_points else None
TypeError: _fit_lane() missing 2 required positional arguments: 'y_bottom' and 'y_top'

1758341701.254859685 ERROR /lane_tracking_node [topics.py:753(_SubscriberImpl._invoke_callback)] [topics: /rosout, /lane_overlay, /camera/image_raw, /lane/center_offset, /lane/steering_angle] bad callback: <bound method LaneTrackingNode.image_cb of <__main__.LaneTrackingNode object at 0x7f55bef5a1c0>>
Traceback (most recent call last):
  File "/opt/ros/noetic/lib/python3/dist-packages/rospy/topics.py", line 750, in _invoke_callback
    cb(msg)
  File "/home/hyeongseon/catkin_ws/src/lane_tracking_pkg/scripts/lane_tracking_node.py", line 99, in image_cb
    self.handle_frame(frame, msg.header)
  File "/home/hyeongseon/catkin_ws/src/lane_tracking_pkg/scripts/lane_tracking_node.py", line 111, in handle_frame
    lane_center, roi_overlay = detect_lane_center(edges, roi_color, self.debug)
  File "/home/hyeongseon/catkin_ws/src/lane_tracking_pkg/vision/detector.py", line 63, in detect_lane_center
    left_line = _fit_lane(np.vstack(left_points)) if left_points else None
TypeError: _fit_lane() missing 2 required positional arguments: 'y_bottom' and 'y_top'

1758341701.314154386 ERROR /lane_tracking_node [topics.py:753(_SubscriberImpl._invoke_callback)] [topics: /rosout, /lane_overlay, /camera/image_raw, /lane/center_offset, /lane/steering_angle] bad callback: <bound method LaneTrackingNode.image_cb of <__main__.LaneTrackingNode object at 0x7f55bef5a1c0>>
Traceback (most recent call last):
  File "/opt/ros/noetic/lib/python3/dist-packages/rospy/topics.py", line 750, in _invoke_callback
    cb(msg)
  File "/home/hyeongseon/catkin_ws/src/lane_tracking_pkg/scripts/lane_tracking_node.py", line 99, in image_cb
    self.handle_frame(frame, msg.header)
  File "/home/hyeongseon/catkin_ws/src/lane_tracking_pkg/scripts/lane_tracking_node.py", line 111, in handle_frame
    lane_center, roi_overlay = detect_lane_center(edges, roi_color, self.debug)
  File "/home/hyeongseon/catkin_ws/src/lane_tracking_pkg/vision/detector.py", line 63, in detect_lane_center
    left_line = _fit_lane(np.vstack(left_points)) if left_points else None
TypeError: _fit_lane() missing 2 required positional arguments: 'y_bottom' and 'y_top'

1758341701.333934307 ERROR /lane_tracking_node [topics.py:753(_SubscriberImpl._invoke_callback)] [topics: /rosout, /lane_overlay, /camera/image_raw, /lane/center_offset, /lane/steering_angle] bad callback: <bound method LaneTrackingNode.image_cb of <__main__.LaneTrackingNode object at 0x7f55bef5a1c0>>
Traceback (most recent call last):
  File "/opt/ros/noetic/lib/python3/dist-packages/rospy/topics.py", line 750, in _invoke_callback
    cb(msg)
  File "/home/hyeongseon/catkin_ws/src/lane_tracking_pkg/scripts/lane_tracking_node.py", line 99, in image_cb
    self.handle_frame(frame, msg.header)
  File "/home/hyeongseon/catkin_ws/src/lane_tracking_pkg/scripts/lane_tracking_node.py", line 111, in handle_frame
    lane_center, roi_overlay = detect_lane_center(edges, roi_color, self.debug)
  File "/home/hyeongseon/catkin_ws/src/lane_tracking_pkg/vision/detector.py", line 63, in detect_lane_center
    left_line = _fit_lane(np.vstack(left_points)) if left_points else None
TypeError: _fit_lane() missing 2 required positional arguments: 'y_bottom' and 'y_top'

1758341701.381147384 ERROR /lane_tracking_node [topics.py:753(_SubscriberImpl._invoke_callback)] [topics: /rosout, /lane_overlay, /camera/image_raw, /lane/center_offset, /lane/steering_angle] bad callback: <bound method LaneTrackingNode.image_cb of <__main__.LaneTrackingNode object at 0x7f55bef5a1c0>>
Traceback (most recent call last):
  File "/opt/ros/noetic/lib/python3/dist-packages/rospy/topics.py", line 750, in _invoke_callback
    cb(msg)
  File "/home/hyeongseon/catkin_ws/src/lane_tracking_pkg/scripts/lane_tracking_node.py", line 99, in image_cb
    self.handle_frame(frame, msg.header)
  File "/home/hyeongseon/catkin_ws/src/lane_tracking_pkg/scripts/lane_tracking_node.py", line 111, in handle_frame
    lane_center, roi_overlay = detect_lane_center(edges, roi_color, self.debug)
  File "/home/hyeongseon/catkin_ws/src/lane_tracking_pkg/vision/detector.py", line 63, in detect_lane_center
    left_line = _fit_lane(np.vstack(left_points)) if left_points else None
TypeError: _fit_lane() missing 2 required positional arguments: 'y_bottom' and 'y_top'

1758341701.432665586 ERROR /lane_tracking_node [topics.py:753(_SubscriberImpl._invoke_callback)] [topics: /rosout, /lane_overlay, /camera/image_raw, /lane/center_offset, /lane/steering_angle] bad callback: <bound method LaneTrackingNode.image_cb of <__main__.LaneTrackingNode object at 0x7f55bef5a1c0>>
Traceback (most recent call last):
  File "/opt/ros/noetic/lib/python3/dist-packages/rospy/topics.py", line 750, in _invoke_callback
    cb(msg)
  File "/home/hyeongseon/catkin_ws/src/lane_tracking_pkg/scripts/lane_tracking_node.py", line 99, in image_cb
    self.handle_frame(frame, msg.header)
  File "/home/hyeongseon/catkin_ws/src/lane_tracking_pkg/scripts/lane_tracking_node.py", line 111, in handle_frame
    lane_center, roi_overlay = detect_lane_center(edges, roi_color, self.debug)
  File "/home/hyeongseon/catkin_ws/src/lane_tracking_pkg/vision/detector.py", line 63, in detect_lane_center
    left_line = _fit_lane(np.vstack(left_points)) if left_points else None
TypeError: _fit_lane() missing 2 required positional arguments: 'y_bottom' and 'y_top'

1758341701.497834205 ERROR /lane_tracking_node [topics.py:753(_SubscriberImpl._invoke_callback)] [topics: /rosout, /lane_overlay, /camera/image_raw, /lane/center_offset, /lane/steering_angle] bad callback: <bound method LaneTrackingNode.image_cb of <__main__.LaneTrackingNode object at 0x7f55bef5a1c0>>
Traceback (most recent call last):
  File "/opt/ros/noetic/lib/python3/dist-packages/rospy/topics.py", line 750, in _invoke_callback
    cb(msg)
  File "/home/hyeongseon/catkin_ws/src/lane_tracking_pkg/scripts/lane_tracking_node.py", line 99, in image_cb
    self.handle_frame(frame, msg.header)
  File "/home/hyeongseon/catkin_ws/src/lane_tracking_pkg/scripts/lane_tracking_node.py", line 111, in handle_frame
    lane_center, roi_overlay = detect_lane_center(edges, roi_color, self.debug)
  File "/home/hyeongseon/catkin_ws/src/lane_tracking_pkg/vision/detector.py", line 63, in detect_lane_center
    left_line = _fit_lane(np.vstack(left_points)) if left_points else None
TypeError: _fit_lane() missing 2 required positional arguments: 'y_bottom' and 'y_top'

1758341701.525903463 ERROR /lane_tracking_node [topics.py:753(_SubscriberImpl._invoke_callback)] [topics: /rosout, /lane_overlay, /camera/image_raw, /lane/center_offset, /lane/steering_angle] bad callback: <bound method LaneTrackingNode.image_cb of <__main__.LaneTrackingNode object at 0x7f55bef5a1c0>>
Traceback (most recent call last):
  File "/opt/ros/noetic/lib/python3/dist-packages/rospy/topics.py", line 750, in _invoke_callback
    cb(msg)
  File "/home/hyeongseon/catkin_ws/src/lane_tracking_pkg/scripts/lane_tracking_node.py", line 99, in image_cb
    self.handle_frame(frame, msg.header)
  File "/home/hyeongseon/catkin_ws/src/lane_tracking_pkg/scripts/lane_tracking_node.py", line 111, in handle_frame
    lane_center, roi_overlay = detect_lane_center(edges, roi_color, self.debug)
  File "/home/hyeongseon/catkin_ws/src/lane_tracking_pkg/vision/detector.py", line 63, in detect_lane_center
    left_line = _fit_lane(np.vstack(left_points)) if left_points else None
TypeError: _fit_lane() missing 2 required positional arguments: 'y_bottom' and 'y_top'

1758341701.599364519 ERROR /lane_tracking_node [topics.py:753(_SubscriberImpl._invoke_callback)] [topics: /rosout, /lane_overlay, /camera/image_raw, /lane/center_offset, /lane/steering_angle] bad callback: <bound method LaneTrackingNode.image_cb of <__main__.LaneTrackingNode object at 0x7f55bef5a1c0>>
Traceback (most recent call last):
  File "/opt/ros/noetic/lib/python3/dist-packages/rospy/topics.py", line 750, in _invoke_callback
    cb(msg)
  File "/home/hyeongseon/catkin_ws/src/lane_tracking_pkg/scripts/lane_tracking_node.py", line 99, in image_cb
    self.handle_frame(frame, msg.header)
  File "/home/hyeongseon/catkin_ws/src/lane_tracking_pkg/scripts/lane_tracking_node.py", line 111, in handle_frame
    lane_center, roi_overlay = detect_lane_center(edges, roi_color, self.debug)
  File "/home/hyeongseon/catkin_ws/src/lane_tracking_pkg/vision/detector.py", line 63, in detect_lane_center
    left_line = _fit_lane(np.vstack(left_points)) if left_points else None
TypeError: _fit_lane() missing 2 required positional arguments: 'y_bottom' and 'y_top'

1758341701.616392612 ERROR /lane_tracking_node [topics.py:753(_SubscriberImpl._invoke_callback)] [topics: /rosout, /lane_overlay, /camera/image_raw, /lane/center_offset, /lane/steering_angle] bad callback: <bound method LaneTrackingNode.image_cb of <__main__.LaneTrackingNode object at 0x7f55bef5a1c0>>
Traceback (most recent call last):
  File "/opt/ros/noetic/lib/python3/dist-packages/rospy/topics.py", line 750, in _invoke_callback
    cb(msg)
  File "/home/hyeongseon/catkin_ws/src/lane_tracking_pkg/scripts/lane_tracking_node.py", line 99, in image_cb
    self.handle_frame(frame, msg.header)
  File "/home/hyeongseon/catkin_ws/src/lane_tracking_pkg/scripts/lane_tracking_node.py", line 111, in handle_frame
    lane_center, roi_overlay = detect_lane_center(edges, roi_color, self.debug)
  File "/home/hyeongseon/catkin_ws/src/lane_tracking_pkg/vision/detector.py", line 63, in detect_lane_center
    left_line = _fit_lane(np.vstack(left_points)) if left_points else None
TypeError: _fit_lane() missing 2 required positional arguments: 'y_bottom' and 'y_top'

1758341701.666142702 ERROR /lane_tracking_node [topics.py:753(_SubscriberImpl._invoke_callback)] [topics: /rosout, /lane_overlay, /camera/image_raw, /lane/center_offset, /lane/steering_angle] bad callback: <bound method LaneTrackingNode.image_cb of <__main__.LaneTrackingNode object at 0x7f55bef5a1c0>>
Traceback (most recent call last):
  File "/opt/ros/noetic/lib/python3/dist-packages/rospy/topics.py", line 750, in _invoke_callback
    cb(msg)
  File "/home/hyeongseon/catkin_ws/src/lane_tracking_pkg/scripts/lane_tracking_node.py", line 99, in image_cb
    self.handle_frame(frame, msg.header)
  File "/home/hyeongseon/catkin_ws/src/lane_tracking_pkg/scripts/lane_tracking_node.py", line 111, in handle_frame
    lane_center, roi_overlay = detect_lane_center(edges, roi_color, self.debug)
  File "/home/hyeongseon/catkin_ws/src/lane_tracking_pkg/vision/detector.py", line 63, in detect_lane_center
    left_line = _fit_lane(np.vstack(left_points)) if left_points else None
TypeError: _fit_lane() missing 2 required positional arguments: 'y_bottom' and 'y_top'

1758341701.703206300 ERROR /lane_tracking_node [topics.py:753(_SubscriberImpl._invoke_callback)] [topics: /rosout, /lane_overlay, /camera/image_raw, /lane/center_offset, /lane/steering_angle] bad callback: <bound method LaneTrackingNode.image_cb of <__main__.LaneTrackingNode object at 0x7f55bef5a1c0>>
Traceback (most recent call last):
  File "/opt/ros/noetic/lib/python3/dist-packages/rospy/topics.py", line 750, in _invoke_callback
    cb(msg)
  File "/home/hyeongseon/catkin_ws/src/lane_tracking_pkg/scripts/lane_tracking_node.py", line 99, in image_cb
    self.handle_frame(frame, msg.header)
  File "/home/hyeongseon/catkin_ws/src/lane_tracking_pkg/scripts/lane_tracking_node.py", line 111, in handle_frame
    lane_center, roi_overlay = detect_lane_center(edges, roi_color, self.debug)
  File "/home/hyeongseon/catkin_ws/src/lane_tracking_pkg/vision/detector.py", line 63, in detect_lane_center
    left_line = _fit_lane(np.vstack(left_points)) if left_points else None
TypeError: _fit_lane() missing 2 required positional arguments: 'y_bottom' and 'y_top'

1758341701.753451108 ERROR /lane_tracking_node [topics.py:753(_SubscriberImpl._invoke_callback)] [topics: /rosout, /lane_overlay, /camera/image_raw, /lane/center_offset, /lane/steering_angle] bad callback: <bound method LaneTrackingNode.image_cb of <__main__.LaneTrackingNode object at 0x7f55bef5a1c0>>
Traceback (most recent call last):
  File "/opt/ros/noetic/lib/python3/dist-packages/rospy/topics.py", line 750, in _invoke_callback
    cb(msg)
  File "/home/hyeongseon/catkin_ws/src/lane_tracking_pkg/scripts/lane_tracking_node.py", line 99, in image_cb
    self.handle_frame(frame, msg.header)
  File "/home/hyeongseon/catkin_ws/src/lane_tracking_pkg/scripts/lane_tracking_node.py", line 111, in handle_frame
    lane_center, roi_overlay = detect_lane_center(edges, roi_color, self.debug)
  File "/home/hyeongseon/catkin_ws/src/lane_tracking_pkg/vision/detector.py", line 63, in detect_lane_center
    left_line = _fit_lane(np.vstack(left_points)) if left_points else None
TypeError: _fit_lane() missing 2 required positional arguments: 'y_bottom' and 'y_top'

1758341701.776134490 ERROR /lane_tracking_node [topics.py:753(_SubscriberImpl._invoke_callback)] [topics: /rosout, /lane_overlay, /camera/image_raw, /lane/center_offset, /lane/steering_angle] bad callback: <bound method LaneTrackingNode.image_cb of <__main__.LaneTrackingNode object at 0x7f55bef5a1c0>>
Traceback (most recent call last):
  File "/opt/ros/noetic/lib/python3/dist-packages/rospy/topics.py", line 750, in _invoke_callback
    cb(msg)
  File "/home/hyeongseon/catkin_ws/src/lane_tracking_pkg/scripts/lane_tracking_node.py", line 99, in image_cb
    self.handle_frame(frame, msg.header)
  File "/home/hyeongseon/catkin_ws/src/lane_tracking_pkg/scripts/lane_tracking_node.py", line 111, in handle_frame
    lane_center, roi_overlay = detect_lane_center(edges, roi_color, self.debug)
  File "/home/hyeongseon/catkin_ws/src/lane_tracking_pkg/vision/detector.py", line 63, in detect_lane_center
    left_line = _fit_lane(np.vstack(left_points)) if left_points else None
TypeError: _fit_lane() missing 2 required positional arguments: 'y_bottom' and 'y_top'

1758341701.815028905 ERROR /lane_tracking_node [topics.py:753(_SubscriberImpl._invoke_callback)] [topics: /rosout, /lane_overlay, /camera/image_raw, /lane/center_offset, /lane/steering_angle] bad callback: <bound method LaneTrackingNode.image_cb of <__main__.LaneTrackingNode object at 0x7f55bef5a1c0>>
Traceback (most recent call last):
  File "/opt/ros/noetic/lib/python3/dist-packages/rospy/topics.py", line 750, in _invoke_callback
    cb(msg)
  File "/home/hyeongseon/catkin_ws/src/lane_tracking_pkg/scripts/lane_tracking_node.py", line 99, in image_cb
    self.handle_frame(frame, msg.header)
  File "/home/hyeongseon/catkin_ws/src/lane_tracking_pkg/scripts/lane_tracking_node.py", line 111, in handle_frame
    lane_center, roi_overlay = detect_lane_center(edges, roi_color, self.debug)
  File "/home/hyeongseon/catkin_ws/src/lane_tracking_pkg/vision/detector.py", line 63, in detect_lane_center
    left_line = _fit_lane(np.vstack(left_points)) if left_points else None
TypeError: _fit_lane() missing 2 required positional arguments: 'y_bottom' and 'y_top'

1758341701.857628583 ERROR /lane_tracking_node [topics.py:753(_SubscriberImpl._invoke_callback)] [topics: /rosout, /lane_overlay, /camera/image_raw, /lane/center_offset, /lane/steering_angle] bad callback: <bound method LaneTrackingNode.image_cb of <__main__.LaneTrackingNode object at 0x7f55bef5a1c0>>
Traceback (most recent call last):
  File "/opt/ros/noetic/lib/python3/dist-packages/rospy/topics.py", line 750, in _invoke_callback
    cb(msg)
  File "/home/hyeongseon/catkin_ws/src/lane_tracking_pkg/scripts/lane_tracking_node.py", line 99, in image_cb
    self.handle_frame(frame, msg.header)
  File "/home/hyeongseon/catkin_ws/src/lane_tracking_pkg/scripts/lane_tracking_node.py", line 111, in handle_frame
    lane_center, roi_overlay = detect_lane_center(edges, roi_color, self.debug)
  File "/home/hyeongseon/catkin_ws/src/lane_tracking_pkg/vision/detector.py", line 63, in detect_lane_center
    left_line = _fit_lane(np.vstack(left_points)) if left_points else None
TypeError: _fit_lane() missing 2 required positional arguments: 'y_bottom' and 'y_top'

1758341701.880463123 ERROR /lane_tracking_node [topics.py:753(_SubscriberImpl._invoke_callback)] [topics: /rosout, /lane_overlay, /camera/image_raw, /lane/center_offset, /lane/steering_angle] bad callback: <bound method LaneTrackingNode.image_cb of <__main__.LaneTrackingNode object at 0x7f55bef5a1c0>>
Traceback (most recent call last):
  File "/opt/ros/noetic/lib/python3/dist-packages/rospy/topics.py", line 750, in _invoke_callback
    cb(msg)
  File "/home/hyeongseon/catkin_ws/src/lane_tracking_pkg/scripts/lane_tracking_node.py", line 99, in image_cb
    self.handle_frame(frame, msg.header)
  File "/home/hyeongseon/catkin_ws/src/lane_tracking_pkg/scripts/lane_tracking_node.py", line 111, in handle_frame
    lane_center, roi_overlay = detect_lane_center(edges, roi_color, self.debug)
  File "/home/hyeongseon/catkin_ws/src/lane_tracking_pkg/vision/detector.py", line 63, in detect_lane_center
    left_line = _fit_lane(np.vstack(left_points)) if left_points else None
TypeError: _fit_lane() missing 2 required positional arguments: 'y_bottom' and 'y_top'

1758341701.906725168 ERROR /lane_tracking_node [topics.py:753(_SubscriberImpl._invoke_callback)] [topics: /rosout, /lane_overlay, /camera/image_raw, /lane/center_offset, /lane/steering_angle] bad callback: <bound method LaneTrackingNode.image_cb of <__main__.LaneTrackingNode object at 0x7f55bef5a1c0>>
Traceback (most recent call last):
  File "/opt/ros/noetic/lib/python3/dist-packages/rospy/topics.py", line 750, in _invoke_callback
    cb(msg)
  File "/home/hyeongseon/catkin_ws/src/lane_tracking_pkg/scripts/lane_tracking_node.py", line 99, in image_cb
    self.handle_frame(frame, msg.header)
  File "/home/hyeongseon/catkin_ws/src/lane_tracking_pkg/scripts/lane_tracking_node.py", line 111, in handle_frame
    lane_center, roi_overlay = detect_lane_center(edges, roi_color, self.debug)
  File "/home/hyeongseon/catkin_ws/src/lane_tracking_pkg/vision/detector.py", line 63, in detect_lane_center
    left_line = _fit_lane(np.vstack(left_points)) if left_points else None
TypeError: _fit_lane() missing 2 required positional arguments: 'y_bottom' and 'y_top'

1758341701.946727752 ERROR /lane_tracking_node [topics.py:753(_SubscriberImpl._invoke_callback)] [topics: /rosout, /lane_overlay, /camera/image_raw, /lane/center_offset, /lane/steering_angle] bad callback: <bound method LaneTrackingNode.image_cb of <__main__.LaneTrackingNode object at 0x7f55bef5a1c0>>
Traceback (most recent call last):
  File "/opt/ros/noetic/lib/python3/dist-packages/rospy/topics.py", line 750, in _invoke_callback
    cb(msg)
  File "/home/hyeongseon/catkin_ws/src/lane_tracking_pkg/scripts/lane_tracking_node.py", line 99, in image_cb
    self.handle_frame(frame, msg.header)
  File "/home/hyeongseon/catkin_ws/src/lane_tracking_pkg/scripts/lane_tracking_node.py", line 111, in handle_frame
    lane_center, roi_overlay = detect_lane_center(edges, roi_color, self.debug)
  File "/home/hyeongseon/catkin_ws/src/lane_tracking_pkg/vision/detector.py", line 63, in detect_lane_center
    left_line = _fit_lane(np.vstack(left_points)) if left_points else None
TypeError: _fit_lane() missing 2 required positional arguments: 'y_bottom' and 'y_top'

1758341701.989238739 ERROR /lane_tracking_node [topics.py:753(_SubscriberImpl._invoke_callback)] [topics: /rosout, /lane_overlay, /camera/image_raw, /lane/center_offset, /lane/steering_angle] bad callback: <bound method LaneTrackingNode.image_cb of <__main__.LaneTrackingNode object at 0x7f55bef5a1c0>>
Traceback (most recent call last):
  File "/opt/ros/noetic/lib/python3/dist-packages/rospy/topics.py", line 750, in _invoke_callback
    cb(msg)
  File "/home/hyeongseon/catkin_ws/src/lane_tracking_pkg/scripts/lane_tracking_node.py", line 99, in image_cb
    self.handle_frame(frame, msg.header)
  File "/home/hyeongseon/catkin_ws/src/lane_tracking_pkg/scripts/lane_tracking_node.py", line 111, in handle_frame
    lane_center, roi_overlay = detect_lane_center(edges, roi_color, self.debug)
  File "/home/hyeongseon/catkin_ws/src/lane_tracking_pkg/vision/detector.py", line 63, in detect_lane_center
    left_line = _fit_lane(np.vstack(left_points)) if left_points else None
TypeError: _fit_lane() missing 2 required positional arguments: 'y_bottom' and 'y_top'

1758341702.013509035 ERROR /lane_tracking_node [topics.py:753(_SubscriberImpl._invoke_callback)] [topics: /rosout, /lane_overlay, /camera/image_raw, /lane/center_offset, /lane/steering_angle] bad callback: <bound method LaneTrackingNode.image_cb of <__main__.LaneTrackingNode object at 0x7f55bef5a1c0>>
Traceback (most recent call last):
  File "/opt/ros/noetic/lib/python3/dist-packages/rospy/topics.py", line 750, in _invoke_callback
    cb(msg)
  File "/home/hyeongseon/catkin_ws/src/lane_tracking_pkg/scripts/lane_tracking_node.py", line 99, in image_cb
    self.handle_frame(frame, msg.header)
  File "/home/hyeongseon/catkin_ws/src/lane_tracking_pkg/scripts/lane_tracking_node.py", line 111, in handle_frame
    lane_center, roi_overlay = detect_lane_center(edges, roi_color, self.debug)
  File "/home/hyeongseon/catkin_ws/src/lane_tracking_pkg/vision/detector.py", line 63, in detect_lane_center
    left_line = _fit_lane(np.vstack(left_points)) if left_points else None
TypeError: _fit_lane() missing 2 required positional arguments: 'y_bottom' and 'y_top'

1758341702.043186187 ERROR /lane_tracking_node [topics.py:753(_SubscriberImpl._invoke_callback)] [topics: /rosout, /lane_overlay, /camera/image_raw, /lane/center_offset, /lane/steering_angle] bad callback: <bound method LaneTrackingNode.image_cb of <__main__.LaneTrackingNode object at 0x7f55bef5a1c0>>
Traceback (most recent call last):
  File "/opt/ros/noetic/lib/python3/dist-packages/rospy/topics.py", line 750, in _invoke_callback
    cb(msg)
  File "/home/hyeongseon/catkin_ws/src/lane_tracking_pkg/scripts/lane_tracking_node.py", line 99, in image_cb
    self.handle_frame(frame, msg.header)
  File "/home/hyeongseon/catkin_ws/src/lane_tracking_pkg/scripts/lane_tracking_node.py", line 111, in handle_frame
    lane_center, roi_overlay = detect_lane_center(edges, roi_color, self.debug)
  File "/home/hyeongseon/catkin_ws/src/lane_tracking_pkg/vision/detector.py", line 63, in detect_lane_center
    left_line = _fit_lane(np.vstack(left_points)) if left_points else None
TypeError: _fit_lane() missing 2 required positional arguments: 'y_bottom' and 'y_top'

1758341702.061012744 ERROR /lane_tracking_node [topics.py:753(_SubscriberImpl._invoke_callback)] [topics: /rosout, /lane_overlay, /camera/image_raw, /lane/center_offset, /lane/steering_angle] bad callback: <bound method LaneTrackingNode.image_cb of <__main__.LaneTrackingNode object at 0x7f55bef5a1c0>>
Traceback (most recent call last):
  File "/opt/ros/noetic/lib/python3/dist-packages/rospy/topics.py", line 750, in _invoke_callback
    cb(msg)
  File "/home/hyeongseon/catkin_ws/src/lane_tracking_pkg/scripts/lane_tracking_node.py", line 99, in image_cb
    self.handle_frame(frame, msg.header)
  File "/home/hyeongseon/catkin_ws/src/lane_tracking_pkg/scripts/lane_tracking_node.py", line 111, in handle_frame
    lane_center, roi_overlay = detect_lane_center(edges, roi_color, self.debug)
  File "/home/hyeongseon/catkin_ws/src/lane_tracking_pkg/vision/detector.py", line 63, in detect_lane_center
    left_line = _fit_lane(np.vstack(left_points)) if left_points else None
TypeError: _fit_lane() missing 2 required positional arguments: 'y_bottom' and 'y_top'

1758341702.096040964 ERROR /lane_tracking_node [topics.py:753(_SubscriberImpl._invoke_callback)] [topics: /rosout, /lane_overlay, /camera/image_raw, /lane/center_offset, /lane/steering_angle] bad callback: <bound method LaneTrackingNode.image_cb of <__main__.LaneTrackingNode object at 0x7f55bef5a1c0>>
Traceback (most recent call last):
  File "/opt/ros/noetic/lib/python3/dist-packages/rospy/topics.py", line 750, in _invoke_callback
    cb(msg)
  File "/home/hyeongseon/catkin_ws/src/lane_tracking_pkg/scripts/lane_tracking_node.py", line 99, in image_cb
    self.handle_frame(frame, msg.header)
  File "/home/hyeongseon/catkin_ws/src/lane_tracking_pkg/scripts/lane_tracking_node.py", line 111, in handle_frame
    lane_center, roi_overlay = detect_lane_center(edges, roi_color, self.debug)
  File "/home/hyeongseon/catkin_ws/src/lane_tracking_pkg/vision/detector.py", line 63, in detect_lane_center
    left_line = _fit_lane(np.vstack(left_points)) if left_points else None
TypeError: _fit_lane() missing 2 required positional arguments: 'y_bottom' and 'y_top'

1758341702.109010934 ERROR /lane_tracking_node [topics.py:753(_SubscriberImpl._invoke_callback)] [topics: /rosout, /lane_overlay, /camera/image_raw, /lane/center_offset, /lane/steering_angle] bad callback: <bound method LaneTrackingNode.image_cb of <__main__.LaneTrackingNode object at 0x7f55bef5a1c0>>
Traceback (most recent call last):
  File "/opt/ros/noetic/lib/python3/dist-packages/rospy/topics.py", line 750, in _invoke_callback
    cb(msg)
  File "/home/hyeongseon/catkin_ws/src/lane_tracking_pkg/scripts/lane_tracking_node.py", line 99, in image_cb
    self.handle_frame(frame, msg.header)
  File "/home/hyeongseon/catkin_ws/src/lane_tracking_pkg/scripts/lane_tracking_node.py", line 111, in handle_frame
    lane_center, roi_overlay = detect_lane_center(edges, roi_color, self.debug)
  File "/home/hyeongseon/catkin_ws/src/lane_tracking_pkg/vision/detector.py", line 63, in detect_lane_center
    left_line = _fit_lane(np.vstack(left_points)) if left_points else None
TypeError: _fit_lane() missing 2 required positional arguments: 'y_bottom' and 'y_top'

1758341702.143339157 ERROR /lane_tracking_node [topics.py:753(_SubscriberImpl._invoke_callback)] [topics: /rosout, /lane_overlay, /camera/image_raw, /lane/center_offset, /lane/steering_angle] bad callback: <bound method LaneTrackingNode.image_cb of <__main__.LaneTrackingNode object at 0x7f55bef5a1c0>>
Traceback (most recent call last):
  File "/opt/ros/noetic/lib/python3/dist-packages/rospy/topics.py", line 750, in _invoke_callback
    cb(msg)
  File "/home/hyeongseon/catkin_ws/src/lane_tracking_pkg/scripts/lane_tracking_node.py", line 99, in image_cb
    self.handle_frame(frame, msg.header)
  File "/home/hyeongseon/catkin_ws/src/lane_tracking_pkg/scripts/lane_tracking_node.py", line 111, in handle_frame
    lane_center, roi_overlay = detect_lane_center(edges, roi_color, self.debug)
  File "/home/hyeongseon/catkin_ws/src/lane_tracking_pkg/vision/detector.py", line 63, in detect_lane_center
    left_line = _fit_lane(np.vstack(left_points)) if left_points else None
TypeError: _fit_lane() missing 2 required positional arguments: 'y_bottom' and 'y_top'

1758341702.181516885 ERROR /lane_tracking_node [topics.py:753(_SubscriberImpl._invoke_callback)] [topics: /rosout, /lane_overlay, /camera/image_raw, /lane/center_offset, /lane/steering_angle] bad callback: <bound method LaneTrackingNode.image_cb of <__main__.LaneTrackingNode object at 0x7f55bef5a1c0>>
Traceback (most recent call last):
  File "/opt/ros/noetic/lib/python3/dist-packages/rospy/topics.py", line 750, in _invoke_callback
    cb(msg)
  File "/home/hyeongseon/catkin_ws/src/lane_tracking_pkg/scripts/lane_tracking_node.py", line 99, in image_cb
    self.handle_frame(frame, msg.header)
  File "/home/hyeongseon/catkin_ws/src/lane_tracking_pkg/scripts/lane_tracking_node.py", line 111, in handle_frame
    lane_center, roi_overlay = detect_lane_center(edges, roi_color, self.debug)
  File "/home/hyeongseon/catkin_ws/src/lane_tracking_pkg/vision/detector.py", line 63, in detect_lane_center
    left_line = _fit_lane(np.vstack(left_points)) if left_points else None
TypeError: _fit_lane() missing 2 required positional arguments: 'y_bottom' and 'y_top'

1758341702.194025993 ERROR /lane_tracking_node [topics.py:753(_SubscriberImpl._invoke_callback)] [topics: /rosout, /lane_overlay, /camera/image_raw, /lane/center_offset, /lane/steering_angle] bad callback: <bound method LaneTrackingNode.image_cb of <__main__.LaneTrackingNode object at 0x7f55bef5a1c0>>
Traceback (most recent call last):
  File "/opt/ros/noetic/lib/python3/dist-packages/rospy/topics.py", line 750, in _invoke_callback
    cb(msg)
  File "/home/hyeongseon/catkin_ws/src/lane_tracking_pkg/scripts/lane_tracking_node.py", line 99, in image_cb
    self.handle_frame(frame, msg.header)
  File "/home/hyeongseon/catkin_ws/src/lane_tracking_pkg/scripts/lane_tracking_node.py", line 111, in handle_frame
    lane_center, roi_overlay = detect_lane_center(edges, roi_color, self.debug)
  File "/home/hyeongseon/catkin_ws/src/lane_tracking_pkg/vision/detector.py", line 63, in detect_lane_center
    left_line = _fit_lane(np.vstack(left_points)) if left_points else None
TypeError: _fit_lane() missing 2 required positional arguments: 'y_bottom' and 'y_top'

1758341702.219214677 ERROR /lane_tracking_node [topics.py:753(_SubscriberImpl._invoke_callback)] [topics: /rosout, /lane_overlay, /camera/image_raw, /lane/center_offset, /lane/steering_angle] bad callback: <bound method LaneTrackingNode.image_cb of <__main__.LaneTrackingNode object at 0x7f55bef5a1c0>>
Traceback (most recent call last):
  File "/opt/ros/noetic/lib/python3/dist-packages/rospy/topics.py", line 750, in _invoke_callback
    cb(msg)
  File "/home/hyeongseon/catkin_ws/src/lane_tracking_pkg/scripts/lane_tracking_node.py", line 99, in image_cb
    self.handle_frame(frame, msg.header)
  File "/home/hyeongseon/catkin_ws/src/lane_tracking_pkg/scripts/lane_tracking_node.py", line 111, in handle_frame
    lane_center, roi_overlay = detect_lane_center(edges, roi_color, self.debug)
  File "/home/hyeongseon/catkin_ws/src/lane_tracking_pkg/vision/detector.py", line 63, in detect_lane_center
    left_line = _fit_lane(np.vstack(left_points)) if left_points else None
TypeError: _fit_lane() missing 2 required positional arguments: 'y_bottom' and 'y_top'

1758341702.250749588 ERROR /lane_tracking_node [topics.py:753(_SubscriberImpl._invoke_callback)] [topics: /rosout, /lane_overlay, /camera/image_raw, /lane/center_offset, /lane/steering_angle] bad callback: <bound method LaneTrackingNode.image_cb of <__main__.LaneTrackingNode object at 0x7f55bef5a1c0>>
Traceback (most recent call last):
  File "/opt/ros/noetic/lib/python3/dist-packages/rospy/topics.py", line 750, in _invoke_callback
    cb(msg)
  File "/home/hyeongseon/catkin_ws/src/lane_tracking_pkg/scripts/lane_tracking_node.py", line 99, in image_cb
    self.handle_frame(frame, msg.header)
  File "/home/hyeongseon/catkin_ws/src/lane_tracking_pkg/scripts/lane_tracking_node.py", line 111, in handle_frame
    lane_center, roi_overlay = detect_lane_center(edges, roi_color, self.debug)
  File "/home/hyeongseon/catkin_ws/src/lane_tracking_pkg/vision/detector.py", line 63, in detect_lane_center
    left_line = _fit_lane(np.vstack(left_points)) if left_points else None
TypeError: _fit_lane() missing 2 required positional arguments: 'y_bottom' and 'y_top'

1758341702.270636796 ERROR /lane_tracking_node [topics.py:753(_SubscriberImpl._invoke_callback)] [topics: /rosout, /lane_overlay, /camera/image_raw, /lane/center_offset, /lane/steering_angle] bad callback: <bound method LaneTrackingNode.image_cb of <__main__.LaneTrackingNode object at 0x7f55bef5a1c0>>
Traceback (most recent call last):
  File "/opt/ros/noetic/lib/python3/dist-packages/rospy/topics.py", line 750, in _invoke_callback
    cb(msg)
  File "/home/hyeongseon/catkin_ws/src/lane_tracking_pkg/scripts/lane_tracking_node.py", line 99, in image_cb
    self.handle_frame(frame, msg.header)
  File "/home/hyeongseon/catkin_ws/src/lane_tracking_pkg/scripts/lane_tracking_node.py", line 111, in handle_frame
    lane_center, roi_overlay = detect_lane_center(edges, roi_color, self.debug)
  File "/home/hyeongseon/catkin_ws/src/lane_tracking_pkg/vision/detector.py", line 63, in detect_lane_center
    left_line = _fit_lane(np.vstack(left_points)) if left_points else None
TypeError: _fit_lane() missing 2 required positional arguments: 'y_bottom' and 'y_top'

1758341702.306681632 ERROR /lane_tracking_node [topics.py:753(_SubscriberImpl._invoke_callback)] [topics: /rosout, /lane_overlay, /camera/image_raw, /lane/center_offset, /lane/steering_angle] bad callback: <bound method LaneTrackingNode.image_cb of <__main__.LaneTrackingNode object at 0x7f55bef5a1c0>>
Traceback (most recent call last):
  File "/opt/ros/noetic/lib/python3/dist-packages/rospy/topics.py", line 750, in _invoke_callback
    cb(msg)
  File "/home/hyeongseon/catkin_ws/src/lane_tracking_pkg/scripts/lane_tracking_node.py", line 99, in image_cb
    self.handle_frame(frame, msg.header)
  File "/home/hyeongseon/catkin_ws/src/lane_tracking_pkg/scripts/lane_tracking_node.py", line 111, in handle_frame
    lane_center, roi_overlay = detect_lane_center(edges, roi_color, self.debug)
  File "/home/hyeongseon/catkin_ws/src/lane_tracking_pkg/vision/detector.py", line 63, in detect_lane_center
    left_line = _fit_lane(np.vstack(left_points)) if left_points else None
TypeError: _fit_lane() missing 2 required positional arguments: 'y_bottom' and 'y_top'

1758341702.336140871 ERROR /lane_tracking_node [topics.py:753(_SubscriberImpl._invoke_callback)] [topics: /rosout, /lane_overlay, /camera/image_raw, /lane/center_offset, /lane/steering_angle] bad callback: <bound method LaneTrackingNode.image_cb of <__main__.LaneTrackingNode object at 0x7f55bef5a1c0>>
Traceback (most recent call last):
  File "/opt/ros/noetic/lib/python3/dist-packages/rospy/topics.py", line 750, in _invoke_callback
    cb(msg)
  File "/home/hyeongseon/catkin_ws/src/lane_tracking_pkg/scripts/lane_tracking_node.py", line 99, in image_cb
    self.handle_frame(frame, msg.header)
  File "/home/hyeongseon/catkin_ws/src/lane_tracking_pkg/scripts/lane_tracking_node.py", line 111, in handle_frame
    lane_center, roi_overlay = detect_lane_center(edges, roi_color, self.debug)
  File "/home/hyeongseon/catkin_ws/src/lane_tracking_pkg/vision/detector.py", line 63, in detect_lane_center
    left_line = _fit_lane(np.vstack(left_points)) if left_points else None
TypeError: _fit_lane() missing 2 required positional arguments: 'y_bottom' and 'y_top'

1758341702.361512899 ERROR /lane_tracking_node [topics.py:753(_SubscriberImpl._invoke_callback)] [topics: /rosout, /lane_overlay, /camera/image_raw, /lane/center_offset, /lane/steering_angle] bad callback: <bound method LaneTrackingNode.image_cb of <__main__.LaneTrackingNode object at 0x7f55bef5a1c0>>
Traceback (most recent call last):
  File "/opt/ros/noetic/lib/python3/dist-packages/rospy/topics.py", line 750, in _invoke_callback
    cb(msg)
  File "/home/hyeongseon/catkin_ws/src/lane_tracking_pkg/scripts/lane_tracking_node.py", line 99, in image_cb
    self.handle_frame(frame, msg.header)
  File "/home/hyeongseon/catkin_ws/src/lane_tracking_pkg/scripts/lane_tracking_node.py", line 111, in handle_frame
    lane_center, roi_overlay = detect_lane_center(edges, roi_color, self.debug)
  File "/home/hyeongseon/catkin_ws/src/lane_tracking_pkg/vision/detector.py", line 63, in detect_lane_center
    left_line = _fit_lane(np.vstack(left_points)) if left_points else None
TypeError: _fit_lane() missing 2 required positional arguments: 'y_bottom' and 'y_top'

1758341702.386757135 ERROR /lane_tracking_node [topics.py:753(_SubscriberImpl._invoke_callback)] [topics: /rosout, /lane_overlay, /camera/image_raw, /lane/center_offset, /lane/steering_angle] bad callback: <bound method LaneTrackingNode.image_cb of <__main__.LaneTrackingNode object at 0x7f55bef5a1c0>>
Traceback (most recent call last):
  File "/opt/ros/noetic/lib/python3/dist-packages/rospy/topics.py", line 750, in _invoke_callback
    cb(msg)
  File "/home/hyeongseon/catkin_ws/src/lane_tracking_pkg/scripts/lane_tracking_node.py", line 99, in image_cb
    self.handle_frame(frame, msg.header)
  File "/home/hyeongseon/catkin_ws/src/lane_tracking_pkg/scripts/lane_tracking_node.py", line 111, in handle_frame
    lane_center, roi_overlay = detect_lane_center(edges, roi_color, self.debug)
  File "/home/hyeongseon/catkin_ws/src/lane_tracking_pkg/vision/detector.py", line 63, in detect_lane_center
    left_line = _fit_lane(np.vstack(left_points)) if left_points else None
TypeError: _fit_lane() missing 2 required positional arguments: 'y_bottom' and 'y_top'

1758341702.414310932 ERROR /lane_tracking_node [topics.py:753(_SubscriberImpl._invoke_callback)] [topics: /rosout, /lane_overlay, /camera/image_raw, /lane/center_offset, /lane/steering_angle] bad callback: <bound method LaneTrackingNode.image_cb of <__main__.LaneTrackingNode object at 0x7f55bef5a1c0>>
Traceback (most recent call last):
  File "/opt/ros/noetic/lib/python3/dist-packages/rospy/topics.py", line 750, in _invoke_callback
    cb(msg)
  File "/home/hyeongseon/catkin_ws/src/lane_tracking_pkg/scripts/lane_tracking_node.py", line 99, in image_cb
    self.handle_frame(frame, msg.header)
  File "/home/hyeongseon/catkin_ws/src/lane_tracking_pkg/scripts/lane_tracking_node.py", line 111, in handle_frame
    lane_center, roi_overlay = detect_lane_center(edges, roi_color, self.debug)
  File "/home/hyeongseon/catkin_ws/src/lane_tracking_pkg/vision/detector.py", line 63, in detect_lane_center
    left_line = _fit_lane(np.vstack(left_points)) if left_points else None
TypeError: _fit_lane() missing 2 required positional arguments: 'y_bottom' and 'y_top'

1758341702.443092823 ERROR /lane_tracking_node [topics.py:753(_SubscriberImpl._invoke_callback)] [topics: /rosout, /lane_overlay, /camera/image_raw, /lane/center_offset, /lane/steering_angle] bad callback: <bound method LaneTrackingNode.image_cb of <__main__.LaneTrackingNode object at 0x7f55bef5a1c0>>
Traceback (most recent call last):
  File "/opt/ros/noetic/lib/python3/dist-packages/rospy/topics.py", line 750, in _invoke_callback
    cb(msg)
  File "/home/hyeongseon/catkin_ws/src/lane_tracking_pkg/scripts/lane_tracking_node.py", line 99, in image_cb
    self.handle_frame(frame, msg.header)
  File "/home/hyeongseon/catkin_ws/src/lane_tracking_pkg/scripts/lane_tracking_node.py", line 111, in handle_frame
    lane_center, roi_overlay = detect_lane_center(edges, roi_color, self.debug)
  File "/home/hyeongseon/catkin_ws/src/lane_tracking_pkg/vision/detector.py", line 63, in detect_lane_center
    left_line = _fit_lane(np.vstack(left_points)) if left_points else None
TypeError: _fit_lane() missing 2 required positional arguments: 'y_bottom' and 'y_top'

1758341702.470461130 ERROR /lane_tracking_node [topics.py:753(_SubscriberImpl._invoke_callback)] [topics: /rosout, /lane_overlay, /camera/image_raw, /lane/center_offset, /lane/steering_angle] bad callback: <bound method LaneTrackingNode.image_cb of <__main__.LaneTrackingNode object at 0x7f55bef5a1c0>>
Traceback (most recent call last):
  File "/opt/ros/noetic/lib/python3/dist-packages/rospy/topics.py", line 750, in _invoke_callback
    cb(msg)
  File "/home/hyeongseon/catkin_ws/src/lane_tracking_pkg/scripts/lane_tracking_node.py", line 99, in image_cb
    self.handle_frame(frame, msg.header)
  File "/home/hyeongseon/catkin_ws/src/lane_tracking_pkg/scripts/lane_tracking_node.py", line 111, in handle_frame
    lane_center, roi_overlay = detect_lane_center(edges, roi_color, self.debug)
  File "/home/hyeongseon/catkin_ws/src/lane_tracking_pkg/vision/detector.py", line 63, in detect_lane_center
    left_line = _fit_lane(np.vstack(left_points)) if left_points else None
TypeError: _fit_lane() missing 2 required positional arguments: 'y_bottom' and 'y_top'

1758341702.491110801 ERROR /lane_tracking_node [topics.py:753(_SubscriberImpl._invoke_callback)] [topics: /rosout, /lane_overlay, /camera/image_raw, /lane/center_offset, /lane/steering_angle] bad callback: <bound method LaneTrackingNode.image_cb of <__main__.LaneTrackingNode object at 0x7f55bef5a1c0>>
Traceback (most recent call last):
  File "/opt/ros/noetic/lib/python3/dist-packages/rospy/topics.py", line 750, in _invoke_callback
    cb(msg)
  File "/home/hyeongseon/catkin_ws/src/lane_tracking_pkg/scripts/lane_tracking_node.py", line 99, in image_cb
    self.handle_frame(frame, msg.header)
  File "/home/hyeongseon/catkin_ws/src/lane_tracking_pkg/scripts/lane_tracking_node.py", line 111, in handle_frame
    lane_center, roi_overlay = detect_lane_center(edges, roi_color, self.debug)
  File "/home/hyeongseon/catkin_ws/src/lane_tracking_pkg/vision/detector.py", line 63, in detect_lane_center
    left_line = _fit_lane(np.vstack(left_points)) if left_points else None
TypeError: _fit_lane() missing 2 required positional arguments: 'y_bottom' and 'y_top'

1758341702.523718118 ERROR /lane_tracking_node [topics.py:753(_SubscriberImpl._invoke_callback)] [topics: /rosout, /lane_overlay, /camera/image_raw, /lane/center_offset, /lane/steering_angle] bad callback: <bound method LaneTrackingNode.image_cb of <__main__.LaneTrackingNode object at 0x7f55bef5a1c0>>
Traceback (most recent call last):
  File "/opt/ros/noetic/lib/python3/dist-packages/rospy/topics.py", line 750, in _invoke_callback
    cb(msg)
  File "/home/hyeongseon/catkin_ws/src/lane_tracking_pkg/scripts/lane_tracking_node.py", line 99, in image_cb
    self.handle_frame(frame, msg.header)
  File "/home/hyeongseon/catkin_ws/src/lane_tracking_pkg/scripts/lane_tracking_node.py", line 111, in handle_frame
    lane_center, roi_overlay = detect_lane_center(edges, roi_color, self.debug)
  File "/home/hyeongseon/catkin_ws/src/lane_tracking_pkg/vision/detector.py", line 63, in detect_lane_center
    left_line = _fit_lane(np.vstack(left_points)) if left_points else None
TypeError: _fit_lane() missing 2 required positional arguments: 'y_bottom' and 'y_top'

1758341702.541224002 ERROR /lane_tracking_node [topics.py:753(_SubscriberImpl._invoke_callback)] [topics: /rosout, /lane_overlay, /camera/image_raw, /lane/center_offset, /lane/steering_angle] bad callback: <bound method LaneTrackingNode.image_cb of <__main__.LaneTrackingNode object at 0x7f55bef5a1c0>>
Traceback (most recent call last):
  File "/opt/ros/noetic/lib/python3/dist-packages/rospy/topics.py", line 750, in _invoke_callback
    cb(msg)
  File "/home/hyeongseon/catkin_ws/src/lane_tracking_pkg/scripts/lane_tracking_node.py", line 99, in image_cb
    self.handle_frame(frame, msg.header)
  File "/home/hyeongseon/catkin_ws/src/lane_tracking_pkg/scripts/lane_tracking_node.py", line 111, in handle_frame
    lane_center, roi_overlay = detect_lane_center(edges, roi_color, self.debug)
  File "/home/hyeongseon/catkin_ws/src/lane_tracking_pkg/vision/detector.py", line 63, in detect_lane_center
    left_line = _fit_lane(np.vstack(left_points)) if left_points else None
TypeError: _fit_lane() missing 2 required positional arguments: 'y_bottom' and 'y_top'

1758341702.570129156 ERROR /lane_tracking_node [topics.py:753(_SubscriberImpl._invoke_callback)] [topics: /rosout, /lane_overlay, /camera/image_raw, /lane/center_offset, /lane/steering_angle] bad callback: <bound method LaneTrackingNode.image_cb of <__main__.LaneTrackingNode object at 0x7f55bef5a1c0>>
Traceback (most recent call last):
  File "/opt/ros/noetic/lib/python3/dist-packages/rospy/topics.py", line 750, in _invoke_callback
    cb(msg)
  File "/home/hyeongseon/catkin_ws/src/lane_tracking_pkg/scripts/lane_tracking_node.py", line 99, in image_cb
    self.handle_frame(frame, msg.header)
  File "/home/hyeongseon/catkin_ws/src/lane_tracking_pkg/scripts/lane_tracking_node.py", line 111, in handle_frame
    lane_center, roi_overlay = detect_lane_center(edges, roi_color, self.debug)
  File "/home/hyeongseon/catkin_ws/src/lane_tracking_pkg/vision/detector.py", line 63, in detect_lane_center
    left_line = _fit_lane(np.vstack(left_points)) if left_points else None
TypeError: _fit_lane() missing 2 required positional arguments: 'y_bottom' and 'y_top'

1758341702.605708837 ERROR /lane_tracking_node [topics.py:753(_SubscriberImpl._invoke_callback)] [topics: /rosout, /lane_overlay, /camera/image_raw, /lane/center_offset, /lane/steering_angle] bad callback: <bound method LaneTrackingNode.image_cb of <__main__.LaneTrackingNode object at 0x7f55bef5a1c0>>
Traceback (most recent call last):
  File "/opt/ros/noetic/lib/python3/dist-packages/rospy/topics.py", line 750, in _invoke_callback
    cb(msg)
  File "/home/hyeongseon/catkin_ws/src/lane_tracking_pkg/scripts/lane_tracking_node.py", line 99, in image_cb
    self.handle_frame(frame, msg.header)
  File "/home/hyeongseon/catkin_ws/src/lane_tracking_pkg/scripts/lane_tracking_node.py", line 111, in handle_frame
    lane_center, roi_overlay = detect_lane_center(edges, roi_color, self.debug)
  File "/home/hyeongseon/catkin_ws/src/lane_tracking_pkg/vision/detector.py", line 63, in detect_lane_center
    left_line = _fit_lane(np.vstack(left_points)) if left_points else None
TypeError: _fit_lane() missing 2 required positional arguments: 'y_bottom' and 'y_top'

1758341702.616923093 ERROR /lane_tracking_node [topics.py:753(_SubscriberImpl._invoke_callback)] [topics: /rosout, /lane_overlay, /camera/image_raw, /lane/center_offset, /lane/steering_angle] bad callback: <bound method LaneTrackingNode.image_cb of <__main__.LaneTrackingNode object at 0x7f55bef5a1c0>>
Traceback (most recent call last):
  File "/opt/ros/noetic/lib/python3/dist-packages/rospy/topics.py", line 750, in _invoke_callback
    cb(msg)
  File "/home/hyeongseon/catkin_ws/src/lane_tracking_pkg/scripts/lane_tracking_node.py", line 99, in image_cb
    self.handle_frame(frame, msg.header)
  File "/home/hyeongseon/catkin_ws/src/lane_tracking_pkg/scripts/lane_tracking_node.py", line 111, in handle_frame
    lane_center, roi_overlay = detect_lane_center(edges, roi_color, self.debug)
  File "/home/hyeongseon/catkin_ws/src/lane_tracking_pkg/vision/detector.py", line 63, in detect_lane_center
    left_line = _fit_lane(np.vstack(left_points)) if left_points else None
TypeError: _fit_lane() missing 2 required positional arguments: 'y_bottom' and 'y_top'

1758341702.643375158 ERROR /lane_tracking_node [topics.py:753(_SubscriberImpl._invoke_callback)] [topics: /rosout, /lane_overlay, /camera/image_raw, /lane/center_offset, /lane/steering_angle] bad callback: <bound method LaneTrackingNode.image_cb of <__main__.LaneTrackingNode object at 0x7f55bef5a1c0>>
Traceback (most recent call last):
  File "/opt/ros/noetic/lib/python3/dist-packages/rospy/topics.py", line 750, in _invoke_callback
    cb(msg)
  File "/home/hyeongseon/catkin_ws/src/lane_tracking_pkg/scripts/lane_tracking_node.py", line 99, in image_cb
    self.handle_frame(frame, msg.header)
  File "/home/hyeongseon/catkin_ws/src/lane_tracking_pkg/scripts/lane_tracking_node.py", line 111, in handle_frame
    lane_center, roi_overlay = detect_lane_center(edges, roi_color, self.debug)
  File "/home/hyeongseon/catkin_ws/src/lane_tracking_pkg/vision/detector.py", line 63, in detect_lane_center
    left_line = _fit_lane(np.vstack(left_points)) if left_points else None
TypeError: _fit_lane() missing 2 required positional arguments: 'y_bottom' and 'y_top'

1758341702.674198627 ERROR /lane_tracking_node [topics.py:753(_SubscriberImpl._invoke_callback)] [topics: /rosout, /lane_overlay, /camera/image_raw, /lane/center_offset, /lane/steering_angle] bad callback: <bound method LaneTrackingNode.image_cb of <__main__.LaneTrackingNode object at 0x7f55bef5a1c0>>
Traceback (most recent call last):
  File "/opt/ros/noetic/lib/python3/dist-packages/rospy/topics.py", line 750, in _invoke_callback
    cb(msg)
  File "/home/hyeongseon/catkin_ws/src/lane_tracking_pkg/scripts/lane_tracking_node.py", line 99, in image_cb
    self.handle_frame(frame, msg.header)
  File "/home/hyeongseon/catkin_ws/src/lane_tracking_pkg/scripts/lane_tracking_node.py", line 111, in handle_frame
    lane_center, roi_overlay = detect_lane_center(edges, roi_color, self.debug)
  File "/home/hyeongseon/catkin_ws/src/lane_tracking_pkg/vision/detector.py", line 63, in detect_lane_center
    left_line = _fit_lane(np.vstack(left_points)) if left_points else None
TypeError: _fit_lane() missing 2 required positional arguments: 'y_bottom' and 'y_top'

1758341702.700237751 ERROR /lane_tracking_node [topics.py:753(_SubscriberImpl._invoke_callback)] [topics: /rosout, /lane_overlay, /camera/image_raw, /lane/center_offset, /lane/steering_angle] bad callback: <bound method LaneTrackingNode.image_cb of <__main__.LaneTrackingNode object at 0x7f55bef5a1c0>>
Traceback (most recent call last):
  File "/opt/ros/noetic/lib/python3/dist-packages/rospy/topics.py", line 750, in _invoke_callback
    cb(msg)
  File "/home/hyeongseon/catkin_ws/src/lane_tracking_pkg/scripts/lane_tracking_node.py", line 99, in image_cb
    self.handle_frame(frame, msg.header)
  File "/home/hyeongseon/catkin_ws/src/lane_tracking_pkg/scripts/lane_tracking_node.py", line 111, in handle_frame
    lane_center, roi_overlay = detect_lane_center(edges, roi_color, self.debug)
  File "/home/hyeongseon/catkin_ws/src/lane_tracking_pkg/vision/detector.py", line 63, in detect_lane_center
    left_line = _fit_lane(np.vstack(left_points)) if left_points else None
TypeError: _fit_lane() missing 2 required positional arguments: 'y_bottom' and 'y_top'

1758341702.731719255 ERROR /lane_tracking_node [topics.py:753(_SubscriberImpl._invoke_callback)] [topics: /rosout, /lane_overlay, /camera/image_raw, /lane/center_offset, /lane/steering_angle] bad callback: <bound method LaneTrackingNode.image_cb of <__main__.LaneTrackingNode object at 0x7f55bef5a1c0>>
Traceback (most recent call last):
  File "/opt/ros/noetic/lib/python3/dist-packages/rospy/topics.py", line 750, in _invoke_callback
    cb(msg)
  File "/home/hyeongseon/catkin_ws/src/lane_tracking_pkg/scripts/lane_tracking_node.py", line 99, in image_cb
    self.handle_frame(frame, msg.header)
  File "/home/hyeongseon/catkin_ws/src/lane_tracking_pkg/scripts/lane_tracking_node.py", line 111, in handle_frame
    lane_center, roi_overlay = detect_lane_center(edges, roi_color, self.debug)
  File "/home/hyeongseon/catkin_ws/src/lane_tracking_pkg/vision/detector.py", line 63, in detect_lane_center
    left_line = _fit_lane(np.vstack(left_points)) if left_points else None
TypeError: _fit_lane() missing 2 required positional arguments: 'y_bottom' and 'y_top'

1758341702.751065015 ERROR /lane_tracking_node [topics.py:753(_SubscriberImpl._invoke_callback)] [topics: /rosout, /lane_overlay, /camera/image_raw, /lane/center_offset, /lane/steering_angle] bad callback: <bound method LaneTrackingNode.image_cb of <__main__.LaneTrackingNode object at 0x7f55bef5a1c0>>
Traceback (most recent call last):
  File "/opt/ros/noetic/lib/python3/dist-packages/rospy/topics.py", line 750, in _invoke_callback
    cb(msg)
  File "/home/hyeongseon/catkin_ws/src/lane_tracking_pkg/scripts/lane_tracking_node.py", line 99, in image_cb
    self.handle_frame(frame, msg.header)
  File "/home/hyeongseon/catkin_ws/src/lane_tracking_pkg/scripts/lane_tracking_node.py", line 111, in handle_frame
    lane_center, roi_overlay = detect_lane_center(edges, roi_color, self.debug)
  File "/home/hyeongseon/catkin_ws/src/lane_tracking_pkg/vision/detector.py", line 63, in detect_lane_center
    left_line = _fit_lane(np.vstack(left_points)) if left_points else None
TypeError: _fit_lane() missing 2 required positional arguments: 'y_bottom' and 'y_top'

1758341702.773439645 ERROR /lane_tracking_node [topics.py:753(_SubscriberImpl._invoke_callback)] [topics: /rosout, /lane_overlay, /camera/image_raw, /lane/center_offset, /lane/steering_angle] bad callback: <bound method LaneTrackingNode.image_cb of <__main__.LaneTrackingNode object at 0x7f55bef5a1c0>>
Traceback (most recent call last):
  File "/opt/ros/noetic/lib/python3/dist-packages/rospy/topics.py", line 750, in _invoke_callback
    cb(msg)
  File "/home/hyeongseon/catkin_ws/src/lane_tracking_pkg/scripts/lane_tracking_node.py", line 99, in image_cb
    self.handle_frame(frame, msg.header)
  File "/home/hyeongseon/catkin_ws/src/lane_tracking_pkg/scripts/lane_tracking_node.py", line 111, in handle_frame
    lane_center, roi_overlay = detect_lane_center(edges, roi_color, self.debug)
  File "/home/hyeongseon/catkin_ws/src/lane_tracking_pkg/vision/detector.py", line 63, in detect_lane_center
    left_line = _fit_lane(np.vstack(left_points)) if left_points else None
TypeError: _fit_lane() missing 2 required positional arguments: 'y_bottom' and 'y_top'

1758341702.811287641 ERROR /lane_tracking_node [topics.py:753(_SubscriberImpl._invoke_callback)] [topics: /rosout, /lane_overlay, /camera/image_raw, /lane/center_offset, /lane/steering_angle] bad callback: <bound method LaneTrackingNode.image_cb of <__main__.LaneTrackingNode object at 0x7f55bef5a1c0>>
Traceback (most recent call last):
  File "/opt/ros/noetic/lib/python3/dist-packages/rospy/topics.py", line 750, in _invoke_callback
    cb(msg)
  File "/home/hyeongseon/catkin_ws/src/lane_tracking_pkg/scripts/lane_tracking_node.py", line 99, in image_cb
    self.handle_frame(frame, msg.header)
  File "/home/hyeongseon/catkin_ws/src/lane_tracking_pkg/scripts/lane_tracking_node.py", line 111, in handle_frame
    lane_center, roi_overlay = detect_lane_center(edges, roi_color, self.debug)
  File "/home/hyeongseon/catkin_ws/src/lane_tracking_pkg/vision/detector.py", line 63, in detect_lane_center
    left_line = _fit_lane(np.vstack(left_points)) if left_points else None
TypeError: _fit_lane() missing 2 required positional arguments: 'y_bottom' and 'y_top'

1758341702.857463598 ERROR /lane_tracking_node [topics.py:753(_SubscriberImpl._invoke_callback)] [topics: /rosout, /lane_overlay, /camera/image_raw, /lane/center_offset, /lane/steering_angle] bad callback: <bound method LaneTrackingNode.image_cb of <__main__.LaneTrackingNode object at 0x7f55bef5a1c0>>
Traceback (most recent call last):
  File "/opt/ros/noetic/lib/python3/dist-packages/rospy/topics.py", line 750, in _invoke_callback
    cb(msg)
  File "/home/hyeongseon/catkin_ws/src/lane_tracking_pkg/scripts/lane_tracking_node.py", line 99, in image_cb
    self.handle_frame(frame, msg.header)
  File "/home/hyeongseon/catkin_ws/src/lane_tracking_pkg/scripts/lane_tracking_node.py", line 111, in handle_frame
    lane_center, roi_overlay = detect_lane_center(edges, roi_color, self.debug)
  File "/home/hyeongseon/catkin_ws/src/lane_tracking_pkg/vision/detector.py", line 63, in detect_lane_center
    left_line = _fit_lane(np.vstack(left_points)) if left_points else None
TypeError: _fit_lane() missing 2 required positional arguments: 'y_bottom' and 'y_top'

1758341702.892787456 ERROR /lane_tracking_node [topics.py:753(_SubscriberImpl._invoke_callback)] [topics: /rosout, /lane_overlay, /camera/image_raw, /lane/center_offset, /lane/steering_angle] bad callback: <bound method LaneTrackingNode.image_cb of <__main__.LaneTrackingNode object at 0x7f55bef5a1c0>>
Traceback (most recent call last):
  File "/opt/ros/noetic/lib/python3/dist-packages/rospy/topics.py", line 750, in _invoke_callback
    cb(msg)
  File "/home/hyeongseon/catkin_ws/src/lane_tracking_pkg/scripts/lane_tracking_node.py", line 99, in image_cb
    self.handle_frame(frame, msg.header)
  File "/home/hyeongseon/catkin_ws/src/lane_tracking_pkg/scripts/lane_tracking_node.py", line 111, in handle_frame
    lane_center, roi_overlay = detect_lane_center(edges, roi_color, self.debug)
  File "/home/hyeongseon/catkin_ws/src/lane_tracking_pkg/vision/detector.py", line 63, in detect_lane_center
    left_line = _fit_lane(np.vstack(left_points)) if left_points else None
TypeError: _fit_lane() missing 2 required positional arguments: 'y_bottom' and 'y_top'

1758341702.908302307 ERROR /lane_tracking_node [topics.py:753(_SubscriberImpl._invoke_callback)] [topics: /rosout, /lane_overlay, /camera/image_raw, /lane/center_offset, /lane/steering_angle] bad callback: <bound method LaneTrackingNode.image_cb of <__main__.LaneTrackingNode object at 0x7f55bef5a1c0>>
Traceback (most recent call last):
  File "/opt/ros/noetic/lib/python3/dist-packages/rospy/topics.py", line 750, in _invoke_callback
    cb(msg)
  File "/home/hyeongseon/catkin_ws/src/lane_tracking_pkg/scripts/lane_tracking_node.py", line 99, in image_cb
    self.handle_frame(frame, msg.header)
  File "/home/hyeongseon/catkin_ws/src/lane_tracking_pkg/scripts/lane_tracking_node.py", line 111, in handle_frame
    lane_center, roi_overlay = detect_lane_center(edges, roi_color, self.debug)
  File "/home/hyeongseon/catkin_ws/src/lane_tracking_pkg/vision/detector.py", line 63, in detect_lane_center
    left_line = _fit_lane(np.vstack(left_points)) if left_points else None
TypeError: _fit_lane() missing 2 required positional arguments: 'y_bottom' and 'y_top'

1758341702.963020801 ERROR /lane_tracking_node [topics.py:753(_SubscriberImpl._invoke_callback)] [topics: /rosout, /lane_overlay, /camera/image_raw, /lane/center_offset, /lane/steering_angle] bad callback: <bound method LaneTrackingNode.image_cb of <__main__.LaneTrackingNode object at 0x7f55bef5a1c0>>
Traceback (most recent call last):
  File "/opt/ros/noetic/lib/python3/dist-packages/rospy/topics.py", line 750, in _invoke_callback
    cb(msg)
  File "/home/hyeongseon/catkin_ws/src/lane_tracking_pkg/scripts/lane_tracking_node.py", line 99, in image_cb
    self.handle_frame(frame, msg.header)
  File "/home/hyeongseon/catkin_ws/src/lane_tracking_pkg/scripts/lane_tracking_node.py", line 111, in handle_frame
    lane_center, roi_overlay = detect_lane_center(edges, roi_color, self.debug)
  File "/home/hyeongseon/catkin_ws/src/lane_tracking_pkg/vision/detector.py", line 63, in detect_lane_center
    left_line = _fit_lane(np.vstack(left_points)) if left_points else None
TypeError: _fit_lane() missing 2 required positional arguments: 'y_bottom' and 'y_top'

1758341703.014305114 ERROR /lane_tracking_node [topics.py:753(_SubscriberImpl._invoke_callback)] [topics: /rosout, /lane_overlay, /camera/image_raw, /lane/center_offset, /lane/steering_angle] bad callback: <bound method LaneTrackingNode.image_cb of <__main__.LaneTrackingNode object at 0x7f55bef5a1c0>>
Traceback (most recent call last):
  File "/opt/ros/noetic/lib/python3/dist-packages/rospy/topics.py", line 750, in _invoke_callback
    cb(msg)
  File "/home/hyeongseon/catkin_ws/src/lane_tracking_pkg/scripts/lane_tracking_node.py", line 99, in image_cb
    self.handle_frame(frame, msg.header)
  File "/home/hyeongseon/catkin_ws/src/lane_tracking_pkg/scripts/lane_tracking_node.py", line 111, in handle_frame
    lane_center, roi_overlay = detect_lane_center(edges, roi_color, self.debug)
  File "/home/hyeongseon/catkin_ws/src/lane_tracking_pkg/vision/detector.py", line 63, in detect_lane_center
    left_line = _fit_lane(np.vstack(left_points)) if left_points else None
TypeError: _fit_lane() missing 2 required positional arguments: 'y_bottom' and 'y_top'

1758341703.028608083 ERROR /lane_tracking_node [topics.py:753(_SubscriberImpl._invoke_callback)] [topics: /rosout, /lane_overlay, /camera/image_raw, /lane/center_offset, /lane/steering_angle] bad callback: <bound method LaneTrackingNode.image_cb of <__main__.LaneTrackingNode object at 0x7f55bef5a1c0>>
Traceback (most recent call last):
  File "/opt/ros/noetic/lib/python3/dist-packages/rospy/topics.py", line 750, in _invoke_callback
    cb(msg)
  File "/home/hyeongseon/catkin_ws/src/lane_tracking_pkg/scripts/lane_tracking_node.py", line 99, in image_cb
    self.handle_frame(frame, msg.header)
  File "/home/hyeongseon/catkin_ws/src/lane_tracking_pkg/scripts/lane_tracking_node.py", line 111, in handle_frame
    lane_center, roi_overlay = detect_lane_center(edges, roi_color, self.debug)
  File "/home/hyeongseon/catkin_ws/src/lane_tracking_pkg/vision/detector.py", line 63, in detect_lane_center
    left_line = _fit_lane(np.vstack(left_points)) if left_points else None
TypeError: _fit_lane() missing 2 required positional arguments: 'y_bottom' and 'y_top'

1758341703.067615509 ERROR /lane_tracking_node [topics.py:753(_SubscriberImpl._invoke_callback)] [topics: /rosout, /lane_overlay, /camera/image_raw, /lane/center_offset, /lane/steering_angle] bad callback: <bound method LaneTrackingNode.image_cb of <__main__.LaneTrackingNode object at 0x7f55bef5a1c0>>
Traceback (most recent call last):
  File "/opt/ros/noetic/lib/python3/dist-packages/rospy/topics.py", line 750, in _invoke_callback
    cb(msg)
  File "/home/hyeongseon/catkin_ws/src/lane_tracking_pkg/scripts/lane_tracking_node.py", line 99, in image_cb
    self.handle_frame(frame, msg.header)
  File "/home/hyeongseon/catkin_ws/src/lane_tracking_pkg/scripts/lane_tracking_node.py", line 111, in handle_frame
    lane_center, roi_overlay = detect_lane_center(edges, roi_color, self.debug)
  File "/home/hyeongseon/catkin_ws/src/lane_tracking_pkg/vision/detector.py", line 63, in detect_lane_center
    left_line = _fit_lane(np.vstack(left_points)) if left_points else None
TypeError: _fit_lane() missing 2 required positional arguments: 'y_bottom' and 'y_top'

1758341703.107761383 ERROR /lane_tracking_node [topics.py:753(_SubscriberImpl._invoke_callback)] [topics: /rosout, /lane_overlay, /camera/image_raw, /lane/center_offset, /lane/steering_angle] bad callback: <bound method LaneTrackingNode.image_cb of <__main__.LaneTrackingNode object at 0x7f55bef5a1c0>>
Traceback (most recent call last):
  File "/opt/ros/noetic/lib/python3/dist-packages/rospy/topics.py", line 750, in _invoke_callback
    cb(msg)
  File "/home/hyeongseon/catkin_ws/src/lane_tracking_pkg/scripts/lane_tracking_node.py", line 99, in image_cb
    self.handle_frame(frame, msg.header)
  File "/home/hyeongseon/catkin_ws/src/lane_tracking_pkg/scripts/lane_tracking_node.py", line 111, in handle_frame
    lane_center, roi_overlay = detect_lane_center(edges, roi_color, self.debug)
  File "/home/hyeongseon/catkin_ws/src/lane_tracking_pkg/vision/detector.py", line 63, in detect_lane_center
    left_line = _fit_lane(np.vstack(left_points)) if left_points else None
TypeError: _fit_lane() missing 2 required positional arguments: 'y_bottom' and 'y_top'

1758341703.121581554 ERROR /lane_tracking_node [topics.py:753(_SubscriberImpl._invoke_callback)] [topics: /rosout, /lane_overlay, /camera/image_raw, /lane/center_offset, /lane/steering_angle] bad callback: <bound method LaneTrackingNode.image_cb of <__main__.LaneTrackingNode object at 0x7f55bef5a1c0>>
Traceback (most recent call last):
  File "/opt/ros/noetic/lib/python3/dist-packages/rospy/topics.py", line 750, in _invoke_callback
    cb(msg)
  File "/home/hyeongseon/catkin_ws/src/lane_tracking_pkg/scripts/lane_tracking_node.py", line 99, in image_cb
    self.handle_frame(frame, msg.header)
  File "/home/hyeongseon/catkin_ws/src/lane_tracking_pkg/scripts/lane_tracking_node.py", line 111, in handle_frame
    lane_center, roi_overlay = detect_lane_center(edges, roi_color, self.debug)
  File "/home/hyeongseon/catkin_ws/src/lane_tracking_pkg/vision/detector.py", line 63, in detect_lane_center
    left_line = _fit_lane(np.vstack(left_points)) if left_points else None
TypeError: _fit_lane() missing 2 required positional arguments: 'y_bottom' and 'y_top'

1758341703.155277490 ERROR /lane_tracking_node [topics.py:753(_SubscriberImpl._invoke_callback)] [topics: /rosout, /lane_overlay, /camera/image_raw, /lane/center_offset, /lane/steering_angle] bad callback: <bound method LaneTrackingNode.image_cb of <__main__.LaneTrackingNode object at 0x7f55bef5a1c0>>
Traceback (most recent call last):
  File "/opt/ros/noetic/lib/python3/dist-packages/rospy/topics.py", line 750, in _invoke_callback
    cb(msg)
  File "/home/hyeongseon/catkin_ws/src/lane_tracking_pkg/scripts/lane_tracking_node.py", line 99, in image_cb
    self.handle_frame(frame, msg.header)
  File "/home/hyeongseon/catkin_ws/src/lane_tracking_pkg/scripts/lane_tracking_node.py", line 111, in handle_frame
    lane_center, roi_overlay = detect_lane_center(edges, roi_color, self.debug)
  File "/home/hyeongseon/catkin_ws/src/lane_tracking_pkg/vision/detector.py", line 63, in detect_lane_center
    left_line = _fit_lane(np.vstack(left_points)) if left_points else None
TypeError: _fit_lane() missing 2 required positional arguments: 'y_bottom' and 'y_top'

1758341703.206650257 ERROR /lane_tracking_node [topics.py:753(_SubscriberImpl._invoke_callback)] [topics: /rosout, /lane_overlay, /camera/image_raw, /lane/center_offset, /lane/steering_angle] bad callback: <bound method LaneTrackingNode.image_cb of <__main__.LaneTrackingNode object at 0x7f55bef5a1c0>>
Traceback (most recent call last):
  File "/opt/ros/noetic/lib/python3/dist-packages/rospy/topics.py", line 750, in _invoke_callback
    cb(msg)
  File "/home/hyeongseon/catkin_ws/src/lane_tracking_pkg/scripts/lane_tracking_node.py", line 99, in image_cb
    self.handle_frame(frame, msg.header)
  File "/home/hyeongseon/catkin_ws/src/lane_tracking_pkg/scripts/lane_tracking_node.py", line 111, in handle_frame
    lane_center, roi_overlay = detect_lane_center(edges, roi_color, self.debug)
  File "/home/hyeongseon/catkin_ws/src/lane_tracking_pkg/vision/detector.py", line 63, in detect_lane_center
    left_line = _fit_lane(np.vstack(left_points)) if left_points else None
TypeError: _fit_lane() missing 2 required positional arguments: 'y_bottom' and 'y_top'

1758341703.221612691 ERROR /lane_tracking_node [topics.py:753(_SubscriberImpl._invoke_callback)] [topics: /rosout, /lane_overlay, /camera/image_raw, /lane/center_offset, /lane/steering_angle] bad callback: <bound method LaneTrackingNode.image_cb of <__main__.LaneTrackingNode object at 0x7f55bef5a1c0>>
Traceback (most recent call last):
  File "/opt/ros/noetic/lib/python3/dist-packages/rospy/topics.py", line 750, in _invoke_callback
    cb(msg)
  File "/home/hyeongseon/catkin_ws/src/lane_tracking_pkg/scripts/lane_tracking_node.py", line 99, in image_cb
    self.handle_frame(frame, msg.header)
  File "/home/hyeongseon/catkin_ws/src/lane_tracking_pkg/scripts/lane_tracking_node.py", line 111, in handle_frame
    lane_center, roi_overlay = detect_lane_center(edges, roi_color, self.debug)
  File "/home/hyeongseon/catkin_ws/src/lane_tracking_pkg/vision/detector.py", line 63, in detect_lane_center
    left_line = _fit_lane(np.vstack(left_points)) if left_points else None
TypeError: _fit_lane() missing 2 required positional arguments: 'y_bottom' and 'y_top'

1758341703.253615617 ERROR /lane_tracking_node [topics.py:753(_SubscriberImpl._invoke_callback)] [topics: /rosout, /lane_overlay, /camera/image_raw, /lane/center_offset, /lane/steering_angle] bad callback: <bound method LaneTrackingNode.image_cb of <__main__.LaneTrackingNode object at 0x7f55bef5a1c0>>
Traceback (most recent call last):
  File "/opt/ros/noetic/lib/python3/dist-packages/rospy/topics.py", line 750, in _invoke_callback
    cb(msg)
  File "/home/hyeongseon/catkin_ws/src/lane_tracking_pkg/scripts/lane_tracking_node.py", line 99, in image_cb
    self.handle_frame(frame, msg.header)
  File "/home/hyeongseon/catkin_ws/src/lane_tracking_pkg/scripts/lane_tracking_node.py", line 111, in handle_frame
    lane_center, roi_overlay = detect_lane_center(edges, roi_color, self.debug)
  File "/home/hyeongseon/catkin_ws/src/lane_tracking_pkg/vision/detector.py", line 63, in detect_lane_center
    left_line = _fit_lane(np.vstack(left_points)) if left_points else None
TypeError: _fit_lane() missing 2 required positional arguments: 'y_bottom' and 'y_top'

1758341703.309267520 ERROR /lane_tracking_node [topics.py:753(_SubscriberImpl._invoke_callback)] [topics: /rosout, /lane_overlay, /camera/image_raw, /lane/center_offset, /lane/steering_angle] bad callback: <bound method LaneTrackingNode.image_cb of <__main__.LaneTrackingNode object at 0x7f55bef5a1c0>>
Traceback (most recent call last):
  File "/opt/ros/noetic/lib/python3/dist-packages/rospy/topics.py", line 750, in _invoke_callback
    cb(msg)
  File "/home/hyeongseon/catkin_ws/src/lane_tracking_pkg/scripts/lane_tracking_node.py", line 99, in image_cb
    self.handle_frame(frame, msg.header)
  File "/home/hyeongseon/catkin_ws/src/lane_tracking_pkg/scripts/lane_tracking_node.py", line 111, in handle_frame
    lane_center, roi_overlay = detect_lane_center(edges, roi_color, self.debug)
  File "/home/hyeongseon/catkin_ws/src/lane_tracking_pkg/vision/detector.py", line 63, in detect_lane_center
    left_line = _fit_lane(np.vstack(left_points)) if left_points else None
TypeError: _fit_lane() missing 2 required positional arguments: 'y_bottom' and 'y_top'

1758341703.322862625 ERROR /lane_tracking_node [topics.py:753(_SubscriberImpl._invoke_callback)] [topics: /rosout, /lane_overlay, /camera/image_raw, /lane/center_offset, /lane/steering_angle] bad callback: <bound method LaneTrackingNode.image_cb of <__main__.LaneTrackingNode object at 0x7f55bef5a1c0>>
Traceback (most recent call last):
  File "/opt/ros/noetic/lib/python3/dist-packages/rospy/topics.py", line 750, in _invoke_callback
    cb(msg)
  File "/home/hyeongseon/catkin_ws/src/lane_tracking_pkg/scripts/lane_tracking_node.py", line 99, in image_cb
    self.handle_frame(frame, msg.header)
  File "/home/hyeongseon/catkin_ws/src/lane_tracking_pkg/scripts/lane_tracking_node.py", line 111, in handle_frame
    lane_center, roi_overlay = detect_lane_center(edges, roi_color, self.debug)
  File "/home/hyeongseon/catkin_ws/src/lane_tracking_pkg/vision/detector.py", line 63, in detect_lane_center
    left_line = _fit_lane(np.vstack(left_points)) if left_points else None
TypeError: _fit_lane() missing 2 required positional arguments: 'y_bottom' and 'y_top'

1758341703.348831892 ERROR /lane_tracking_node [topics.py:753(_SubscriberImpl._invoke_callback)] [topics: /rosout, /lane_overlay, /camera/image_raw, /lane/center_offset, /lane/steering_angle] bad callback: <bound method LaneTrackingNode.image_cb of <__main__.LaneTrackingNode object at 0x7f55bef5a1c0>>
Traceback (most recent call last):
  File "/opt/ros/noetic/lib/python3/dist-packages/rospy/topics.py", line 750, in _invoke_callback
    cb(msg)
  File "/home/hyeongseon/catkin_ws/src/lane_tracking_pkg/scripts/lane_tracking_node.py", line 99, in image_cb
    self.handle_frame(frame, msg.header)
  File "/home/hyeongseon/catkin_ws/src/lane_tracking_pkg/scripts/lane_tracking_node.py", line 111, in handle_frame
    lane_center, roi_overlay = detect_lane_center(edges, roi_color, self.debug)
  File "/home/hyeongseon/catkin_ws/src/lane_tracking_pkg/vision/detector.py", line 63, in detect_lane_center
    left_line = _fit_lane(np.vstack(left_points)) if left_points else None
TypeError: _fit_lane() missing 2 required positional arguments: 'y_bottom' and 'y_top'

1758341703.386035442 ERROR /lane_tracking_node [topics.py:753(_SubscriberImpl._invoke_callback)] [topics: /rosout, /lane_overlay, /camera/image_raw, /lane/center_offset, /lane/steering_angle] bad callback: <bound method LaneTrackingNode.image_cb of <__main__.LaneTrackingNode object at 0x7f55bef5a1c0>>
Traceback (most recent call last):
  File "/opt/ros/noetic/lib/python3/dist-packages/rospy/topics.py", line 750, in _invoke_callback
    cb(msg)
  File "/home/hyeongseon/catkin_ws/src/lane_tracking_pkg/scripts/lane_tracking_node.py", line 99, in image_cb
    self.handle_frame(frame, msg.header)
  File "/home/hyeongseon/catkin_ws/src/lane_tracking_pkg/scripts/lane_tracking_node.py", line 111, in handle_frame
    lane_center, roi_overlay = detect_lane_center(edges, roi_color, self.debug)
  File "/home/hyeongseon/catkin_ws/src/lane_tracking_pkg/vision/detector.py", line 63, in detect_lane_center
    left_line = _fit_lane(np.vstack(left_points)) if left_points else None
TypeError: _fit_lane() missing 2 required positional arguments: 'y_bottom' and 'y_top'

1758341703.418703079 ERROR /lane_tracking_node [topics.py:753(_SubscriberImpl._invoke_callback)] [topics: /rosout, /lane_overlay, /camera/image_raw, /lane/center_offset, /lane/steering_angle] bad callback: <bound method LaneTrackingNode.image_cb of <__main__.LaneTrackingNode object at 0x7f55bef5a1c0>>
Traceback (most recent call last):
  File "/opt/ros/noetic/lib/python3/dist-packages/rospy/topics.py", line 750, in _invoke_callback
    cb(msg)
  File "/home/hyeongseon/catkin_ws/src/lane_tracking_pkg/scripts/lane_tracking_node.py", line 99, in image_cb
    self.handle_frame(frame, msg.header)
  File "/home/hyeongseon/catkin_ws/src/lane_tracking_pkg/scripts/lane_tracking_node.py", line 111, in handle_frame
    lane_center, roi_overlay = detect_lane_center(edges, roi_color, self.debug)
  File "/home/hyeongseon/catkin_ws/src/lane_tracking_pkg/vision/detector.py", line 63, in detect_lane_center
    left_line = _fit_lane(np.vstack(left_points)) if left_points else None
TypeError: _fit_lane() missing 2 required positional arguments: 'y_bottom' and 'y_top'

1758341703.444132566 ERROR /lane_tracking_node [topics.py:753(_SubscriberImpl._invoke_callback)] [topics: /rosout, /lane_overlay, /camera/image_raw, /lane/center_offset, /lane/steering_angle] bad callback: <bound method LaneTrackingNode.image_cb of <__main__.LaneTrackingNode object at 0x7f55bef5a1c0>>
Traceback (most recent call last):
  File "/opt/ros/noetic/lib/python3/dist-packages/rospy/topics.py", line 750, in _invoke_callback
    cb(msg)
  File "/home/hyeongseon/catkin_ws/src/lane_tracking_pkg/scripts/lane_tracking_node.py", line 99, in image_cb
    self.handle_frame(frame, msg.header)
  File "/home/hyeongseon/catkin_ws/src/lane_tracking_pkg/scripts/lane_tracking_node.py", line 111, in handle_frame
    lane_center, roi_overlay = detect_lane_center(edges, roi_color, self.debug)
  File "/home/hyeongseon/catkin_ws/src/lane_tracking_pkg/vision/detector.py", line 63, in detect_lane_center
    left_line = _fit_lane(np.vstack(left_points)) if left_points else None
TypeError: _fit_lane() missing 2 required positional arguments: 'y_bottom' and 'y_top'

1758341703.481966018 ERROR /lane_tracking_node [topics.py:753(_SubscriberImpl._invoke_callback)] [topics: /rosout, /lane_overlay, /camera/image_raw, /lane/center_offset, /lane/steering_angle] bad callback: <bound method LaneTrackingNode.image_cb of <__main__.LaneTrackingNode object at 0x7f55bef5a1c0>>
Traceback (most recent call last):
  File "/opt/ros/noetic/lib/python3/dist-packages/rospy/topics.py", line 750, in _invoke_callback
    cb(msg)
  File "/home/hyeongseon/catkin_ws/src/lane_tracking_pkg/scripts/lane_tracking_node.py", line 99, in image_cb
    self.handle_frame(frame, msg.header)
  File "/home/hyeongseon/catkin_ws/src/lane_tracking_pkg/scripts/lane_tracking_node.py", line 111, in handle_frame
    lane_center, roi_overlay = detect_lane_center(edges, roi_color, self.debug)
  File "/home/hyeongseon/catkin_ws/src/lane_tracking_pkg/vision/detector.py", line 63, in detect_lane_center
    left_line = _fit_lane(np.vstack(left_points)) if left_points else None
TypeError: _fit_lane() missing 2 required positional arguments: 'y_bottom' and 'y_top'

1758341703.508734703 ERROR /lane_tracking_node [topics.py:753(_SubscriberImpl._invoke_callback)] [topics: /rosout, /lane_overlay, /camera/image_raw, /lane/center_offset, /lane/steering_angle] bad callback: <bound method LaneTrackingNode.image_cb of <__main__.LaneTrackingNode object at 0x7f55bef5a1c0>>
Traceback (most recent call last):
  File "/opt/ros/noetic/lib/python3/dist-packages/rospy/topics.py", line 750, in _invoke_callback
    cb(msg)
  File "/home/hyeongseon/catkin_ws/src/lane_tracking_pkg/scripts/lane_tracking_node.py", line 99, in image_cb
    self.handle_frame(frame, msg.header)
  File "/home/hyeongseon/catkin_ws/src/lane_tracking_pkg/scripts/lane_tracking_node.py", line 111, in handle_frame
    lane_center, roi_overlay = detect_lane_center(edges, roi_color, self.debug)
  File "/home/hyeongseon/catkin_ws/src/lane_tracking_pkg/vision/detector.py", line 63, in detect_lane_center
    left_line = _fit_lane(np.vstack(left_points)) if left_points else None
TypeError: _fit_lane() missing 2 required positional arguments: 'y_bottom' and 'y_top'

1758341703.545734405 ERROR /lane_tracking_node [topics.py:753(_SubscriberImpl._invoke_callback)] [topics: /rosout, /lane_overlay, /camera/image_raw, /lane/center_offset, /lane/steering_angle] bad callback: <bound method LaneTrackingNode.image_cb of <__main__.LaneTrackingNode object at 0x7f55bef5a1c0>>
Traceback (most recent call last):
  File "/opt/ros/noetic/lib/python3/dist-packages/rospy/topics.py", line 750, in _invoke_callback
    cb(msg)
  File "/home/hyeongseon/catkin_ws/src/lane_tracking_pkg/scripts/lane_tracking_node.py", line 99, in image_cb
    self.handle_frame(frame, msg.header)
  File "/home/hyeongseon/catkin_ws/src/lane_tracking_pkg/scripts/lane_tracking_node.py", line 111, in handle_frame
    lane_center, roi_overlay = detect_lane_center(edges, roi_color, self.debug)
  File "/home/hyeongseon/catkin_ws/src/lane_tracking_pkg/vision/detector.py", line 63, in detect_lane_center
    left_line = _fit_lane(np.vstack(left_points)) if left_points else None
TypeError: _fit_lane() missing 2 required positional arguments: 'y_bottom' and 'y_top'

1758341703.573878526 ERROR /lane_tracking_node [topics.py:753(_SubscriberImpl._invoke_callback)] [topics: /rosout, /lane_overlay, /camera/image_raw, /lane/center_offset, /lane/steering_angle] bad callback: <bound method LaneTrackingNode.image_cb of <__main__.LaneTrackingNode object at 0x7f55bef5a1c0>>
Traceback (most recent call last):
  File "/opt/ros/noetic/lib/python3/dist-packages/rospy/topics.py", line 750, in _invoke_callback
    cb(msg)
  File "/home/hyeongseon/catkin_ws/src/lane_tracking_pkg/scripts/lane_tracking_node.py", line 99, in image_cb
    self.handle_frame(frame, msg.header)
  File "/home/hyeongseon/catkin_ws/src/lane_tracking_pkg/scripts/lane_tracking_node.py", line 111, in handle_frame
    lane_center, roi_overlay = detect_lane_center(edges, roi_color, self.debug)
  File "/home/hyeongseon/catkin_ws/src/lane_tracking_pkg/vision/detector.py", line 63, in detect_lane_center
    left_line = _fit_lane(np.vstack(left_points)) if left_points else None
TypeError: _fit_lane() missing 2 required positional arguments: 'y_bottom' and 'y_top'

1758341703.607696056 ERROR /lane_tracking_node [topics.py:753(_SubscriberImpl._invoke_callback)] [topics: /rosout, /lane_overlay, /camera/image_raw, /lane/center_offset, /lane/steering_angle] bad callback: <bound method LaneTrackingNode.image_cb of <__main__.LaneTrackingNode object at 0x7f55bef5a1c0>>
Traceback (most recent call last):
  File "/opt/ros/noetic/lib/python3/dist-packages/rospy/topics.py", line 750, in _invoke_callback
    cb(msg)
  File "/home/hyeongseon/catkin_ws/src/lane_tracking_pkg/scripts/lane_tracking_node.py", line 99, in image_cb
    self.handle_frame(frame, msg.header)
  File "/home/hyeongseon/catkin_ws/src/lane_tracking_pkg/scripts/lane_tracking_node.py", line 111, in handle_frame
    lane_center, roi_overlay = detect_lane_center(edges, roi_color, self.debug)
  File "/home/hyeongseon/catkin_ws/src/lane_tracking_pkg/vision/detector.py", line 63, in detect_lane_center
    left_line = _fit_lane(np.vstack(left_points)) if left_points else None
TypeError: _fit_lane() missing 2 required positional arguments: 'y_bottom' and 'y_top'

1758341703.628641605 ERROR /lane_tracking_node [topics.py:753(_SubscriberImpl._invoke_callback)] [topics: /rosout, /lane_overlay, /camera/image_raw, /lane/center_offset, /lane/steering_angle] bad callback: <bound method LaneTrackingNode.image_cb of <__main__.LaneTrackingNode object at 0x7f55bef5a1c0>>
Traceback (most recent call last):
  File "/opt/ros/noetic/lib/python3/dist-packages/rospy/topics.py", line 750, in _invoke_callback
    cb(msg)
  File "/home/hyeongseon/catkin_ws/src/lane_tracking_pkg/scripts/lane_tracking_node.py", line 99, in image_cb
    self.handle_frame(frame, msg.header)
  File "/home/hyeongseon/catkin_ws/src/lane_tracking_pkg/scripts/lane_tracking_node.py", line 111, in handle_frame
    lane_center, roi_overlay = detect_lane_center(edges, roi_color, self.debug)
  File "/home/hyeongseon/catkin_ws/src/lane_tracking_pkg/vision/detector.py", line 63, in detect_lane_center
    left_line = _fit_lane(np.vstack(left_points)) if left_points else None
TypeError: _fit_lane() missing 2 required positional arguments: 'y_bottom' and 'y_top'

1758341703.679494857 ERROR /lane_tracking_node [topics.py:753(_SubscriberImpl._invoke_callback)] [topics: /rosout, /lane_overlay, /camera/image_raw, /lane/center_offset, /lane/steering_angle] bad callback: <bound method LaneTrackingNode.image_cb of <__main__.LaneTrackingNode object at 0x7f55bef5a1c0>>
Traceback (most recent call last):
  File "/opt/ros/noetic/lib/python3/dist-packages/rospy/topics.py", line 750, in _invoke_callback
    cb(msg)
  File "/home/hyeongseon/catkin_ws/src/lane_tracking_pkg/scripts/lane_tracking_node.py", line 99, in image_cb
    self.handle_frame(frame, msg.header)
  File "/home/hyeongseon/catkin_ws/src/lane_tracking_pkg/scripts/lane_tracking_node.py", line 111, in handle_frame
    lane_center, roi_overlay = detect_lane_center(edges, roi_color, self.debug)
  File "/home/hyeongseon/catkin_ws/src/lane_tracking_pkg/vision/detector.py", line 63, in detect_lane_center
    left_line = _fit_lane(np.vstack(left_points)) if left_points else None
TypeError: _fit_lane() missing 2 required positional arguments: 'y_bottom' and 'y_top'

1758341703.709742784 ERROR /lane_tracking_node [topics.py:753(_SubscriberImpl._invoke_callback)] [topics: /rosout, /lane_overlay, /camera/image_raw, /lane/center_offset, /lane/steering_angle] bad callback: <bound method LaneTrackingNode.image_cb of <__main__.LaneTrackingNode object at 0x7f55bef5a1c0>>
Traceback (most recent call last):
  File "/opt/ros/noetic/lib/python3/dist-packages/rospy/topics.py", line 750, in _invoke_callback
    cb(msg)
  File "/home/hyeongseon/catkin_ws/src/lane_tracking_pkg/scripts/lane_tracking_node.py", line 99, in image_cb
    self.handle_frame(frame, msg.header)
  File "/home/hyeongseon/catkin_ws/src/lane_tracking_pkg/scripts/lane_tracking_node.py", line 111, in handle_frame
    lane_center, roi_overlay = detect_lane_center(edges, roi_color, self.debug)
  File "/home/hyeongseon/catkin_ws/src/lane_tracking_pkg/vision/detector.py", line 63, in detect_lane_center
    left_line = _fit_lane(np.vstack(left_points)) if left_points else None
TypeError: _fit_lane() missing 2 required positional arguments: 'y_bottom' and 'y_top'

1758341703.755654335 ERROR /lane_tracking_node [topics.py:753(_SubscriberImpl._invoke_callback)] [topics: /rosout, /lane_overlay, /camera/image_raw, /lane/center_offset, /lane/steering_angle] bad callback: <bound method LaneTrackingNode.image_cb of <__main__.LaneTrackingNode object at 0x7f55bef5a1c0>>
Traceback (most recent call last):
  File "/opt/ros/noetic/lib/python3/dist-packages/rospy/topics.py", line 750, in _invoke_callback
    cb(msg)
  File "/home/hyeongseon/catkin_ws/src/lane_tracking_pkg/scripts/lane_tracking_node.py", line 99, in image_cb
    self.handle_frame(frame, msg.header)
  File "/home/hyeongseon/catkin_ws/src/lane_tracking_pkg/scripts/lane_tracking_node.py", line 111, in handle_frame
    lane_center, roi_overlay = detect_lane_center(edges, roi_color, self.debug)
  File "/home/hyeongseon/catkin_ws/src/lane_tracking_pkg/vision/detector.py", line 63, in detect_lane_center
    left_line = _fit_lane(np.vstack(left_points)) if left_points else None
TypeError: _fit_lane() missing 2 required positional arguments: 'y_bottom' and 'y_top'

1758341703.779995679 ERROR /lane_tracking_node [topics.py:753(_SubscriberImpl._invoke_callback)] [topics: /rosout, /lane_overlay, /camera/image_raw, /lane/center_offset, /lane/steering_angle] bad callback: <bound method LaneTrackingNode.image_cb of <__main__.LaneTrackingNode object at 0x7f55bef5a1c0>>
Traceback (most recent call last):
  File "/opt/ros/noetic/lib/python3/dist-packages/rospy/topics.py", line 750, in _invoke_callback
    cb(msg)
  File "/home/hyeongseon/catkin_ws/src/lane_tracking_pkg/scripts/lane_tracking_node.py", line 99, in image_cb
    self.handle_frame(frame, msg.header)
  File "/home/hyeongseon/catkin_ws/src/lane_tracking_pkg/scripts/lane_tracking_node.py", line 111, in handle_frame
    lane_center, roi_overlay = detect_lane_center(edges, roi_color, self.debug)
  File "/home/hyeongseon/catkin_ws/src/lane_tracking_pkg/vision/detector.py", line 63, in detect_lane_center
    left_line = _fit_lane(np.vstack(left_points)) if left_points else None
TypeError: _fit_lane() missing 2 required positional arguments: 'y_bottom' and 'y_top'

1758341703.792660713 ERROR /lane_tracking_node [topics.py:753(_SubscriberImpl._invoke_callback)] [topics: /rosout, /lane_overlay, /camera/image_raw, /lane/center_offset, /lane/steering_angle] bad callback: <bound method LaneTrackingNode.image_cb of <__main__.LaneTrackingNode object at 0x7f55bef5a1c0>>
Traceback (most recent call last):
  File "/opt/ros/noetic/lib/python3/dist-packages/rospy/topics.py", line 750, in _invoke_callback
    cb(msg)
  File "/home/hyeongseon/catkin_ws/src/lane_tracking_pkg/scripts/lane_tracking_node.py", line 99, in image_cb
    self.handle_frame(frame, msg.header)
  File "/home/hyeongseon/catkin_ws/src/lane_tracking_pkg/scripts/lane_tracking_node.py", line 111, in handle_frame
    lane_center, roi_overlay = detect_lane_center(edges, roi_color, self.debug)
  File "/home/hyeongseon/catkin_ws/src/lane_tracking_pkg/vision/detector.py", line 63, in detect_lane_center
    left_line = _fit_lane(np.vstack(left_points)) if left_points else None
TypeError: _fit_lane() missing 2 required positional arguments: 'y_bottom' and 'y_top'

1758341703.847898721 ERROR /lane_tracking_node [topics.py:753(_SubscriberImpl._invoke_callback)] [topics: /rosout, /lane_overlay, /camera/image_raw, /lane/center_offset, /lane/steering_angle] bad callback: <bound method LaneTrackingNode.image_cb of <__main__.LaneTrackingNode object at 0x7f55bef5a1c0>>
Traceback (most recent call last):
  File "/opt/ros/noetic/lib/python3/dist-packages/rospy/topics.py", line 750, in _invoke_callback
    cb(msg)
  File "/home/hyeongseon/catkin_ws/src/lane_tracking_pkg/scripts/lane_tracking_node.py", line 99, in image_cb
    self.handle_frame(frame, msg.header)
  File "/home/hyeongseon/catkin_ws/src/lane_tracking_pkg/scripts/lane_tracking_node.py", line 111, in handle_frame
    lane_center, roi_overlay = detect_lane_center(edges, roi_color, self.debug)
  File "/home/hyeongseon/catkin_ws/src/lane_tracking_pkg/vision/detector.py", line 63, in detect_lane_center
    left_line = _fit_lane(np.vstack(left_points)) if left_points else None
TypeError: _fit_lane() missing 2 required positional arguments: 'y_bottom' and 'y_top'

1758341703.899817705 ERROR /lane_tracking_node [topics.py:753(_SubscriberImpl._invoke_callback)] [topics: /rosout, /lane_overlay, /camera/image_raw, /lane/center_offset, /lane/steering_angle] bad callback: <bound method LaneTrackingNode.image_cb of <__main__.LaneTrackingNode object at 0x7f55bef5a1c0>>
Traceback (most recent call last):
  File "/opt/ros/noetic/lib/python3/dist-packages/rospy/topics.py", line 750, in _invoke_callback
    cb(msg)
  File "/home/hyeongseon/catkin_ws/src/lane_tracking_pkg/scripts/lane_tracking_node.py", line 99, in image_cb
    self.handle_frame(frame, msg.header)
  File "/home/hyeongseon/catkin_ws/src/lane_tracking_pkg/scripts/lane_tracking_node.py", line 111, in handle_frame
    lane_center, roi_overlay = detect_lane_center(edges, roi_color, self.debug)
  File "/home/hyeongseon/catkin_ws/src/lane_tracking_pkg/vision/detector.py", line 63, in detect_lane_center
    left_line = _fit_lane(np.vstack(left_points)) if left_points else None
TypeError: _fit_lane() missing 2 required positional arguments: 'y_bottom' and 'y_top'

1758341703.913140773 ERROR /lane_tracking_node [topics.py:753(_SubscriberImpl._invoke_callback)] [topics: /rosout, /lane_overlay, /camera/image_raw, /lane/center_offset, /lane/steering_angle] bad callback: <bound method LaneTrackingNode.image_cb of <__main__.LaneTrackingNode object at 0x7f55bef5a1c0>>
Traceback (most recent call last):
  File "/opt/ros/noetic/lib/python3/dist-packages/rospy/topics.py", line 750, in _invoke_callback
    cb(msg)
  File "/home/hyeongseon/catkin_ws/src/lane_tracking_pkg/scripts/lane_tracking_node.py", line 99, in image_cb
    self.handle_frame(frame, msg.header)
  File "/home/hyeongseon/catkin_ws/src/lane_tracking_pkg/scripts/lane_tracking_node.py", line 111, in handle_frame
    lane_center, roi_overlay = detect_lane_center(edges, roi_color, self.debug)
  File "/home/hyeongseon/catkin_ws/src/lane_tracking_pkg/vision/detector.py", line 63, in detect_lane_center
    left_line = _fit_lane(np.vstack(left_points)) if left_points else None
TypeError: _fit_lane() missing 2 required positional arguments: 'y_bottom' and 'y_top'

1758341703.941869974 ERROR /lane_tracking_node [topics.py:753(_SubscriberImpl._invoke_callback)] [topics: /rosout, /lane_overlay, /camera/image_raw, /lane/center_offset, /lane/steering_angle] bad callback: <bound method LaneTrackingNode.image_cb of <__main__.LaneTrackingNode object at 0x7f55bef5a1c0>>
Traceback (most recent call last):
  File "/opt/ros/noetic/lib/python3/dist-packages/rospy/topics.py", line 750, in _invoke_callback
    cb(msg)
  File "/home/hyeongseon/catkin_ws/src/lane_tracking_pkg/scripts/lane_tracking_node.py", line 99, in image_cb
    self.handle_frame(frame, msg.header)
  File "/home/hyeongseon/catkin_ws/src/lane_tracking_pkg/scripts/lane_tracking_node.py", line 111, in handle_frame
    lane_center, roi_overlay = detect_lane_center(edges, roi_color, self.debug)
  File "/home/hyeongseon/catkin_ws/src/lane_tracking_pkg/vision/detector.py", line 63, in detect_lane_center
    left_line = _fit_lane(np.vstack(left_points)) if left_points else None
TypeError: _fit_lane() missing 2 required positional arguments: 'y_bottom' and 'y_top'

1758341703.970499992 ERROR /lane_tracking_node [topics.py:753(_SubscriberImpl._invoke_callback)] [topics: /rosout, /lane_overlay, /camera/image_raw, /lane/center_offset, /lane/steering_angle] bad callback: <bound method LaneTrackingNode.image_cb of <__main__.LaneTrackingNode object at 0x7f55bef5a1c0>>
Traceback (most recent call last):
  File "/opt/ros/noetic/lib/python3/dist-packages/rospy/topics.py", line 750, in _invoke_callback
    cb(msg)
  File "/home/hyeongseon/catkin_ws/src/lane_tracking_pkg/scripts/lane_tracking_node.py", line 99, in image_cb
    self.handle_frame(frame, msg.header)
  File "/home/hyeongseon/catkin_ws/src/lane_tracking_pkg/scripts/lane_tracking_node.py", line 111, in handle_frame
    lane_center, roi_overlay = detect_lane_center(edges, roi_color, self.debug)
  File "/home/hyeongseon/catkin_ws/src/lane_tracking_pkg/vision/detector.py", line 63, in detect_lane_center
    left_line = _fit_lane(np.vstack(left_points)) if left_points else None
TypeError: _fit_lane() missing 2 required positional arguments: 'y_bottom' and 'y_top'

1758341704.020571708 ERROR /lane_tracking_node [topics.py:753(_SubscriberImpl._invoke_callback)] [topics: /rosout, /lane_overlay, /camera/image_raw, /lane/center_offset, /lane/steering_angle] bad callback: <bound method LaneTrackingNode.image_cb of <__main__.LaneTrackingNode object at 0x7f55bef5a1c0>>
Traceback (most recent call last):
  File "/opt/ros/noetic/lib/python3/dist-packages/rospy/topics.py", line 750, in _invoke_callback
    cb(msg)
  File "/home/hyeongseon/catkin_ws/src/lane_tracking_pkg/scripts/lane_tracking_node.py", line 99, in image_cb
    self.handle_frame(frame, msg.header)
  File "/home/hyeongseon/catkin_ws/src/lane_tracking_pkg/scripts/lane_tracking_node.py", line 111, in handle_frame
    lane_center, roi_overlay = detect_lane_center(edges, roi_color, self.debug)
  File "/home/hyeongseon/catkin_ws/src/lane_tracking_pkg/vision/detector.py", line 63, in detect_lane_center
    left_line = _fit_lane(np.vstack(left_points)) if left_points else None
TypeError: _fit_lane() missing 2 required positional arguments: 'y_bottom' and 'y_top'

1758341704.056041955 ERROR /lane_tracking_node [topics.py:753(_SubscriberImpl._invoke_callback)] [topics: /rosout, /lane_overlay, /camera/image_raw, /lane/center_offset, /lane/steering_angle] bad callback: <bound method LaneTrackingNode.image_cb of <__main__.LaneTrackingNode object at 0x7f55bef5a1c0>>
Traceback (most recent call last):
  File "/opt/ros/noetic/lib/python3/dist-packages/rospy/topics.py", line 750, in _invoke_callback
    cb(msg)
  File "/home/hyeongseon/catkin_ws/src/lane_tracking_pkg/scripts/lane_tracking_node.py", line 99, in image_cb
    self.handle_frame(frame, msg.header)
  File "/home/hyeongseon/catkin_ws/src/lane_tracking_pkg/scripts/lane_tracking_node.py", line 111, in handle_frame
    lane_center, roi_overlay = detect_lane_center(edges, roi_color, self.debug)
  File "/home/hyeongseon/catkin_ws/src/lane_tracking_pkg/vision/detector.py", line 63, in detect_lane_center
    left_line = _fit_lane(np.vstack(left_points)) if left_points else None
TypeError: _fit_lane() missing 2 required positional arguments: 'y_bottom' and 'y_top'

1758341704.118718862 ERROR /lane_tracking_node [topics.py:753(_SubscriberImpl._invoke_callback)] [topics: /rosout, /lane_overlay, /camera/image_raw, /lane/center_offset, /lane/steering_angle] bad callback: <bound method LaneTrackingNode.image_cb of <__main__.LaneTrackingNode object at 0x7f55bef5a1c0>>
Traceback (most recent call last):
  File "/opt/ros/noetic/lib/python3/dist-packages/rospy/topics.py", line 750, in _invoke_callback
    cb(msg)
  File "/home/hyeongseon/catkin_ws/src/lane_tracking_pkg/scripts/lane_tracking_node.py", line 99, in image_cb
    self.handle_frame(frame, msg.header)
  File "/home/hyeongseon/catkin_ws/src/lane_tracking_pkg/scripts/lane_tracking_node.py", line 111, in handle_frame
    lane_center, roi_overlay = detect_lane_center(edges, roi_color, self.debug)
  File "/home/hyeongseon/catkin_ws/src/lane_tracking_pkg/vision/detector.py", line 63, in detect_lane_center
    left_line = _fit_lane(np.vstack(left_points)) if left_points else None
TypeError: _fit_lane() missing 2 required positional arguments: 'y_bottom' and 'y_top'

1758341704.157063722 ERROR /lane_tracking_node [topics.py:753(_SubscriberImpl._invoke_callback)] [topics: /rosout, /lane_overlay, /camera/image_raw, /lane/center_offset, /lane/steering_angle] bad callback: <bound method LaneTrackingNode.image_cb of <__main__.LaneTrackingNode object at 0x7f55bef5a1c0>>
Traceback (most recent call last):
  File "/opt/ros/noetic/lib/python3/dist-packages/rospy/topics.py", line 750, in _invoke_callback
    cb(msg)
  File "/home/hyeongseon/catkin_ws/src/lane_tracking_pkg/scripts/lane_tracking_node.py", line 99, in image_cb
    self.handle_frame(frame, msg.header)
  File "/home/hyeongseon/catkin_ws/src/lane_tracking_pkg/scripts/lane_tracking_node.py", line 111, in handle_frame
    lane_center, roi_overlay = detect_lane_center(edges, roi_color, self.debug)
  File "/home/hyeongseon/catkin_ws/src/lane_tracking_pkg/vision/detector.py", line 63, in detect_lane_center
    left_line = _fit_lane(np.vstack(left_points)) if left_points else None
TypeError: _fit_lane() missing 2 required positional arguments: 'y_bottom' and 'y_top'

1758341704.180418968 ERROR /lane_tracking_node [topics.py:753(_SubscriberImpl._invoke_callback)] [topics: /rosout, /lane_overlay, /camera/image_raw, /lane/center_offset, /lane/steering_angle] bad callback: <bound method LaneTrackingNode.image_cb of <__main__.LaneTrackingNode object at 0x7f55bef5a1c0>>
Traceback (most recent call last):
  File "/opt/ros/noetic/lib/python3/dist-packages/rospy/topics.py", line 750, in _invoke_callback
    cb(msg)
  File "/home/hyeongseon/catkin_ws/src/lane_tracking_pkg/scripts/lane_tracking_node.py", line 99, in image_cb
    self.handle_frame(frame, msg.header)
  File "/home/hyeongseon/catkin_ws/src/lane_tracking_pkg/scripts/lane_tracking_node.py", line 111, in handle_frame
    lane_center, roi_overlay = detect_lane_center(edges, roi_color, self.debug)
  File "/home/hyeongseon/catkin_ws/src/lane_tracking_pkg/vision/detector.py", line 63, in detect_lane_center
    left_line = _fit_lane(np.vstack(left_points)) if left_points else None
TypeError: _fit_lane() missing 2 required positional arguments: 'y_bottom' and 'y_top'

1758341704.210858821 ERROR /lane_tracking_node [topics.py:753(_SubscriberImpl._invoke_callback)] [topics: /rosout, /lane_overlay, /camera/image_raw, /lane/center_offset, /lane/steering_angle] bad callback: <bound method LaneTrackingNode.image_cb of <__main__.LaneTrackingNode object at 0x7f55bef5a1c0>>
Traceback (most recent call last):
  File "/opt/ros/noetic/lib/python3/dist-packages/rospy/topics.py", line 750, in _invoke_callback
    cb(msg)
  File "/home/hyeongseon/catkin_ws/src/lane_tracking_pkg/scripts/lane_tracking_node.py", line 99, in image_cb
    self.handle_frame(frame, msg.header)
  File "/home/hyeongseon/catkin_ws/src/lane_tracking_pkg/scripts/lane_tracking_node.py", line 111, in handle_frame
    lane_center, roi_overlay = detect_lane_center(edges, roi_color, self.debug)
  File "/home/hyeongseon/catkin_ws/src/lane_tracking_pkg/vision/detector.py", line 63, in detect_lane_center
    left_line = _fit_lane(np.vstack(left_points)) if left_points else None
TypeError: _fit_lane() missing 2 required positional arguments: 'y_bottom' and 'y_top'

1758341704.224110126 ERROR /lane_tracking_node [topics.py:753(_SubscriberImpl._invoke_callback)] [topics: /rosout, /lane_overlay, /camera/image_raw, /lane/center_offset, /lane/steering_angle] bad callback: <bound method LaneTrackingNode.image_cb of <__main__.LaneTrackingNode object at 0x7f55bef5a1c0>>
Traceback (most recent call last):
  File "/opt/ros/noetic/lib/python3/dist-packages/rospy/topics.py", line 750, in _invoke_callback
    cb(msg)
  File "/home/hyeongseon/catkin_ws/src/lane_tracking_pkg/scripts/lane_tracking_node.py", line 99, in image_cb
    self.handle_frame(frame, msg.header)
  File "/home/hyeongseon/catkin_ws/src/lane_tracking_pkg/scripts/lane_tracking_node.py", line 111, in handle_frame
    lane_center, roi_overlay = detect_lane_center(edges, roi_color, self.debug)
  File "/home/hyeongseon/catkin_ws/src/lane_tracking_pkg/vision/detector.py", line 63, in detect_lane_center
    left_line = _fit_lane(np.vstack(left_points)) if left_points else None
TypeError: _fit_lane() missing 2 required positional arguments: 'y_bottom' and 'y_top'

1758341704.246435642 ERROR /lane_tracking_node [topics.py:753(_SubscriberImpl._invoke_callback)] [topics: /rosout, /lane_overlay, /camera/image_raw, /lane/center_offset, /lane/steering_angle] bad callback: <bound method LaneTrackingNode.image_cb of <__main__.LaneTrackingNode object at 0x7f55bef5a1c0>>
Traceback (most recent call last):
  File "/opt/ros/noetic/lib/python3/dist-packages/rospy/topics.py", line 750, in _invoke_callback
    cb(msg)
  File "/home/hyeongseon/catkin_ws/src/lane_tracking_pkg/scripts/lane_tracking_node.py", line 99, in image_cb
    self.handle_frame(frame, msg.header)
  File "/home/hyeongseon/catkin_ws/src/lane_tracking_pkg/scripts/lane_tracking_node.py", line 111, in handle_frame
    lane_center, roi_overlay = detect_lane_center(edges, roi_color, self.debug)
  File "/home/hyeongseon/catkin_ws/src/lane_tracking_pkg/vision/detector.py", line 63, in detect_lane_center
    left_line = _fit_lane(np.vstack(left_points)) if left_points else None
TypeError: _fit_lane() missing 2 required positional arguments: 'y_bottom' and 'y_top'

1758341704.281038761 ERROR /lane_tracking_node [topics.py:753(_SubscriberImpl._invoke_callback)] [topics: /rosout, /lane_overlay, /camera/image_raw, /lane/center_offset, /lane/steering_angle] bad callback: <bound method LaneTrackingNode.image_cb of <__main__.LaneTrackingNode object at 0x7f55bef5a1c0>>
Traceback (most recent call last):
  File "/opt/ros/noetic/lib/python3/dist-packages/rospy/topics.py", line 750, in _invoke_callback
    cb(msg)
  File "/home/hyeongseon/catkin_ws/src/lane_tracking_pkg/scripts/lane_tracking_node.py", line 99, in image_cb
    self.handle_frame(frame, msg.header)
  File "/home/hyeongseon/catkin_ws/src/lane_tracking_pkg/scripts/lane_tracking_node.py", line 111, in handle_frame
    lane_center, roi_overlay = detect_lane_center(edges, roi_color, self.debug)
  File "/home/hyeongseon/catkin_ws/src/lane_tracking_pkg/vision/detector.py", line 63, in detect_lane_center
    left_line = _fit_lane(np.vstack(left_points)) if left_points else None
TypeError: _fit_lane() missing 2 required positional arguments: 'y_bottom' and 'y_top'

1758341704.316942930 ERROR /lane_tracking_node [topics.py:753(_SubscriberImpl._invoke_callback)] [topics: /rosout, /lane_overlay, /camera/image_raw, /lane/center_offset, /lane/steering_angle] bad callback: <bound method LaneTrackingNode.image_cb of <__main__.LaneTrackingNode object at 0x7f55bef5a1c0>>
Traceback (most recent call last):
  File "/opt/ros/noetic/lib/python3/dist-packages/rospy/topics.py", line 750, in _invoke_callback
    cb(msg)
  File "/home/hyeongseon/catkin_ws/src/lane_tracking_pkg/scripts/lane_tracking_node.py", line 99, in image_cb
    self.handle_frame(frame, msg.header)
  File "/home/hyeongseon/catkin_ws/src/lane_tracking_pkg/scripts/lane_tracking_node.py", line 111, in handle_frame
    lane_center, roi_overlay = detect_lane_center(edges, roi_color, self.debug)
  File "/home/hyeongseon/catkin_ws/src/lane_tracking_pkg/vision/detector.py", line 63, in detect_lane_center
    left_line = _fit_lane(np.vstack(left_points)) if left_points else None
TypeError: _fit_lane() missing 2 required positional arguments: 'y_bottom' and 'y_top'

1758341704.339553356 ERROR /lane_tracking_node [topics.py:753(_SubscriberImpl._invoke_callback)] [topics: /rosout, /lane_overlay, /camera/image_raw, /lane/center_offset, /lane/steering_angle] bad callback: <bound method LaneTrackingNode.image_cb of <__main__.LaneTrackingNode object at 0x7f55bef5a1c0>>
Traceback (most recent call last):
  File "/opt/ros/noetic/lib/python3/dist-packages/rospy/topics.py", line 750, in _invoke_callback
    cb(msg)
  File "/home/hyeongseon/catkin_ws/src/lane_tracking_pkg/scripts/lane_tracking_node.py", line 99, in image_cb
    self.handle_frame(frame, msg.header)
  File "/home/hyeongseon/catkin_ws/src/lane_tracking_pkg/scripts/lane_tracking_node.py", line 111, in handle_frame
    lane_center, roi_overlay = detect_lane_center(edges, roi_color, self.debug)
  File "/home/hyeongseon/catkin_ws/src/lane_tracking_pkg/vision/detector.py", line 63, in detect_lane_center
    left_line = _fit_lane(np.vstack(left_points)) if left_points else None
TypeError: _fit_lane() missing 2 required positional arguments: 'y_bottom' and 'y_top'

1758341704.368824481 ERROR /lane_tracking_node [topics.py:753(_SubscriberImpl._invoke_callback)] [topics: /rosout, /lane_overlay, /camera/image_raw, /lane/center_offset, /lane/steering_angle] bad callback: <bound method LaneTrackingNode.image_cb of <__main__.LaneTrackingNode object at 0x7f55bef5a1c0>>
Traceback (most recent call last):
  File "/opt/ros/noetic/lib/python3/dist-packages/rospy/topics.py", line 750, in _invoke_callback
    cb(msg)
  File "/home/hyeongseon/catkin_ws/src/lane_tracking_pkg/scripts/lane_tracking_node.py", line 99, in image_cb
    self.handle_frame(frame, msg.header)
  File "/home/hyeongseon/catkin_ws/src/lane_tracking_pkg/scripts/lane_tracking_node.py", line 111, in handle_frame
    lane_center, roi_overlay = detect_lane_center(edges, roi_color, self.debug)
  File "/home/hyeongseon/catkin_ws/src/lane_tracking_pkg/vision/detector.py", line 63, in detect_lane_center
    left_line = _fit_lane(np.vstack(left_points)) if left_points else None
TypeError: _fit_lane() missing 2 required positional arguments: 'y_bottom' and 'y_top'

1758341704.411159753 ERROR /lane_tracking_node [topics.py:753(_SubscriberImpl._invoke_callback)] [topics: /rosout, /lane_overlay, /camera/image_raw, /lane/center_offset, /lane/steering_angle] bad callback: <bound method LaneTrackingNode.image_cb of <__main__.LaneTrackingNode object at 0x7f55bef5a1c0>>
Traceback (most recent call last):
  File "/opt/ros/noetic/lib/python3/dist-packages/rospy/topics.py", line 750, in _invoke_callback
    cb(msg)
  File "/home/hyeongseon/catkin_ws/src/lane_tracking_pkg/scripts/lane_tracking_node.py", line 99, in image_cb
    self.handle_frame(frame, msg.header)
  File "/home/hyeongseon/catkin_ws/src/lane_tracking_pkg/scripts/lane_tracking_node.py", line 111, in handle_frame
    lane_center, roi_overlay = detect_lane_center(edges, roi_color, self.debug)
  File "/home/hyeongseon/catkin_ws/src/lane_tracking_pkg/vision/detector.py", line 63, in detect_lane_center
    left_line = _fit_lane(np.vstack(left_points)) if left_points else None
TypeError: _fit_lane() missing 2 required positional arguments: 'y_bottom' and 'y_top'

1758341704.440079927 ERROR /lane_tracking_node [topics.py:753(_SubscriberImpl._invoke_callback)] [topics: /rosout, /lane_overlay, /camera/image_raw, /lane/center_offset, /lane/steering_angle] bad callback: <bound method LaneTrackingNode.image_cb of <__main__.LaneTrackingNode object at 0x7f55bef5a1c0>>
Traceback (most recent call last):
  File "/opt/ros/noetic/lib/python3/dist-packages/rospy/topics.py", line 750, in _invoke_callback
    cb(msg)
  File "/home/hyeongseon/catkin_ws/src/lane_tracking_pkg/scripts/lane_tracking_node.py", line 99, in image_cb
    self.handle_frame(frame, msg.header)
  File "/home/hyeongseon/catkin_ws/src/lane_tracking_pkg/scripts/lane_tracking_node.py", line 111, in handle_frame
    lane_center, roi_overlay = detect_lane_center(edges, roi_color, self.debug)
  File "/home/hyeongseon/catkin_ws/src/lane_tracking_pkg/vision/detector.py", line 63, in detect_lane_center
    left_line = _fit_lane(np.vstack(left_points)) if left_points else None
TypeError: _fit_lane() missing 2 required positional arguments: 'y_bottom' and 'y_top'

1758341704.492656707 ERROR /lane_tracking_node [topics.py:753(_SubscriberImpl._invoke_callback)] [topics: /rosout, /lane_overlay, /camera/image_raw, /lane/center_offset, /lane/steering_angle] bad callback: <bound method LaneTrackingNode.image_cb of <__main__.LaneTrackingNode object at 0x7f55bef5a1c0>>
Traceback (most recent call last):
  File "/opt/ros/noetic/lib/python3/dist-packages/rospy/topics.py", line 750, in _invoke_callback
    cb(msg)
  File "/home/hyeongseon/catkin_ws/src/lane_tracking_pkg/scripts/lane_tracking_node.py", line 99, in image_cb
    self.handle_frame(frame, msg.header)
  File "/home/hyeongseon/catkin_ws/src/lane_tracking_pkg/scripts/lane_tracking_node.py", line 111, in handle_frame
    lane_center, roi_overlay = detect_lane_center(edges, roi_color, self.debug)
  File "/home/hyeongseon/catkin_ws/src/lane_tracking_pkg/vision/detector.py", line 63, in detect_lane_center
    left_line = _fit_lane(np.vstack(left_points)) if left_points else None
TypeError: _fit_lane() missing 2 required positional arguments: 'y_bottom' and 'y_top'

1758341704.507228612 ERROR /lane_tracking_node [topics.py:753(_SubscriberImpl._invoke_callback)] [topics: /rosout, /lane_overlay, /camera/image_raw, /lane/center_offset, /lane/steering_angle] bad callback: <bound method LaneTrackingNode.image_cb of <__main__.LaneTrackingNode object at 0x7f55bef5a1c0>>
Traceback (most recent call last):
  File "/opt/ros/noetic/lib/python3/dist-packages/rospy/topics.py", line 750, in _invoke_callback
    cb(msg)
  File "/home/hyeongseon/catkin_ws/src/lane_tracking_pkg/scripts/lane_tracking_node.py", line 99, in image_cb
    self.handle_frame(frame, msg.header)
  File "/home/hyeongseon/catkin_ws/src/lane_tracking_pkg/scripts/lane_tracking_node.py", line 111, in handle_frame
    lane_center, roi_overlay = detect_lane_center(edges, roi_color, self.debug)
  File "/home/hyeongseon/catkin_ws/src/lane_tracking_pkg/vision/detector.py", line 63, in detect_lane_center
    left_line = _fit_lane(np.vstack(left_points)) if left_points else None
TypeError: _fit_lane() missing 2 required positional arguments: 'y_bottom' and 'y_top'

1758341704.533784866 ERROR /lane_tracking_node [topics.py:753(_SubscriberImpl._invoke_callback)] [topics: /rosout, /lane_overlay, /camera/image_raw, /lane/center_offset, /lane/steering_angle] bad callback: <bound method LaneTrackingNode.image_cb of <__main__.LaneTrackingNode object at 0x7f55bef5a1c0>>
Traceback (most recent call last):
  File "/opt/ros/noetic/lib/python3/dist-packages/rospy/topics.py", line 750, in _invoke_callback
    cb(msg)
  File "/home/hyeongseon/catkin_ws/src/lane_tracking_pkg/scripts/lane_tracking_node.py", line 99, in image_cb
    self.handle_frame(frame, msg.header)
  File "/home/hyeongseon/catkin_ws/src/lane_tracking_pkg/scripts/lane_tracking_node.py", line 111, in handle_frame
    lane_center, roi_overlay = detect_lane_center(edges, roi_color, self.debug)
  File "/home/hyeongseon/catkin_ws/src/lane_tracking_pkg/vision/detector.py", line 63, in detect_lane_center
    left_line = _fit_lane(np.vstack(left_points)) if left_points else None
TypeError: _fit_lane() missing 2 required positional arguments: 'y_bottom' and 'y_top'

1758341704.584526538 ERROR /lane_tracking_node [topics.py:753(_SubscriberImpl._invoke_callback)] [topics: /rosout, /lane_overlay, /camera/image_raw, /lane/center_offset, /lane/steering_angle] bad callback: <bound method LaneTrackingNode.image_cb of <__main__.LaneTrackingNode object at 0x7f55bef5a1c0>>
Traceback (most recent call last):
  File "/opt/ros/noetic/lib/python3/dist-packages/rospy/topics.py", line 750, in _invoke_callback
    cb(msg)
  File "/home/hyeongseon/catkin_ws/src/lane_tracking_pkg/scripts/lane_tracking_node.py", line 99, in image_cb
    self.handle_frame(frame, msg.header)
  File "/home/hyeongseon/catkin_ws/src/lane_tracking_pkg/scripts/lane_tracking_node.py", line 111, in handle_frame
    lane_center, roi_overlay = detect_lane_center(edges, roi_color, self.debug)
  File "/home/hyeongseon/catkin_ws/src/lane_tracking_pkg/vision/detector.py", line 63, in detect_lane_center
    left_line = _fit_lane(np.vstack(left_points)) if left_points else None
TypeError: _fit_lane() missing 2 required positional arguments: 'y_bottom' and 'y_top'

1758341704.620598554 ERROR /lane_tracking_node [topics.py:753(_SubscriberImpl._invoke_callback)] [topics: /rosout, /lane_overlay, /camera/image_raw, /lane/center_offset, /lane/steering_angle] bad callback: <bound method LaneTrackingNode.image_cb of <__main__.LaneTrackingNode object at 0x7f55bef5a1c0>>
Traceback (most recent call last):
  File "/opt/ros/noetic/lib/python3/dist-packages/rospy/topics.py", line 750, in _invoke_callback
    cb(msg)
  File "/home/hyeongseon/catkin_ws/src/lane_tracking_pkg/scripts/lane_tracking_node.py", line 99, in image_cb
    self.handle_frame(frame, msg.header)
  File "/home/hyeongseon/catkin_ws/src/lane_tracking_pkg/scripts/lane_tracking_node.py", line 111, in handle_frame
    lane_center, roi_overlay = detect_lane_center(edges, roi_color, self.debug)
  File "/home/hyeongseon/catkin_ws/src/lane_tracking_pkg/vision/detector.py", line 63, in detect_lane_center
    left_line = _fit_lane(np.vstack(left_points)) if left_points else None
TypeError: _fit_lane() missing 2 required positional arguments: 'y_bottom' and 'y_top'

1758341704.661609172 ERROR /lane_tracking_node [topics.py:753(_SubscriberImpl._invoke_callback)] [topics: /rosout, /lane_overlay, /camera/image_raw, /lane/center_offset, /lane/steering_angle] bad callback: <bound method LaneTrackingNode.image_cb of <__main__.LaneTrackingNode object at 0x7f55bef5a1c0>>
Traceback (most recent call last):
  File "/opt/ros/noetic/lib/python3/dist-packages/rospy/topics.py", line 750, in _invoke_callback
    cb(msg)
  File "/home/hyeongseon/catkin_ws/src/lane_tracking_pkg/scripts/lane_tracking_node.py", line 99, in image_cb
    self.handle_frame(frame, msg.header)
  File "/home/hyeongseon/catkin_ws/src/lane_tracking_pkg/scripts/lane_tracking_node.py", line 111, in handle_frame
    lane_center, roi_overlay = detect_lane_center(edges, roi_color, self.debug)
  File "/home/hyeongseon/catkin_ws/src/lane_tracking_pkg/vision/detector.py", line 63, in detect_lane_center
    left_line = _fit_lane(np.vstack(left_points)) if left_points else None
TypeError: _fit_lane() missing 2 required positional arguments: 'y_bottom' and 'y_top'

1758341704.682692289 ERROR /lane_tracking_node [topics.py:753(_SubscriberImpl._invoke_callback)] [topics: /rosout, /lane_overlay, /camera/image_raw, /lane/center_offset, /lane/steering_angle] bad callback: <bound method LaneTrackingNode.image_cb of <__main__.LaneTrackingNode object at 0x7f55bef5a1c0>>
Traceback (most recent call last):
  File "/opt/ros/noetic/lib/python3/dist-packages/rospy/topics.py", line 750, in _invoke_callback
    cb(msg)
  File "/home/hyeongseon/catkin_ws/src/lane_tracking_pkg/scripts/lane_tracking_node.py", line 99, in image_cb
    self.handle_frame(frame, msg.header)
  File "/home/hyeongseon/catkin_ws/src/lane_tracking_pkg/scripts/lane_tracking_node.py", line 111, in handle_frame
    lane_center, roi_overlay = detect_lane_center(edges, roi_color, self.debug)
  File "/home/hyeongseon/catkin_ws/src/lane_tracking_pkg/vision/detector.py", line 63, in detect_lane_center
    left_line = _fit_lane(np.vstack(left_points)) if left_points else None
TypeError: _fit_lane() missing 2 required positional arguments: 'y_bottom' and 'y_top'

1758341704.731950283 ERROR /lane_tracking_node [topics.py:753(_SubscriberImpl._invoke_callback)] [topics: /rosout, /lane_overlay, /camera/image_raw, /lane/center_offset, /lane/steering_angle] bad callback: <bound method LaneTrackingNode.image_cb of <__main__.LaneTrackingNode object at 0x7f55bef5a1c0>>
Traceback (most recent call last):
  File "/opt/ros/noetic/lib/python3/dist-packages/rospy/topics.py", line 750, in _invoke_callback
    cb(msg)
  File "/home/hyeongseon/catkin_ws/src/lane_tracking_pkg/scripts/lane_tracking_node.py", line 99, in image_cb
    self.handle_frame(frame, msg.header)
  File "/home/hyeongseon/catkin_ws/src/lane_tracking_pkg/scripts/lane_tracking_node.py", line 111, in handle_frame
    lane_center, roi_overlay = detect_lane_center(edges, roi_color, self.debug)
  File "/home/hyeongseon/catkin_ws/src/lane_tracking_pkg/vision/detector.py", line 63, in detect_lane_center
    left_line = _fit_lane(np.vstack(left_points)) if left_points else None
TypeError: _fit_lane() missing 2 required positional arguments: 'y_bottom' and 'y_top'

1758341704.746300220 ERROR /lane_tracking_node [topics.py:753(_SubscriberImpl._invoke_callback)] [topics: /rosout, /lane_overlay, /camera/image_raw, /lane/center_offset, /lane/steering_angle] bad callback: <bound method LaneTrackingNode.image_cb of <__main__.LaneTrackingNode object at 0x7f55bef5a1c0>>
Traceback (most recent call last):
  File "/opt/ros/noetic/lib/python3/dist-packages/rospy/topics.py", line 750, in _invoke_callback
    cb(msg)
  File "/home/hyeongseon/catkin_ws/src/lane_tracking_pkg/scripts/lane_tracking_node.py", line 99, in image_cb
    self.handle_frame(frame, msg.header)
  File "/home/hyeongseon/catkin_ws/src/lane_tracking_pkg/scripts/lane_tracking_node.py", line 111, in handle_frame
    lane_center, roi_overlay = detect_lane_center(edges, roi_color, self.debug)
  File "/home/hyeongseon/catkin_ws/src/lane_tracking_pkg/vision/detector.py", line 63, in detect_lane_center
    left_line = _fit_lane(np.vstack(left_points)) if left_points else None
TypeError: _fit_lane() missing 2 required positional arguments: 'y_bottom' and 'y_top'

1758341704.806443929 ERROR /lane_tracking_node [topics.py:753(_SubscriberImpl._invoke_callback)] [topics: /rosout, /lane_overlay, /camera/image_raw, /lane/center_offset, /lane/steering_angle] bad callback: <bound method LaneTrackingNode.image_cb of <__main__.LaneTrackingNode object at 0x7f55bef5a1c0>>
Traceback (most recent call last):
  File "/opt/ros/noetic/lib/python3/dist-packages/rospy/topics.py", line 750, in _invoke_callback
    cb(msg)
  File "/home/hyeongseon/catkin_ws/src/lane_tracking_pkg/scripts/lane_tracking_node.py", line 99, in image_cb
    self.handle_frame(frame, msg.header)
  File "/home/hyeongseon/catkin_ws/src/lane_tracking_pkg/scripts/lane_tracking_node.py", line 111, in handle_frame
    lane_center, roi_overlay = detect_lane_center(edges, roi_color, self.debug)
  File "/home/hyeongseon/catkin_ws/src/lane_tracking_pkg/vision/detector.py", line 63, in detect_lane_center
    left_line = _fit_lane(np.vstack(left_points)) if left_points else None
TypeError: _fit_lane() missing 2 required positional arguments: 'y_bottom' and 'y_top'

1758341704.822586297 ERROR /lane_tracking_node [topics.py:753(_SubscriberImpl._invoke_callback)] [topics: /rosout, /lane_overlay, /camera/image_raw, /lane/center_offset, /lane/steering_angle] bad callback: <bound method LaneTrackingNode.image_cb of <__main__.LaneTrackingNode object at 0x7f55bef5a1c0>>
Traceback (most recent call last):
  File "/opt/ros/noetic/lib/python3/dist-packages/rospy/topics.py", line 750, in _invoke_callback
    cb(msg)
  File "/home/hyeongseon/catkin_ws/src/lane_tracking_pkg/scripts/lane_tracking_node.py", line 99, in image_cb
    self.handle_frame(frame, msg.header)
  File "/home/hyeongseon/catkin_ws/src/lane_tracking_pkg/scripts/lane_tracking_node.py", line 111, in handle_frame
    lane_center, roi_overlay = detect_lane_center(edges, roi_color, self.debug)
  File "/home/hyeongseon/catkin_ws/src/lane_tracking_pkg/vision/detector.py", line 63, in detect_lane_center
    left_line = _fit_lane(np.vstack(left_points)) if left_points else None
TypeError: _fit_lane() missing 2 required positional arguments: 'y_bottom' and 'y_top'

1758341704.848490238 ERROR /lane_tracking_node [topics.py:753(_SubscriberImpl._invoke_callback)] [topics: /rosout, /lane_overlay, /camera/image_raw, /lane/center_offset, /lane/steering_angle] bad callback: <bound method LaneTrackingNode.image_cb of <__main__.LaneTrackingNode object at 0x7f55bef5a1c0>>
Traceback (most recent call last):
  File "/opt/ros/noetic/lib/python3/dist-packages/rospy/topics.py", line 750, in _invoke_callback
    cb(msg)
  File "/home/hyeongseon/catkin_ws/src/lane_tracking_pkg/scripts/lane_tracking_node.py", line 99, in image_cb
    self.handle_frame(frame, msg.header)
  File "/home/hyeongseon/catkin_ws/src/lane_tracking_pkg/scripts/lane_tracking_node.py", line 111, in handle_frame
    lane_center, roi_overlay = detect_lane_center(edges, roi_color, self.debug)
  File "/home/hyeongseon/catkin_ws/src/lane_tracking_pkg/vision/detector.py", line 63, in detect_lane_center
    left_line = _fit_lane(np.vstack(left_points)) if left_points else None
TypeError: _fit_lane() missing 2 required positional arguments: 'y_bottom' and 'y_top'

1758341704.893269538 ERROR /lane_tracking_node [topics.py:753(_SubscriberImpl._invoke_callback)] [topics: /rosout, /lane_overlay, /camera/image_raw, /lane/center_offset, /lane/steering_angle] bad callback: <bound method LaneTrackingNode.image_cb of <__main__.LaneTrackingNode object at 0x7f55bef5a1c0>>
Traceback (most recent call last):
  File "/opt/ros/noetic/lib/python3/dist-packages/rospy/topics.py", line 750, in _invoke_callback
    cb(msg)
  File "/home/hyeongseon/catkin_ws/src/lane_tracking_pkg/scripts/lane_tracking_node.py", line 99, in image_cb
    self.handle_frame(frame, msg.header)
  File "/home/hyeongseon/catkin_ws/src/lane_tracking_pkg/scripts/lane_tracking_node.py", line 111, in handle_frame
    lane_center, roi_overlay = detect_lane_center(edges, roi_color, self.debug)
  File "/home/hyeongseon/catkin_ws/src/lane_tracking_pkg/vision/detector.py", line 63, in detect_lane_center
    left_line = _fit_lane(np.vstack(left_points)) if left_points else None
TypeError: _fit_lane() missing 2 required positional arguments: 'y_bottom' and 'y_top'

1758341704.943163156 ERROR /lane_tracking_node [topics.py:753(_SubscriberImpl._invoke_callback)] [topics: /rosout, /lane_overlay, /camera/image_raw, /lane/center_offset, /lane/steering_angle] bad callback: <bound method LaneTrackingNode.image_cb of <__main__.LaneTrackingNode object at 0x7f55bef5a1c0>>
Traceback (most recent call last):
  File "/opt/ros/noetic/lib/python3/dist-packages/rospy/topics.py", line 750, in _invoke_callback
    cb(msg)
  File "/home/hyeongseon/catkin_ws/src/lane_tracking_pkg/scripts/lane_tracking_node.py", line 99, in image_cb
    self.handle_frame(frame, msg.header)
  File "/home/hyeongseon/catkin_ws/src/lane_tracking_pkg/scripts/lane_tracking_node.py", line 111, in handle_frame
    lane_center, roi_overlay = detect_lane_center(edges, roi_color, self.debug)
  File "/home/hyeongseon/catkin_ws/src/lane_tracking_pkg/vision/detector.py", line 63, in detect_lane_center
    left_line = _fit_lane(np.vstack(left_points)) if left_points else None
TypeError: _fit_lane() missing 2 required positional arguments: 'y_bottom' and 'y_top'

1758341704.966181993 ERROR /lane_tracking_node [topics.py:753(_SubscriberImpl._invoke_callback)] [topics: /rosout, /lane_overlay, /camera/image_raw, /lane/center_offset, /lane/steering_angle] bad callback: <bound method LaneTrackingNode.image_cb of <__main__.LaneTrackingNode object at 0x7f55bef5a1c0>>
Traceback (most recent call last):
  File "/opt/ros/noetic/lib/python3/dist-packages/rospy/topics.py", line 750, in _invoke_callback
    cb(msg)
  File "/home/hyeongseon/catkin_ws/src/lane_tracking_pkg/scripts/lane_tracking_node.py", line 99, in image_cb
    self.handle_frame(frame, msg.header)
  File "/home/hyeongseon/catkin_ws/src/lane_tracking_pkg/scripts/lane_tracking_node.py", line 111, in handle_frame
    lane_center, roi_overlay = detect_lane_center(edges, roi_color, self.debug)
  File "/home/hyeongseon/catkin_ws/src/lane_tracking_pkg/vision/detector.py", line 63, in detect_lane_center
    left_line = _fit_lane(np.vstack(left_points)) if left_points else None
TypeError: _fit_lane() missing 2 required positional arguments: 'y_bottom' and 'y_top'

1758341705.005030632 ERROR /lane_tracking_node [topics.py:753(_SubscriberImpl._invoke_callback)] [topics: /rosout, /lane_overlay, /camera/image_raw, /lane/center_offset, /lane/steering_angle] bad callback: <bound method LaneTrackingNode.image_cb of <__main__.LaneTrackingNode object at 0x7f55bef5a1c0>>
Traceback (most recent call last):
  File "/opt/ros/noetic/lib/python3/dist-packages/rospy/topics.py", line 750, in _invoke_callback
    cb(msg)
  File "/home/hyeongseon/catkin_ws/src/lane_tracking_pkg/scripts/lane_tracking_node.py", line 99, in image_cb
    self.handle_frame(frame, msg.header)
  File "/home/hyeongseon/catkin_ws/src/lane_tracking_pkg/scripts/lane_tracking_node.py", line 111, in handle_frame
    lane_center, roi_overlay = detect_lane_center(edges, roi_color, self.debug)
  File "/home/hyeongseon/catkin_ws/src/lane_tracking_pkg/vision/detector.py", line 63, in detect_lane_center
    left_line = _fit_lane(np.vstack(left_points)) if left_points else None
TypeError: _fit_lane() missing 2 required positional arguments: 'y_bottom' and 'y_top'

1758341705.039012908 ERROR /lane_tracking_node [topics.py:753(_SubscriberImpl._invoke_callback)] [topics: /rosout, /lane_overlay, /camera/image_raw, /lane/center_offset, /lane/steering_angle] bad callback: <bound method LaneTrackingNode.image_cb of <__main__.LaneTrackingNode object at 0x7f55bef5a1c0>>
Traceback (most recent call last):
  File "/opt/ros/noetic/lib/python3/dist-packages/rospy/topics.py", line 750, in _invoke_callback
    cb(msg)
  File "/home/hyeongseon/catkin_ws/src/lane_tracking_pkg/scripts/lane_tracking_node.py", line 99, in image_cb
    self.handle_frame(frame, msg.header)
  File "/home/hyeongseon/catkin_ws/src/lane_tracking_pkg/scripts/lane_tracking_node.py", line 111, in handle_frame
    lane_center, roi_overlay = detect_lane_center(edges, roi_color, self.debug)
  File "/home/hyeongseon/catkin_ws/src/lane_tracking_pkg/vision/detector.py", line 63, in detect_lane_center
    left_line = _fit_lane(np.vstack(left_points)) if left_points else None
TypeError: _fit_lane() missing 2 required positional arguments: 'y_bottom' and 'y_top'

1758341705.082094430 ERROR /lane_tracking_node [topics.py:753(_SubscriberImpl._invoke_callback)] [topics: /rosout, /lane_overlay, /camera/image_raw, /lane/center_offset, /lane/steering_angle] bad callback: <bound method LaneTrackingNode.image_cb of <__main__.LaneTrackingNode object at 0x7f55bef5a1c0>>
Traceback (most recent call last):
  File "/opt/ros/noetic/lib/python3/dist-packages/rospy/topics.py", line 750, in _invoke_callback
    cb(msg)
  File "/home/hyeongseon/catkin_ws/src/lane_tracking_pkg/scripts/lane_tracking_node.py", line 99, in image_cb
    self.handle_frame(frame, msg.header)
  File "/home/hyeongseon/catkin_ws/src/lane_tracking_pkg/scripts/lane_tracking_node.py", line 111, in handle_frame
    lane_center, roi_overlay = detect_lane_center(edges, roi_color, self.debug)
  File "/home/hyeongseon/catkin_ws/src/lane_tracking_pkg/vision/detector.py", line 63, in detect_lane_center
    left_line = _fit_lane(np.vstack(left_points)) if left_points else None
TypeError: _fit_lane() missing 2 required positional arguments: 'y_bottom' and 'y_top'

1758341705.108059644 ERROR /lane_tracking_node [topics.py:753(_SubscriberImpl._invoke_callback)] [topics: /rosout, /lane_overlay, /camera/image_raw, /lane/center_offset, /lane/steering_angle] bad callback: <bound method LaneTrackingNode.image_cb of <__main__.LaneTrackingNode object at 0x7f55bef5a1c0>>
Traceback (most recent call last):
  File "/opt/ros/noetic/lib/python3/dist-packages/rospy/topics.py", line 750, in _invoke_callback
    cb(msg)
  File "/home/hyeongseon/catkin_ws/src/lane_tracking_pkg/scripts/lane_tracking_node.py", line 99, in image_cb
    self.handle_frame(frame, msg.header)
  File "/home/hyeongseon/catkin_ws/src/lane_tracking_pkg/scripts/lane_tracking_node.py", line 111, in handle_frame
    lane_center, roi_overlay = detect_lane_center(edges, roi_color, self.debug)
  File "/home/hyeongseon/catkin_ws/src/lane_tracking_pkg/vision/detector.py", line 63, in detect_lane_center
    left_line = _fit_lane(np.vstack(left_points)) if left_points else None
TypeError: _fit_lane() missing 2 required positional arguments: 'y_bottom' and 'y_top'

1758341705.147254705 ERROR /lane_tracking_node [topics.py:753(_SubscriberImpl._invoke_callback)] [topics: /rosout, /lane_overlay, /camera/image_raw, /lane/center_offset, /lane/steering_angle] bad callback: <bound method LaneTrackingNode.image_cb of <__main__.LaneTrackingNode object at 0x7f55bef5a1c0>>
Traceback (most recent call last):
  File "/opt/ros/noetic/lib/python3/dist-packages/rospy/topics.py", line 750, in _invoke_callback
    cb(msg)
  File "/home/hyeongseon/catkin_ws/src/lane_tracking_pkg/scripts/lane_tracking_node.py", line 99, in image_cb
    self.handle_frame(frame, msg.header)
  File "/home/hyeongseon/catkin_ws/src/lane_tracking_pkg/scripts/lane_tracking_node.py", line 111, in handle_frame
    lane_center, roi_overlay = detect_lane_center(edges, roi_color, self.debug)
  File "/home/hyeongseon/catkin_ws/src/lane_tracking_pkg/vision/detector.py", line 63, in detect_lane_center
    left_line = _fit_lane(np.vstack(left_points)) if left_points else None
TypeError: _fit_lane() missing 2 required positional arguments: 'y_bottom' and 'y_top'

1758341705.182598352 ERROR /lane_tracking_node [topics.py:753(_SubscriberImpl._invoke_callback)] [topics: /rosout, /lane_overlay, /camera/image_raw, /lane/center_offset, /lane/steering_angle] bad callback: <bound method LaneTrackingNode.image_cb of <__main__.LaneTrackingNode object at 0x7f55bef5a1c0>>
Traceback (most recent call last):
  File "/opt/ros/noetic/lib/python3/dist-packages/rospy/topics.py", line 750, in _invoke_callback
    cb(msg)
  File "/home/hyeongseon/catkin_ws/src/lane_tracking_pkg/scripts/lane_tracking_node.py", line 99, in image_cb
    self.handle_frame(frame, msg.header)
  File "/home/hyeongseon/catkin_ws/src/lane_tracking_pkg/scripts/lane_tracking_node.py", line 111, in handle_frame
    lane_center, roi_overlay = detect_lane_center(edges, roi_color, self.debug)
  File "/home/hyeongseon/catkin_ws/src/lane_tracking_pkg/vision/detector.py", line 63, in detect_lane_center
    left_line = _fit_lane(np.vstack(left_points)) if left_points else None
TypeError: _fit_lane() missing 2 required positional arguments: 'y_bottom' and 'y_top'

1758341705.219826459 ERROR /lane_tracking_node [topics.py:753(_SubscriberImpl._invoke_callback)] [topics: /rosout, /lane_overlay, /camera/image_raw, /lane/center_offset, /lane/steering_angle] bad callback: <bound method LaneTrackingNode.image_cb of <__main__.LaneTrackingNode object at 0x7f55bef5a1c0>>
Traceback (most recent call last):
  File "/opt/ros/noetic/lib/python3/dist-packages/rospy/topics.py", line 750, in _invoke_callback
    cb(msg)
  File "/home/hyeongseon/catkin_ws/src/lane_tracking_pkg/scripts/lane_tracking_node.py", line 99, in image_cb
    self.handle_frame(frame, msg.header)
  File "/home/hyeongseon/catkin_ws/src/lane_tracking_pkg/scripts/lane_tracking_node.py", line 111, in handle_frame
    lane_center, roi_overlay = detect_lane_center(edges, roi_color, self.debug)
  File "/home/hyeongseon/catkin_ws/src/lane_tracking_pkg/vision/detector.py", line 63, in detect_lane_center
    left_line = _fit_lane(np.vstack(left_points)) if left_points else None
TypeError: _fit_lane() missing 2 required positional arguments: 'y_bottom' and 'y_top'

1758341705.277366638 ERROR /lane_tracking_node [topics.py:753(_SubscriberImpl._invoke_callback)] [topics: /rosout, /lane_overlay, /camera/image_raw, /lane/center_offset, /lane/steering_angle] bad callback: <bound method LaneTrackingNode.image_cb of <__main__.LaneTrackingNode object at 0x7f55bef5a1c0>>
Traceback (most recent call last):
  File "/opt/ros/noetic/lib/python3/dist-packages/rospy/topics.py", line 750, in _invoke_callback
    cb(msg)
  File "/home/hyeongseon/catkin_ws/src/lane_tracking_pkg/scripts/lane_tracking_node.py", line 99, in image_cb
    self.handle_frame(frame, msg.header)
  File "/home/hyeongseon/catkin_ws/src/lane_tracking_pkg/scripts/lane_tracking_node.py", line 111, in handle_frame
    lane_center, roi_overlay = detect_lane_center(edges, roi_color, self.debug)
  File "/home/hyeongseon/catkin_ws/src/lane_tracking_pkg/vision/detector.py", line 63, in detect_lane_center
    left_line = _fit_lane(np.vstack(left_points)) if left_points else None
TypeError: _fit_lane() missing 2 required positional arguments: 'y_bottom' and 'y_top'

1758341705.300209045 ERROR /lane_tracking_node [topics.py:753(_SubscriberImpl._invoke_callback)] [topics: /rosout, /lane_overlay, /camera/image_raw, /lane/center_offset, /lane/steering_angle] bad callback: <bound method LaneTrackingNode.image_cb of <__main__.LaneTrackingNode object at 0x7f55bef5a1c0>>
Traceback (most recent call last):
  File "/opt/ros/noetic/lib/python3/dist-packages/rospy/topics.py", line 750, in _invoke_callback
    cb(msg)
  File "/home/hyeongseon/catkin_ws/src/lane_tracking_pkg/scripts/lane_tracking_node.py", line 99, in image_cb
    self.handle_frame(frame, msg.header)
  File "/home/hyeongseon/catkin_ws/src/lane_tracking_pkg/scripts/lane_tracking_node.py", line 111, in handle_frame
    lane_center, roi_overlay = detect_lane_center(edges, roi_color, self.debug)
  File "/home/hyeongseon/catkin_ws/src/lane_tracking_pkg/vision/detector.py", line 63, in detect_lane_center
    left_line = _fit_lane(np.vstack(left_points)) if left_points else None
TypeError: _fit_lane() missing 2 required positional arguments: 'y_bottom' and 'y_top'

1758341705.334792613 ERROR /lane_tracking_node [topics.py:753(_SubscriberImpl._invoke_callback)] [topics: /rosout, /lane_overlay, /camera/image_raw, /lane/center_offset, /lane/steering_angle] bad callback: <bound method LaneTrackingNode.image_cb of <__main__.LaneTrackingNode object at 0x7f55bef5a1c0>>
Traceback (most recent call last):
  File "/opt/ros/noetic/lib/python3/dist-packages/rospy/topics.py", line 750, in _invoke_callback
    cb(msg)
  File "/home/hyeongseon/catkin_ws/src/lane_tracking_pkg/scripts/lane_tracking_node.py", line 99, in image_cb
    self.handle_frame(frame, msg.header)
  File "/home/hyeongseon/catkin_ws/src/lane_tracking_pkg/scripts/lane_tracking_node.py", line 111, in handle_frame
    lane_center, roi_overlay = detect_lane_center(edges, roi_color, self.debug)
  File "/home/hyeongseon/catkin_ws/src/lane_tracking_pkg/vision/detector.py", line 63, in detect_lane_center
    left_line = _fit_lane(np.vstack(left_points)) if left_points else None
TypeError: _fit_lane() missing 2 required positional arguments: 'y_bottom' and 'y_top'

1758341705.373979806 ERROR /lane_tracking_node [topics.py:753(_SubscriberImpl._invoke_callback)] [topics: /rosout, /lane_overlay, /camera/image_raw, /lane/center_offset, /lane/steering_angle] bad callback: <bound method LaneTrackingNode.image_cb of <__main__.LaneTrackingNode object at 0x7f55bef5a1c0>>
Traceback (most recent call last):
  File "/opt/ros/noetic/lib/python3/dist-packages/rospy/topics.py", line 750, in _invoke_callback
    cb(msg)
  File "/home/hyeongseon/catkin_ws/src/lane_tracking_pkg/scripts/lane_tracking_node.py", line 99, in image_cb
    self.handle_frame(frame, msg.header)
  File "/home/hyeongseon/catkin_ws/src/lane_tracking_pkg/scripts/lane_tracking_node.py", line 111, in handle_frame
    lane_center, roi_overlay = detect_lane_center(edges, roi_color, self.debug)
  File "/home/hyeongseon/catkin_ws/src/lane_tracking_pkg/vision/detector.py", line 63, in detect_lane_center
    left_line = _fit_lane(np.vstack(left_points)) if left_points else None
TypeError: _fit_lane() missing 2 required positional arguments: 'y_bottom' and 'y_top'

1758341705.425170898 ERROR /lane_tracking_node [topics.py:753(_SubscriberImpl._invoke_callback)] [topics: /rosout, /lane_overlay, /camera/image_raw, /lane/center_offset, /lane/steering_angle] bad callback: <bound method LaneTrackingNode.image_cb of <__main__.LaneTrackingNode object at 0x7f55bef5a1c0>>
Traceback (most recent call last):
  File "/opt/ros/noetic/lib/python3/dist-packages/rospy/topics.py", line 750, in _invoke_callback
    cb(msg)
  File "/home/hyeongseon/catkin_ws/src/lane_tracking_pkg/scripts/lane_tracking_node.py", line 99, in image_cb
    self.handle_frame(frame, msg.header)
  File "/home/hyeongseon/catkin_ws/src/lane_tracking_pkg/scripts/lane_tracking_node.py", line 111, in handle_frame
    lane_center, roi_overlay = detect_lane_center(edges, roi_color, self.debug)
  File "/home/hyeongseon/catkin_ws/src/lane_tracking_pkg/vision/detector.py", line 63, in detect_lane_center
    left_line = _fit_lane(np.vstack(left_points)) if left_points else None
TypeError: _fit_lane() missing 2 required positional arguments: 'y_bottom' and 'y_top'

1758341705.451622486 ERROR /lane_tracking_node [topics.py:753(_SubscriberImpl._invoke_callback)] [topics: /rosout, /lane_overlay, /camera/image_raw, /lane/center_offset, /lane/steering_angle] bad callback: <bound method LaneTrackingNode.image_cb of <__main__.LaneTrackingNode object at 0x7f55bef5a1c0>>
Traceback (most recent call last):
  File "/opt/ros/noetic/lib/python3/dist-packages/rospy/topics.py", line 750, in _invoke_callback
    cb(msg)
  File "/home/hyeongseon/catkin_ws/src/lane_tracking_pkg/scripts/lane_tracking_node.py", line 99, in image_cb
    self.handle_frame(frame, msg.header)
  File "/home/hyeongseon/catkin_ws/src/lane_tracking_pkg/scripts/lane_tracking_node.py", line 111, in handle_frame
    lane_center, roi_overlay = detect_lane_center(edges, roi_color, self.debug)
  File "/home/hyeongseon/catkin_ws/src/lane_tracking_pkg/vision/detector.py", line 63, in detect_lane_center
    left_line = _fit_lane(np.vstack(left_points)) if left_points else None
TypeError: _fit_lane() missing 2 required positional arguments: 'y_bottom' and 'y_top'

1758341705.487291336 ERROR /lane_tracking_node [topics.py:753(_SubscriberImpl._invoke_callback)] [topics: /rosout, /lane_overlay, /camera/image_raw, /lane/center_offset, /lane/steering_angle] bad callback: <bound method LaneTrackingNode.image_cb of <__main__.LaneTrackingNode object at 0x7f55bef5a1c0>>
Traceback (most recent call last):
  File "/opt/ros/noetic/lib/python3/dist-packages/rospy/topics.py", line 750, in _invoke_callback
    cb(msg)
  File "/home/hyeongseon/catkin_ws/src/lane_tracking_pkg/scripts/lane_tracking_node.py", line 99, in image_cb
    self.handle_frame(frame, msg.header)
  File "/home/hyeongseon/catkin_ws/src/lane_tracking_pkg/scripts/lane_tracking_node.py", line 111, in handle_frame
    lane_center, roi_overlay = detect_lane_center(edges, roi_color, self.debug)
  File "/home/hyeongseon/catkin_ws/src/lane_tracking_pkg/vision/detector.py", line 63, in detect_lane_center
    left_line = _fit_lane(np.vstack(left_points)) if left_points else None
TypeError: _fit_lane() missing 2 required positional arguments: 'y_bottom' and 'y_top'

1758341705.529509305 ERROR /lane_tracking_node [topics.py:753(_SubscriberImpl._invoke_callback)] [topics: /rosout, /lane_overlay, /camera/image_raw, /lane/center_offset, /lane/steering_angle] bad callback: <bound method LaneTrackingNode.image_cb of <__main__.LaneTrackingNode object at 0x7f55bef5a1c0>>
Traceback (most recent call last):
  File "/opt/ros/noetic/lib/python3/dist-packages/rospy/topics.py", line 750, in _invoke_callback
    cb(msg)
  File "/home/hyeongseon/catkin_ws/src/lane_tracking_pkg/scripts/lane_tracking_node.py", line 99, in image_cb
    self.handle_frame(frame, msg.header)
  File "/home/hyeongseon/catkin_ws/src/lane_tracking_pkg/scripts/lane_tracking_node.py", line 111, in handle_frame
    lane_center, roi_overlay = detect_lane_center(edges, roi_color, self.debug)
  File "/home/hyeongseon/catkin_ws/src/lane_tracking_pkg/vision/detector.py", line 63, in detect_lane_center
    left_line = _fit_lane(np.vstack(left_points)) if left_points else None
TypeError: _fit_lane() missing 2 required positional arguments: 'y_bottom' and 'y_top'

1758341705.559207677 ERROR /lane_tracking_node [topics.py:753(_SubscriberImpl._invoke_callback)] [topics: /rosout, /lane_overlay, /camera/image_raw, /lane/center_offset, /lane/steering_angle] bad callback: <bound method LaneTrackingNode.image_cb of <__main__.LaneTrackingNode object at 0x7f55bef5a1c0>>
Traceback (most recent call last):
  File "/opt/ros/noetic/lib/python3/dist-packages/rospy/topics.py", line 750, in _invoke_callback
    cb(msg)
  File "/home/hyeongseon/catkin_ws/src/lane_tracking_pkg/scripts/lane_tracking_node.py", line 99, in image_cb
    self.handle_frame(frame, msg.header)
  File "/home/hyeongseon/catkin_ws/src/lane_tracking_pkg/scripts/lane_tracking_node.py", line 111, in handle_frame
    lane_center, roi_overlay = detect_lane_center(edges, roi_color, self.debug)
  File "/home/hyeongseon/catkin_ws/src/lane_tracking_pkg/vision/detector.py", line 63, in detect_lane_center
    left_line = _fit_lane(np.vstack(left_points)) if left_points else None
TypeError: _fit_lane() missing 2 required positional arguments: 'y_bottom' and 'y_top'

1758341705.592113494 ERROR /lane_tracking_node [topics.py:753(_SubscriberImpl._invoke_callback)] [topics: /rosout, /lane_overlay, /camera/image_raw, /lane/center_offset, /lane/steering_angle] bad callback: <bound method LaneTrackingNode.image_cb of <__main__.LaneTrackingNode object at 0x7f55bef5a1c0>>
Traceback (most recent call last):
  File "/opt/ros/noetic/lib/python3/dist-packages/rospy/topics.py", line 750, in _invoke_callback
    cb(msg)
  File "/home/hyeongseon/catkin_ws/src/lane_tracking_pkg/scripts/lane_tracking_node.py", line 99, in image_cb
    self.handle_frame(frame, msg.header)
  File "/home/hyeongseon/catkin_ws/src/lane_tracking_pkg/scripts/lane_tracking_node.py", line 111, in handle_frame
    lane_center, roi_overlay = detect_lane_center(edges, roi_color, self.debug)
  File "/home/hyeongseon/catkin_ws/src/lane_tracking_pkg/vision/detector.py", line 63, in detect_lane_center
    left_line = _fit_lane(np.vstack(left_points)) if left_points else None
TypeError: _fit_lane() missing 2 required positional arguments: 'y_bottom' and 'y_top'

1758341705.620336055 ERROR /lane_tracking_node [topics.py:753(_SubscriberImpl._invoke_callback)] [topics: /rosout, /lane_overlay, /camera/image_raw, /lane/center_offset, /lane/steering_angle] bad callback: <bound method LaneTrackingNode.image_cb of <__main__.LaneTrackingNode object at 0x7f55bef5a1c0>>
Traceback (most recent call last):
  File "/opt/ros/noetic/lib/python3/dist-packages/rospy/topics.py", line 750, in _invoke_callback
    cb(msg)
  File "/home/hyeongseon/catkin_ws/src/lane_tracking_pkg/scripts/lane_tracking_node.py", line 99, in image_cb
    self.handle_frame(frame, msg.header)
  File "/home/hyeongseon/catkin_ws/src/lane_tracking_pkg/scripts/lane_tracking_node.py", line 111, in handle_frame
    lane_center, roi_overlay = detect_lane_center(edges, roi_color, self.debug)
  File "/home/hyeongseon/catkin_ws/src/lane_tracking_pkg/vision/detector.py", line 63, in detect_lane_center
    left_line = _fit_lane(np.vstack(left_points)) if left_points else None
TypeError: _fit_lane() missing 2 required positional arguments: 'y_bottom' and 'y_top'

1758341705.654162406 ERROR /lane_tracking_node [topics.py:753(_SubscriberImpl._invoke_callback)] [topics: /rosout, /lane_overlay, /camera/image_raw, /lane/center_offset, /lane/steering_angle] bad callback: <bound method LaneTrackingNode.image_cb of <__main__.LaneTrackingNode object at 0x7f55bef5a1c0>>
Traceback (most recent call last):
  File "/opt/ros/noetic/lib/python3/dist-packages/rospy/topics.py", line 750, in _invoke_callback
    cb(msg)
  File "/home/hyeongseon/catkin_ws/src/lane_tracking_pkg/scripts/lane_tracking_node.py", line 99, in image_cb
    self.handle_frame(frame, msg.header)
  File "/home/hyeongseon/catkin_ws/src/lane_tracking_pkg/scripts/lane_tracking_node.py", line 111, in handle_frame
    lane_center, roi_overlay = detect_lane_center(edges, roi_color, self.debug)
  File "/home/hyeongseon/catkin_ws/src/lane_tracking_pkg/vision/detector.py", line 63, in detect_lane_center
    left_line = _fit_lane(np.vstack(left_points)) if left_points else None
TypeError: _fit_lane() missing 2 required positional arguments: 'y_bottom' and 'y_top'

1758341705.677609205 ERROR /lane_tracking_node [topics.py:753(_SubscriberImpl._invoke_callback)] [topics: /rosout, /lane_overlay, /camera/image_raw, /lane/center_offset, /lane/steering_angle] bad callback: <bound method LaneTrackingNode.image_cb of <__main__.LaneTrackingNode object at 0x7f55bef5a1c0>>
Traceback (most recent call last):
  File "/opt/ros/noetic/lib/python3/dist-packages/rospy/topics.py", line 750, in _invoke_callback
    cb(msg)
  File "/home/hyeongseon/catkin_ws/src/lane_tracking_pkg/scripts/lane_tracking_node.py", line 99, in image_cb
    self.handle_frame(frame, msg.header)
  File "/home/hyeongseon/catkin_ws/src/lane_tracking_pkg/scripts/lane_tracking_node.py", line 111, in handle_frame
    lane_center, roi_overlay = detect_lane_center(edges, roi_color, self.debug)
  File "/home/hyeongseon/catkin_ws/src/lane_tracking_pkg/vision/detector.py", line 63, in detect_lane_center
    left_line = _fit_lane(np.vstack(left_points)) if left_points else None
TypeError: _fit_lane() missing 2 required positional arguments: 'y_bottom' and 'y_top'

1758341705.713457107 ERROR /lane_tracking_node [topics.py:753(_SubscriberImpl._invoke_callback)] [topics: /rosout, /lane_overlay, /camera/image_raw, /lane/center_offset, /lane/steering_angle] bad callback: <bound method LaneTrackingNode.image_cb of <__main__.LaneTrackingNode object at 0x7f55bef5a1c0>>
Traceback (most recent call last):
  File "/opt/ros/noetic/lib/python3/dist-packages/rospy/topics.py", line 750, in _invoke_callback
    cb(msg)
  File "/home/hyeongseon/catkin_ws/src/lane_tracking_pkg/scripts/lane_tracking_node.py", line 99, in image_cb
    self.handle_frame(frame, msg.header)
  File "/home/hyeongseon/catkin_ws/src/lane_tracking_pkg/scripts/lane_tracking_node.py", line 111, in handle_frame
    lane_center, roi_overlay = detect_lane_center(edges, roi_color, self.debug)
  File "/home/hyeongseon/catkin_ws/src/lane_tracking_pkg/vision/detector.py", line 63, in detect_lane_center
    left_line = _fit_lane(np.vstack(left_points)) if left_points else None
TypeError: _fit_lane() missing 2 required positional arguments: 'y_bottom' and 'y_top'

1758341705.745383024 ERROR /lane_tracking_node [topics.py:753(_SubscriberImpl._invoke_callback)] [topics: /rosout, /lane_overlay, /camera/image_raw, /lane/center_offset, /lane/steering_angle] bad callback: <bound method LaneTrackingNode.image_cb of <__main__.LaneTrackingNode object at 0x7f55bef5a1c0>>
Traceback (most recent call last):
  File "/opt/ros/noetic/lib/python3/dist-packages/rospy/topics.py", line 750, in _invoke_callback
    cb(msg)
  File "/home/hyeongseon/catkin_ws/src/lane_tracking_pkg/scripts/lane_tracking_node.py", line 99, in image_cb
    self.handle_frame(frame, msg.header)
  File "/home/hyeongseon/catkin_ws/src/lane_tracking_pkg/scripts/lane_tracking_node.py", line 111, in handle_frame
    lane_center, roi_overlay = detect_lane_center(edges, roi_color, self.debug)
  File "/home/hyeongseon/catkin_ws/src/lane_tracking_pkg/vision/detector.py", line 63, in detect_lane_center
    left_line = _fit_lane(np.vstack(left_points)) if left_points else None
TypeError: _fit_lane() missing 2 required positional arguments: 'y_bottom' and 'y_top'

1758341705.778778076 ERROR /lane_tracking_node [topics.py:753(_SubscriberImpl._invoke_callback)] [topics: /rosout, /lane_overlay, /camera/image_raw, /lane/center_offset, /lane/steering_angle] bad callback: <bound method LaneTrackingNode.image_cb of <__main__.LaneTrackingNode object at 0x7f55bef5a1c0>>
Traceback (most recent call last):
  File "/opt/ros/noetic/lib/python3/dist-packages/rospy/topics.py", line 750, in _invoke_callback
    cb(msg)
  File "/home/hyeongseon/catkin_ws/src/lane_tracking_pkg/scripts/lane_tracking_node.py", line 99, in image_cb
    self.handle_frame(frame, msg.header)
  File "/home/hyeongseon/catkin_ws/src/lane_tracking_pkg/scripts/lane_tracking_node.py", line 111, in handle_frame
    lane_center, roi_overlay = detect_lane_center(edges, roi_color, self.debug)
  File "/home/hyeongseon/catkin_ws/src/lane_tracking_pkg/vision/detector.py", line 63, in detect_lane_center
    left_line = _fit_lane(np.vstack(left_points)) if left_points else None
TypeError: _fit_lane() missing 2 required positional arguments: 'y_bottom' and 'y_top'

1758341705.804758548 ERROR /lane_tracking_node [topics.py:753(_SubscriberImpl._invoke_callback)] [topics: /rosout, /lane_overlay, /camera/image_raw, /lane/center_offset, /lane/steering_angle] bad callback: <bound method LaneTrackingNode.image_cb of <__main__.LaneTrackingNode object at 0x7f55bef5a1c0>>
Traceback (most recent call last):
  File "/opt/ros/noetic/lib/python3/dist-packages/rospy/topics.py", line 750, in _invoke_callback
    cb(msg)
  File "/home/hyeongseon/catkin_ws/src/lane_tracking_pkg/scripts/lane_tracking_node.py", line 99, in image_cb
    self.handle_frame(frame, msg.header)
  File "/home/hyeongseon/catkin_ws/src/lane_tracking_pkg/scripts/lane_tracking_node.py", line 111, in handle_frame
    lane_center, roi_overlay = detect_lane_center(edges, roi_color, self.debug)
  File "/home/hyeongseon/catkin_ws/src/lane_tracking_pkg/vision/detector.py", line 63, in detect_lane_center
    left_line = _fit_lane(np.vstack(left_points)) if left_points else None
TypeError: _fit_lane() missing 2 required positional arguments: 'y_bottom' and 'y_top'

1758341705.830377817 ERROR /lane_tracking_node [topics.py:753(_SubscriberImpl._invoke_callback)] [topics: /rosout, /lane_overlay, /camera/image_raw, /lane/center_offset, /lane/steering_angle] bad callback: <bound method LaneTrackingNode.image_cb of <__main__.LaneTrackingNode object at 0x7f55bef5a1c0>>
Traceback (most recent call last):
  File "/opt/ros/noetic/lib/python3/dist-packages/rospy/topics.py", line 750, in _invoke_callback
    cb(msg)
  File "/home/hyeongseon/catkin_ws/src/lane_tracking_pkg/scripts/lane_tracking_node.py", line 99, in image_cb
    self.handle_frame(frame, msg.header)
  File "/home/hyeongseon/catkin_ws/src/lane_tracking_pkg/scripts/lane_tracking_node.py", line 111, in handle_frame
    lane_center, roi_overlay = detect_lane_center(edges, roi_color, self.debug)
  File "/home/hyeongseon/catkin_ws/src/lane_tracking_pkg/vision/detector.py", line 63, in detect_lane_center
    left_line = _fit_lane(np.vstack(left_points)) if left_points else None
TypeError: _fit_lane() missing 2 required positional arguments: 'y_bottom' and 'y_top'

1758341705.871486186 ERROR /lane_tracking_node [topics.py:753(_SubscriberImpl._invoke_callback)] [topics: /rosout, /lane_overlay, /camera/image_raw, /lane/center_offset, /lane/steering_angle] bad callback: <bound method LaneTrackingNode.image_cb of <__main__.LaneTrackingNode object at 0x7f55bef5a1c0>>
Traceback (most recent call last):
  File "/opt/ros/noetic/lib/python3/dist-packages/rospy/topics.py", line 750, in _invoke_callback
    cb(msg)
  File "/home/hyeongseon/catkin_ws/src/lane_tracking_pkg/scripts/lane_tracking_node.py", line 99, in image_cb
    self.handle_frame(frame, msg.header)
  File "/home/hyeongseon/catkin_ws/src/lane_tracking_pkg/scripts/lane_tracking_node.py", line 111, in handle_frame
    lane_center, roi_overlay = detect_lane_center(edges, roi_color, self.debug)
  File "/home/hyeongseon/catkin_ws/src/lane_tracking_pkg/vision/detector.py", line 63, in detect_lane_center
    left_line = _fit_lane(np.vstack(left_points)) if left_points else None
TypeError: _fit_lane() missing 2 required positional arguments: 'y_bottom' and 'y_top'

1758341705.887434720 ERROR /lane_tracking_node [topics.py:753(_SubscriberImpl._invoke_callback)] [topics: /rosout, /lane_overlay, /camera/image_raw, /lane/center_offset, /lane/steering_angle] bad callback: <bound method LaneTrackingNode.image_cb of <__main__.LaneTrackingNode object at 0x7f55bef5a1c0>>
Traceback (most recent call last):
  File "/opt/ros/noetic/lib/python3/dist-packages/rospy/topics.py", line 750, in _invoke_callback
    cb(msg)
  File "/home/hyeongseon/catkin_ws/src/lane_tracking_pkg/scripts/lane_tracking_node.py", line 99, in image_cb
    self.handle_frame(frame, msg.header)
  File "/home/hyeongseon/catkin_ws/src/lane_tracking_pkg/scripts/lane_tracking_node.py", line 111, in handle_frame
    lane_center, roi_overlay = detect_lane_center(edges, roi_color, self.debug)
  File "/home/hyeongseon/catkin_ws/src/lane_tracking_pkg/vision/detector.py", line 63, in detect_lane_center
    left_line = _fit_lane(np.vstack(left_points)) if left_points else None
TypeError: _fit_lane() missing 2 required positional arguments: 'y_bottom' and 'y_top'

1758341705.930753469 ERROR /lane_tracking_node [topics.py:753(_SubscriberImpl._invoke_callback)] [topics: /rosout, /lane_overlay, /camera/image_raw, /lane/center_offset, /lane/steering_angle] bad callback: <bound method LaneTrackingNode.image_cb of <__main__.LaneTrackingNode object at 0x7f55bef5a1c0>>
Traceback (most recent call last):
  File "/opt/ros/noetic/lib/python3/dist-packages/rospy/topics.py", line 750, in _invoke_callback
    cb(msg)
  File "/home/hyeongseon/catkin_ws/src/lane_tracking_pkg/scripts/lane_tracking_node.py", line 99, in image_cb
    self.handle_frame(frame, msg.header)
  File "/home/hyeongseon/catkin_ws/src/lane_tracking_pkg/scripts/lane_tracking_node.py", line 111, in handle_frame
    lane_center, roi_overlay = detect_lane_center(edges, roi_color, self.debug)
  File "/home/hyeongseon/catkin_ws/src/lane_tracking_pkg/vision/detector.py", line 63, in detect_lane_center
    left_line = _fit_lane(np.vstack(left_points)) if left_points else None
TypeError: _fit_lane() missing 2 required positional arguments: 'y_bottom' and 'y_top'

1758341705.963550090 ERROR /lane_tracking_node [topics.py:753(_SubscriberImpl._invoke_callback)] [topics: /rosout, /lane_overlay, /camera/image_raw, /lane/center_offset, /lane/steering_angle] bad callback: <bound method LaneTrackingNode.image_cb of <__main__.LaneTrackingNode object at 0x7f55bef5a1c0>>
Traceback (most recent call last):
  File "/opt/ros/noetic/lib/python3/dist-packages/rospy/topics.py", line 750, in _invoke_callback
    cb(msg)
  File "/home/hyeongseon/catkin_ws/src/lane_tracking_pkg/scripts/lane_tracking_node.py", line 99, in image_cb
    self.handle_frame(frame, msg.header)
  File "/home/hyeongseon/catkin_ws/src/lane_tracking_pkg/scripts/lane_tracking_node.py", line 111, in handle_frame
    lane_center, roi_overlay = detect_lane_center(edges, roi_color, self.debug)
  File "/home/hyeongseon/catkin_ws/src/lane_tracking_pkg/vision/detector.py", line 63, in detect_lane_center
    left_line = _fit_lane(np.vstack(left_points)) if left_points else None
TypeError: _fit_lane() missing 2 required positional arguments: 'y_bottom' and 'y_top'

1758341705.995867729 ERROR /lane_tracking_node [topics.py:753(_SubscriberImpl._invoke_callback)] [topics: /rosout, /lane_overlay, /camera/image_raw, /lane/center_offset, /lane/steering_angle] bad callback: <bound method LaneTrackingNode.image_cb of <__main__.LaneTrackingNode object at 0x7f55bef5a1c0>>
Traceback (most recent call last):
  File "/opt/ros/noetic/lib/python3/dist-packages/rospy/topics.py", line 750, in _invoke_callback
    cb(msg)
  File "/home/hyeongseon/catkin_ws/src/lane_tracking_pkg/scripts/lane_tracking_node.py", line 99, in image_cb
    self.handle_frame(frame, msg.header)
  File "/home/hyeongseon/catkin_ws/src/lane_tracking_pkg/scripts/lane_tracking_node.py", line 111, in handle_frame
    lane_center, roi_overlay = detect_lane_center(edges, roi_color, self.debug)
  File "/home/hyeongseon/catkin_ws/src/lane_tracking_pkg/vision/detector.py", line 63, in detect_lane_center
    left_line = _fit_lane(np.vstack(left_points)) if left_points else None
TypeError: _fit_lane() missing 2 required positional arguments: 'y_bottom' and 'y_top'

1758341706.010709047 ERROR /lane_tracking_node [topics.py:753(_SubscriberImpl._invoke_callback)] [topics: /rosout, /lane_overlay, /camera/image_raw, /lane/center_offset, /lane/steering_angle] bad callback: <bound method LaneTrackingNode.image_cb of <__main__.LaneTrackingNode object at 0x7f55bef5a1c0>>
Traceback (most recent call last):
  File "/opt/ros/noetic/lib/python3/dist-packages/rospy/topics.py", line 750, in _invoke_callback
    cb(msg)
  File "/home/hyeongseon/catkin_ws/src/lane_tracking_pkg/scripts/lane_tracking_node.py", line 99, in image_cb
    self.handle_frame(frame, msg.header)
  File "/home/hyeongseon/catkin_ws/src/lane_tracking_pkg/scripts/lane_tracking_node.py", line 111, in handle_frame
    lane_center, roi_overlay = detect_lane_center(edges, roi_color, self.debug)
  File "/home/hyeongseon/catkin_ws/src/lane_tracking_pkg/vision/detector.py", line 63, in detect_lane_center
    left_line = _fit_lane(np.vstack(left_points)) if left_points else None
TypeError: _fit_lane() missing 2 required positional arguments: 'y_bottom' and 'y_top'

1758341706.047264814 ERROR /lane_tracking_node [topics.py:753(_SubscriberImpl._invoke_callback)] [topics: /rosout, /lane_overlay, /camera/image_raw, /lane/center_offset, /lane/steering_angle] bad callback: <bound method LaneTrackingNode.image_cb of <__main__.LaneTrackingNode object at 0x7f55bef5a1c0>>
Traceback (most recent call last):
  File "/opt/ros/noetic/lib/python3/dist-packages/rospy/topics.py", line 750, in _invoke_callback
    cb(msg)
  File "/home/hyeongseon/catkin_ws/src/lane_tracking_pkg/scripts/lane_tracking_node.py", line 99, in image_cb
    self.handle_frame(frame, msg.header)
  File "/home/hyeongseon/catkin_ws/src/lane_tracking_pkg/scripts/lane_tracking_node.py", line 111, in handle_frame
    lane_center, roi_overlay = detect_lane_center(edges, roi_color, self.debug)
  File "/home/hyeongseon/catkin_ws/src/lane_tracking_pkg/vision/detector.py", line 63, in detect_lane_center
    left_line = _fit_lane(np.vstack(left_points)) if left_points else None
TypeError: _fit_lane() missing 2 required positional arguments: 'y_bottom' and 'y_top'

1758341706.071939468 ERROR /lane_tracking_node [topics.py:753(_SubscriberImpl._invoke_callback)] [topics: /rosout, /lane_overlay, /camera/image_raw, /lane/center_offset, /lane/steering_angle] bad callback: <bound method LaneTrackingNode.image_cb of <__main__.LaneTrackingNode object at 0x7f55bef5a1c0>>
Traceback (most recent call last):
  File "/opt/ros/noetic/lib/python3/dist-packages/rospy/topics.py", line 750, in _invoke_callback
    cb(msg)
  File "/home/hyeongseon/catkin_ws/src/lane_tracking_pkg/scripts/lane_tracking_node.py", line 99, in image_cb
    self.handle_frame(frame, msg.header)
  File "/home/hyeongseon/catkin_ws/src/lane_tracking_pkg/scripts/lane_tracking_node.py", line 111, in handle_frame
    lane_center, roi_overlay = detect_lane_center(edges, roi_color, self.debug)
  File "/home/hyeongseon/catkin_ws/src/lane_tracking_pkg/vision/detector.py", line 63, in detect_lane_center
    left_line = _fit_lane(np.vstack(left_points)) if left_points else None
TypeError: _fit_lane() missing 2 required positional arguments: 'y_bottom' and 'y_top'

1758341706.118488550 ERROR /lane_tracking_node [topics.py:753(_SubscriberImpl._invoke_callback)] [topics: /rosout, /lane_overlay, /camera/image_raw, /lane/center_offset, /lane/steering_angle] bad callback: <bound method LaneTrackingNode.image_cb of <__main__.LaneTrackingNode object at 0x7f55bef5a1c0>>
Traceback (most recent call last):
  File "/opt/ros/noetic/lib/python3/dist-packages/rospy/topics.py", line 750, in _invoke_callback
    cb(msg)
  File "/home/hyeongseon/catkin_ws/src/lane_tracking_pkg/scripts/lane_tracking_node.py", line 99, in image_cb
    self.handle_frame(frame, msg.header)
  File "/home/hyeongseon/catkin_ws/src/lane_tracking_pkg/scripts/lane_tracking_node.py", line 111, in handle_frame
    lane_center, roi_overlay = detect_lane_center(edges, roi_color, self.debug)
  File "/home/hyeongseon/catkin_ws/src/lane_tracking_pkg/vision/detector.py", line 63, in detect_lane_center
    left_line = _fit_lane(np.vstack(left_points)) if left_points else None
TypeError: _fit_lane() missing 2 required positional arguments: 'y_bottom' and 'y_top'

1758341706.133131742 ERROR /lane_tracking_node [topics.py:753(_SubscriberImpl._invoke_callback)] [topics: /rosout, /lane_overlay, /camera/image_raw, /lane/center_offset, /lane/steering_angle] bad callback: <bound method LaneTrackingNode.image_cb of <__main__.LaneTrackingNode object at 0x7f55bef5a1c0>>
Traceback (most recent call last):
  File "/opt/ros/noetic/lib/python3/dist-packages/rospy/topics.py", line 750, in _invoke_callback
    cb(msg)
  File "/home/hyeongseon/catkin_ws/src/lane_tracking_pkg/scripts/lane_tracking_node.py", line 99, in image_cb
    self.handle_frame(frame, msg.header)
  File "/home/hyeongseon/catkin_ws/src/lane_tracking_pkg/scripts/lane_tracking_node.py", line 111, in handle_frame
    lane_center, roi_overlay = detect_lane_center(edges, roi_color, self.debug)
  File "/home/hyeongseon/catkin_ws/src/lane_tracking_pkg/vision/detector.py", line 63, in detect_lane_center
    left_line = _fit_lane(np.vstack(left_points)) if left_points else None
TypeError: _fit_lane() missing 2 required positional arguments: 'y_bottom' and 'y_top'

1758341706.161818027 ERROR /lane_tracking_node [topics.py:753(_SubscriberImpl._invoke_callback)] [topics: /rosout, /lane_overlay, /camera/image_raw, /lane/center_offset, /lane/steering_angle] bad callback: <bound method LaneTrackingNode.image_cb of <__main__.LaneTrackingNode object at 0x7f55bef5a1c0>>
Traceback (most recent call last):
  File "/opt/ros/noetic/lib/python3/dist-packages/rospy/topics.py", line 750, in _invoke_callback
    cb(msg)
  File "/home/hyeongseon/catkin_ws/src/lane_tracking_pkg/scripts/lane_tracking_node.py", line 99, in image_cb
    self.handle_frame(frame, msg.header)
  File "/home/hyeongseon/catkin_ws/src/lane_tracking_pkg/scripts/lane_tracking_node.py", line 111, in handle_frame
    lane_center, roi_overlay = detect_lane_center(edges, roi_color, self.debug)
  File "/home/hyeongseon/catkin_ws/src/lane_tracking_pkg/vision/detector.py", line 63, in detect_lane_center
    left_line = _fit_lane(np.vstack(left_points)) if left_points else None
TypeError: _fit_lane() missing 2 required positional arguments: 'y_bottom' and 'y_top'

1758341706.204379796 ERROR /lane_tracking_node [topics.py:753(_SubscriberImpl._invoke_callback)] [topics: /rosout, /lane_overlay, /camera/image_raw, /lane/center_offset, /lane/steering_angle] bad callback: <bound method LaneTrackingNode.image_cb of <__main__.LaneTrackingNode object at 0x7f55bef5a1c0>>
Traceback (most recent call last):
  File "/opt/ros/noetic/lib/python3/dist-packages/rospy/topics.py", line 750, in _invoke_callback
    cb(msg)
  File "/home/hyeongseon/catkin_ws/src/lane_tracking_pkg/scripts/lane_tracking_node.py", line 99, in image_cb
    self.handle_frame(frame, msg.header)
  File "/home/hyeongseon/catkin_ws/src/lane_tracking_pkg/scripts/lane_tracking_node.py", line 111, in handle_frame
    lane_center, roi_overlay = detect_lane_center(edges, roi_color, self.debug)
  File "/home/hyeongseon/catkin_ws/src/lane_tracking_pkg/vision/detector.py", line 63, in detect_lane_center
    left_line = _fit_lane(np.vstack(left_points)) if left_points else None
TypeError: _fit_lane() missing 2 required positional arguments: 'y_bottom' and 'y_top'

1758341706.224552869 ERROR /lane_tracking_node [topics.py:753(_SubscriberImpl._invoke_callback)] [topics: /rosout, /lane_overlay, /camera/image_raw, /lane/center_offset, /lane/steering_angle] bad callback: <bound method LaneTrackingNode.image_cb of <__main__.LaneTrackingNode object at 0x7f55bef5a1c0>>
Traceback (most recent call last):
  File "/opt/ros/noetic/lib/python3/dist-packages/rospy/topics.py", line 750, in _invoke_callback
    cb(msg)
  File "/home/hyeongseon/catkin_ws/src/lane_tracking_pkg/scripts/lane_tracking_node.py", line 99, in image_cb
    self.handle_frame(frame, msg.header)
  File "/home/hyeongseon/catkin_ws/src/lane_tracking_pkg/scripts/lane_tracking_node.py", line 111, in handle_frame
    lane_center, roi_overlay = detect_lane_center(edges, roi_color, self.debug)
  File "/home/hyeongseon/catkin_ws/src/lane_tracking_pkg/vision/detector.py", line 63, in detect_lane_center
    left_line = _fit_lane(np.vstack(left_points)) if left_points else None
TypeError: _fit_lane() missing 2 required positional arguments: 'y_bottom' and 'y_top'

1758341706.274703502 ERROR /lane_tracking_node [topics.py:753(_SubscriberImpl._invoke_callback)] [topics: /rosout, /lane_overlay, /camera/image_raw, /lane/center_offset, /lane/steering_angle] bad callback: <bound method LaneTrackingNode.image_cb of <__main__.LaneTrackingNode object at 0x7f55bef5a1c0>>
Traceback (most recent call last):
  File "/opt/ros/noetic/lib/python3/dist-packages/rospy/topics.py", line 750, in _invoke_callback
    cb(msg)
  File "/home/hyeongseon/catkin_ws/src/lane_tracking_pkg/scripts/lane_tracking_node.py", line 99, in image_cb
    self.handle_frame(frame, msg.header)
  File "/home/hyeongseon/catkin_ws/src/lane_tracking_pkg/scripts/lane_tracking_node.py", line 111, in handle_frame
    lane_center, roi_overlay = detect_lane_center(edges, roi_color, self.debug)
  File "/home/hyeongseon/catkin_ws/src/lane_tracking_pkg/vision/detector.py", line 63, in detect_lane_center
    left_line = _fit_lane(np.vstack(left_points)) if left_points else None
TypeError: _fit_lane() missing 2 required positional arguments: 'y_bottom' and 'y_top'

1758341706.302167177 ERROR /lane_tracking_node [topics.py:753(_SubscriberImpl._invoke_callback)] [topics: /rosout, /lane_overlay, /camera/image_raw, /lane/center_offset, /lane/steering_angle] bad callback: <bound method LaneTrackingNode.image_cb of <__main__.LaneTrackingNode object at 0x7f55bef5a1c0>>
Traceback (most recent call last):
  File "/opt/ros/noetic/lib/python3/dist-packages/rospy/topics.py", line 750, in _invoke_callback
    cb(msg)
  File "/home/hyeongseon/catkin_ws/src/lane_tracking_pkg/scripts/lane_tracking_node.py", line 99, in image_cb
    self.handle_frame(frame, msg.header)
  File "/home/hyeongseon/catkin_ws/src/lane_tracking_pkg/scripts/lane_tracking_node.py", line 111, in handle_frame
    lane_center, roi_overlay = detect_lane_center(edges, roi_color, self.debug)
  File "/home/hyeongseon/catkin_ws/src/lane_tracking_pkg/vision/detector.py", line 63, in detect_lane_center
    left_line = _fit_lane(np.vstack(left_points)) if left_points else None
TypeError: _fit_lane() missing 2 required positional arguments: 'y_bottom' and 'y_top'

1758341706.345885276 ERROR /lane_tracking_node [topics.py:753(_SubscriberImpl._invoke_callback)] [topics: /rosout, /lane_overlay, /camera/image_raw, /lane/center_offset, /lane/steering_angle] bad callback: <bound method LaneTrackingNode.image_cb of <__main__.LaneTrackingNode object at 0x7f55bef5a1c0>>
Traceback (most recent call last):
  File "/opt/ros/noetic/lib/python3/dist-packages/rospy/topics.py", line 750, in _invoke_callback
    cb(msg)
  File "/home/hyeongseon/catkin_ws/src/lane_tracking_pkg/scripts/lane_tracking_node.py", line 99, in image_cb
    self.handle_frame(frame, msg.header)
  File "/home/hyeongseon/catkin_ws/src/lane_tracking_pkg/scripts/lane_tracking_node.py", line 111, in handle_frame
    lane_center, roi_overlay = detect_lane_center(edges, roi_color, self.debug)
  File "/home/hyeongseon/catkin_ws/src/lane_tracking_pkg/vision/detector.py", line 63, in detect_lane_center
    left_line = _fit_lane(np.vstack(left_points)) if left_points else None
TypeError: _fit_lane() missing 2 required positional arguments: 'y_bottom' and 'y_top'

1758341706.363591909 ERROR /lane_tracking_node [topics.py:753(_SubscriberImpl._invoke_callback)] [topics: /rosout, /lane_overlay, /camera/image_raw, /lane/center_offset, /lane/steering_angle] bad callback: <bound method LaneTrackingNode.image_cb of <__main__.LaneTrackingNode object at 0x7f55bef5a1c0>>
Traceback (most recent call last):
  File "/opt/ros/noetic/lib/python3/dist-packages/rospy/topics.py", line 750, in _invoke_callback
    cb(msg)
  File "/home/hyeongseon/catkin_ws/src/lane_tracking_pkg/scripts/lane_tracking_node.py", line 99, in image_cb
    self.handle_frame(frame, msg.header)
  File "/home/hyeongseon/catkin_ws/src/lane_tracking_pkg/scripts/lane_tracking_node.py", line 111, in handle_frame
    lane_center, roi_overlay = detect_lane_center(edges, roi_color, self.debug)
  File "/home/hyeongseon/catkin_ws/src/lane_tracking_pkg/vision/detector.py", line 63, in detect_lane_center
    left_line = _fit_lane(np.vstack(left_points)) if left_points else None
TypeError: _fit_lane() missing 2 required positional arguments: 'y_bottom' and 'y_top'

1758341706.388867616 ERROR /lane_tracking_node [topics.py:753(_SubscriberImpl._invoke_callback)] [topics: /rosout, /lane_overlay, /camera/image_raw, /lane/center_offset, /lane/steering_angle] bad callback: <bound method LaneTrackingNode.image_cb of <__main__.LaneTrackingNode object at 0x7f55bef5a1c0>>
Traceback (most recent call last):
  File "/opt/ros/noetic/lib/python3/dist-packages/rospy/topics.py", line 750, in _invoke_callback
    cb(msg)
  File "/home/hyeongseon/catkin_ws/src/lane_tracking_pkg/scripts/lane_tracking_node.py", line 99, in image_cb
    self.handle_frame(frame, msg.header)
  File "/home/hyeongseon/catkin_ws/src/lane_tracking_pkg/scripts/lane_tracking_node.py", line 111, in handle_frame
    lane_center, roi_overlay = detect_lane_center(edges, roi_color, self.debug)
  File "/home/hyeongseon/catkin_ws/src/lane_tracking_pkg/vision/detector.py", line 63, in detect_lane_center
    left_line = _fit_lane(np.vstack(left_points)) if left_points else None
TypeError: _fit_lane() missing 2 required positional arguments: 'y_bottom' and 'y_top'

1758341706.429870128 ERROR /lane_tracking_node [topics.py:753(_SubscriberImpl._invoke_callback)] [topics: /rosout, /lane_overlay, /camera/image_raw, /lane/center_offset, /lane/steering_angle] bad callback: <bound method LaneTrackingNode.image_cb of <__main__.LaneTrackingNode object at 0x7f55bef5a1c0>>
Traceback (most recent call last):
  File "/opt/ros/noetic/lib/python3/dist-packages/rospy/topics.py", line 750, in _invoke_callback
    cb(msg)
  File "/home/hyeongseon/catkin_ws/src/lane_tracking_pkg/scripts/lane_tracking_node.py", line 99, in image_cb
    self.handle_frame(frame, msg.header)
  File "/home/hyeongseon/catkin_ws/src/lane_tracking_pkg/scripts/lane_tracking_node.py", line 111, in handle_frame
    lane_center, roi_overlay = detect_lane_center(edges, roi_color, self.debug)
  File "/home/hyeongseon/catkin_ws/src/lane_tracking_pkg/vision/detector.py", line 63, in detect_lane_center
    left_line = _fit_lane(np.vstack(left_points)) if left_points else None
TypeError: _fit_lane() missing 2 required positional arguments: 'y_bottom' and 'y_top'

1758341706.451086282 ERROR /lane_tracking_node [topics.py:753(_SubscriberImpl._invoke_callback)] [topics: /rosout, /lane_overlay, /camera/image_raw, /lane/center_offset, /lane/steering_angle] bad callback: <bound method LaneTrackingNode.image_cb of <__main__.LaneTrackingNode object at 0x7f55bef5a1c0>>
Traceback (most recent call last):
  File "/opt/ros/noetic/lib/python3/dist-packages/rospy/topics.py", line 750, in _invoke_callback
    cb(msg)
  File "/home/hyeongseon/catkin_ws/src/lane_tracking_pkg/scripts/lane_tracking_node.py", line 99, in image_cb
    self.handle_frame(frame, msg.header)
  File "/home/hyeongseon/catkin_ws/src/lane_tracking_pkg/scripts/lane_tracking_node.py", line 111, in handle_frame
    lane_center, roi_overlay = detect_lane_center(edges, roi_color, self.debug)
  File "/home/hyeongseon/catkin_ws/src/lane_tracking_pkg/vision/detector.py", line 63, in detect_lane_center
    left_line = _fit_lane(np.vstack(left_points)) if left_points else None
TypeError: _fit_lane() missing 2 required positional arguments: 'y_bottom' and 'y_top'

1758341706.491805076 ERROR /lane_tracking_node [topics.py:753(_SubscriberImpl._invoke_callback)] [topics: /rosout, /lane_overlay, /camera/image_raw, /lane/center_offset, /lane/steering_angle] bad callback: <bound method LaneTrackingNode.image_cb of <__main__.LaneTrackingNode object at 0x7f55bef5a1c0>>
Traceback (most recent call last):
  File "/opt/ros/noetic/lib/python3/dist-packages/rospy/topics.py", line 750, in _invoke_callback
    cb(msg)
  File "/home/hyeongseon/catkin_ws/src/lane_tracking_pkg/scripts/lane_tracking_node.py", line 99, in image_cb
    self.handle_frame(frame, msg.header)
  File "/home/hyeongseon/catkin_ws/src/lane_tracking_pkg/scripts/lane_tracking_node.py", line 111, in handle_frame
    lane_center, roi_overlay = detect_lane_center(edges, roi_color, self.debug)
  File "/home/hyeongseon/catkin_ws/src/lane_tracking_pkg/vision/detector.py", line 63, in detect_lane_center
    left_line = _fit_lane(np.vstack(left_points)) if left_points else None
TypeError: _fit_lane() missing 2 required positional arguments: 'y_bottom' and 'y_top'

1758341706.516796588 ERROR /lane_tracking_node [topics.py:753(_SubscriberImpl._invoke_callback)] [topics: /rosout, /lane_overlay, /camera/image_raw, /lane/center_offset, /lane/steering_angle] bad callback: <bound method LaneTrackingNode.image_cb of <__main__.LaneTrackingNode object at 0x7f55bef5a1c0>>
Traceback (most recent call last):
  File "/opt/ros/noetic/lib/python3/dist-packages/rospy/topics.py", line 750, in _invoke_callback
    cb(msg)
  File "/home/hyeongseon/catkin_ws/src/lane_tracking_pkg/scripts/lane_tracking_node.py", line 99, in image_cb
    self.handle_frame(frame, msg.header)
  File "/home/hyeongseon/catkin_ws/src/lane_tracking_pkg/scripts/lane_tracking_node.py", line 111, in handle_frame
    lane_center, roi_overlay = detect_lane_center(edges, roi_color, self.debug)
  File "/home/hyeongseon/catkin_ws/src/lane_tracking_pkg/vision/detector.py", line 63, in detect_lane_center
    left_line = _fit_lane(np.vstack(left_points)) if left_points else None
TypeError: _fit_lane() missing 2 required positional arguments: 'y_bottom' and 'y_top'

1758341706.546348571 ERROR /lane_tracking_node [topics.py:753(_SubscriberImpl._invoke_callback)] [topics: /rosout, /lane_overlay, /camera/image_raw, /lane/center_offset, /lane/steering_angle] bad callback: <bound method LaneTrackingNode.image_cb of <__main__.LaneTrackingNode object at 0x7f55bef5a1c0>>
Traceback (most recent call last):
  File "/opt/ros/noetic/lib/python3/dist-packages/rospy/topics.py", line 750, in _invoke_callback
    cb(msg)
  File "/home/hyeongseon/catkin_ws/src/lane_tracking_pkg/scripts/lane_tracking_node.py", line 99, in image_cb
    self.handle_frame(frame, msg.header)
  File "/home/hyeongseon/catkin_ws/src/lane_tracking_pkg/scripts/lane_tracking_node.py", line 111, in handle_frame
    lane_center, roi_overlay = detect_lane_center(edges, roi_color, self.debug)
  File "/home/hyeongseon/catkin_ws/src/lane_tracking_pkg/vision/detector.py", line 63, in detect_lane_center
    left_line = _fit_lane(np.vstack(left_points)) if left_points else None
TypeError: _fit_lane() missing 2 required positional arguments: 'y_bottom' and 'y_top'

1758341706.577228546 ERROR /lane_tracking_node [topics.py:753(_SubscriberImpl._invoke_callback)] [topics: /rosout, /lane_overlay, /camera/image_raw, /lane/center_offset, /lane/steering_angle] bad callback: <bound method LaneTrackingNode.image_cb of <__main__.LaneTrackingNode object at 0x7f55bef5a1c0>>
Traceback (most recent call last):
  File "/opt/ros/noetic/lib/python3/dist-packages/rospy/topics.py", line 750, in _invoke_callback
    cb(msg)
  File "/home/hyeongseon/catkin_ws/src/lane_tracking_pkg/scripts/lane_tracking_node.py", line 99, in image_cb
    self.handle_frame(frame, msg.header)
  File "/home/hyeongseon/catkin_ws/src/lane_tracking_pkg/scripts/lane_tracking_node.py", line 111, in handle_frame
    lane_center, roi_overlay = detect_lane_center(edges, roi_color, self.debug)
  File "/home/hyeongseon/catkin_ws/src/lane_tracking_pkg/vision/detector.py", line 63, in detect_lane_center
    left_line = _fit_lane(np.vstack(left_points)) if left_points else None
TypeError: _fit_lane() missing 2 required positional arguments: 'y_bottom' and 'y_top'

1758341706.610966920 ERROR /lane_tracking_node [topics.py:753(_SubscriberImpl._invoke_callback)] [topics: /rosout, /lane_overlay, /camera/image_raw, /lane/center_offset, /lane/steering_angle] bad callback: <bound method LaneTrackingNode.image_cb of <__main__.LaneTrackingNode object at 0x7f55bef5a1c0>>
Traceback (most recent call last):
  File "/opt/ros/noetic/lib/python3/dist-packages/rospy/topics.py", line 750, in _invoke_callback
    cb(msg)
  File "/home/hyeongseon/catkin_ws/src/lane_tracking_pkg/scripts/lane_tracking_node.py", line 99, in image_cb
    self.handle_frame(frame, msg.header)
  File "/home/hyeongseon/catkin_ws/src/lane_tracking_pkg/scripts/lane_tracking_node.py", line 111, in handle_frame
    lane_center, roi_overlay = detect_lane_center(edges, roi_color, self.debug)
  File "/home/hyeongseon/catkin_ws/src/lane_tracking_pkg/vision/detector.py", line 63, in detect_lane_center
    left_line = _fit_lane(np.vstack(left_points)) if left_points else None
TypeError: _fit_lane() missing 2 required positional arguments: 'y_bottom' and 'y_top'

1758341706.646811723 ERROR /lane_tracking_node [topics.py:753(_SubscriberImpl._invoke_callback)] [topics: /rosout, /lane_overlay, /camera/image_raw, /lane/center_offset, /lane/steering_angle] bad callback: <bound method LaneTrackingNode.image_cb of <__main__.LaneTrackingNode object at 0x7f55bef5a1c0>>
Traceback (most recent call last):
  File "/opt/ros/noetic/lib/python3/dist-packages/rospy/topics.py", line 750, in _invoke_callback
    cb(msg)
  File "/home/hyeongseon/catkin_ws/src/lane_tracking_pkg/scripts/lane_tracking_node.py", line 99, in image_cb
    self.handle_frame(frame, msg.header)
  File "/home/hyeongseon/catkin_ws/src/lane_tracking_pkg/scripts/lane_tracking_node.py", line 111, in handle_frame
    lane_center, roi_overlay = detect_lane_center(edges, roi_color, self.debug)
  File "/home/hyeongseon/catkin_ws/src/lane_tracking_pkg/vision/detector.py", line 63, in detect_lane_center
    left_line = _fit_lane(np.vstack(left_points)) if left_points else None
TypeError: _fit_lane() missing 2 required positional arguments: 'y_bottom' and 'y_top'

1758341706.661235809 ERROR /lane_tracking_node [topics.py:753(_SubscriberImpl._invoke_callback)] [topics: /rosout, /lane_overlay, /camera/image_raw, /lane/center_offset, /lane/steering_angle] bad callback: <bound method LaneTrackingNode.image_cb of <__main__.LaneTrackingNode object at 0x7f55bef5a1c0>>
Traceback (most recent call last):
  File "/opt/ros/noetic/lib/python3/dist-packages/rospy/topics.py", line 750, in _invoke_callback
    cb(msg)
  File "/home/hyeongseon/catkin_ws/src/lane_tracking_pkg/scripts/lane_tracking_node.py", line 99, in image_cb
    self.handle_frame(frame, msg.header)
  File "/home/hyeongseon/catkin_ws/src/lane_tracking_pkg/scripts/lane_tracking_node.py", line 111, in handle_frame
    lane_center, roi_overlay = detect_lane_center(edges, roi_color, self.debug)
  File "/home/hyeongseon/catkin_ws/src/lane_tracking_pkg/vision/detector.py", line 63, in detect_lane_center
    left_line = _fit_lane(np.vstack(left_points)) if left_points else None
TypeError: _fit_lane() missing 2 required positional arguments: 'y_bottom' and 'y_top'

1758341706.715456724 ERROR /lane_tracking_node [topics.py:753(_SubscriberImpl._invoke_callback)] [topics: /rosout, /lane_overlay, /camera/image_raw, /lane/center_offset, /lane/steering_angle] bad callback: <bound method LaneTrackingNode.image_cb of <__main__.LaneTrackingNode object at 0x7f55bef5a1c0>>
Traceback (most recent call last):
  File "/opt/ros/noetic/lib/python3/dist-packages/rospy/topics.py", line 750, in _invoke_callback
    cb(msg)
  File "/home/hyeongseon/catkin_ws/src/lane_tracking_pkg/scripts/lane_tracking_node.py", line 99, in image_cb
    self.handle_frame(frame, msg.header)
  File "/home/hyeongseon/catkin_ws/src/lane_tracking_pkg/scripts/lane_tracking_node.py", line 111, in handle_frame
    lane_center, roi_overlay = detect_lane_center(edges, roi_color, self.debug)
  File "/home/hyeongseon/catkin_ws/src/lane_tracking_pkg/vision/detector.py", line 63, in detect_lane_center
    left_line = _fit_lane(np.vstack(left_points)) if left_points else None
TypeError: _fit_lane() missing 2 required positional arguments: 'y_bottom' and 'y_top'

1758341706.761360645 ERROR /lane_tracking_node [topics.py:753(_SubscriberImpl._invoke_callback)] [topics: /rosout, /lane_overlay, /camera/image_raw, /lane/center_offset, /lane/steering_angle] bad callback: <bound method LaneTrackingNode.image_cb of <__main__.LaneTrackingNode object at 0x7f55bef5a1c0>>
Traceback (most recent call last):
  File "/opt/ros/noetic/lib/python3/dist-packages/rospy/topics.py", line 750, in _invoke_callback
    cb(msg)
  File "/home/hyeongseon/catkin_ws/src/lane_tracking_pkg/scripts/lane_tracking_node.py", line 99, in image_cb
    self.handle_frame(frame, msg.header)
  File "/home/hyeongseon/catkin_ws/src/lane_tracking_pkg/scripts/lane_tracking_node.py", line 111, in handle_frame
    lane_center, roi_overlay = detect_lane_center(edges, roi_color, self.debug)
  File "/home/hyeongseon/catkin_ws/src/lane_tracking_pkg/vision/detector.py", line 63, in detect_lane_center
    left_line = _fit_lane(np.vstack(left_points)) if left_points else None
TypeError: _fit_lane() missing 2 required positional arguments: 'y_bottom' and 'y_top'

1758341706.791811466 ERROR /lane_tracking_node [topics.py:753(_SubscriberImpl._invoke_callback)] [topics: /rosout, /lane_overlay, /camera/image_raw, /lane/center_offset, /lane/steering_angle] bad callback: <bound method LaneTrackingNode.image_cb of <__main__.LaneTrackingNode object at 0x7f55bef5a1c0>>
Traceback (most recent call last):
  File "/opt/ros/noetic/lib/python3/dist-packages/rospy/topics.py", line 750, in _invoke_callback
    cb(msg)
  File "/home/hyeongseon/catkin_ws/src/lane_tracking_pkg/scripts/lane_tracking_node.py", line 99, in image_cb
    self.handle_frame(frame, msg.header)
  File "/home/hyeongseon/catkin_ws/src/lane_tracking_pkg/scripts/lane_tracking_node.py", line 111, in handle_frame
    lane_center, roi_overlay = detect_lane_center(edges, roi_color, self.debug)
  File "/home/hyeongseon/catkin_ws/src/lane_tracking_pkg/vision/detector.py", line 63, in detect_lane_center
    left_line = _fit_lane(np.vstack(left_points)) if left_points else None
TypeError: _fit_lane() missing 2 required positional arguments: 'y_bottom' and 'y_top'

1758341706.806226968 ERROR /lane_tracking_node [topics.py:753(_SubscriberImpl._invoke_callback)] [topics: /rosout, /lane_overlay, /camera/image_raw, /lane/center_offset, /lane/steering_angle] bad callback: <bound method LaneTrackingNode.image_cb of <__main__.LaneTrackingNode object at 0x7f55bef5a1c0>>
Traceback (most recent call last):
  File "/opt/ros/noetic/lib/python3/dist-packages/rospy/topics.py", line 750, in _invoke_callback
    cb(msg)
  File "/home/hyeongseon/catkin_ws/src/lane_tracking_pkg/scripts/lane_tracking_node.py", line 99, in image_cb
    self.handle_frame(frame, msg.header)
  File "/home/hyeongseon/catkin_ws/src/lane_tracking_pkg/scripts/lane_tracking_node.py", line 111, in handle_frame
    lane_center, roi_overlay = detect_lane_center(edges, roi_color, self.debug)
  File "/home/hyeongseon/catkin_ws/src/lane_tracking_pkg/vision/detector.py", line 63, in detect_lane_center
    left_line = _fit_lane(np.vstack(left_points)) if left_points else None
TypeError: _fit_lane() missing 2 required positional arguments: 'y_bottom' and 'y_top'

1758341706.870783805 ERROR /lane_tracking_node [topics.py:753(_SubscriberImpl._invoke_callback)] [topics: /rosout, /lane_overlay, /camera/image_raw, /lane/center_offset, /lane/steering_angle] bad callback: <bound method LaneTrackingNode.image_cb of <__main__.LaneTrackingNode object at 0x7f55bef5a1c0>>
Traceback (most recent call last):
  File "/opt/ros/noetic/lib/python3/dist-packages/rospy/topics.py", line 750, in _invoke_callback
    cb(msg)
  File "/home/hyeongseon/catkin_ws/src/lane_tracking_pkg/scripts/lane_tracking_node.py", line 99, in image_cb
    self.handle_frame(frame, msg.header)
  File "/home/hyeongseon/catkin_ws/src/lane_tracking_pkg/scripts/lane_tracking_node.py", line 111, in handle_frame
    lane_center, roi_overlay = detect_lane_center(edges, roi_color, self.debug)
  File "/home/hyeongseon/catkin_ws/src/lane_tracking_pkg/vision/detector.py", line 63, in detect_lane_center
    left_line = _fit_lane(np.vstack(left_points)) if left_points else None
TypeError: _fit_lane() missing 2 required positional arguments: 'y_bottom' and 'y_top'

1758341706.904746770 ERROR /lane_tracking_node [topics.py:753(_SubscriberImpl._invoke_callback)] [topics: /rosout, /lane_overlay, /camera/image_raw, /lane/center_offset, /lane/steering_angle] bad callback: <bound method LaneTrackingNode.image_cb of <__main__.LaneTrackingNode object at 0x7f55bef5a1c0>>
Traceback (most recent call last):
  File "/opt/ros/noetic/lib/python3/dist-packages/rospy/topics.py", line 750, in _invoke_callback
    cb(msg)
  File "/home/hyeongseon/catkin_ws/src/lane_tracking_pkg/scripts/lane_tracking_node.py", line 99, in image_cb
    self.handle_frame(frame, msg.header)
  File "/home/hyeongseon/catkin_ws/src/lane_tracking_pkg/scripts/lane_tracking_node.py", line 111, in handle_frame
    lane_center, roi_overlay = detect_lane_center(edges, roi_color, self.debug)
  File "/home/hyeongseon/catkin_ws/src/lane_tracking_pkg/vision/detector.py", line 63, in detect_lane_center
    left_line = _fit_lane(np.vstack(left_points)) if left_points else None
TypeError: _fit_lane() missing 2 required positional arguments: 'y_bottom' and 'y_top'

1758341706.940656423 ERROR /lane_tracking_node [topics.py:753(_SubscriberImpl._invoke_callback)] [topics: /rosout, /lane_overlay, /camera/image_raw, /lane/center_offset, /lane/steering_angle] bad callback: <bound method LaneTrackingNode.image_cb of <__main__.LaneTrackingNode object at 0x7f55bef5a1c0>>
Traceback (most recent call last):
  File "/opt/ros/noetic/lib/python3/dist-packages/rospy/topics.py", line 750, in _invoke_callback
    cb(msg)
  File "/home/hyeongseon/catkin_ws/src/lane_tracking_pkg/scripts/lane_tracking_node.py", line 99, in image_cb
    self.handle_frame(frame, msg.header)
  File "/home/hyeongseon/catkin_ws/src/lane_tracking_pkg/scripts/lane_tracking_node.py", line 111, in handle_frame
    lane_center, roi_overlay = detect_lane_center(edges, roi_color, self.debug)
  File "/home/hyeongseon/catkin_ws/src/lane_tracking_pkg/vision/detector.py", line 63, in detect_lane_center
    left_line = _fit_lane(np.vstack(left_points)) if left_points else None
TypeError: _fit_lane() missing 2 required positional arguments: 'y_bottom' and 'y_top'

1758341706.960476398 ERROR /lane_tracking_node [topics.py:753(_SubscriberImpl._invoke_callback)] [topics: /rosout, /lane_overlay, /camera/image_raw, /lane/center_offset, /lane/steering_angle] bad callback: <bound method LaneTrackingNode.image_cb of <__main__.LaneTrackingNode object at 0x7f55bef5a1c0>>
Traceback (most recent call last):
  File "/opt/ros/noetic/lib/python3/dist-packages/rospy/topics.py", line 750, in _invoke_callback
    cb(msg)
  File "/home/hyeongseon/catkin_ws/src/lane_tracking_pkg/scripts/lane_tracking_node.py", line 99, in image_cb
    self.handle_frame(frame, msg.header)
  File "/home/hyeongseon/catkin_ws/src/lane_tracking_pkg/scripts/lane_tracking_node.py", line 111, in handle_frame
    lane_center, roi_overlay = detect_lane_center(edges, roi_color, self.debug)
  File "/home/hyeongseon/catkin_ws/src/lane_tracking_pkg/vision/detector.py", line 63, in detect_lane_center
    left_line = _fit_lane(np.vstack(left_points)) if left_points else None
TypeError: _fit_lane() missing 2 required positional arguments: 'y_bottom' and 'y_top'

1758341706.998165130 ERROR /lane_tracking_node [topics.py:753(_SubscriberImpl._invoke_callback)] [topics: /rosout, /lane_overlay, /camera/image_raw, /lane/center_offset, /lane/steering_angle] bad callback: <bound method LaneTrackingNode.image_cb of <__main__.LaneTrackingNode object at 0x7f55bef5a1c0>>
Traceback (most recent call last):
  File "/opt/ros/noetic/lib/python3/dist-packages/rospy/topics.py", line 750, in _invoke_callback
    cb(msg)
  File "/home/hyeongseon/catkin_ws/src/lane_tracking_pkg/scripts/lane_tracking_node.py", line 99, in image_cb
    self.handle_frame(frame, msg.header)
  File "/home/hyeongseon/catkin_ws/src/lane_tracking_pkg/scripts/lane_tracking_node.py", line 111, in handle_frame
    lane_center, roi_overlay = detect_lane_center(edges, roi_color, self.debug)
  File "/home/hyeongseon/catkin_ws/src/lane_tracking_pkg/vision/detector.py", line 63, in detect_lane_center
    left_line = _fit_lane(np.vstack(left_points)) if left_points else None
TypeError: _fit_lane() missing 2 required positional arguments: 'y_bottom' and 'y_top'

1758341707.038487434 ERROR /lane_tracking_node [topics.py:753(_SubscriberImpl._invoke_callback)] [topics: /rosout, /lane_overlay, /camera/image_raw, /lane/center_offset, /lane/steering_angle] bad callback: <bound method LaneTrackingNode.image_cb of <__main__.LaneTrackingNode object at 0x7f55bef5a1c0>>
Traceback (most recent call last):
  File "/opt/ros/noetic/lib/python3/dist-packages/rospy/topics.py", line 750, in _invoke_callback
    cb(msg)
  File "/home/hyeongseon/catkin_ws/src/lane_tracking_pkg/scripts/lane_tracking_node.py", line 99, in image_cb
    self.handle_frame(frame, msg.header)
  File "/home/hyeongseon/catkin_ws/src/lane_tracking_pkg/scripts/lane_tracking_node.py", line 111, in handle_frame
    lane_center, roi_overlay = detect_lane_center(edges, roi_color, self.debug)
  File "/home/hyeongseon/catkin_ws/src/lane_tracking_pkg/vision/detector.py", line 63, in detect_lane_center
    left_line = _fit_lane(np.vstack(left_points)) if left_points else None
TypeError: _fit_lane() missing 2 required positional arguments: 'y_bottom' and 'y_top'

1758341707.065506219 ERROR /lane_tracking_node [topics.py:753(_SubscriberImpl._invoke_callback)] [topics: /rosout, /lane_overlay, /camera/image_raw, /lane/center_offset, /lane/steering_angle] bad callback: <bound method LaneTrackingNode.image_cb of <__main__.LaneTrackingNode object at 0x7f55bef5a1c0>>
Traceback (most recent call last):
  File "/opt/ros/noetic/lib/python3/dist-packages/rospy/topics.py", line 750, in _invoke_callback
    cb(msg)
  File "/home/hyeongseon/catkin_ws/src/lane_tracking_pkg/scripts/lane_tracking_node.py", line 99, in image_cb
    self.handle_frame(frame, msg.header)
  File "/home/hyeongseon/catkin_ws/src/lane_tracking_pkg/scripts/lane_tracking_node.py", line 111, in handle_frame
    lane_center, roi_overlay = detect_lane_center(edges, roi_color, self.debug)
  File "/home/hyeongseon/catkin_ws/src/lane_tracking_pkg/vision/detector.py", line 63, in detect_lane_center
    left_line = _fit_lane(np.vstack(left_points)) if left_points else None
TypeError: _fit_lane() missing 2 required positional arguments: 'y_bottom' and 'y_top'

1758341707.120410919 ERROR /lane_tracking_node [topics.py:753(_SubscriberImpl._invoke_callback)] [topics: /rosout, /lane_overlay, /camera/image_raw, /lane/center_offset, /lane/steering_angle] bad callback: <bound method LaneTrackingNode.image_cb of <__main__.LaneTrackingNode object at 0x7f55bef5a1c0>>
Traceback (most recent call last):
  File "/opt/ros/noetic/lib/python3/dist-packages/rospy/topics.py", line 750, in _invoke_callback
    cb(msg)
  File "/home/hyeongseon/catkin_ws/src/lane_tracking_pkg/scripts/lane_tracking_node.py", line 99, in image_cb
    self.handle_frame(frame, msg.header)
  File "/home/hyeongseon/catkin_ws/src/lane_tracking_pkg/scripts/lane_tracking_node.py", line 111, in handle_frame
    lane_center, roi_overlay = detect_lane_center(edges, roi_color, self.debug)
  File "/home/hyeongseon/catkin_ws/src/lane_tracking_pkg/vision/detector.py", line 63, in detect_lane_center
    left_line = _fit_lane(np.vstack(left_points)) if left_points else None
TypeError: _fit_lane() missing 2 required positional arguments: 'y_bottom' and 'y_top'

1758341707.142317295 ERROR /lane_tracking_node [topics.py:753(_SubscriberImpl._invoke_callback)] [topics: /rosout, /lane_overlay, /camera/image_raw, /lane/center_offset, /lane/steering_angle] bad callback: <bound method LaneTrackingNode.image_cb of <__main__.LaneTrackingNode object at 0x7f55bef5a1c0>>
Traceback (most recent call last):
  File "/opt/ros/noetic/lib/python3/dist-packages/rospy/topics.py", line 750, in _invoke_callback
    cb(msg)
  File "/home/hyeongseon/catkin_ws/src/lane_tracking_pkg/scripts/lane_tracking_node.py", line 99, in image_cb
    self.handle_frame(frame, msg.header)
  File "/home/hyeongseon/catkin_ws/src/lane_tracking_pkg/scripts/lane_tracking_node.py", line 111, in handle_frame
    lane_center, roi_overlay = detect_lane_center(edges, roi_color, self.debug)
  File "/home/hyeongseon/catkin_ws/src/lane_tracking_pkg/vision/detector.py", line 63, in detect_lane_center
    left_line = _fit_lane(np.vstack(left_points)) if left_points else None
TypeError: _fit_lane() missing 2 required positional arguments: 'y_bottom' and 'y_top'

1758341707.169896364 ERROR /lane_tracking_node [topics.py:753(_SubscriberImpl._invoke_callback)] [topics: /rosout, /lane_overlay, /camera/image_raw, /lane/center_offset, /lane/steering_angle] bad callback: <bound method LaneTrackingNode.image_cb of <__main__.LaneTrackingNode object at 0x7f55bef5a1c0>>
Traceback (most recent call last):
  File "/opt/ros/noetic/lib/python3/dist-packages/rospy/topics.py", line 750, in _invoke_callback
    cb(msg)
  File "/home/hyeongseon/catkin_ws/src/lane_tracking_pkg/scripts/lane_tracking_node.py", line 99, in image_cb
    self.handle_frame(frame, msg.header)
  File "/home/hyeongseon/catkin_ws/src/lane_tracking_pkg/scripts/lane_tracking_node.py", line 111, in handle_frame
    lane_center, roi_overlay = detect_lane_center(edges, roi_color, self.debug)
  File "/home/hyeongseon/catkin_ws/src/lane_tracking_pkg/vision/detector.py", line 63, in detect_lane_center
    left_line = _fit_lane(np.vstack(left_points)) if left_points else None
TypeError: _fit_lane() missing 2 required positional arguments: 'y_bottom' and 'y_top'

1758341707.210492610 ERROR /lane_tracking_node [topics.py:753(_SubscriberImpl._invoke_callback)] [topics: /rosout, /lane_overlay, /camera/image_raw, /lane/center_offset, /lane/steering_angle] bad callback: <bound method LaneTrackingNode.image_cb of <__main__.LaneTrackingNode object at 0x7f55bef5a1c0>>
Traceback (most recent call last):
  File "/opt/ros/noetic/lib/python3/dist-packages/rospy/topics.py", line 750, in _invoke_callback
    cb(msg)
  File "/home/hyeongseon/catkin_ws/src/lane_tracking_pkg/scripts/lane_tracking_node.py", line 99, in image_cb
    self.handle_frame(frame, msg.header)
  File "/home/hyeongseon/catkin_ws/src/lane_tracking_pkg/scripts/lane_tracking_node.py", line 111, in handle_frame
    lane_center, roi_overlay = detect_lane_center(edges, roi_color, self.debug)
  File "/home/hyeongseon/catkin_ws/src/lane_tracking_pkg/vision/detector.py", line 63, in detect_lane_center
    left_line = _fit_lane(np.vstack(left_points)) if left_points else None
TypeError: _fit_lane() missing 2 required positional arguments: 'y_bottom' and 'y_top'

1758341707.225474357 ERROR /lane_tracking_node [topics.py:753(_SubscriberImpl._invoke_callback)] [topics: /rosout, /lane_overlay, /camera/image_raw, /lane/center_offset, /lane/steering_angle] bad callback: <bound method LaneTrackingNode.image_cb of <__main__.LaneTrackingNode object at 0x7f55bef5a1c0>>
Traceback (most recent call last):
  File "/opt/ros/noetic/lib/python3/dist-packages/rospy/topics.py", line 750, in _invoke_callback
    cb(msg)
  File "/home/hyeongseon/catkin_ws/src/lane_tracking_pkg/scripts/lane_tracking_node.py", line 99, in image_cb
    self.handle_frame(frame, msg.header)
  File "/home/hyeongseon/catkin_ws/src/lane_tracking_pkg/scripts/lane_tracking_node.py", line 111, in handle_frame
    lane_center, roi_overlay = detect_lane_center(edges, roi_color, self.debug)
  File "/home/hyeongseon/catkin_ws/src/lane_tracking_pkg/vision/detector.py", line 63, in detect_lane_center
    left_line = _fit_lane(np.vstack(left_points)) if left_points else None
TypeError: _fit_lane() missing 2 required positional arguments: 'y_bottom' and 'y_top'

1758341707.255434274 ERROR /lane_tracking_node [topics.py:753(_SubscriberImpl._invoke_callback)] [topics: /rosout, /lane_overlay, /camera/image_raw, /lane/center_offset, /lane/steering_angle] bad callback: <bound method LaneTrackingNode.image_cb of <__main__.LaneTrackingNode object at 0x7f55bef5a1c0>>
Traceback (most recent call last):
  File "/opt/ros/noetic/lib/python3/dist-packages/rospy/topics.py", line 750, in _invoke_callback
    cb(msg)
  File "/home/hyeongseon/catkin_ws/src/lane_tracking_pkg/scripts/lane_tracking_node.py", line 99, in image_cb
    self.handle_frame(frame, msg.header)
  File "/home/hyeongseon/catkin_ws/src/lane_tracking_pkg/scripts/lane_tracking_node.py", line 111, in handle_frame
    lane_center, roi_overlay = detect_lane_center(edges, roi_color, self.debug)
  File "/home/hyeongseon/catkin_ws/src/lane_tracking_pkg/vision/detector.py", line 63, in detect_lane_center
    left_line = _fit_lane(np.vstack(left_points)) if left_points else None
TypeError: _fit_lane() missing 2 required positional arguments: 'y_bottom' and 'y_top'

1758341707.281450748 ERROR /lane_tracking_node [topics.py:753(_SubscriberImpl._invoke_callback)] [topics: /rosout, /lane_overlay, /camera/image_raw, /lane/center_offset, /lane/steering_angle] bad callback: <bound method LaneTrackingNode.image_cb of <__main__.LaneTrackingNode object at 0x7f55bef5a1c0>>
Traceback (most recent call last):
  File "/opt/ros/noetic/lib/python3/dist-packages/rospy/topics.py", line 750, in _invoke_callback
    cb(msg)
  File "/home/hyeongseon/catkin_ws/src/lane_tracking_pkg/scripts/lane_tracking_node.py", line 99, in image_cb
    self.handle_frame(frame, msg.header)
  File "/home/hyeongseon/catkin_ws/src/lane_tracking_pkg/scripts/lane_tracking_node.py", line 111, in handle_frame
    lane_center, roi_overlay = detect_lane_center(edges, roi_color, self.debug)
  File "/home/hyeongseon/catkin_ws/src/lane_tracking_pkg/vision/detector.py", line 63, in detect_lane_center
    left_line = _fit_lane(np.vstack(left_points)) if left_points else None
TypeError: _fit_lane() missing 2 required positional arguments: 'y_bottom' and 'y_top'

1758341707.312777042 ERROR /lane_tracking_node [topics.py:753(_SubscriberImpl._invoke_callback)] [topics: /rosout, /lane_overlay, /camera/image_raw, /lane/center_offset, /lane/steering_angle] bad callback: <bound method LaneTrackingNode.image_cb of <__main__.LaneTrackingNode object at 0x7f55bef5a1c0>>
Traceback (most recent call last):
  File "/opt/ros/noetic/lib/python3/dist-packages/rospy/topics.py", line 750, in _invoke_callback
    cb(msg)
  File "/home/hyeongseon/catkin_ws/src/lane_tracking_pkg/scripts/lane_tracking_node.py", line 99, in image_cb
    self.handle_frame(frame, msg.header)
  File "/home/hyeongseon/catkin_ws/src/lane_tracking_pkg/scripts/lane_tracking_node.py", line 111, in handle_frame
    lane_center, roi_overlay = detect_lane_center(edges, roi_color, self.debug)
  File "/home/hyeongseon/catkin_ws/src/lane_tracking_pkg/vision/detector.py", line 63, in detect_lane_center
    left_line = _fit_lane(np.vstack(left_points)) if left_points else None
TypeError: _fit_lane() missing 2 required positional arguments: 'y_bottom' and 'y_top'

1758341707.375084400 ERROR /lane_tracking_node [topics.py:753(_SubscriberImpl._invoke_callback)] [topics: /rosout, /lane_overlay, /camera/image_raw, /lane/center_offset, /lane/steering_angle] bad callback: <bound method LaneTrackingNode.image_cb of <__main__.LaneTrackingNode object at 0x7f55bef5a1c0>>
Traceback (most recent call last):
  File "/opt/ros/noetic/lib/python3/dist-packages/rospy/topics.py", line 750, in _invoke_callback
    cb(msg)
  File "/home/hyeongseon/catkin_ws/src/lane_tracking_pkg/scripts/lane_tracking_node.py", line 99, in image_cb
    self.handle_frame(frame, msg.header)
  File "/home/hyeongseon/catkin_ws/src/lane_tracking_pkg/scripts/lane_tracking_node.py", line 111, in handle_frame
    lane_center, roi_overlay = detect_lane_center(edges, roi_color, self.debug)
  File "/home/hyeongseon/catkin_ws/src/lane_tracking_pkg/vision/detector.py", line 63, in detect_lane_center
    left_line = _fit_lane(np.vstack(left_points)) if left_points else None
TypeError: _fit_lane() missing 2 required positional arguments: 'y_bottom' and 'y_top'

1758341707.407062530 ERROR /lane_tracking_node [topics.py:753(_SubscriberImpl._invoke_callback)] [topics: /rosout, /lane_overlay, /camera/image_raw, /lane/center_offset, /lane/steering_angle] bad callback: <bound method LaneTrackingNode.image_cb of <__main__.LaneTrackingNode object at 0x7f55bef5a1c0>>
Traceback (most recent call last):
  File "/opt/ros/noetic/lib/python3/dist-packages/rospy/topics.py", line 750, in _invoke_callback
    cb(msg)
  File "/home/hyeongseon/catkin_ws/src/lane_tracking_pkg/scripts/lane_tracking_node.py", line 99, in image_cb
    self.handle_frame(frame, msg.header)
  File "/home/hyeongseon/catkin_ws/src/lane_tracking_pkg/scripts/lane_tracking_node.py", line 111, in handle_frame
    lane_center, roi_overlay = detect_lane_center(edges, roi_color, self.debug)
  File "/home/hyeongseon/catkin_ws/src/lane_tracking_pkg/vision/detector.py", line 63, in detect_lane_center
    left_line = _fit_lane(np.vstack(left_points)) if left_points else None
TypeError: _fit_lane() missing 2 required positional arguments: 'y_bottom' and 'y_top'

1758341707.444251537 ERROR /lane_tracking_node [topics.py:753(_SubscriberImpl._invoke_callback)] [topics: /rosout, /lane_overlay, /camera/image_raw, /lane/center_offset, /lane/steering_angle] bad callback: <bound method LaneTrackingNode.image_cb of <__main__.LaneTrackingNode object at 0x7f55bef5a1c0>>
Traceback (most recent call last):
  File "/opt/ros/noetic/lib/python3/dist-packages/rospy/topics.py", line 750, in _invoke_callback
    cb(msg)
  File "/home/hyeongseon/catkin_ws/src/lane_tracking_pkg/scripts/lane_tracking_node.py", line 99, in image_cb
    self.handle_frame(frame, msg.header)
  File "/home/hyeongseon/catkin_ws/src/lane_tracking_pkg/scripts/lane_tracking_node.py", line 111, in handle_frame
    lane_center, roi_overlay = detect_lane_center(edges, roi_color, self.debug)
  File "/home/hyeongseon/catkin_ws/src/lane_tracking_pkg/vision/detector.py", line 63, in detect_lane_center
    left_line = _fit_lane(np.vstack(left_points)) if left_points else None
TypeError: _fit_lane() missing 2 required positional arguments: 'y_bottom' and 'y_top'

1758341707.474323272 ERROR /lane_tracking_node [topics.py:753(_SubscriberImpl._invoke_callback)] [topics: /rosout, /lane_overlay, /camera/image_raw, /lane/center_offset, /lane/steering_angle] bad callback: <bound method LaneTrackingNode.image_cb of <__main__.LaneTrackingNode object at 0x7f55bef5a1c0>>
Traceback (most recent call last):
  File "/opt/ros/noetic/lib/python3/dist-packages/rospy/topics.py", line 750, in _invoke_callback
    cb(msg)
  File "/home/hyeongseon/catkin_ws/src/lane_tracking_pkg/scripts/lane_tracking_node.py", line 99, in image_cb
    self.handle_frame(frame, msg.header)
  File "/home/hyeongseon/catkin_ws/src/lane_tracking_pkg/scripts/lane_tracking_node.py", line 111, in handle_frame
    lane_center, roi_overlay = detect_lane_center(edges, roi_color, self.debug)
  File "/home/hyeongseon/catkin_ws/src/lane_tracking_pkg/vision/detector.py", line 63, in detect_lane_center
    left_line = _fit_lane(np.vstack(left_points)) if left_points else None
TypeError: _fit_lane() missing 2 required positional arguments: 'y_bottom' and 'y_top'

1758341707.512836694 ERROR /lane_tracking_node [topics.py:753(_SubscriberImpl._invoke_callback)] [topics: /rosout, /lane_overlay, /camera/image_raw, /lane/center_offset, /lane/steering_angle] bad callback: <bound method LaneTrackingNode.image_cb of <__main__.LaneTrackingNode object at 0x7f55bef5a1c0>>
Traceback (most recent call last):
  File "/opt/ros/noetic/lib/python3/dist-packages/rospy/topics.py", line 750, in _invoke_callback
    cb(msg)
  File "/home/hyeongseon/catkin_ws/src/lane_tracking_pkg/scripts/lane_tracking_node.py", line 99, in image_cb
    self.handle_frame(frame, msg.header)
  File "/home/hyeongseon/catkin_ws/src/lane_tracking_pkg/scripts/lane_tracking_node.py", line 111, in handle_frame
    lane_center, roi_overlay = detect_lane_center(edges, roi_color, self.debug)
  File "/home/hyeongseon/catkin_ws/src/lane_tracking_pkg/vision/detector.py", line 63, in detect_lane_center
    left_line = _fit_lane(np.vstack(left_points)) if left_points else None
TypeError: _fit_lane() missing 2 required positional arguments: 'y_bottom' and 'y_top'

1758341707.549101591 ERROR /lane_tracking_node [topics.py:753(_SubscriberImpl._invoke_callback)] [topics: /rosout, /lane_overlay, /camera/image_raw, /lane/center_offset, /lane/steering_angle] bad callback: <bound method LaneTrackingNode.image_cb of <__main__.LaneTrackingNode object at 0x7f55bef5a1c0>>
Traceback (most recent call last):
  File "/opt/ros/noetic/lib/python3/dist-packages/rospy/topics.py", line 750, in _invoke_callback
    cb(msg)
  File "/home/hyeongseon/catkin_ws/src/lane_tracking_pkg/scripts/lane_tracking_node.py", line 99, in image_cb
    self.handle_frame(frame, msg.header)
  File "/home/hyeongseon/catkin_ws/src/lane_tracking_pkg/scripts/lane_tracking_node.py", line 111, in handle_frame
    lane_center, roi_overlay = detect_lane_center(edges, roi_color, self.debug)
  File "/home/hyeongseon/catkin_ws/src/lane_tracking_pkg/vision/detector.py", line 63, in detect_lane_center
    left_line = _fit_lane(np.vstack(left_points)) if left_points else None
TypeError: _fit_lane() missing 2 required positional arguments: 'y_bottom' and 'y_top'

1758341707.575374364 ERROR /lane_tracking_node [topics.py:753(_SubscriberImpl._invoke_callback)] [topics: /rosout, /lane_overlay, /camera/image_raw, /lane/center_offset, /lane/steering_angle] bad callback: <bound method LaneTrackingNode.image_cb of <__main__.LaneTrackingNode object at 0x7f55bef5a1c0>>
Traceback (most recent call last):
  File "/opt/ros/noetic/lib/python3/dist-packages/rospy/topics.py", line 750, in _invoke_callback
    cb(msg)
  File "/home/hyeongseon/catkin_ws/src/lane_tracking_pkg/scripts/lane_tracking_node.py", line 99, in image_cb
    self.handle_frame(frame, msg.header)
  File "/home/hyeongseon/catkin_ws/src/lane_tracking_pkg/scripts/lane_tracking_node.py", line 111, in handle_frame
    lane_center, roi_overlay = detect_lane_center(edges, roi_color, self.debug)
  File "/home/hyeongseon/catkin_ws/src/lane_tracking_pkg/vision/detector.py", line 63, in detect_lane_center
    left_line = _fit_lane(np.vstack(left_points)) if left_points else None
TypeError: _fit_lane() missing 2 required positional arguments: 'y_bottom' and 'y_top'

1758341707.604974985 ERROR /lane_tracking_node [topics.py:753(_SubscriberImpl._invoke_callback)] [topics: /rosout, /lane_overlay, /camera/image_raw, /lane/center_offset, /lane/steering_angle] bad callback: <bound method LaneTrackingNode.image_cb of <__main__.LaneTrackingNode object at 0x7f55bef5a1c0>>
Traceback (most recent call last):
  File "/opt/ros/noetic/lib/python3/dist-packages/rospy/topics.py", line 750, in _invoke_callback
    cb(msg)
  File "/home/hyeongseon/catkin_ws/src/lane_tracking_pkg/scripts/lane_tracking_node.py", line 99, in image_cb
    self.handle_frame(frame, msg.header)
  File "/home/hyeongseon/catkin_ws/src/lane_tracking_pkg/scripts/lane_tracking_node.py", line 111, in handle_frame
    lane_center, roi_overlay = detect_lane_center(edges, roi_color, self.debug)
  File "/home/hyeongseon/catkin_ws/src/lane_tracking_pkg/vision/detector.py", line 63, in detect_lane_center
    left_line = _fit_lane(np.vstack(left_points)) if left_points else None
TypeError: _fit_lane() missing 2 required positional arguments: 'y_bottom' and 'y_top'

1758341707.634742736 ERROR /lane_tracking_node [topics.py:753(_SubscriberImpl._invoke_callback)] [topics: /rosout, /lane_overlay, /camera/image_raw, /lane/center_offset, /lane/steering_angle] bad callback: <bound method LaneTrackingNode.image_cb of <__main__.LaneTrackingNode object at 0x7f55bef5a1c0>>
Traceback (most recent call last):
  File "/opt/ros/noetic/lib/python3/dist-packages/rospy/topics.py", line 750, in _invoke_callback
    cb(msg)
  File "/home/hyeongseon/catkin_ws/src/lane_tracking_pkg/scripts/lane_tracking_node.py", line 99, in image_cb
    self.handle_frame(frame, msg.header)
  File "/home/hyeongseon/catkin_ws/src/lane_tracking_pkg/scripts/lane_tracking_node.py", line 111, in handle_frame
    lane_center, roi_overlay = detect_lane_center(edges, roi_color, self.debug)
  File "/home/hyeongseon/catkin_ws/src/lane_tracking_pkg/vision/detector.py", line 63, in detect_lane_center
    left_line = _fit_lane(np.vstack(left_points)) if left_points else None
TypeError: _fit_lane() missing 2 required positional arguments: 'y_bottom' and 'y_top'

1758341707.679557323 ERROR /lane_tracking_node [topics.py:753(_SubscriberImpl._invoke_callback)] [topics: /rosout, /lane_overlay, /camera/image_raw, /lane/center_offset, /lane/steering_angle] bad callback: <bound method LaneTrackingNode.image_cb of <__main__.LaneTrackingNode object at 0x7f55bef5a1c0>>
Traceback (most recent call last):
  File "/opt/ros/noetic/lib/python3/dist-packages/rospy/topics.py", line 750, in _invoke_callback
    cb(msg)
  File "/home/hyeongseon/catkin_ws/src/lane_tracking_pkg/scripts/lane_tracking_node.py", line 99, in image_cb
    self.handle_frame(frame, msg.header)
  File "/home/hyeongseon/catkin_ws/src/lane_tracking_pkg/scripts/lane_tracking_node.py", line 111, in handle_frame
    lane_center, roi_overlay = detect_lane_center(edges, roi_color, self.debug)
  File "/home/hyeongseon/catkin_ws/src/lane_tracking_pkg/vision/detector.py", line 63, in detect_lane_center
    left_line = _fit_lane(np.vstack(left_points)) if left_points else None
TypeError: _fit_lane() missing 2 required positional arguments: 'y_bottom' and 'y_top'

1758341707.694137096 ERROR /lane_tracking_node [topics.py:753(_SubscriberImpl._invoke_callback)] [topics: /rosout, /lane_overlay, /camera/image_raw, /lane/center_offset, /lane/steering_angle] bad callback: <bound method LaneTrackingNode.image_cb of <__main__.LaneTrackingNode object at 0x7f55bef5a1c0>>
Traceback (most recent call last):
  File "/opt/ros/noetic/lib/python3/dist-packages/rospy/topics.py", line 750, in _invoke_callback
    cb(msg)
  File "/home/hyeongseon/catkin_ws/src/lane_tracking_pkg/scripts/lane_tracking_node.py", line 99, in image_cb
    self.handle_frame(frame, msg.header)
  File "/home/hyeongseon/catkin_ws/src/lane_tracking_pkg/scripts/lane_tracking_node.py", line 111, in handle_frame
    lane_center, roi_overlay = detect_lane_center(edges, roi_color, self.debug)
  File "/home/hyeongseon/catkin_ws/src/lane_tracking_pkg/vision/detector.py", line 63, in detect_lane_center
    left_line = _fit_lane(np.vstack(left_points)) if left_points else None
TypeError: _fit_lane() missing 2 required positional arguments: 'y_bottom' and 'y_top'

1758341707.736504077 ERROR /lane_tracking_node [topics.py:753(_SubscriberImpl._invoke_callback)] [topics: /rosout, /lane_overlay, /camera/image_raw, /lane/center_offset, /lane/steering_angle] bad callback: <bound method LaneTrackingNode.image_cb of <__main__.LaneTrackingNode object at 0x7f55bef5a1c0>>
Traceback (most recent call last):
  File "/opt/ros/noetic/lib/python3/dist-packages/rospy/topics.py", line 750, in _invoke_callback
    cb(msg)
  File "/home/hyeongseon/catkin_ws/src/lane_tracking_pkg/scripts/lane_tracking_node.py", line 99, in image_cb
    self.handle_frame(frame, msg.header)
  File "/home/hyeongseon/catkin_ws/src/lane_tracking_pkg/scripts/lane_tracking_node.py", line 111, in handle_frame
    lane_center, roi_overlay = detect_lane_center(edges, roi_color, self.debug)
  File "/home/hyeongseon/catkin_ws/src/lane_tracking_pkg/vision/detector.py", line 63, in detect_lane_center
    left_line = _fit_lane(np.vstack(left_points)) if left_points else None
TypeError: _fit_lane() missing 2 required positional arguments: 'y_bottom' and 'y_top'

1758341707.749663114 ERROR /lane_tracking_node [topics.py:753(_SubscriberImpl._invoke_callback)] [topics: /rosout, /lane_overlay, /camera/image_raw, /lane/center_offset, /lane/steering_angle] bad callback: <bound method LaneTrackingNode.image_cb of <__main__.LaneTrackingNode object at 0x7f55bef5a1c0>>
Traceback (most recent call last):
  File "/opt/ros/noetic/lib/python3/dist-packages/rospy/topics.py", line 750, in _invoke_callback
    cb(msg)
  File "/home/hyeongseon/catkin_ws/src/lane_tracking_pkg/scripts/lane_tracking_node.py", line 99, in image_cb
    self.handle_frame(frame, msg.header)
  File "/home/hyeongseon/catkin_ws/src/lane_tracking_pkg/scripts/lane_tracking_node.py", line 111, in handle_frame
    lane_center, roi_overlay = detect_lane_center(edges, roi_color, self.debug)
  File "/home/hyeongseon/catkin_ws/src/lane_tracking_pkg/vision/detector.py", line 63, in detect_lane_center
    left_line = _fit_lane(np.vstack(left_points)) if left_points else None
TypeError: _fit_lane() missing 2 required positional arguments: 'y_bottom' and 'y_top'

1758341707.791830778 ERROR /lane_tracking_node [topics.py:753(_SubscriberImpl._invoke_callback)] [topics: /rosout, /lane_overlay, /camera/image_raw, /lane/center_offset, /lane/steering_angle] bad callback: <bound method LaneTrackingNode.image_cb of <__main__.LaneTrackingNode object at 0x7f55bef5a1c0>>
Traceback (most recent call last):
  File "/opt/ros/noetic/lib/python3/dist-packages/rospy/topics.py", line 750, in _invoke_callback
    cb(msg)
  File "/home/hyeongseon/catkin_ws/src/lane_tracking_pkg/scripts/lane_tracking_node.py", line 99, in image_cb
    self.handle_frame(frame, msg.header)
  File "/home/hyeongseon/catkin_ws/src/lane_tracking_pkg/scripts/lane_tracking_node.py", line 111, in handle_frame
    lane_center, roi_overlay = detect_lane_center(edges, roi_color, self.debug)
  File "/home/hyeongseon/catkin_ws/src/lane_tracking_pkg/vision/detector.py", line 63, in detect_lane_center
    left_line = _fit_lane(np.vstack(left_points)) if left_points else None
TypeError: _fit_lane() missing 2 required positional arguments: 'y_bottom' and 'y_top'

1758341707.822165489 ERROR /lane_tracking_node [topics.py:753(_SubscriberImpl._invoke_callback)] [topics: /rosout, /lane_overlay, /camera/image_raw, /lane/center_offset, /lane/steering_angle] bad callback: <bound method LaneTrackingNode.image_cb of <__main__.LaneTrackingNode object at 0x7f55bef5a1c0>>
Traceback (most recent call last):
  File "/opt/ros/noetic/lib/python3/dist-packages/rospy/topics.py", line 750, in _invoke_callback
    cb(msg)
  File "/home/hyeongseon/catkin_ws/src/lane_tracking_pkg/scripts/lane_tracking_node.py", line 99, in image_cb
    self.handle_frame(frame, msg.header)
  File "/home/hyeongseon/catkin_ws/src/lane_tracking_pkg/scripts/lane_tracking_node.py", line 111, in handle_frame
    lane_center, roi_overlay = detect_lane_center(edges, roi_color, self.debug)
  File "/home/hyeongseon/catkin_ws/src/lane_tracking_pkg/vision/detector.py", line 63, in detect_lane_center
    left_line = _fit_lane(np.vstack(left_points)) if left_points else None
TypeError: _fit_lane() missing 2 required positional arguments: 'y_bottom' and 'y_top'

1758341707.845561504 ERROR /lane_tracking_node [topics.py:753(_SubscriberImpl._invoke_callback)] [topics: /rosout, /lane_overlay, /camera/image_raw, /lane/center_offset, /lane/steering_angle] bad callback: <bound method LaneTrackingNode.image_cb of <__main__.LaneTrackingNode object at 0x7f55bef5a1c0>>
Traceback (most recent call last):
  File "/opt/ros/noetic/lib/python3/dist-packages/rospy/topics.py", line 750, in _invoke_callback
    cb(msg)
  File "/home/hyeongseon/catkin_ws/src/lane_tracking_pkg/scripts/lane_tracking_node.py", line 99, in image_cb
    self.handle_frame(frame, msg.header)
  File "/home/hyeongseon/catkin_ws/src/lane_tracking_pkg/scripts/lane_tracking_node.py", line 111, in handle_frame
    lane_center, roi_overlay = detect_lane_center(edges, roi_color, self.debug)
  File "/home/hyeongseon/catkin_ws/src/lane_tracking_pkg/vision/detector.py", line 63, in detect_lane_center
    left_line = _fit_lane(np.vstack(left_points)) if left_points else None
TypeError: _fit_lane() missing 2 required positional arguments: 'y_bottom' and 'y_top'

1758341707.880380630 ERROR /lane_tracking_node [topics.py:753(_SubscriberImpl._invoke_callback)] [topics: /rosout, /lane_overlay, /camera/image_raw, /lane/center_offset, /lane/steering_angle] bad callback: <bound method LaneTrackingNode.image_cb of <__main__.LaneTrackingNode object at 0x7f55bef5a1c0>>
Traceback (most recent call last):
  File "/opt/ros/noetic/lib/python3/dist-packages/rospy/topics.py", line 750, in _invoke_callback
    cb(msg)
  File "/home/hyeongseon/catkin_ws/src/lane_tracking_pkg/scripts/lane_tracking_node.py", line 99, in image_cb
    self.handle_frame(frame, msg.header)
  File "/home/hyeongseon/catkin_ws/src/lane_tracking_pkg/scripts/lane_tracking_node.py", line 111, in handle_frame
    lane_center, roi_overlay = detect_lane_center(edges, roi_color, self.debug)
  File "/home/hyeongseon/catkin_ws/src/lane_tracking_pkg/vision/detector.py", line 63, in detect_lane_center
    left_line = _fit_lane(np.vstack(left_points)) if left_points else None
TypeError: _fit_lane() missing 2 required positional arguments: 'y_bottom' and 'y_top'

1758341707.903597831 ERROR /lane_tracking_node [topics.py:753(_SubscriberImpl._invoke_callback)] [topics: /rosout, /lane_overlay, /camera/image_raw, /lane/center_offset, /lane/steering_angle] bad callback: <bound method LaneTrackingNode.image_cb of <__main__.LaneTrackingNode object at 0x7f55bef5a1c0>>
Traceback (most recent call last):
  File "/opt/ros/noetic/lib/python3/dist-packages/rospy/topics.py", line 750, in _invoke_callback
    cb(msg)
  File "/home/hyeongseon/catkin_ws/src/lane_tracking_pkg/scripts/lane_tracking_node.py", line 99, in image_cb
    self.handle_frame(frame, msg.header)
  File "/home/hyeongseon/catkin_ws/src/lane_tracking_pkg/scripts/lane_tracking_node.py", line 111, in handle_frame
    lane_center, roi_overlay = detect_lane_center(edges, roi_color, self.debug)
  File "/home/hyeongseon/catkin_ws/src/lane_tracking_pkg/vision/detector.py", line 63, in detect_lane_center
    left_line = _fit_lane(np.vstack(left_points)) if left_points else None
TypeError: _fit_lane() missing 2 required positional arguments: 'y_bottom' and 'y_top'

1758341707.927554130 ERROR /lane_tracking_node [topics.py:753(_SubscriberImpl._invoke_callback)] [topics: /rosout, /lane_overlay, /camera/image_raw, /lane/center_offset, /lane/steering_angle] bad callback: <bound method LaneTrackingNode.image_cb of <__main__.LaneTrackingNode object at 0x7f55bef5a1c0>>
Traceback (most recent call last):
  File "/opt/ros/noetic/lib/python3/dist-packages/rospy/topics.py", line 750, in _invoke_callback
    cb(msg)
  File "/home/hyeongseon/catkin_ws/src/lane_tracking_pkg/scripts/lane_tracking_node.py", line 99, in image_cb
    self.handle_frame(frame, msg.header)
  File "/home/hyeongseon/catkin_ws/src/lane_tracking_pkg/scripts/lane_tracking_node.py", line 111, in handle_frame
    lane_center, roi_overlay = detect_lane_center(edges, roi_color, self.debug)
  File "/home/hyeongseon/catkin_ws/src/lane_tracking_pkg/vision/detector.py", line 63, in detect_lane_center
    left_line = _fit_lane(np.vstack(left_points)) if left_points else None
TypeError: _fit_lane() missing 2 required positional arguments: 'y_bottom' and 'y_top'

1758341707.978421688 ERROR /lane_tracking_node [topics.py:753(_SubscriberImpl._invoke_callback)] [topics: /rosout, /lane_overlay, /camera/image_raw, /lane/center_offset, /lane/steering_angle] bad callback: <bound method LaneTrackingNode.image_cb of <__main__.LaneTrackingNode object at 0x7f55bef5a1c0>>
Traceback (most recent call last):
  File "/opt/ros/noetic/lib/python3/dist-packages/rospy/topics.py", line 750, in _invoke_callback
    cb(msg)
  File "/home/hyeongseon/catkin_ws/src/lane_tracking_pkg/scripts/lane_tracking_node.py", line 99, in image_cb
    self.handle_frame(frame, msg.header)
  File "/home/hyeongseon/catkin_ws/src/lane_tracking_pkg/scripts/lane_tracking_node.py", line 111, in handle_frame
    lane_center, roi_overlay = detect_lane_center(edges, roi_color, self.debug)
  File "/home/hyeongseon/catkin_ws/src/lane_tracking_pkg/vision/detector.py", line 63, in detect_lane_center
    left_line = _fit_lane(np.vstack(left_points)) if left_points else None
TypeError: _fit_lane() missing 2 required positional arguments: 'y_bottom' and 'y_top'

1758341708.007281780 ERROR /lane_tracking_node [topics.py:753(_SubscriberImpl._invoke_callback)] [topics: /rosout, /lane_overlay, /camera/image_raw, /lane/center_offset, /lane/steering_angle] bad callback: <bound method LaneTrackingNode.image_cb of <__main__.LaneTrackingNode object at 0x7f55bef5a1c0>>
Traceback (most recent call last):
  File "/opt/ros/noetic/lib/python3/dist-packages/rospy/topics.py", line 750, in _invoke_callback
    cb(msg)
  File "/home/hyeongseon/catkin_ws/src/lane_tracking_pkg/scripts/lane_tracking_node.py", line 99, in image_cb
    self.handle_frame(frame, msg.header)
  File "/home/hyeongseon/catkin_ws/src/lane_tracking_pkg/scripts/lane_tracking_node.py", line 111, in handle_frame
    lane_center, roi_overlay = detect_lane_center(edges, roi_color, self.debug)
  File "/home/hyeongseon/catkin_ws/src/lane_tracking_pkg/vision/detector.py", line 63, in detect_lane_center
    left_line = _fit_lane(np.vstack(left_points)) if left_points else None
TypeError: _fit_lane() missing 2 required positional arguments: 'y_bottom' and 'y_top'

1758341708.040238618 ERROR /lane_tracking_node [topics.py:753(_SubscriberImpl._invoke_callback)] [topics: /rosout, /lane_overlay, /camera/image_raw, /lane/center_offset, /lane/steering_angle] bad callback: <bound method LaneTrackingNode.image_cb of <__main__.LaneTrackingNode object at 0x7f55bef5a1c0>>
Traceback (most recent call last):
  File "/opt/ros/noetic/lib/python3/dist-packages/rospy/topics.py", line 750, in _invoke_callback
    cb(msg)
  File "/home/hyeongseon/catkin_ws/src/lane_tracking_pkg/scripts/lane_tracking_node.py", line 99, in image_cb
    self.handle_frame(frame, msg.header)
  File "/home/hyeongseon/catkin_ws/src/lane_tracking_pkg/scripts/lane_tracking_node.py", line 111, in handle_frame
    lane_center, roi_overlay = detect_lane_center(edges, roi_color, self.debug)
  File "/home/hyeongseon/catkin_ws/src/lane_tracking_pkg/vision/detector.py", line 63, in detect_lane_center
    left_line = _fit_lane(np.vstack(left_points)) if left_points else None
TypeError: _fit_lane() missing 2 required positional arguments: 'y_bottom' and 'y_top'

1758341708.071919202 ERROR /lane_tracking_node [topics.py:753(_SubscriberImpl._invoke_callback)] [topics: /rosout, /lane_overlay, /camera/image_raw, /lane/center_offset, /lane/steering_angle] bad callback: <bound method LaneTrackingNode.image_cb of <__main__.LaneTrackingNode object at 0x7f55bef5a1c0>>
Traceback (most recent call last):
  File "/opt/ros/noetic/lib/python3/dist-packages/rospy/topics.py", line 750, in _invoke_callback
    cb(msg)
  File "/home/hyeongseon/catkin_ws/src/lane_tracking_pkg/scripts/lane_tracking_node.py", line 99, in image_cb
    self.handle_frame(frame, msg.header)
  File "/home/hyeongseon/catkin_ws/src/lane_tracking_pkg/scripts/lane_tracking_node.py", line 111, in handle_frame
    lane_center, roi_overlay = detect_lane_center(edges, roi_color, self.debug)
  File "/home/hyeongseon/catkin_ws/src/lane_tracking_pkg/vision/detector.py", line 63, in detect_lane_center
    left_line = _fit_lane(np.vstack(left_points)) if left_points else None
TypeError: _fit_lane() missing 2 required positional arguments: 'y_bottom' and 'y_top'

1758341708.087831735 ERROR /lane_tracking_node [topics.py:753(_SubscriberImpl._invoke_callback)] [topics: /rosout, /lane_overlay, /camera/image_raw, /lane/center_offset, /lane/steering_angle] bad callback: <bound method LaneTrackingNode.image_cb of <__main__.LaneTrackingNode object at 0x7f55bef5a1c0>>
Traceback (most recent call last):
  File "/opt/ros/noetic/lib/python3/dist-packages/rospy/topics.py", line 750, in _invoke_callback
    cb(msg)
  File "/home/hyeongseon/catkin_ws/src/lane_tracking_pkg/scripts/lane_tracking_node.py", line 99, in image_cb
    self.handle_frame(frame, msg.header)
  File "/home/hyeongseon/catkin_ws/src/lane_tracking_pkg/scripts/lane_tracking_node.py", line 111, in handle_frame
    lane_center, roi_overlay = detect_lane_center(edges, roi_color, self.debug)
  File "/home/hyeongseon/catkin_ws/src/lane_tracking_pkg/vision/detector.py", line 63, in detect_lane_center
    left_line = _fit_lane(np.vstack(left_points)) if left_points else None
TypeError: _fit_lane() missing 2 required positional arguments: 'y_bottom' and 'y_top'

1758341708.141723155 ERROR /lane_tracking_node [topics.py:753(_SubscriberImpl._invoke_callback)] [topics: /rosout, /lane_overlay, /camera/image_raw, /lane/center_offset, /lane/steering_angle] bad callback: <bound method LaneTrackingNode.image_cb of <__main__.LaneTrackingNode object at 0x7f55bef5a1c0>>
Traceback (most recent call last):
  File "/opt/ros/noetic/lib/python3/dist-packages/rospy/topics.py", line 750, in _invoke_callback
    cb(msg)
  File "/home/hyeongseon/catkin_ws/src/lane_tracking_pkg/scripts/lane_tracking_node.py", line 99, in image_cb
    self.handle_frame(frame, msg.header)
  File "/home/hyeongseon/catkin_ws/src/lane_tracking_pkg/scripts/lane_tracking_node.py", line 111, in handle_frame
    lane_center, roi_overlay = detect_lane_center(edges, roi_color, self.debug)
  File "/home/hyeongseon/catkin_ws/src/lane_tracking_pkg/vision/detector.py", line 63, in detect_lane_center
    left_line = _fit_lane(np.vstack(left_points)) if left_points else None
TypeError: _fit_lane() missing 2 required positional arguments: 'y_bottom' and 'y_top'

1758341708.181935310 ERROR /lane_tracking_node [topics.py:753(_SubscriberImpl._invoke_callback)] [topics: /rosout, /lane_overlay, /camera/image_raw, /lane/center_offset, /lane/steering_angle] bad callback: <bound method LaneTrackingNode.image_cb of <__main__.LaneTrackingNode object at 0x7f55bef5a1c0>>
Traceback (most recent call last):
  File "/opt/ros/noetic/lib/python3/dist-packages/rospy/topics.py", line 750, in _invoke_callback
    cb(msg)
  File "/home/hyeongseon/catkin_ws/src/lane_tracking_pkg/scripts/lane_tracking_node.py", line 99, in image_cb
    self.handle_frame(frame, msg.header)
  File "/home/hyeongseon/catkin_ws/src/lane_tracking_pkg/scripts/lane_tracking_node.py", line 111, in handle_frame
    lane_center, roi_overlay = detect_lane_center(edges, roi_color, self.debug)
  File "/home/hyeongseon/catkin_ws/src/lane_tracking_pkg/vision/detector.py", line 63, in detect_lane_center
    left_line = _fit_lane(np.vstack(left_points)) if left_points else None
TypeError: _fit_lane() missing 2 required positional arguments: 'y_bottom' and 'y_top'

1758341708.203270196 ERROR /lane_tracking_node [topics.py:753(_SubscriberImpl._invoke_callback)] [topics: /rosout, /lane_overlay, /camera/image_raw, /lane/center_offset, /lane/steering_angle] bad callback: <bound method LaneTrackingNode.image_cb of <__main__.LaneTrackingNode object at 0x7f55bef5a1c0>>
Traceback (most recent call last):
  File "/opt/ros/noetic/lib/python3/dist-packages/rospy/topics.py", line 750, in _invoke_callback
    cb(msg)
  File "/home/hyeongseon/catkin_ws/src/lane_tracking_pkg/scripts/lane_tracking_node.py", line 99, in image_cb
    self.handle_frame(frame, msg.header)
  File "/home/hyeongseon/catkin_ws/src/lane_tracking_pkg/scripts/lane_tracking_node.py", line 111, in handle_frame
    lane_center, roi_overlay = detect_lane_center(edges, roi_color, self.debug)
  File "/home/hyeongseon/catkin_ws/src/lane_tracking_pkg/vision/detector.py", line 63, in detect_lane_center
    left_line = _fit_lane(np.vstack(left_points)) if left_points else None
TypeError: _fit_lane() missing 2 required positional arguments: 'y_bottom' and 'y_top'

1758341708.230089426 ERROR /lane_tracking_node [topics.py:753(_SubscriberImpl._invoke_callback)] [topics: /rosout, /lane_overlay, /camera/image_raw, /lane/center_offset, /lane/steering_angle] bad callback: <bound method LaneTrackingNode.image_cb of <__main__.LaneTrackingNode object at 0x7f55bef5a1c0>>
Traceback (most recent call last):
  File "/opt/ros/noetic/lib/python3/dist-packages/rospy/topics.py", line 750, in _invoke_callback
    cb(msg)
  File "/home/hyeongseon/catkin_ws/src/lane_tracking_pkg/scripts/lane_tracking_node.py", line 99, in image_cb
    self.handle_frame(frame, msg.header)
  File "/home/hyeongseon/catkin_ws/src/lane_tracking_pkg/scripts/lane_tracking_node.py", line 111, in handle_frame
    lane_center, roi_overlay = detect_lane_center(edges, roi_color, self.debug)
  File "/home/hyeongseon/catkin_ws/src/lane_tracking_pkg/vision/detector.py", line 63, in detect_lane_center
    left_line = _fit_lane(np.vstack(left_points)) if left_points else None
TypeError: _fit_lane() missing 2 required positional arguments: 'y_bottom' and 'y_top'

1758341708.287367582 ERROR /lane_tracking_node [topics.py:753(_SubscriberImpl._invoke_callback)] [topics: /rosout, /lane_overlay, /camera/image_raw, /lane/center_offset, /lane/steering_angle] bad callback: <bound method LaneTrackingNode.image_cb of <__main__.LaneTrackingNode object at 0x7f55bef5a1c0>>
Traceback (most recent call last):
  File "/opt/ros/noetic/lib/python3/dist-packages/rospy/topics.py", line 750, in _invoke_callback
    cb(msg)
  File "/home/hyeongseon/catkin_ws/src/lane_tracking_pkg/scripts/lane_tracking_node.py", line 99, in image_cb
    self.handle_frame(frame, msg.header)
  File "/home/hyeongseon/catkin_ws/src/lane_tracking_pkg/scripts/lane_tracking_node.py", line 111, in handle_frame
    lane_center, roi_overlay = detect_lane_center(edges, roi_color, self.debug)
  File "/home/hyeongseon/catkin_ws/src/lane_tracking_pkg/vision/detector.py", line 63, in detect_lane_center
    left_line = _fit_lane(np.vstack(left_points)) if left_points else None
TypeError: _fit_lane() missing 2 required positional arguments: 'y_bottom' and 'y_top'

1758341708.333168268 ERROR /lane_tracking_node [topics.py:753(_SubscriberImpl._invoke_callback)] [topics: /rosout, /lane_overlay, /camera/image_raw, /lane/center_offset, /lane/steering_angle] bad callback: <bound method LaneTrackingNode.image_cb of <__main__.LaneTrackingNode object at 0x7f55bef5a1c0>>
Traceback (most recent call last):
  File "/opt/ros/noetic/lib/python3/dist-packages/rospy/topics.py", line 750, in _invoke_callback
    cb(msg)
  File "/home/hyeongseon/catkin_ws/src/lane_tracking_pkg/scripts/lane_tracking_node.py", line 99, in image_cb
    self.handle_frame(frame, msg.header)
  File "/home/hyeongseon/catkin_ws/src/lane_tracking_pkg/scripts/lane_tracking_node.py", line 111, in handle_frame
    lane_center, roi_overlay = detect_lane_center(edges, roi_color, self.debug)
  File "/home/hyeongseon/catkin_ws/src/lane_tracking_pkg/vision/detector.py", line 63, in detect_lane_center
    left_line = _fit_lane(np.vstack(left_points)) if left_points else None
TypeError: _fit_lane() missing 2 required positional arguments: 'y_bottom' and 'y_top'

1758341708.366170406 ERROR /lane_tracking_node [topics.py:753(_SubscriberImpl._invoke_callback)] [topics: /rosout, /lane_overlay, /camera/image_raw, /lane/center_offset, /lane/steering_angle] bad callback: <bound method LaneTrackingNode.image_cb of <__main__.LaneTrackingNode object at 0x7f55bef5a1c0>>
Traceback (most recent call last):
  File "/opt/ros/noetic/lib/python3/dist-packages/rospy/topics.py", line 750, in _invoke_callback
    cb(msg)
  File "/home/hyeongseon/catkin_ws/src/lane_tracking_pkg/scripts/lane_tracking_node.py", line 99, in image_cb
    self.handle_frame(frame, msg.header)
  File "/home/hyeongseon/catkin_ws/src/lane_tracking_pkg/scripts/lane_tracking_node.py", line 111, in handle_frame
    lane_center, roi_overlay = detect_lane_center(edges, roi_color, self.debug)
  File "/home/hyeongseon/catkin_ws/src/lane_tracking_pkg/vision/detector.py", line 63, in detect_lane_center
    left_line = _fit_lane(np.vstack(left_points)) if left_points else None
TypeError: _fit_lane() missing 2 required positional arguments: 'y_bottom' and 'y_top'

1758341708.392624855 ERROR /lane_tracking_node [topics.py:753(_SubscriberImpl._invoke_callback)] [topics: /rosout, /lane_overlay, /camera/image_raw, /lane/center_offset, /lane/steering_angle] bad callback: <bound method LaneTrackingNode.image_cb of <__main__.LaneTrackingNode object at 0x7f55bef5a1c0>>
Traceback (most recent call last):
  File "/opt/ros/noetic/lib/python3/dist-packages/rospy/topics.py", line 750, in _invoke_callback
    cb(msg)
  File "/home/hyeongseon/catkin_ws/src/lane_tracking_pkg/scripts/lane_tracking_node.py", line 99, in image_cb
    self.handle_frame(frame, msg.header)
  File "/home/hyeongseon/catkin_ws/src/lane_tracking_pkg/scripts/lane_tracking_node.py", line 111, in handle_frame
    lane_center, roi_overlay = detect_lane_center(edges, roi_color, self.debug)
  File "/home/hyeongseon/catkin_ws/src/lane_tracking_pkg/vision/detector.py", line 63, in detect_lane_center
    left_line = _fit_lane(np.vstack(left_points)) if left_points else None
TypeError: _fit_lane() missing 2 required positional arguments: 'y_bottom' and 'y_top'

1758341708.417537689 ERROR /lane_tracking_node [topics.py:753(_SubscriberImpl._invoke_callback)] [topics: /rosout, /lane_overlay, /camera/image_raw, /lane/center_offset, /lane/steering_angle] bad callback: <bound method LaneTrackingNode.image_cb of <__main__.LaneTrackingNode object at 0x7f55bef5a1c0>>
Traceback (most recent call last):
  File "/opt/ros/noetic/lib/python3/dist-packages/rospy/topics.py", line 750, in _invoke_callback
    cb(msg)
  File "/home/hyeongseon/catkin_ws/src/lane_tracking_pkg/scripts/lane_tracking_node.py", line 99, in image_cb
    self.handle_frame(frame, msg.header)
  File "/home/hyeongseon/catkin_ws/src/lane_tracking_pkg/scripts/lane_tracking_node.py", line 111, in handle_frame
    lane_center, roi_overlay = detect_lane_center(edges, roi_color, self.debug)
  File "/home/hyeongseon/catkin_ws/src/lane_tracking_pkg/vision/detector.py", line 63, in detect_lane_center
    left_line = _fit_lane(np.vstack(left_points)) if left_points else None
TypeError: _fit_lane() missing 2 required positional arguments: 'y_bottom' and 'y_top'

1758341708.464913368 ERROR /lane_tracking_node [topics.py:753(_SubscriberImpl._invoke_callback)] [topics: /rosout, /lane_overlay, /camera/image_raw, /lane/center_offset, /lane/steering_angle] bad callback: <bound method LaneTrackingNode.image_cb of <__main__.LaneTrackingNode object at 0x7f55bef5a1c0>>
Traceback (most recent call last):
  File "/opt/ros/noetic/lib/python3/dist-packages/rospy/topics.py", line 750, in _invoke_callback
    cb(msg)
  File "/home/hyeongseon/catkin_ws/src/lane_tracking_pkg/scripts/lane_tracking_node.py", line 99, in image_cb
    self.handle_frame(frame, msg.header)
  File "/home/hyeongseon/catkin_ws/src/lane_tracking_pkg/scripts/lane_tracking_node.py", line 111, in handle_frame
    lane_center, roi_overlay = detect_lane_center(edges, roi_color, self.debug)
  File "/home/hyeongseon/catkin_ws/src/lane_tracking_pkg/vision/detector.py", line 63, in detect_lane_center
    left_line = _fit_lane(np.vstack(left_points)) if left_points else None
TypeError: _fit_lane() missing 2 required positional arguments: 'y_bottom' and 'y_top'

1758341708.478144884 ERROR /lane_tracking_node [topics.py:753(_SubscriberImpl._invoke_callback)] [topics: /rosout, /lane_overlay, /camera/image_raw, /lane/center_offset, /lane/steering_angle] bad callback: <bound method LaneTrackingNode.image_cb of <__main__.LaneTrackingNode object at 0x7f55bef5a1c0>>
Traceback (most recent call last):
  File "/opt/ros/noetic/lib/python3/dist-packages/rospy/topics.py", line 750, in _invoke_callback
    cb(msg)
  File "/home/hyeongseon/catkin_ws/src/lane_tracking_pkg/scripts/lane_tracking_node.py", line 99, in image_cb
    self.handle_frame(frame, msg.header)
  File "/home/hyeongseon/catkin_ws/src/lane_tracking_pkg/scripts/lane_tracking_node.py", line 111, in handle_frame
    lane_center, roi_overlay = detect_lane_center(edges, roi_color, self.debug)
  File "/home/hyeongseon/catkin_ws/src/lane_tracking_pkg/vision/detector.py", line 63, in detect_lane_center
    left_line = _fit_lane(np.vstack(left_points)) if left_points else None
TypeError: _fit_lane() missing 2 required positional arguments: 'y_bottom' and 'y_top'

1758341708.518118858 ERROR /lane_tracking_node [topics.py:753(_SubscriberImpl._invoke_callback)] [topics: /rosout, /lane_overlay, /camera/image_raw, /lane/center_offset, /lane/steering_angle] bad callback: <bound method LaneTrackingNode.image_cb of <__main__.LaneTrackingNode object at 0x7f55bef5a1c0>>
Traceback (most recent call last):
  File "/opt/ros/noetic/lib/python3/dist-packages/rospy/topics.py", line 750, in _invoke_callback
    cb(msg)
  File "/home/hyeongseon/catkin_ws/src/lane_tracking_pkg/scripts/lane_tracking_node.py", line 99, in image_cb
    self.handle_frame(frame, msg.header)
  File "/home/hyeongseon/catkin_ws/src/lane_tracking_pkg/scripts/lane_tracking_node.py", line 111, in handle_frame
    lane_center, roi_overlay = detect_lane_center(edges, roi_color, self.debug)
  File "/home/hyeongseon/catkin_ws/src/lane_tracking_pkg/vision/detector.py", line 63, in detect_lane_center
    left_line = _fit_lane(np.vstack(left_points)) if left_points else None
TypeError: _fit_lane() missing 2 required positional arguments: 'y_bottom' and 'y_top'

1758341708.546475887 ERROR /lane_tracking_node [topics.py:753(_SubscriberImpl._invoke_callback)] [topics: /rosout, /lane_overlay, /camera/image_raw, /lane/center_offset, /lane/steering_angle] bad callback: <bound method LaneTrackingNode.image_cb of <__main__.LaneTrackingNode object at 0x7f55bef5a1c0>>
Traceback (most recent call last):
  File "/opt/ros/noetic/lib/python3/dist-packages/rospy/topics.py", line 750, in _invoke_callback
    cb(msg)
  File "/home/hyeongseon/catkin_ws/src/lane_tracking_pkg/scripts/lane_tracking_node.py", line 99, in image_cb
    self.handle_frame(frame, msg.header)
  File "/home/hyeongseon/catkin_ws/src/lane_tracking_pkg/scripts/lane_tracking_node.py", line 111, in handle_frame
    lane_center, roi_overlay = detect_lane_center(edges, roi_color, self.debug)
  File "/home/hyeongseon/catkin_ws/src/lane_tracking_pkg/vision/detector.py", line 63, in detect_lane_center
    left_line = _fit_lane(np.vstack(left_points)) if left_points else None
TypeError: _fit_lane() missing 2 required positional arguments: 'y_bottom' and 'y_top'

1758341708.576402187 ERROR /lane_tracking_node [topics.py:753(_SubscriberImpl._invoke_callback)] [topics: /rosout, /lane_overlay, /camera/image_raw, /lane/center_offset, /lane/steering_angle] bad callback: <bound method LaneTrackingNode.image_cb of <__main__.LaneTrackingNode object at 0x7f55bef5a1c0>>
Traceback (most recent call last):
  File "/opt/ros/noetic/lib/python3/dist-packages/rospy/topics.py", line 750, in _invoke_callback
    cb(msg)
  File "/home/hyeongseon/catkin_ws/src/lane_tracking_pkg/scripts/lane_tracking_node.py", line 99, in image_cb
    self.handle_frame(frame, msg.header)
  File "/home/hyeongseon/catkin_ws/src/lane_tracking_pkg/scripts/lane_tracking_node.py", line 111, in handle_frame
    lane_center, roi_overlay = detect_lane_center(edges, roi_color, self.debug)
  File "/home/hyeongseon/catkin_ws/src/lane_tracking_pkg/vision/detector.py", line 63, in detect_lane_center
    left_line = _fit_lane(np.vstack(left_points)) if left_points else None
TypeError: _fit_lane() missing 2 required positional arguments: 'y_bottom' and 'y_top'

1758341708.630953788 ERROR /lane_tracking_node [topics.py:753(_SubscriberImpl._invoke_callback)] [topics: /rosout, /lane_overlay, /camera/image_raw, /lane/center_offset, /lane/steering_angle] bad callback: <bound method LaneTrackingNode.image_cb of <__main__.LaneTrackingNode object at 0x7f55bef5a1c0>>
Traceback (most recent call last):
  File "/opt/ros/noetic/lib/python3/dist-packages/rospy/topics.py", line 750, in _invoke_callback
    cb(msg)
  File "/home/hyeongseon/catkin_ws/src/lane_tracking_pkg/scripts/lane_tracking_node.py", line 99, in image_cb
    self.handle_frame(frame, msg.header)
  File "/home/hyeongseon/catkin_ws/src/lane_tracking_pkg/scripts/lane_tracking_node.py", line 111, in handle_frame
    lane_center, roi_overlay = detect_lane_center(edges, roi_color, self.debug)
  File "/home/hyeongseon/catkin_ws/src/lane_tracking_pkg/vision/detector.py", line 63, in detect_lane_center
    left_line = _fit_lane(np.vstack(left_points)) if left_points else None
TypeError: _fit_lane() missing 2 required positional arguments: 'y_bottom' and 'y_top'

1758341708.651208162 ERROR /lane_tracking_node [topics.py:753(_SubscriberImpl._invoke_callback)] [topics: /rosout, /lane_overlay, /camera/image_raw, /lane/center_offset, /lane/steering_angle] bad callback: <bound method LaneTrackingNode.image_cb of <__main__.LaneTrackingNode object at 0x7f55bef5a1c0>>
Traceback (most recent call last):
  File "/opt/ros/noetic/lib/python3/dist-packages/rospy/topics.py", line 750, in _invoke_callback
    cb(msg)
  File "/home/hyeongseon/catkin_ws/src/lane_tracking_pkg/scripts/lane_tracking_node.py", line 99, in image_cb
    self.handle_frame(frame, msg.header)
  File "/home/hyeongseon/catkin_ws/src/lane_tracking_pkg/scripts/lane_tracking_node.py", line 111, in handle_frame
    lane_center, roi_overlay = detect_lane_center(edges, roi_color, self.debug)
  File "/home/hyeongseon/catkin_ws/src/lane_tracking_pkg/vision/detector.py", line 63, in detect_lane_center
    left_line = _fit_lane(np.vstack(left_points)) if left_points else None
TypeError: _fit_lane() missing 2 required positional arguments: 'y_bottom' and 'y_top'

1758341708.668883085 ERROR /lane_tracking_node [topics.py:753(_SubscriberImpl._invoke_callback)] [topics: /rosout, /lane_overlay, /camera/image_raw, /lane/center_offset, /lane/steering_angle] bad callback: <bound method LaneTrackingNode.image_cb of <__main__.LaneTrackingNode object at 0x7f55bef5a1c0>>
Traceback (most recent call last):
  File "/opt/ros/noetic/lib/python3/dist-packages/rospy/topics.py", line 750, in _invoke_callback
    cb(msg)
  File "/home/hyeongseon/catkin_ws/src/lane_tracking_pkg/scripts/lane_tracking_node.py", line 99, in image_cb
    self.handle_frame(frame, msg.header)
  File "/home/hyeongseon/catkin_ws/src/lane_tracking_pkg/scripts/lane_tracking_node.py", line 111, in handle_frame
    lane_center, roi_overlay = detect_lane_center(edges, roi_color, self.debug)
  File "/home/hyeongseon/catkin_ws/src/lane_tracking_pkg/vision/detector.py", line 63, in detect_lane_center
    left_line = _fit_lane(np.vstack(left_points)) if left_points else None
TypeError: _fit_lane() missing 2 required positional arguments: 'y_bottom' and 'y_top'

1758341708.737889289 ERROR /lane_tracking_node [topics.py:753(_SubscriberImpl._invoke_callback)] [topics: /rosout, /lane_overlay, /camera/image_raw, /lane/center_offset, /lane/steering_angle] bad callback: <bound method LaneTrackingNode.image_cb of <__main__.LaneTrackingNode object at 0x7f55bef5a1c0>>
Traceback (most recent call last):
  File "/opt/ros/noetic/lib/python3/dist-packages/rospy/topics.py", line 750, in _invoke_callback
    cb(msg)
  File "/home/hyeongseon/catkin_ws/src/lane_tracking_pkg/scripts/lane_tracking_node.py", line 99, in image_cb
    self.handle_frame(frame, msg.header)
  File "/home/hyeongseon/catkin_ws/src/lane_tracking_pkg/scripts/lane_tracking_node.py", line 111, in handle_frame
    lane_center, roi_overlay = detect_lane_center(edges, roi_color, self.debug)
  File "/home/hyeongseon/catkin_ws/src/lane_tracking_pkg/vision/detector.py", line 63, in detect_lane_center
    left_line = _fit_lane(np.vstack(left_points)) if left_points else None
TypeError: _fit_lane() missing 2 required positional arguments: 'y_bottom' and 'y_top'

1758341708.754254579 ERROR /lane_tracking_node [topics.py:753(_SubscriberImpl._invoke_callback)] [topics: /rosout, /lane_overlay, /camera/image_raw, /lane/center_offset, /lane/steering_angle] bad callback: <bound method LaneTrackingNode.image_cb of <__main__.LaneTrackingNode object at 0x7f55bef5a1c0>>
Traceback (most recent call last):
  File "/opt/ros/noetic/lib/python3/dist-packages/rospy/topics.py", line 750, in _invoke_callback
    cb(msg)
  File "/home/hyeongseon/catkin_ws/src/lane_tracking_pkg/scripts/lane_tracking_node.py", line 99, in image_cb
    self.handle_frame(frame, msg.header)
  File "/home/hyeongseon/catkin_ws/src/lane_tracking_pkg/scripts/lane_tracking_node.py", line 111, in handle_frame
    lane_center, roi_overlay = detect_lane_center(edges, roi_color, self.debug)
  File "/home/hyeongseon/catkin_ws/src/lane_tracking_pkg/vision/detector.py", line 63, in detect_lane_center
    left_line = _fit_lane(np.vstack(left_points)) if left_points else None
TypeError: _fit_lane() missing 2 required positional arguments: 'y_bottom' and 'y_top'

1758341708.793423891 ERROR /lane_tracking_node [topics.py:753(_SubscriberImpl._invoke_callback)] [topics: /rosout, /lane_overlay, /camera/image_raw, /lane/center_offset, /lane/steering_angle] bad callback: <bound method LaneTrackingNode.image_cb of <__main__.LaneTrackingNode object at 0x7f55bef5a1c0>>
Traceback (most recent call last):
  File "/opt/ros/noetic/lib/python3/dist-packages/rospy/topics.py", line 750, in _invoke_callback
    cb(msg)
  File "/home/hyeongseon/catkin_ws/src/lane_tracking_pkg/scripts/lane_tracking_node.py", line 99, in image_cb
    self.handle_frame(frame, msg.header)
  File "/home/hyeongseon/catkin_ws/src/lane_tracking_pkg/scripts/lane_tracking_node.py", line 111, in handle_frame
    lane_center, roi_overlay = detect_lane_center(edges, roi_color, self.debug)
  File "/home/hyeongseon/catkin_ws/src/lane_tracking_pkg/vision/detector.py", line 63, in detect_lane_center
    left_line = _fit_lane(np.vstack(left_points)) if left_points else None
TypeError: _fit_lane() missing 2 required positional arguments: 'y_bottom' and 'y_top'

1758341708.821662664 ERROR /lane_tracking_node [topics.py:753(_SubscriberImpl._invoke_callback)] [topics: /rosout, /lane_overlay, /camera/image_raw, /lane/center_offset, /lane/steering_angle] bad callback: <bound method LaneTrackingNode.image_cb of <__main__.LaneTrackingNode object at 0x7f55bef5a1c0>>
Traceback (most recent call last):
  File "/opt/ros/noetic/lib/python3/dist-packages/rospy/topics.py", line 750, in _invoke_callback
    cb(msg)
  File "/home/hyeongseon/catkin_ws/src/lane_tracking_pkg/scripts/lane_tracking_node.py", line 99, in image_cb
    self.handle_frame(frame, msg.header)
  File "/home/hyeongseon/catkin_ws/src/lane_tracking_pkg/scripts/lane_tracking_node.py", line 111, in handle_frame
    lane_center, roi_overlay = detect_lane_center(edges, roi_color, self.debug)
  File "/home/hyeongseon/catkin_ws/src/lane_tracking_pkg/vision/detector.py", line 63, in detect_lane_center
    left_line = _fit_lane(np.vstack(left_points)) if left_points else None
TypeError: _fit_lane() missing 2 required positional arguments: 'y_bottom' and 'y_top'

1758341708.838327884 ERROR /lane_tracking_node [topics.py:753(_SubscriberImpl._invoke_callback)] [topics: /rosout, /lane_overlay, /camera/image_raw, /lane/center_offset, /lane/steering_angle] bad callback: <bound method LaneTrackingNode.image_cb of <__main__.LaneTrackingNode object at 0x7f55bef5a1c0>>
Traceback (most recent call last):
  File "/opt/ros/noetic/lib/python3/dist-packages/rospy/topics.py", line 750, in _invoke_callback
    cb(msg)
  File "/home/hyeongseon/catkin_ws/src/lane_tracking_pkg/scripts/lane_tracking_node.py", line 99, in image_cb
    self.handle_frame(frame, msg.header)
  File "/home/hyeongseon/catkin_ws/src/lane_tracking_pkg/scripts/lane_tracking_node.py", line 111, in handle_frame
    lane_center, roi_overlay = detect_lane_center(edges, roi_color, self.debug)
  File "/home/hyeongseon/catkin_ws/src/lane_tracking_pkg/vision/detector.py", line 63, in detect_lane_center
    left_line = _fit_lane(np.vstack(left_points)) if left_points else None
TypeError: _fit_lane() missing 2 required positional arguments: 'y_bottom' and 'y_top'

1758341708.890223264 ERROR /lane_tracking_node [topics.py:753(_SubscriberImpl._invoke_callback)] [topics: /rosout, /lane_overlay, /camera/image_raw, /lane/center_offset, /lane/steering_angle] bad callback: <bound method LaneTrackingNode.image_cb of <__main__.LaneTrackingNode object at 0x7f55bef5a1c0>>
Traceback (most recent call last):
  File "/opt/ros/noetic/lib/python3/dist-packages/rospy/topics.py", line 750, in _invoke_callback
    cb(msg)
  File "/home/hyeongseon/catkin_ws/src/lane_tracking_pkg/scripts/lane_tracking_node.py", line 99, in image_cb
    self.handle_frame(frame, msg.header)
  File "/home/hyeongseon/catkin_ws/src/lane_tracking_pkg/scripts/lane_tracking_node.py", line 111, in handle_frame
    lane_center, roi_overlay = detect_lane_center(edges, roi_color, self.debug)
  File "/home/hyeongseon/catkin_ws/src/lane_tracking_pkg/vision/detector.py", line 63, in detect_lane_center
    left_line = _fit_lane(np.vstack(left_points)) if left_points else None
TypeError: _fit_lane() missing 2 required positional arguments: 'y_bottom' and 'y_top'

1758341708.929802417 ERROR /lane_tracking_node [topics.py:753(_SubscriberImpl._invoke_callback)] [topics: /rosout, /lane_overlay, /camera/image_raw, /lane/center_offset, /lane/steering_angle] bad callback: <bound method LaneTrackingNode.image_cb of <__main__.LaneTrackingNode object at 0x7f55bef5a1c0>>
Traceback (most recent call last):
  File "/opt/ros/noetic/lib/python3/dist-packages/rospy/topics.py", line 750, in _invoke_callback
    cb(msg)
  File "/home/hyeongseon/catkin_ws/src/lane_tracking_pkg/scripts/lane_tracking_node.py", line 99, in image_cb
    self.handle_frame(frame, msg.header)
  File "/home/hyeongseon/catkin_ws/src/lane_tracking_pkg/scripts/lane_tracking_node.py", line 111, in handle_frame
    lane_center, roi_overlay = detect_lane_center(edges, roi_color, self.debug)
  File "/home/hyeongseon/catkin_ws/src/lane_tracking_pkg/vision/detector.py", line 63, in detect_lane_center
    left_line = _fit_lane(np.vstack(left_points)) if left_points else None
TypeError: _fit_lane() missing 2 required positional arguments: 'y_bottom' and 'y_top'

1758341708.950403690 ERROR /lane_tracking_node [topics.py:753(_SubscriberImpl._invoke_callback)] [topics: /rosout, /lane_overlay, /camera/image_raw, /lane/center_offset, /lane/steering_angle] bad callback: <bound method LaneTrackingNode.image_cb of <__main__.LaneTrackingNode object at 0x7f55bef5a1c0>>
Traceback (most recent call last):
  File "/opt/ros/noetic/lib/python3/dist-packages/rospy/topics.py", line 750, in _invoke_callback
    cb(msg)
  File "/home/hyeongseon/catkin_ws/src/lane_tracking_pkg/scripts/lane_tracking_node.py", line 99, in image_cb
    self.handle_frame(frame, msg.header)
  File "/home/hyeongseon/catkin_ws/src/lane_tracking_pkg/scripts/lane_tracking_node.py", line 111, in handle_frame
    lane_center, roi_overlay = detect_lane_center(edges, roi_color, self.debug)
  File "/home/hyeongseon/catkin_ws/src/lane_tracking_pkg/vision/detector.py", line 63, in detect_lane_center
    left_line = _fit_lane(np.vstack(left_points)) if left_points else None
TypeError: _fit_lane() missing 2 required positional arguments: 'y_bottom' and 'y_top'

1758341708.980226278 ERROR /lane_tracking_node [topics.py:753(_SubscriberImpl._invoke_callback)] [topics: /rosout, /lane_overlay, /camera/image_raw, /lane/center_offset, /lane/steering_angle] bad callback: <bound method LaneTrackingNode.image_cb of <__main__.LaneTrackingNode object at 0x7f55bef5a1c0>>
Traceback (most recent call last):
  File "/opt/ros/noetic/lib/python3/dist-packages/rospy/topics.py", line 750, in _invoke_callback
    cb(msg)
  File "/home/hyeongseon/catkin_ws/src/lane_tracking_pkg/scripts/lane_tracking_node.py", line 99, in image_cb
    self.handle_frame(frame, msg.header)
  File "/home/hyeongseon/catkin_ws/src/lane_tracking_pkg/scripts/lane_tracking_node.py", line 111, in handle_frame
    lane_center, roi_overlay = detect_lane_center(edges, roi_color, self.debug)
  File "/home/hyeongseon/catkin_ws/src/lane_tracking_pkg/vision/detector.py", line 63, in detect_lane_center
    left_line = _fit_lane(np.vstack(left_points)) if left_points else None
TypeError: _fit_lane() missing 2 required positional arguments: 'y_bottom' and 'y_top'

1758341709.009615182 ERROR /lane_tracking_node [topics.py:753(_SubscriberImpl._invoke_callback)] [topics: /rosout, /lane_overlay, /camera/image_raw, /lane/center_offset, /lane/steering_angle] bad callback: <bound method LaneTrackingNode.image_cb of <__main__.LaneTrackingNode object at 0x7f55bef5a1c0>>
Traceback (most recent call last):
  File "/opt/ros/noetic/lib/python3/dist-packages/rospy/topics.py", line 750, in _invoke_callback
    cb(msg)
  File "/home/hyeongseon/catkin_ws/src/lane_tracking_pkg/scripts/lane_tracking_node.py", line 99, in image_cb
    self.handle_frame(frame, msg.header)
  File "/home/hyeongseon/catkin_ws/src/lane_tracking_pkg/scripts/lane_tracking_node.py", line 111, in handle_frame
    lane_center, roi_overlay = detect_lane_center(edges, roi_color, self.debug)
  File "/home/hyeongseon/catkin_ws/src/lane_tracking_pkg/vision/detector.py", line 63, in detect_lane_center
    left_line = _fit_lane(np.vstack(left_points)) if left_points else None
TypeError: _fit_lane() missing 2 required positional arguments: 'y_bottom' and 'y_top'

1758341709.050045013 ERROR /lane_tracking_node [topics.py:753(_SubscriberImpl._invoke_callback)] [topics: /rosout, /lane_overlay, /camera/image_raw, /lane/center_offset, /lane/steering_angle] bad callback: <bound method LaneTrackingNode.image_cb of <__main__.LaneTrackingNode object at 0x7f55bef5a1c0>>
Traceback (most recent call last):
  File "/opt/ros/noetic/lib/python3/dist-packages/rospy/topics.py", line 750, in _invoke_callback
    cb(msg)
  File "/home/hyeongseon/catkin_ws/src/lane_tracking_pkg/scripts/lane_tracking_node.py", line 99, in image_cb
    self.handle_frame(frame, msg.header)
  File "/home/hyeongseon/catkin_ws/src/lane_tracking_pkg/scripts/lane_tracking_node.py", line 111, in handle_frame
    lane_center, roi_overlay = detect_lane_center(edges, roi_color, self.debug)
  File "/home/hyeongseon/catkin_ws/src/lane_tracking_pkg/vision/detector.py", line 63, in detect_lane_center
    left_line = _fit_lane(np.vstack(left_points)) if left_points else None
TypeError: _fit_lane() missing 2 required positional arguments: 'y_bottom' and 'y_top'

1758341709.088693618 ERROR /lane_tracking_node [topics.py:753(_SubscriberImpl._invoke_callback)] [topics: /rosout, /lane_overlay, /camera/image_raw, /lane/center_offset, /lane/steering_angle] bad callback: <bound method LaneTrackingNode.image_cb of <__main__.LaneTrackingNode object at 0x7f55bef5a1c0>>
Traceback (most recent call last):
  File "/opt/ros/noetic/lib/python3/dist-packages/rospy/topics.py", line 750, in _invoke_callback
    cb(msg)
  File "/home/hyeongseon/catkin_ws/src/lane_tracking_pkg/scripts/lane_tracking_node.py", line 99, in image_cb
    self.handle_frame(frame, msg.header)
  File "/home/hyeongseon/catkin_ws/src/lane_tracking_pkg/scripts/lane_tracking_node.py", line 111, in handle_frame
    lane_center, roi_overlay = detect_lane_center(edges, roi_color, self.debug)
  File "/home/hyeongseon/catkin_ws/src/lane_tracking_pkg/vision/detector.py", line 63, in detect_lane_center
    left_line = _fit_lane(np.vstack(left_points)) if left_points else None
TypeError: _fit_lane() missing 2 required positional arguments: 'y_bottom' and 'y_top'

1758341709.101641893 ERROR /lane_tracking_node [topics.py:753(_SubscriberImpl._invoke_callback)] [topics: /rosout, /lane_overlay, /camera/image_raw, /lane/center_offset, /lane/steering_angle] bad callback: <bound method LaneTrackingNode.image_cb of <__main__.LaneTrackingNode object at 0x7f55bef5a1c0>>
Traceback (most recent call last):
  File "/opt/ros/noetic/lib/python3/dist-packages/rospy/topics.py", line 750, in _invoke_callback
    cb(msg)
  File "/home/hyeongseon/catkin_ws/src/lane_tracking_pkg/scripts/lane_tracking_node.py", line 99, in image_cb
    self.handle_frame(frame, msg.header)
  File "/home/hyeongseon/catkin_ws/src/lane_tracking_pkg/scripts/lane_tracking_node.py", line 111, in handle_frame
    lane_center, roi_overlay = detect_lane_center(edges, roi_color, self.debug)
  File "/home/hyeongseon/catkin_ws/src/lane_tracking_pkg/vision/detector.py", line 63, in detect_lane_center
    left_line = _fit_lane(np.vstack(left_points)) if left_points else None
TypeError: _fit_lane() missing 2 required positional arguments: 'y_bottom' and 'y_top'

1758341709.181734323 ERROR /lane_tracking_node [topics.py:753(_SubscriberImpl._invoke_callback)] [topics: /rosout, /lane_overlay, /camera/image_raw, /lane/center_offset, /lane/steering_angle] bad callback: <bound method LaneTrackingNode.image_cb of <__main__.LaneTrackingNode object at 0x7f55bef5a1c0>>
Traceback (most recent call last):
  File "/opt/ros/noetic/lib/python3/dist-packages/rospy/topics.py", line 750, in _invoke_callback
    cb(msg)
  File "/home/hyeongseon/catkin_ws/src/lane_tracking_pkg/scripts/lane_tracking_node.py", line 99, in image_cb
    self.handle_frame(frame, msg.header)
  File "/home/hyeongseon/catkin_ws/src/lane_tracking_pkg/scripts/lane_tracking_node.py", line 111, in handle_frame
    lane_center, roi_overlay = detect_lane_center(edges, roi_color, self.debug)
  File "/home/hyeongseon/catkin_ws/src/lane_tracking_pkg/vision/detector.py", line 63, in detect_lane_center
    left_line = _fit_lane(np.vstack(left_points)) if left_points else None
TypeError: _fit_lane() missing 2 required positional arguments: 'y_bottom' and 'y_top'

1758341709.210079669 ERROR /lane_tracking_node [topics.py:753(_SubscriberImpl._invoke_callback)] [topics: /rosout, /lane_overlay, /camera/image_raw, /lane/center_offset, /lane/steering_angle] bad callback: <bound method LaneTrackingNode.image_cb of <__main__.LaneTrackingNode object at 0x7f55bef5a1c0>>
Traceback (most recent call last):
  File "/opt/ros/noetic/lib/python3/dist-packages/rospy/topics.py", line 750, in _invoke_callback
    cb(msg)
  File "/home/hyeongseon/catkin_ws/src/lane_tracking_pkg/scripts/lane_tracking_node.py", line 99, in image_cb
    self.handle_frame(frame, msg.header)
  File "/home/hyeongseon/catkin_ws/src/lane_tracking_pkg/scripts/lane_tracking_node.py", line 111, in handle_frame
    lane_center, roi_overlay = detect_lane_center(edges, roi_color, self.debug)
  File "/home/hyeongseon/catkin_ws/src/lane_tracking_pkg/vision/detector.py", line 63, in detect_lane_center
    left_line = _fit_lane(np.vstack(left_points)) if left_points else None
TypeError: _fit_lane() missing 2 required positional arguments: 'y_bottom' and 'y_top'

1758341709.232073783 ERROR /lane_tracking_node [topics.py:753(_SubscriberImpl._invoke_callback)] [topics: /rosout, /lane_overlay, /camera/image_raw, /lane/center_offset, /lane/steering_angle] bad callback: <bound method LaneTrackingNode.image_cb of <__main__.LaneTrackingNode object at 0x7f55bef5a1c0>>
Traceback (most recent call last):
  File "/opt/ros/noetic/lib/python3/dist-packages/rospy/topics.py", line 750, in _invoke_callback
    cb(msg)
  File "/home/hyeongseon/catkin_ws/src/lane_tracking_pkg/scripts/lane_tracking_node.py", line 99, in image_cb
    self.handle_frame(frame, msg.header)
  File "/home/hyeongseon/catkin_ws/src/lane_tracking_pkg/scripts/lane_tracking_node.py", line 111, in handle_frame
    lane_center, roi_overlay = detect_lane_center(edges, roi_color, self.debug)
  File "/home/hyeongseon/catkin_ws/src/lane_tracking_pkg/vision/detector.py", line 63, in detect_lane_center
    left_line = _fit_lane(np.vstack(left_points)) if left_points else None
TypeError: _fit_lane() missing 2 required positional arguments: 'y_bottom' and 'y_top'

1758341709.259577035 ERROR /lane_tracking_node [topics.py:753(_SubscriberImpl._invoke_callback)] [topics: /rosout, /lane_overlay, /camera/image_raw, /lane/center_offset, /lane/steering_angle] bad callback: <bound method LaneTrackingNode.image_cb of <__main__.LaneTrackingNode object at 0x7f55bef5a1c0>>
Traceback (most recent call last):
  File "/opt/ros/noetic/lib/python3/dist-packages/rospy/topics.py", line 750, in _invoke_callback
    cb(msg)
  File "/home/hyeongseon/catkin_ws/src/lane_tracking_pkg/scripts/lane_tracking_node.py", line 99, in image_cb
    self.handle_frame(frame, msg.header)
  File "/home/hyeongseon/catkin_ws/src/lane_tracking_pkg/scripts/lane_tracking_node.py", line 111, in handle_frame
    lane_center, roi_overlay = detect_lane_center(edges, roi_color, self.debug)
  File "/home/hyeongseon/catkin_ws/src/lane_tracking_pkg/vision/detector.py", line 63, in detect_lane_center
    left_line = _fit_lane(np.vstack(left_points)) if left_points else None
TypeError: _fit_lane() missing 2 required positional arguments: 'y_bottom' and 'y_top'

1758341709.283868789 ERROR /lane_tracking_node [topics.py:753(_SubscriberImpl._invoke_callback)] [topics: /rosout, /lane_overlay, /camera/image_raw, /lane/center_offset, /lane/steering_angle] bad callback: <bound method LaneTrackingNode.image_cb of <__main__.LaneTrackingNode object at 0x7f55bef5a1c0>>
Traceback (most recent call last):
  File "/opt/ros/noetic/lib/python3/dist-packages/rospy/topics.py", line 750, in _invoke_callback
    cb(msg)
  File "/home/hyeongseon/catkin_ws/src/lane_tracking_pkg/scripts/lane_tracking_node.py", line 99, in image_cb
    self.handle_frame(frame, msg.header)
  File "/home/hyeongseon/catkin_ws/src/lane_tracking_pkg/scripts/lane_tracking_node.py", line 111, in handle_frame
    lane_center, roi_overlay = detect_lane_center(edges, roi_color, self.debug)
  File "/home/hyeongseon/catkin_ws/src/lane_tracking_pkg/vision/detector.py", line 63, in detect_lane_center
    left_line = _fit_lane(np.vstack(left_points)) if left_points else None
TypeError: _fit_lane() missing 2 required positional arguments: 'y_bottom' and 'y_top'

1758341709.297425508 ERROR /lane_tracking_node [topics.py:753(_SubscriberImpl._invoke_callback)] [topics: /rosout, /lane_overlay, /camera/image_raw, /lane/center_offset, /lane/steering_angle] bad callback: <bound method LaneTrackingNode.image_cb of <__main__.LaneTrackingNode object at 0x7f55bef5a1c0>>
Traceback (most recent call last):
  File "/opt/ros/noetic/lib/python3/dist-packages/rospy/topics.py", line 750, in _invoke_callback
    cb(msg)
  File "/home/hyeongseon/catkin_ws/src/lane_tracking_pkg/scripts/lane_tracking_node.py", line 99, in image_cb
    self.handle_frame(frame, msg.header)
  File "/home/hyeongseon/catkin_ws/src/lane_tracking_pkg/scripts/lane_tracking_node.py", line 111, in handle_frame
    lane_center, roi_overlay = detect_lane_center(edges, roi_color, self.debug)
  File "/home/hyeongseon/catkin_ws/src/lane_tracking_pkg/vision/detector.py", line 63, in detect_lane_center
    left_line = _fit_lane(np.vstack(left_points)) if left_points else None
TypeError: _fit_lane() missing 2 required positional arguments: 'y_bottom' and 'y_top'

1758341709.344727277 ERROR /lane_tracking_node [topics.py:753(_SubscriberImpl._invoke_callback)] [topics: /rosout, /lane_overlay, /camera/image_raw, /lane/center_offset, /lane/steering_angle] bad callback: <bound method LaneTrackingNode.image_cb of <__main__.LaneTrackingNode object at 0x7f55bef5a1c0>>
Traceback (most recent call last):
  File "/opt/ros/noetic/lib/python3/dist-packages/rospy/topics.py", line 750, in _invoke_callback
    cb(msg)
  File "/home/hyeongseon/catkin_ws/src/lane_tracking_pkg/scripts/lane_tracking_node.py", line 99, in image_cb
    self.handle_frame(frame, msg.header)
  File "/home/hyeongseon/catkin_ws/src/lane_tracking_pkg/scripts/lane_tracking_node.py", line 111, in handle_frame
    lane_center, roi_overlay = detect_lane_center(edges, roi_color, self.debug)
  File "/home/hyeongseon/catkin_ws/src/lane_tracking_pkg/vision/detector.py", line 63, in detect_lane_center
    left_line = _fit_lane(np.vstack(left_points)) if left_points else None
TypeError: _fit_lane() missing 2 required positional arguments: 'y_bottom' and 'y_top'

1758341709.371278762 ERROR /lane_tracking_node [topics.py:753(_SubscriberImpl._invoke_callback)] [topics: /rosout, /lane_overlay, /camera/image_raw, /lane/center_offset, /lane/steering_angle] bad callback: <bound method LaneTrackingNode.image_cb of <__main__.LaneTrackingNode object at 0x7f55bef5a1c0>>
Traceback (most recent call last):
  File "/opt/ros/noetic/lib/python3/dist-packages/rospy/topics.py", line 750, in _invoke_callback
    cb(msg)
  File "/home/hyeongseon/catkin_ws/src/lane_tracking_pkg/scripts/lane_tracking_node.py", line 99, in image_cb
    self.handle_frame(frame, msg.header)
  File "/home/hyeongseon/catkin_ws/src/lane_tracking_pkg/scripts/lane_tracking_node.py", line 111, in handle_frame
    lane_center, roi_overlay = detect_lane_center(edges, roi_color, self.debug)
  File "/home/hyeongseon/catkin_ws/src/lane_tracking_pkg/vision/detector.py", line 63, in detect_lane_center
    left_line = _fit_lane(np.vstack(left_points)) if left_points else None
TypeError: _fit_lane() missing 2 required positional arguments: 'y_bottom' and 'y_top'

1758341709.406194686 ERROR /lane_tracking_node [topics.py:753(_SubscriberImpl._invoke_callback)] [topics: /rosout, /lane_overlay, /camera/image_raw, /lane/center_offset, /lane/steering_angle] bad callback: <bound method LaneTrackingNode.image_cb of <__main__.LaneTrackingNode object at 0x7f55bef5a1c0>>
Traceback (most recent call last):
  File "/opt/ros/noetic/lib/python3/dist-packages/rospy/topics.py", line 750, in _invoke_callback
    cb(msg)
  File "/home/hyeongseon/catkin_ws/src/lane_tracking_pkg/scripts/lane_tracking_node.py", line 99, in image_cb
    self.handle_frame(frame, msg.header)
  File "/home/hyeongseon/catkin_ws/src/lane_tracking_pkg/scripts/lane_tracking_node.py", line 111, in handle_frame
    lane_center, roi_overlay = detect_lane_center(edges, roi_color, self.debug)
  File "/home/hyeongseon/catkin_ws/src/lane_tracking_pkg/vision/detector.py", line 63, in detect_lane_center
    left_line = _fit_lane(np.vstack(left_points)) if left_points else None
TypeError: _fit_lane() missing 2 required positional arguments: 'y_bottom' and 'y_top'

1758341709.421371459 ERROR /lane_tracking_node [topics.py:753(_SubscriberImpl._invoke_callback)] [topics: /rosout, /lane_overlay, /camera/image_raw, /lane/center_offset, /lane/steering_angle] bad callback: <bound method LaneTrackingNode.image_cb of <__main__.LaneTrackingNode object at 0x7f55bef5a1c0>>
Traceback (most recent call last):
  File "/opt/ros/noetic/lib/python3/dist-packages/rospy/topics.py", line 750, in _invoke_callback
    cb(msg)
  File "/home/hyeongseon/catkin_ws/src/lane_tracking_pkg/scripts/lane_tracking_node.py", line 99, in image_cb
    self.handle_frame(frame, msg.header)
  File "/home/hyeongseon/catkin_ws/src/lane_tracking_pkg/scripts/lane_tracking_node.py", line 111, in handle_frame
    lane_center, roi_overlay = detect_lane_center(edges, roi_color, self.debug)
  File "/home/hyeongseon/catkin_ws/src/lane_tracking_pkg/vision/detector.py", line 63, in detect_lane_center
    left_line = _fit_lane(np.vstack(left_points)) if left_points else None
TypeError: _fit_lane() missing 2 required positional arguments: 'y_bottom' and 'y_top'

1758341709.460217714 ERROR /lane_tracking_node [topics.py:753(_SubscriberImpl._invoke_callback)] [topics: /rosout, /lane_overlay, /camera/image_raw, /lane/center_offset, /lane/steering_angle] bad callback: <bound method LaneTrackingNode.image_cb of <__main__.LaneTrackingNode object at 0x7f55bef5a1c0>>
Traceback (most recent call last):
  File "/opt/ros/noetic/lib/python3/dist-packages/rospy/topics.py", line 750, in _invoke_callback
    cb(msg)
  File "/home/hyeongseon/catkin_ws/src/lane_tracking_pkg/scripts/lane_tracking_node.py", line 99, in image_cb
    self.handle_frame(frame, msg.header)
  File "/home/hyeongseon/catkin_ws/src/lane_tracking_pkg/scripts/lane_tracking_node.py", line 111, in handle_frame
    lane_center, roi_overlay = detect_lane_center(edges, roi_color, self.debug)
  File "/home/hyeongseon/catkin_ws/src/lane_tracking_pkg/vision/detector.py", line 63, in detect_lane_center
    left_line = _fit_lane(np.vstack(left_points)) if left_points else None
TypeError: _fit_lane() missing 2 required positional arguments: 'y_bottom' and 'y_top'

1758341709.506308078 ERROR /lane_tracking_node [topics.py:753(_SubscriberImpl._invoke_callback)] [topics: /rosout, /lane_overlay, /camera/image_raw, /lane/center_offset, /lane/steering_angle] bad callback: <bound method LaneTrackingNode.image_cb of <__main__.LaneTrackingNode object at 0x7f55bef5a1c0>>
Traceback (most recent call last):
  File "/opt/ros/noetic/lib/python3/dist-packages/rospy/topics.py", line 750, in _invoke_callback
    cb(msg)
  File "/home/hyeongseon/catkin_ws/src/lane_tracking_pkg/scripts/lane_tracking_node.py", line 99, in image_cb
    self.handle_frame(frame, msg.header)
  File "/home/hyeongseon/catkin_ws/src/lane_tracking_pkg/scripts/lane_tracking_node.py", line 111, in handle_frame
    lane_center, roi_overlay = detect_lane_center(edges, roi_color, self.debug)
  File "/home/hyeongseon/catkin_ws/src/lane_tracking_pkg/vision/detector.py", line 63, in detect_lane_center
    left_line = _fit_lane(np.vstack(left_points)) if left_points else None
TypeError: _fit_lane() missing 2 required positional arguments: 'y_bottom' and 'y_top'

1758341709.557347536 ERROR /lane_tracking_node [topics.py:753(_SubscriberImpl._invoke_callback)] [topics: /rosout, /lane_overlay, /camera/image_raw, /lane/center_offset, /lane/steering_angle] bad callback: <bound method LaneTrackingNode.image_cb of <__main__.LaneTrackingNode object at 0x7f55bef5a1c0>>
Traceback (most recent call last):
  File "/opt/ros/noetic/lib/python3/dist-packages/rospy/topics.py", line 750, in _invoke_callback
    cb(msg)
  File "/home/hyeongseon/catkin_ws/src/lane_tracking_pkg/scripts/lane_tracking_node.py", line 99, in image_cb
    self.handle_frame(frame, msg.header)
  File "/home/hyeongseon/catkin_ws/src/lane_tracking_pkg/scripts/lane_tracking_node.py", line 111, in handle_frame
    lane_center, roi_overlay = detect_lane_center(edges, roi_color, self.debug)
  File "/home/hyeongseon/catkin_ws/src/lane_tracking_pkg/vision/detector.py", line 63, in detect_lane_center
    left_line = _fit_lane(np.vstack(left_points)) if left_points else None
TypeError: _fit_lane() missing 2 required positional arguments: 'y_bottom' and 'y_top'

1758341709.583491086 ERROR /lane_tracking_node [topics.py:753(_SubscriberImpl._invoke_callback)] [topics: /rosout, /lane_overlay, /camera/image_raw, /lane/center_offset, /lane/steering_angle] bad callback: <bound method LaneTrackingNode.image_cb of <__main__.LaneTrackingNode object at 0x7f55bef5a1c0>>
Traceback (most recent call last):
  File "/opt/ros/noetic/lib/python3/dist-packages/rospy/topics.py", line 750, in _invoke_callback
    cb(msg)
  File "/home/hyeongseon/catkin_ws/src/lane_tracking_pkg/scripts/lane_tracking_node.py", line 99, in image_cb
    self.handle_frame(frame, msg.header)
  File "/home/hyeongseon/catkin_ws/src/lane_tracking_pkg/scripts/lane_tracking_node.py", line 111, in handle_frame
    lane_center, roi_overlay = detect_lane_center(edges, roi_color, self.debug)
  File "/home/hyeongseon/catkin_ws/src/lane_tracking_pkg/vision/detector.py", line 63, in detect_lane_center
    left_line = _fit_lane(np.vstack(left_points)) if left_points else None
TypeError: _fit_lane() missing 2 required positional arguments: 'y_bottom' and 'y_top'

1758341709.595576047 ERROR /lane_tracking_node [topics.py:753(_SubscriberImpl._invoke_callback)] [topics: /rosout, /lane_overlay, /camera/image_raw, /lane/center_offset, /lane/steering_angle] bad callback: <bound method LaneTrackingNode.image_cb of <__main__.LaneTrackingNode object at 0x7f55bef5a1c0>>
Traceback (most recent call last):
  File "/opt/ros/noetic/lib/python3/dist-packages/rospy/topics.py", line 750, in _invoke_callback
    cb(msg)
  File "/home/hyeongseon/catkin_ws/src/lane_tracking_pkg/scripts/lane_tracking_node.py", line 99, in image_cb
    self.handle_frame(frame, msg.header)
  File "/home/hyeongseon/catkin_ws/src/lane_tracking_pkg/scripts/lane_tracking_node.py", line 111, in handle_frame
    lane_center, roi_overlay = detect_lane_center(edges, roi_color, self.debug)
  File "/home/hyeongseon/catkin_ws/src/lane_tracking_pkg/vision/detector.py", line 63, in detect_lane_center
    left_line = _fit_lane(np.vstack(left_points)) if left_points else None
TypeError: _fit_lane() missing 2 required positional arguments: 'y_bottom' and 'y_top'

1758341709.639609098 ERROR /lane_tracking_node [topics.py:753(_SubscriberImpl._invoke_callback)] [topics: /rosout, /lane_overlay, /camera/image_raw, /lane/center_offset, /lane/steering_angle] bad callback: <bound method LaneTrackingNode.image_cb of <__main__.LaneTrackingNode object at 0x7f55bef5a1c0>>
Traceback (most recent call last):
  File "/opt/ros/noetic/lib/python3/dist-packages/rospy/topics.py", line 750, in _invoke_callback
    cb(msg)
  File "/home/hyeongseon/catkin_ws/src/lane_tracking_pkg/scripts/lane_tracking_node.py", line 99, in image_cb
    self.handle_frame(frame, msg.header)
  File "/home/hyeongseon/catkin_ws/src/lane_tracking_pkg/scripts/lane_tracking_node.py", line 111, in handle_frame
    lane_center, roi_overlay = detect_lane_center(edges, roi_color, self.debug)
  File "/home/hyeongseon/catkin_ws/src/lane_tracking_pkg/vision/detector.py", line 63, in detect_lane_center
    left_line = _fit_lane(np.vstack(left_points)) if left_points else None
TypeError: _fit_lane() missing 2 required positional arguments: 'y_bottom' and 'y_top'

1758341709.679473638 ERROR /lane_tracking_node [topics.py:753(_SubscriberImpl._invoke_callback)] [topics: /rosout, /lane_overlay, /camera/image_raw, /lane/center_offset, /lane/steering_angle] bad callback: <bound method LaneTrackingNode.image_cb of <__main__.LaneTrackingNode object at 0x7f55bef5a1c0>>
Traceback (most recent call last):
  File "/opt/ros/noetic/lib/python3/dist-packages/rospy/topics.py", line 750, in _invoke_callback
    cb(msg)
  File "/home/hyeongseon/catkin_ws/src/lane_tracking_pkg/scripts/lane_tracking_node.py", line 99, in image_cb
    self.handle_frame(frame, msg.header)
  File "/home/hyeongseon/catkin_ws/src/lane_tracking_pkg/scripts/lane_tracking_node.py", line 111, in handle_frame
    lane_center, roi_overlay = detect_lane_center(edges, roi_color, self.debug)
  File "/home/hyeongseon/catkin_ws/src/lane_tracking_pkg/vision/detector.py", line 63, in detect_lane_center
    left_line = _fit_lane(np.vstack(left_points)) if left_points else None
TypeError: _fit_lane() missing 2 required positional arguments: 'y_bottom' and 'y_top'

1758341709.695164918 ERROR /lane_tracking_node [topics.py:753(_SubscriberImpl._invoke_callback)] [topics: /rosout, /lane_overlay, /camera/image_raw, /lane/center_offset, /lane/steering_angle] bad callback: <bound method LaneTrackingNode.image_cb of <__main__.LaneTrackingNode object at 0x7f55bef5a1c0>>
Traceback (most recent call last):
  File "/opt/ros/noetic/lib/python3/dist-packages/rospy/topics.py", line 750, in _invoke_callback
    cb(msg)
  File "/home/hyeongseon/catkin_ws/src/lane_tracking_pkg/scripts/lane_tracking_node.py", line 99, in image_cb
    self.handle_frame(frame, msg.header)
  File "/home/hyeongseon/catkin_ws/src/lane_tracking_pkg/scripts/lane_tracking_node.py", line 111, in handle_frame
    lane_center, roi_overlay = detect_lane_center(edges, roi_color, self.debug)
  File "/home/hyeongseon/catkin_ws/src/lane_tracking_pkg/vision/detector.py", line 63, in detect_lane_center
    left_line = _fit_lane(np.vstack(left_points)) if left_points else None
TypeError: _fit_lane() missing 2 required positional arguments: 'y_bottom' and 'y_top'

1758341709.718554973 ERROR /lane_tracking_node [topics.py:753(_SubscriberImpl._invoke_callback)] [topics: /rosout, /lane_overlay, /camera/image_raw, /lane/center_offset, /lane/steering_angle] bad callback: <bound method LaneTrackingNode.image_cb of <__main__.LaneTrackingNode object at 0x7f55bef5a1c0>>
Traceback (most recent call last):
  File "/opt/ros/noetic/lib/python3/dist-packages/rospy/topics.py", line 750, in _invoke_callback
    cb(msg)
  File "/home/hyeongseon/catkin_ws/src/lane_tracking_pkg/scripts/lane_tracking_node.py", line 99, in image_cb
    self.handle_frame(frame, msg.header)
  File "/home/hyeongseon/catkin_ws/src/lane_tracking_pkg/scripts/lane_tracking_node.py", line 111, in handle_frame
    lane_center, roi_overlay = detect_lane_center(edges, roi_color, self.debug)
  File "/home/hyeongseon/catkin_ws/src/lane_tracking_pkg/vision/detector.py", line 63, in detect_lane_center
    left_line = _fit_lane(np.vstack(left_points)) if left_points else None
TypeError: _fit_lane() missing 2 required positional arguments: 'y_bottom' and 'y_top'

1758341709.774725914 ERROR /lane_tracking_node [topics.py:753(_SubscriberImpl._invoke_callback)] [topics: /rosout, /lane_overlay, /camera/image_raw, /lane/center_offset, /lane/steering_angle] bad callback: <bound method LaneTrackingNode.image_cb of <__main__.LaneTrackingNode object at 0x7f55bef5a1c0>>
Traceback (most recent call last):
  File "/opt/ros/noetic/lib/python3/dist-packages/rospy/topics.py", line 750, in _invoke_callback
    cb(msg)
  File "/home/hyeongseon/catkin_ws/src/lane_tracking_pkg/scripts/lane_tracking_node.py", line 99, in image_cb
    self.handle_frame(frame, msg.header)
  File "/home/hyeongseon/catkin_ws/src/lane_tracking_pkg/scripts/lane_tracking_node.py", line 111, in handle_frame
    lane_center, roi_overlay = detect_lane_center(edges, roi_color, self.debug)
  File "/home/hyeongseon/catkin_ws/src/lane_tracking_pkg/vision/detector.py", line 63, in detect_lane_center
    left_line = _fit_lane(np.vstack(left_points)) if left_points else None
TypeError: _fit_lane() missing 2 required positional arguments: 'y_bottom' and 'y_top'

1758341709.803795337 ERROR /lane_tracking_node [topics.py:753(_SubscriberImpl._invoke_callback)] [topics: /rosout, /lane_overlay, /camera/image_raw, /lane/center_offset, /lane/steering_angle] bad callback: <bound method LaneTrackingNode.image_cb of <__main__.LaneTrackingNode object at 0x7f55bef5a1c0>>
Traceback (most recent call last):
  File "/opt/ros/noetic/lib/python3/dist-packages/rospy/topics.py", line 750, in _invoke_callback
    cb(msg)
  File "/home/hyeongseon/catkin_ws/src/lane_tracking_pkg/scripts/lane_tracking_node.py", line 99, in image_cb
    self.handle_frame(frame, msg.header)
  File "/home/hyeongseon/catkin_ws/src/lane_tracking_pkg/scripts/lane_tracking_node.py", line 111, in handle_frame
    lane_center, roi_overlay = detect_lane_center(edges, roi_color, self.debug)
  File "/home/hyeongseon/catkin_ws/src/lane_tracking_pkg/vision/detector.py", line 63, in detect_lane_center
    left_line = _fit_lane(np.vstack(left_points)) if left_points else None
TypeError: _fit_lane() missing 2 required positional arguments: 'y_bottom' and 'y_top'

1758341709.836037397 ERROR /lane_tracking_node [topics.py:753(_SubscriberImpl._invoke_callback)] [topics: /rosout, /lane_overlay, /camera/image_raw, /lane/center_offset, /lane/steering_angle] bad callback: <bound method LaneTrackingNode.image_cb of <__main__.LaneTrackingNode object at 0x7f55bef5a1c0>>
Traceback (most recent call last):
  File "/opt/ros/noetic/lib/python3/dist-packages/rospy/topics.py", line 750, in _invoke_callback
    cb(msg)
  File "/home/hyeongseon/catkin_ws/src/lane_tracking_pkg/scripts/lane_tracking_node.py", line 99, in image_cb
    self.handle_frame(frame, msg.header)
  File "/home/hyeongseon/catkin_ws/src/lane_tracking_pkg/scripts/lane_tracking_node.py", line 111, in handle_frame
    lane_center, roi_overlay = detect_lane_center(edges, roi_color, self.debug)
  File "/home/hyeongseon/catkin_ws/src/lane_tracking_pkg/vision/detector.py", line 63, in detect_lane_center
    left_line = _fit_lane(np.vstack(left_points)) if left_points else None
TypeError: _fit_lane() missing 2 required positional arguments: 'y_bottom' and 'y_top'

1758341709.854534387 ERROR /lane_tracking_node [topics.py:753(_SubscriberImpl._invoke_callback)] [topics: /rosout, /lane_overlay, /camera/image_raw, /lane/center_offset, /lane/steering_angle] bad callback: <bound method LaneTrackingNode.image_cb of <__main__.LaneTrackingNode object at 0x7f55bef5a1c0>>
Traceback (most recent call last):
  File "/opt/ros/noetic/lib/python3/dist-packages/rospy/topics.py", line 750, in _invoke_callback
    cb(msg)
  File "/home/hyeongseon/catkin_ws/src/lane_tracking_pkg/scripts/lane_tracking_node.py", line 99, in image_cb
    self.handle_frame(frame, msg.header)
  File "/home/hyeongseon/catkin_ws/src/lane_tracking_pkg/scripts/lane_tracking_node.py", line 111, in handle_frame
    lane_center, roi_overlay = detect_lane_center(edges, roi_color, self.debug)
  File "/home/hyeongseon/catkin_ws/src/lane_tracking_pkg/vision/detector.py", line 63, in detect_lane_center
    left_line = _fit_lane(np.vstack(left_points)) if left_points else None
TypeError: _fit_lane() missing 2 required positional arguments: 'y_bottom' and 'y_top'

1758341709.880123853 ERROR /lane_tracking_node [topics.py:753(_SubscriberImpl._invoke_callback)] [topics: /rosout, /lane_overlay, /camera/image_raw, /lane/center_offset, /lane/steering_angle] bad callback: <bound method LaneTrackingNode.image_cb of <__main__.LaneTrackingNode object at 0x7f55bef5a1c0>>
Traceback (most recent call last):
  File "/opt/ros/noetic/lib/python3/dist-packages/rospy/topics.py", line 750, in _invoke_callback
    cb(msg)
  File "/home/hyeongseon/catkin_ws/src/lane_tracking_pkg/scripts/lane_tracking_node.py", line 99, in image_cb
    self.handle_frame(frame, msg.header)
  File "/home/hyeongseon/catkin_ws/src/lane_tracking_pkg/scripts/lane_tracking_node.py", line 111, in handle_frame
    lane_center, roi_overlay = detect_lane_center(edges, roi_color, self.debug)
  File "/home/hyeongseon/catkin_ws/src/lane_tracking_pkg/vision/detector.py", line 63, in detect_lane_center
    left_line = _fit_lane(np.vstack(left_points)) if left_points else None
TypeError: _fit_lane() missing 2 required positional arguments: 'y_bottom' and 'y_top'

1758341709.949245452 ERROR /lane_tracking_node [topics.py:753(_SubscriberImpl._invoke_callback)] [topics: /rosout, /lane_overlay, /camera/image_raw, /lane/center_offset, /lane/steering_angle] bad callback: <bound method LaneTrackingNode.image_cb of <__main__.LaneTrackingNode object at 0x7f55bef5a1c0>>
Traceback (most recent call last):
  File "/opt/ros/noetic/lib/python3/dist-packages/rospy/topics.py", line 750, in _invoke_callback
    cb(msg)
  File "/home/hyeongseon/catkin_ws/src/lane_tracking_pkg/scripts/lane_tracking_node.py", line 99, in image_cb
    self.handle_frame(frame, msg.header)
  File "/home/hyeongseon/catkin_ws/src/lane_tracking_pkg/scripts/lane_tracking_node.py", line 111, in handle_frame
    lane_center, roi_overlay = detect_lane_center(edges, roi_color, self.debug)
  File "/home/hyeongseon/catkin_ws/src/lane_tracking_pkg/vision/detector.py", line 63, in detect_lane_center
    left_line = _fit_lane(np.vstack(left_points)) if left_points else None
TypeError: _fit_lane() missing 2 required positional arguments: 'y_bottom' and 'y_top'

1758341709.979328393 ERROR /lane_tracking_node [topics.py:753(_SubscriberImpl._invoke_callback)] [topics: /rosout, /lane_overlay, /camera/image_raw, /lane/center_offset, /lane/steering_angle] bad callback: <bound method LaneTrackingNode.image_cb of <__main__.LaneTrackingNode object at 0x7f55bef5a1c0>>
Traceback (most recent call last):
  File "/opt/ros/noetic/lib/python3/dist-packages/rospy/topics.py", line 750, in _invoke_callback
    cb(msg)
  File "/home/hyeongseon/catkin_ws/src/lane_tracking_pkg/scripts/lane_tracking_node.py", line 99, in image_cb
    self.handle_frame(frame, msg.header)
  File "/home/hyeongseon/catkin_ws/src/lane_tracking_pkg/scripts/lane_tracking_node.py", line 111, in handle_frame
    lane_center, roi_overlay = detect_lane_center(edges, roi_color, self.debug)
  File "/home/hyeongseon/catkin_ws/src/lane_tracking_pkg/vision/detector.py", line 63, in detect_lane_center
    left_line = _fit_lane(np.vstack(left_points)) if left_points else None
TypeError: _fit_lane() missing 2 required positional arguments: 'y_bottom' and 'y_top'

1758341709.997829914 ERROR /lane_tracking_node [topics.py:753(_SubscriberImpl._invoke_callback)] [topics: /rosout, /lane_overlay, /camera/image_raw, /lane/center_offset, /lane/steering_angle] bad callback: <bound method LaneTrackingNode.image_cb of <__main__.LaneTrackingNode object at 0x7f55bef5a1c0>>
Traceback (most recent call last):
  File "/opt/ros/noetic/lib/python3/dist-packages/rospy/topics.py", line 750, in _invoke_callback
    cb(msg)
  File "/home/hyeongseon/catkin_ws/src/lane_tracking_pkg/scripts/lane_tracking_node.py", line 99, in image_cb
    self.handle_frame(frame, msg.header)
  File "/home/hyeongseon/catkin_ws/src/lane_tracking_pkg/scripts/lane_tracking_node.py", line 111, in handle_frame
    lane_center, roi_overlay = detect_lane_center(edges, roi_color, self.debug)
  File "/home/hyeongseon/catkin_ws/src/lane_tracking_pkg/vision/detector.py", line 63, in detect_lane_center
    left_line = _fit_lane(np.vstack(left_points)) if left_points else None
TypeError: _fit_lane() missing 2 required positional arguments: 'y_bottom' and 'y_top'

1758341710.018485307 ERROR /lane_tracking_node [topics.py:753(_SubscriberImpl._invoke_callback)] [topics: /rosout, /lane_overlay, /camera/image_raw, /lane/center_offset, /lane/steering_angle] bad callback: <bound method LaneTrackingNode.image_cb of <__main__.LaneTrackingNode object at 0x7f55bef5a1c0>>
Traceback (most recent call last):
  File "/opt/ros/noetic/lib/python3/dist-packages/rospy/topics.py", line 750, in _invoke_callback
    cb(msg)
  File "/home/hyeongseon/catkin_ws/src/lane_tracking_pkg/scripts/lane_tracking_node.py", line 99, in image_cb
    self.handle_frame(frame, msg.header)
  File "/home/hyeongseon/catkin_ws/src/lane_tracking_pkg/scripts/lane_tracking_node.py", line 111, in handle_frame
    lane_center, roi_overlay = detect_lane_center(edges, roi_color, self.debug)
  File "/home/hyeongseon/catkin_ws/src/lane_tracking_pkg/vision/detector.py", line 63, in detect_lane_center
    left_line = _fit_lane(np.vstack(left_points)) if left_points else None
TypeError: _fit_lane() missing 2 required positional arguments: 'y_bottom' and 'y_top'

1758341710.075882196 ERROR /lane_tracking_node [topics.py:753(_SubscriberImpl._invoke_callback)] [topics: /rosout, /lane_overlay, /camera/image_raw, /lane/center_offset, /lane/steering_angle] bad callback: <bound method LaneTrackingNode.image_cb of <__main__.LaneTrackingNode object at 0x7f55bef5a1c0>>
Traceback (most recent call last):
  File "/opt/ros/noetic/lib/python3/dist-packages/rospy/topics.py", line 750, in _invoke_callback
    cb(msg)
  File "/home/hyeongseon/catkin_ws/src/lane_tracking_pkg/scripts/lane_tracking_node.py", line 99, in image_cb
    self.handle_frame(frame, msg.header)
  File "/home/hyeongseon/catkin_ws/src/lane_tracking_pkg/scripts/lane_tracking_node.py", line 111, in handle_frame
    lane_center, roi_overlay = detect_lane_center(edges, roi_color, self.debug)
  File "/home/hyeongseon/catkin_ws/src/lane_tracking_pkg/vision/detector.py", line 63, in detect_lane_center
    left_line = _fit_lane(np.vstack(left_points)) if left_points else None
TypeError: _fit_lane() missing 2 required positional arguments: 'y_bottom' and 'y_top'

1758341710.116815805 ERROR /lane_tracking_node [topics.py:753(_SubscriberImpl._invoke_callback)] [topics: /rosout, /lane_overlay, /camera/image_raw, /lane/center_offset, /lane/steering_angle] bad callback: <bound method LaneTrackingNode.image_cb of <__main__.LaneTrackingNode object at 0x7f55bef5a1c0>>
Traceback (most recent call last):
  File "/opt/ros/noetic/lib/python3/dist-packages/rospy/topics.py", line 750, in _invoke_callback
    cb(msg)
  File "/home/hyeongseon/catkin_ws/src/lane_tracking_pkg/scripts/lane_tracking_node.py", line 99, in image_cb
    self.handle_frame(frame, msg.header)
  File "/home/hyeongseon/catkin_ws/src/lane_tracking_pkg/scripts/lane_tracking_node.py", line 111, in handle_frame
    lane_center, roi_overlay = detect_lane_center(edges, roi_color, self.debug)
  File "/home/hyeongseon/catkin_ws/src/lane_tracking_pkg/vision/detector.py", line 63, in detect_lane_center
    left_line = _fit_lane(np.vstack(left_points)) if left_points else None
TypeError: _fit_lane() missing 2 required positional arguments: 'y_bottom' and 'y_top'

1758341710.140086174 ERROR /lane_tracking_node [topics.py:753(_SubscriberImpl._invoke_callback)] [topics: /rosout, /lane_overlay, /camera/image_raw, /lane/center_offset, /lane/steering_angle] bad callback: <bound method LaneTrackingNode.image_cb of <__main__.LaneTrackingNode object at 0x7f55bef5a1c0>>
Traceback (most recent call last):
  File "/opt/ros/noetic/lib/python3/dist-packages/rospy/topics.py", line 750, in _invoke_callback
    cb(msg)
  File "/home/hyeongseon/catkin_ws/src/lane_tracking_pkg/scripts/lane_tracking_node.py", line 99, in image_cb
    self.handle_frame(frame, msg.header)
  File "/home/hyeongseon/catkin_ws/src/lane_tracking_pkg/scripts/lane_tracking_node.py", line 111, in handle_frame
    lane_center, roi_overlay = detect_lane_center(edges, roi_color, self.debug)
  File "/home/hyeongseon/catkin_ws/src/lane_tracking_pkg/vision/detector.py", line 63, in detect_lane_center
    left_line = _fit_lane(np.vstack(left_points)) if left_points else None
TypeError: _fit_lane() missing 2 required positional arguments: 'y_bottom' and 'y_top'

1758341710.167786598 ERROR /lane_tracking_node [topics.py:753(_SubscriberImpl._invoke_callback)] [topics: /rosout, /lane_overlay, /camera/image_raw, /lane/center_offset, /lane/steering_angle] bad callback: <bound method LaneTrackingNode.image_cb of <__main__.LaneTrackingNode object at 0x7f55bef5a1c0>>
Traceback (most recent call last):
  File "/opt/ros/noetic/lib/python3/dist-packages/rospy/topics.py", line 750, in _invoke_callback
    cb(msg)
  File "/home/hyeongseon/catkin_ws/src/lane_tracking_pkg/scripts/lane_tracking_node.py", line 99, in image_cb
    self.handle_frame(frame, msg.header)
  File "/home/hyeongseon/catkin_ws/src/lane_tracking_pkg/scripts/lane_tracking_node.py", line 111, in handle_frame
    lane_center, roi_overlay = detect_lane_center(edges, roi_color, self.debug)
  File "/home/hyeongseon/catkin_ws/src/lane_tracking_pkg/vision/detector.py", line 63, in detect_lane_center
    left_line = _fit_lane(np.vstack(left_points)) if left_points else None
TypeError: _fit_lane() missing 2 required positional arguments: 'y_bottom' and 'y_top'

1758341710.250271797 ERROR /lane_tracking_node [topics.py:753(_SubscriberImpl._invoke_callback)] [topics: /rosout, /lane_overlay, /camera/image_raw, /lane/center_offset, /lane/steering_angle] bad callback: <bound method LaneTrackingNode.image_cb of <__main__.LaneTrackingNode object at 0x7f55bef5a1c0>>
Traceback (most recent call last):
  File "/opt/ros/noetic/lib/python3/dist-packages/rospy/topics.py", line 750, in _invoke_callback
    cb(msg)
  File "/home/hyeongseon/catkin_ws/src/lane_tracking_pkg/scripts/lane_tracking_node.py", line 99, in image_cb
    self.handle_frame(frame, msg.header)
  File "/home/hyeongseon/catkin_ws/src/lane_tracking_pkg/scripts/lane_tracking_node.py", line 111, in handle_frame
    lane_center, roi_overlay = detect_lane_center(edges, roi_color, self.debug)
  File "/home/hyeongseon/catkin_ws/src/lane_tracking_pkg/vision/detector.py", line 63, in detect_lane_center
    left_line = _fit_lane(np.vstack(left_points)) if left_points else None
TypeError: _fit_lane() missing 2 required positional arguments: 'y_bottom' and 'y_top'

1758341710.269706964 ERROR /lane_tracking_node [topics.py:753(_SubscriberImpl._invoke_callback)] [topics: /rosout, /lane_overlay, /camera/image_raw, /lane/center_offset, /lane/steering_angle] bad callback: <bound method LaneTrackingNode.image_cb of <__main__.LaneTrackingNode object at 0x7f55bef5a1c0>>
Traceback (most recent call last):
  File "/opt/ros/noetic/lib/python3/dist-packages/rospy/topics.py", line 750, in _invoke_callback
    cb(msg)
  File "/home/hyeongseon/catkin_ws/src/lane_tracking_pkg/scripts/lane_tracking_node.py", line 99, in image_cb
    self.handle_frame(frame, msg.header)
  File "/home/hyeongseon/catkin_ws/src/lane_tracking_pkg/scripts/lane_tracking_node.py", line 111, in handle_frame
    lane_center, roi_overlay = detect_lane_center(edges, roi_color, self.debug)
  File "/home/hyeongseon/catkin_ws/src/lane_tracking_pkg/vision/detector.py", line 63, in detect_lane_center
    left_line = _fit_lane(np.vstack(left_points)) if left_points else None
TypeError: _fit_lane() missing 2 required positional arguments: 'y_bottom' and 'y_top'

1758341710.306813001 ERROR /lane_tracking_node [topics.py:753(_SubscriberImpl._invoke_callback)] [topics: /rosout, /lane_overlay, /camera/image_raw, /lane/center_offset, /lane/steering_angle] bad callback: <bound method LaneTrackingNode.image_cb of <__main__.LaneTrackingNode object at 0x7f55bef5a1c0>>
Traceback (most recent call last):
  File "/opt/ros/noetic/lib/python3/dist-packages/rospy/topics.py", line 750, in _invoke_callback
    cb(msg)
  File "/home/hyeongseon/catkin_ws/src/lane_tracking_pkg/scripts/lane_tracking_node.py", line 99, in image_cb
    self.handle_frame(frame, msg.header)
  File "/home/hyeongseon/catkin_ws/src/lane_tracking_pkg/scripts/lane_tracking_node.py", line 111, in handle_frame
    lane_center, roi_overlay = detect_lane_center(edges, roi_color, self.debug)
  File "/home/hyeongseon/catkin_ws/src/lane_tracking_pkg/vision/detector.py", line 63, in detect_lane_center
    left_line = _fit_lane(np.vstack(left_points)) if left_points else None
TypeError: _fit_lane() missing 2 required positional arguments: 'y_bottom' and 'y_top'

1758341710.347605943 ERROR /lane_tracking_node [topics.py:753(_SubscriberImpl._invoke_callback)] [topics: /rosout, /lane_overlay, /camera/image_raw, /lane/center_offset, /lane/steering_angle] bad callback: <bound method LaneTrackingNode.image_cb of <__main__.LaneTrackingNode object at 0x7f55bef5a1c0>>
Traceback (most recent call last):
  File "/opt/ros/noetic/lib/python3/dist-packages/rospy/topics.py", line 750, in _invoke_callback
    cb(msg)
  File "/home/hyeongseon/catkin_ws/src/lane_tracking_pkg/scripts/lane_tracking_node.py", line 99, in image_cb
    self.handle_frame(frame, msg.header)
  File "/home/hyeongseon/catkin_ws/src/lane_tracking_pkg/scripts/lane_tracking_node.py", line 111, in handle_frame
    lane_center, roi_overlay = detect_lane_center(edges, roi_color, self.debug)
  File "/home/hyeongseon/catkin_ws/src/lane_tracking_pkg/vision/detector.py", line 63, in detect_lane_center
    left_line = _fit_lane(np.vstack(left_points)) if left_points else None
TypeError: _fit_lane() missing 2 required positional arguments: 'y_bottom' and 'y_top'

1758341710.374355316 ERROR /lane_tracking_node [topics.py:753(_SubscriberImpl._invoke_callback)] [topics: /rosout, /lane_overlay, /camera/image_raw, /lane/center_offset, /lane/steering_angle] bad callback: <bound method LaneTrackingNode.image_cb of <__main__.LaneTrackingNode object at 0x7f55bef5a1c0>>
Traceback (most recent call last):
  File "/opt/ros/noetic/lib/python3/dist-packages/rospy/topics.py", line 750, in _invoke_callback
    cb(msg)
  File "/home/hyeongseon/catkin_ws/src/lane_tracking_pkg/scripts/lane_tracking_node.py", line 99, in image_cb
    self.handle_frame(frame, msg.header)
  File "/home/hyeongseon/catkin_ws/src/lane_tracking_pkg/scripts/lane_tracking_node.py", line 111, in handle_frame
    lane_center, roi_overlay = detect_lane_center(edges, roi_color, self.debug)
  File "/home/hyeongseon/catkin_ws/src/lane_tracking_pkg/vision/detector.py", line 63, in detect_lane_center
    left_line = _fit_lane(np.vstack(left_points)) if left_points else None
TypeError: _fit_lane() missing 2 required positional arguments: 'y_bottom' and 'y_top'

1758341710.401456356 ERROR /lane_tracking_node [topics.py:753(_SubscriberImpl._invoke_callback)] [topics: /rosout, /lane_overlay, /camera/image_raw, /lane/center_offset, /lane/steering_angle] bad callback: <bound method LaneTrackingNode.image_cb of <__main__.LaneTrackingNode object at 0x7f55bef5a1c0>>
Traceback (most recent call last):
  File "/opt/ros/noetic/lib/python3/dist-packages/rospy/topics.py", line 750, in _invoke_callback
    cb(msg)
  File "/home/hyeongseon/catkin_ws/src/lane_tracking_pkg/scripts/lane_tracking_node.py", line 99, in image_cb
    self.handle_frame(frame, msg.header)
  File "/home/hyeongseon/catkin_ws/src/lane_tracking_pkg/scripts/lane_tracking_node.py", line 111, in handle_frame
    lane_center, roi_overlay = detect_lane_center(edges, roi_color, self.debug)
  File "/home/hyeongseon/catkin_ws/src/lane_tracking_pkg/vision/detector.py", line 63, in detect_lane_center
    left_line = _fit_lane(np.vstack(left_points)) if left_points else None
TypeError: _fit_lane() missing 2 required positional arguments: 'y_bottom' and 'y_top'

1758341710.429617881 ERROR /lane_tracking_node [topics.py:753(_SubscriberImpl._invoke_callback)] [topics: /rosout, /lane_overlay, /camera/image_raw, /lane/center_offset, /lane/steering_angle] bad callback: <bound method LaneTrackingNode.image_cb of <__main__.LaneTrackingNode object at 0x7f55bef5a1c0>>
Traceback (most recent call last):
  File "/opt/ros/noetic/lib/python3/dist-packages/rospy/topics.py", line 750, in _invoke_callback
    cb(msg)
  File "/home/hyeongseon/catkin_ws/src/lane_tracking_pkg/scripts/lane_tracking_node.py", line 99, in image_cb
    self.handle_frame(frame, msg.header)
  File "/home/hyeongseon/catkin_ws/src/lane_tracking_pkg/scripts/lane_tracking_node.py", line 111, in handle_frame
    lane_center, roi_overlay = detect_lane_center(edges, roi_color, self.debug)
  File "/home/hyeongseon/catkin_ws/src/lane_tracking_pkg/vision/detector.py", line 63, in detect_lane_center
    left_line = _fit_lane(np.vstack(left_points)) if left_points else None
TypeError: _fit_lane() missing 2 required positional arguments: 'y_bottom' and 'y_top'

1758341710.456725358 ERROR /lane_tracking_node [topics.py:753(_SubscriberImpl._invoke_callback)] [topics: /rosout, /lane_overlay, /camera/image_raw, /lane/center_offset, /lane/steering_angle] bad callback: <bound method LaneTrackingNode.image_cb of <__main__.LaneTrackingNode object at 0x7f55bef5a1c0>>
Traceback (most recent call last):
  File "/opt/ros/noetic/lib/python3/dist-packages/rospy/topics.py", line 750, in _invoke_callback
    cb(msg)
  File "/home/hyeongseon/catkin_ws/src/lane_tracking_pkg/scripts/lane_tracking_node.py", line 99, in image_cb
    self.handle_frame(frame, msg.header)
  File "/home/hyeongseon/catkin_ws/src/lane_tracking_pkg/scripts/lane_tracking_node.py", line 111, in handle_frame
    lane_center, roi_overlay = detect_lane_center(edges, roi_color, self.debug)
  File "/home/hyeongseon/catkin_ws/src/lane_tracking_pkg/vision/detector.py", line 63, in detect_lane_center
    left_line = _fit_lane(np.vstack(left_points)) if left_points else None
TypeError: _fit_lane() missing 2 required positional arguments: 'y_bottom' and 'y_top'

1758341710.495701313 ERROR /lane_tracking_node [topics.py:753(_SubscriberImpl._invoke_callback)] [topics: /rosout, /lane_overlay, /camera/image_raw, /lane/center_offset, /lane/steering_angle] bad callback: <bound method LaneTrackingNode.image_cb of <__main__.LaneTrackingNode object at 0x7f55bef5a1c0>>
Traceback (most recent call last):
  File "/opt/ros/noetic/lib/python3/dist-packages/rospy/topics.py", line 750, in _invoke_callback
    cb(msg)
  File "/home/hyeongseon/catkin_ws/src/lane_tracking_pkg/scripts/lane_tracking_node.py", line 99, in image_cb
    self.handle_frame(frame, msg.header)
  File "/home/hyeongseon/catkin_ws/src/lane_tracking_pkg/scripts/lane_tracking_node.py", line 111, in handle_frame
    lane_center, roi_overlay = detect_lane_center(edges, roi_color, self.debug)
  File "/home/hyeongseon/catkin_ws/src/lane_tracking_pkg/vision/detector.py", line 63, in detect_lane_center
    left_line = _fit_lane(np.vstack(left_points)) if left_points else None
TypeError: _fit_lane() missing 2 required positional arguments: 'y_bottom' and 'y_top'

1758341710.547983884 ERROR /lane_tracking_node [topics.py:753(_SubscriberImpl._invoke_callback)] [topics: /rosout, /lane_overlay, /camera/image_raw, /lane/center_offset, /lane/steering_angle] bad callback: <bound method LaneTrackingNode.image_cb of <__main__.LaneTrackingNode object at 0x7f55bef5a1c0>>
Traceback (most recent call last):
  File "/opt/ros/noetic/lib/python3/dist-packages/rospy/topics.py", line 750, in _invoke_callback
    cb(msg)
  File "/home/hyeongseon/catkin_ws/src/lane_tracking_pkg/scripts/lane_tracking_node.py", line 99, in image_cb
    self.handle_frame(frame, msg.header)
  File "/home/hyeongseon/catkin_ws/src/lane_tracking_pkg/scripts/lane_tracking_node.py", line 111, in handle_frame
    lane_center, roi_overlay = detect_lane_center(edges, roi_color, self.debug)
  File "/home/hyeongseon/catkin_ws/src/lane_tracking_pkg/vision/detector.py", line 63, in detect_lane_center
    left_line = _fit_lane(np.vstack(left_points)) if left_points else None
TypeError: _fit_lane() missing 2 required positional arguments: 'y_bottom' and 'y_top'

1758341710.572121620 ERROR /lane_tracking_node [topics.py:753(_SubscriberImpl._invoke_callback)] [topics: /rosout, /lane_overlay, /camera/image_raw, /lane/center_offset, /lane/steering_angle] bad callback: <bound method LaneTrackingNode.image_cb of <__main__.LaneTrackingNode object at 0x7f55bef5a1c0>>
Traceback (most recent call last):
  File "/opt/ros/noetic/lib/python3/dist-packages/rospy/topics.py", line 750, in _invoke_callback
    cb(msg)
  File "/home/hyeongseon/catkin_ws/src/lane_tracking_pkg/scripts/lane_tracking_node.py", line 99, in image_cb
    self.handle_frame(frame, msg.header)
  File "/home/hyeongseon/catkin_ws/src/lane_tracking_pkg/scripts/lane_tracking_node.py", line 111, in handle_frame
    lane_center, roi_overlay = detect_lane_center(edges, roi_color, self.debug)
  File "/home/hyeongseon/catkin_ws/src/lane_tracking_pkg/vision/detector.py", line 63, in detect_lane_center
    left_line = _fit_lane(np.vstack(left_points)) if left_points else None
TypeError: _fit_lane() missing 2 required positional arguments: 'y_bottom' and 'y_top'

1758341710.599402189 ERROR /lane_tracking_node [topics.py:753(_SubscriberImpl._invoke_callback)] [topics: /rosout, /lane_overlay, /camera/image_raw, /lane/center_offset, /lane/steering_angle] bad callback: <bound method LaneTrackingNode.image_cb of <__main__.LaneTrackingNode object at 0x7f55bef5a1c0>>
Traceback (most recent call last):
  File "/opt/ros/noetic/lib/python3/dist-packages/rospy/topics.py", line 750, in _invoke_callback
    cb(msg)
  File "/home/hyeongseon/catkin_ws/src/lane_tracking_pkg/scripts/lane_tracking_node.py", line 99, in image_cb
    self.handle_frame(frame, msg.header)
  File "/home/hyeongseon/catkin_ws/src/lane_tracking_pkg/scripts/lane_tracking_node.py", line 111, in handle_frame
    lane_center, roi_overlay = detect_lane_center(edges, roi_color, self.debug)
  File "/home/hyeongseon/catkin_ws/src/lane_tracking_pkg/vision/detector.py", line 63, in detect_lane_center
    left_line = _fit_lane(np.vstack(left_points)) if left_points else None
TypeError: _fit_lane() missing 2 required positional arguments: 'y_bottom' and 'y_top'

1758341710.680662631 ERROR /lane_tracking_node [topics.py:753(_SubscriberImpl._invoke_callback)] [topics: /rosout, /lane_overlay, /camera/image_raw, /lane/center_offset, /lane/steering_angle] bad callback: <bound method LaneTrackingNode.image_cb of <__main__.LaneTrackingNode object at 0x7f55bef5a1c0>>
Traceback (most recent call last):
  File "/opt/ros/noetic/lib/python3/dist-packages/rospy/topics.py", line 750, in _invoke_callback
    cb(msg)
  File "/home/hyeongseon/catkin_ws/src/lane_tracking_pkg/scripts/lane_tracking_node.py", line 99, in image_cb
    self.handle_frame(frame, msg.header)
  File "/home/hyeongseon/catkin_ws/src/lane_tracking_pkg/scripts/lane_tracking_node.py", line 111, in handle_frame
    lane_center, roi_overlay = detect_lane_center(edges, roi_color, self.debug)
  File "/home/hyeongseon/catkin_ws/src/lane_tracking_pkg/vision/detector.py", line 63, in detect_lane_center
    left_line = _fit_lane(np.vstack(left_points)) if left_points else None
TypeError: _fit_lane() missing 2 required positional arguments: 'y_bottom' and 'y_top'

1758341710.749934196 ERROR /lane_tracking_node [topics.py:753(_SubscriberImpl._invoke_callback)] [topics: /rosout, /lane_overlay, /camera/image_raw, /lane/center_offset, /lane/steering_angle] bad callback: <bound method LaneTrackingNode.image_cb of <__main__.LaneTrackingNode object at 0x7f55bef5a1c0>>
Traceback (most recent call last):
  File "/opt/ros/noetic/lib/python3/dist-packages/rospy/topics.py", line 750, in _invoke_callback
    cb(msg)
  File "/home/hyeongseon/catkin_ws/src/lane_tracking_pkg/scripts/lane_tracking_node.py", line 99, in image_cb
    self.handle_frame(frame, msg.header)
  File "/home/hyeongseon/catkin_ws/src/lane_tracking_pkg/scripts/lane_tracking_node.py", line 111, in handle_frame
    lane_center, roi_overlay = detect_lane_center(edges, roi_color, self.debug)
  File "/home/hyeongseon/catkin_ws/src/lane_tracking_pkg/vision/detector.py", line 63, in detect_lane_center
    left_line = _fit_lane(np.vstack(left_points)) if left_points else None
TypeError: _fit_lane() missing 2 required positional arguments: 'y_bottom' and 'y_top'

1758341710.798304319 ERROR /lane_tracking_node [topics.py:753(_SubscriberImpl._invoke_callback)] [topics: /rosout, /lane_overlay, /camera/image_raw, /lane/center_offset, /lane/steering_angle] bad callback: <bound method LaneTrackingNode.image_cb of <__main__.LaneTrackingNode object at 0x7f55bef5a1c0>>
Traceback (most recent call last):
  File "/opt/ros/noetic/lib/python3/dist-packages/rospy/topics.py", line 750, in _invoke_callback
    cb(msg)
  File "/home/hyeongseon/catkin_ws/src/lane_tracking_pkg/scripts/lane_tracking_node.py", line 99, in image_cb
    self.handle_frame(frame, msg.header)
  File "/home/hyeongseon/catkin_ws/src/lane_tracking_pkg/scripts/lane_tracking_node.py", line 111, in handle_frame
    lane_center, roi_overlay = detect_lane_center(edges, roi_color, self.debug)
  File "/home/hyeongseon/catkin_ws/src/lane_tracking_pkg/vision/detector.py", line 63, in detect_lane_center
    left_line = _fit_lane(np.vstack(left_points)) if left_points else None
TypeError: _fit_lane() missing 2 required positional arguments: 'y_bottom' and 'y_top'

1758341710.848087310 ERROR /lane_tracking_node [topics.py:753(_SubscriberImpl._invoke_callback)] [topics: /rosout, /lane_overlay, /camera/image_raw, /lane/center_offset, /lane/steering_angle] bad callback: <bound method LaneTrackingNode.image_cb of <__main__.LaneTrackingNode object at 0x7f55bef5a1c0>>
Traceback (most recent call last):
  File "/opt/ros/noetic/lib/python3/dist-packages/rospy/topics.py", line 750, in _invoke_callback
    cb(msg)
  File "/home/hyeongseon/catkin_ws/src/lane_tracking_pkg/scripts/lane_tracking_node.py", line 99, in image_cb
    self.handle_frame(frame, msg.header)
  File "/home/hyeongseon/catkin_ws/src/lane_tracking_pkg/scripts/lane_tracking_node.py", line 111, in handle_frame
    lane_center, roi_overlay = detect_lane_center(edges, roi_color, self.debug)
  File "/home/hyeongseon/catkin_ws/src/lane_tracking_pkg/vision/detector.py", line 63, in detect_lane_center
    left_line = _fit_lane(np.vstack(left_points)) if left_points else None
TypeError: _fit_lane() missing 2 required positional arguments: 'y_bottom' and 'y_top'

1758341710.899646043 ERROR /lane_tracking_node [topics.py:753(_SubscriberImpl._invoke_callback)] [topics: /rosout, /lane_overlay, /camera/image_raw, /lane/center_offset, /lane/steering_angle] bad callback: <bound method LaneTrackingNode.image_cb of <__main__.LaneTrackingNode object at 0x7f55bef5a1c0>>
Traceback (most recent call last):
  File "/opt/ros/noetic/lib/python3/dist-packages/rospy/topics.py", line 750, in _invoke_callback
    cb(msg)
  File "/home/hyeongseon/catkin_ws/src/lane_tracking_pkg/scripts/lane_tracking_node.py", line 99, in image_cb
    self.handle_frame(frame, msg.header)
  File "/home/hyeongseon/catkin_ws/src/lane_tracking_pkg/scripts/lane_tracking_node.py", line 111, in handle_frame
    lane_center, roi_overlay = detect_lane_center(edges, roi_color, self.debug)
  File "/home/hyeongseon/catkin_ws/src/lane_tracking_pkg/vision/detector.py", line 63, in detect_lane_center
    left_line = _fit_lane(np.vstack(left_points)) if left_points else None
TypeError: _fit_lane() missing 2 required positional arguments: 'y_bottom' and 'y_top'

1758341710.948639392 ERROR /lane_tracking_node [topics.py:753(_SubscriberImpl._invoke_callback)] [topics: /rosout, /lane_overlay, /camera/image_raw, /lane/center_offset, /lane/steering_angle] bad callback: <bound method LaneTrackingNode.image_cb of <__main__.LaneTrackingNode object at 0x7f55bef5a1c0>>
Traceback (most recent call last):
  File "/opt/ros/noetic/lib/python3/dist-packages/rospy/topics.py", line 750, in _invoke_callback
    cb(msg)
  File "/home/hyeongseon/catkin_ws/src/lane_tracking_pkg/scripts/lane_tracking_node.py", line 99, in image_cb
    self.handle_frame(frame, msg.header)
  File "/home/hyeongseon/catkin_ws/src/lane_tracking_pkg/scripts/lane_tracking_node.py", line 111, in handle_frame
    lane_center, roi_overlay = detect_lane_center(edges, roi_color, self.debug)
  File "/home/hyeongseon/catkin_ws/src/lane_tracking_pkg/vision/detector.py", line 63, in detect_lane_center
    left_line = _fit_lane(np.vstack(left_points)) if left_points else None
TypeError: _fit_lane() missing 2 required positional arguments: 'y_bottom' and 'y_top'

1758341710.988892316 ERROR /lane_tracking_node [topics.py:753(_SubscriberImpl._invoke_callback)] [topics: /rosout, /lane_overlay, /camera/image_raw, /lane/center_offset, /lane/steering_angle] bad callback: <bound method LaneTrackingNode.image_cb of <__main__.LaneTrackingNode object at 0x7f55bef5a1c0>>
Traceback (most recent call last):
  File "/opt/ros/noetic/lib/python3/dist-packages/rospy/topics.py", line 750, in _invoke_callback
    cb(msg)
  File "/home/hyeongseon/catkin_ws/src/lane_tracking_pkg/scripts/lane_tracking_node.py", line 99, in image_cb
    self.handle_frame(frame, msg.header)
  File "/home/hyeongseon/catkin_ws/src/lane_tracking_pkg/scripts/lane_tracking_node.py", line 111, in handle_frame
    lane_center, roi_overlay = detect_lane_center(edges, roi_color, self.debug)
  File "/home/hyeongseon/catkin_ws/src/lane_tracking_pkg/vision/detector.py", line 63, in detect_lane_center
    left_line = _fit_lane(np.vstack(left_points)) if left_points else None
TypeError: _fit_lane() missing 2 required positional arguments: 'y_bottom' and 'y_top'

1758341711.041540384 ERROR /lane_tracking_node [topics.py:753(_SubscriberImpl._invoke_callback)] [topics: /rosout, /lane_overlay, /camera/image_raw, /lane/center_offset, /lane/steering_angle] bad callback: <bound method LaneTrackingNode.image_cb of <__main__.LaneTrackingNode object at 0x7f55bef5a1c0>>
Traceback (most recent call last):
  File "/opt/ros/noetic/lib/python3/dist-packages/rospy/topics.py", line 750, in _invoke_callback
    cb(msg)
  File "/home/hyeongseon/catkin_ws/src/lane_tracking_pkg/scripts/lane_tracking_node.py", line 99, in image_cb
    self.handle_frame(frame, msg.header)
  File "/home/hyeongseon/catkin_ws/src/lane_tracking_pkg/scripts/lane_tracking_node.py", line 111, in handle_frame
    lane_center, roi_overlay = detect_lane_center(edges, roi_color, self.debug)
  File "/home/hyeongseon/catkin_ws/src/lane_tracking_pkg/vision/detector.py", line 63, in detect_lane_center
    left_line = _fit_lane(np.vstack(left_points)) if left_points else None
TypeError: _fit_lane() missing 2 required positional arguments: 'y_bottom' and 'y_top'

1758341711.077491283 ERROR /lane_tracking_node [topics.py:753(_SubscriberImpl._invoke_callback)] [topics: /rosout, /lane_overlay, /camera/image_raw, /lane/center_offset, /lane/steering_angle] bad callback: <bound method LaneTrackingNode.image_cb of <__main__.LaneTrackingNode object at 0x7f55bef5a1c0>>
Traceback (most recent call last):
  File "/opt/ros/noetic/lib/python3/dist-packages/rospy/topics.py", line 750, in _invoke_callback
    cb(msg)
  File "/home/hyeongseon/catkin_ws/src/lane_tracking_pkg/scripts/lane_tracking_node.py", line 99, in image_cb
    self.handle_frame(frame, msg.header)
  File "/home/hyeongseon/catkin_ws/src/lane_tracking_pkg/scripts/lane_tracking_node.py", line 111, in handle_frame
    lane_center, roi_overlay = detect_lane_center(edges, roi_color, self.debug)
  File "/home/hyeongseon/catkin_ws/src/lane_tracking_pkg/vision/detector.py", line 63, in detect_lane_center
    left_line = _fit_lane(np.vstack(left_points)) if left_points else None
TypeError: _fit_lane() missing 2 required positional arguments: 'y_bottom' and 'y_top'

1758341711.128916501 ERROR /lane_tracking_node [topics.py:753(_SubscriberImpl._invoke_callback)] [topics: /rosout, /lane_overlay, /camera/image_raw, /lane/center_offset, /lane/steering_angle] bad callback: <bound method LaneTrackingNode.image_cb of <__main__.LaneTrackingNode object at 0x7f55bef5a1c0>>
Traceback (most recent call last):
  File "/opt/ros/noetic/lib/python3/dist-packages/rospy/topics.py", line 750, in _invoke_callback
    cb(msg)
  File "/home/hyeongseon/catkin_ws/src/lane_tracking_pkg/scripts/lane_tracking_node.py", line 99, in image_cb
    self.handle_frame(frame, msg.header)
  File "/home/hyeongseon/catkin_ws/src/lane_tracking_pkg/scripts/lane_tracking_node.py", line 111, in handle_frame
    lane_center, roi_overlay = detect_lane_center(edges, roi_color, self.debug)
  File "/home/hyeongseon/catkin_ws/src/lane_tracking_pkg/vision/detector.py", line 63, in detect_lane_center
    left_line = _fit_lane(np.vstack(left_points)) if left_points else None
TypeError: _fit_lane() missing 2 required positional arguments: 'y_bottom' and 'y_top'

1758341711.150344133 ERROR /lane_tracking_node [topics.py:753(_SubscriberImpl._invoke_callback)] [topics: /rosout, /lane_overlay, /camera/image_raw, /lane/center_offset, /lane/steering_angle] bad callback: <bound method LaneTrackingNode.image_cb of <__main__.LaneTrackingNode object at 0x7f55bef5a1c0>>
Traceback (most recent call last):
  File "/opt/ros/noetic/lib/python3/dist-packages/rospy/topics.py", line 750, in _invoke_callback
    cb(msg)
  File "/home/hyeongseon/catkin_ws/src/lane_tracking_pkg/scripts/lane_tracking_node.py", line 99, in image_cb
    self.handle_frame(frame, msg.header)
  File "/home/hyeongseon/catkin_ws/src/lane_tracking_pkg/scripts/lane_tracking_node.py", line 111, in handle_frame
    lane_center, roi_overlay = detect_lane_center(edges, roi_color, self.debug)
  File "/home/hyeongseon/catkin_ws/src/lane_tracking_pkg/vision/detector.py", line 63, in detect_lane_center
    left_line = _fit_lane(np.vstack(left_points)) if left_points else None
TypeError: _fit_lane() missing 2 required positional arguments: 'y_bottom' and 'y_top'

1758341711.197841405 ERROR /lane_tracking_node [topics.py:753(_SubscriberImpl._invoke_callback)] [topics: /rosout, /lane_overlay, /camera/image_raw, /lane/center_offset, /lane/steering_angle] bad callback: <bound method LaneTrackingNode.image_cb of <__main__.LaneTrackingNode object at 0x7f55bef5a1c0>>
Traceback (most recent call last):
  File "/opt/ros/noetic/lib/python3/dist-packages/rospy/topics.py", line 750, in _invoke_callback
    cb(msg)
  File "/home/hyeongseon/catkin_ws/src/lane_tracking_pkg/scripts/lane_tracking_node.py", line 99, in image_cb
    self.handle_frame(frame, msg.header)
  File "/home/hyeongseon/catkin_ws/src/lane_tracking_pkg/scripts/lane_tracking_node.py", line 111, in handle_frame
    lane_center, roi_overlay = detect_lane_center(edges, roi_color, self.debug)
  File "/home/hyeongseon/catkin_ws/src/lane_tracking_pkg/vision/detector.py", line 63, in detect_lane_center
    left_line = _fit_lane(np.vstack(left_points)) if left_points else None
TypeError: _fit_lane() missing 2 required positional arguments: 'y_bottom' and 'y_top'

1758341711.238846778 ERROR /lane_tracking_node [topics.py:753(_SubscriberImpl._invoke_callback)] [topics: /rosout, /lane_overlay, /camera/image_raw, /lane/center_offset, /lane/steering_angle] bad callback: <bound method LaneTrackingNode.image_cb of <__main__.LaneTrackingNode object at 0x7f55bef5a1c0>>
Traceback (most recent call last):
  File "/opt/ros/noetic/lib/python3/dist-packages/rospy/topics.py", line 750, in _invoke_callback
    cb(msg)
  File "/home/hyeongseon/catkin_ws/src/lane_tracking_pkg/scripts/lane_tracking_node.py", line 99, in image_cb
    self.handle_frame(frame, msg.header)
  File "/home/hyeongseon/catkin_ws/src/lane_tracking_pkg/scripts/lane_tracking_node.py", line 111, in handle_frame
    lane_center, roi_overlay = detect_lane_center(edges, roi_color, self.debug)
  File "/home/hyeongseon/catkin_ws/src/lane_tracking_pkg/vision/detector.py", line 63, in detect_lane_center
    left_line = _fit_lane(np.vstack(left_points)) if left_points else None
TypeError: _fit_lane() missing 2 required positional arguments: 'y_bottom' and 'y_top'

1758341711.277972698 ERROR /lane_tracking_node [topics.py:753(_SubscriberImpl._invoke_callback)] [topics: /rosout, /lane_overlay, /camera/image_raw, /lane/center_offset, /lane/steering_angle] bad callback: <bound method LaneTrackingNode.image_cb of <__main__.LaneTrackingNode object at 0x7f55bef5a1c0>>
Traceback (most recent call last):
  File "/opt/ros/noetic/lib/python3/dist-packages/rospy/topics.py", line 750, in _invoke_callback
    cb(msg)
  File "/home/hyeongseon/catkin_ws/src/lane_tracking_pkg/scripts/lane_tracking_node.py", line 99, in image_cb
    self.handle_frame(frame, msg.header)
  File "/home/hyeongseon/catkin_ws/src/lane_tracking_pkg/scripts/lane_tracking_node.py", line 111, in handle_frame
    lane_center, roi_overlay = detect_lane_center(edges, roi_color, self.debug)
  File "/home/hyeongseon/catkin_ws/src/lane_tracking_pkg/vision/detector.py", line 63, in detect_lane_center
    left_line = _fit_lane(np.vstack(left_points)) if left_points else None
TypeError: _fit_lane() missing 2 required positional arguments: 'y_bottom' and 'y_top'

1758341844.073958873 INFO /rosbridge_websocket [autobahn_websocket.py:255(RosbridgeWebSocket.onClose)] [topics: /tf, /Ego_topic, /image_jpeg/compressed, /clock, /client_count, /Competition_topic, /rosout, /Object_topic, /connected_clients, /CollisionData] Client disconnected. 8 clients total.
1758341844.075579166 INFO /rosbridge_websocket [protocol.py:403(RosbridgeProtocol.log)] [topics: /tf, /Ego_topic, /image_jpeg/compressed, /clock, /client_count, /Competition_topic, /rosout, /Object_topic, /connected_clients, /CollisionData] [Client 6] Unsubscribed from /ctrl_cmd
1758341844.083838462 INFO /rosbridge_websocket [autobahn_websocket.py:255(RosbridgeWebSocket.onClose)] [topics: /tf, /Ego_topic, /image_jpeg/compressed, /clock, /client_count, /Competition_topic, /rosout, /Object_topic, /connected_clients, /CollisionData] Client disconnected. 7 clients total.
1758341844.087816953 INFO /rosbridge_websocket [autobahn_websocket.py:255(RosbridgeWebSocket.onClose)] [topics: /tf, /Ego_topic, /image_jpeg/compressed, /clock, /client_count, /Competition_topic, /rosout, /Object_topic, /connected_clients, /CollisionData] Client disconnected. 6 clients total.
1758341844.091590881 INFO /rosbridge_websocket [autobahn_websocket.py:255(RosbridgeWebSocket.onClose)] [topics: /tf, /Ego_topic, /image_jpeg/compressed, /clock, /client_count, /Competition_topic, /rosout, /Object_topic, /connected_clients, /CollisionData] Client disconnected. 5 clients total.
1758341844.095541715 INFO /rosbridge_websocket [autobahn_websocket.py:255(RosbridgeWebSocket.onClose)] [topics: /tf, /Ego_topic, /image_jpeg/compressed, /clock, /client_count, /Competition_topic, /rosout, /Object_topic, /connected_clients, /CollisionData] Client disconnected. 4 clients total.
1758341844.099010705 INFO /rosbridge_websocket [autobahn_websocket.py:255(RosbridgeWebSocket.onClose)] [topics: /tf, /Ego_topic, /image_jpeg/compressed, /clock, /client_count, /Competition_topic, /rosout, /Object_topic, /connected_clients, /CollisionData] Client disconnected. 3 clients total.
1758341844.102835416 INFO /rosbridge_websocket [autobahn_websocket.py:255(RosbridgeWebSocket.onClose)] [topics: /tf, /Ego_topic, /image_jpeg/compressed, /clock, /client_count, /Competition_topic, /rosout, /Object_topic, /connected_clients, /CollisionData] Client disconnected. 2 clients total.
1758341844.687453508 INFO /rosbridge_websocket [autobahn_websocket.py:255(RosbridgeWebSocket.onClose)] [topics: /tf, /Ego_topic, /image_jpeg/compressed, /clock, /client_count, /Competition_topic, /rosout, /Object_topic, /connected_clients, /CollisionData] Client disconnected. 1 clients total.
1758341844.691092252 INFO /rosbridge_websocket [autobahn_websocket.py:255(RosbridgeWebSocket.onClose)] [topics: /tf, /Ego_topic, /image_jpeg/compressed, /clock, /client_count, /Competition_topic, /rosout, /Object_topic, /connected_clients, /CollisionData] Client disconnected. 0 clients total.
1758341845.082531213 INFO /rosbridge_websocket [protocol.py:403(RosbridgeProtocol.log)] [topics: /tf, /Ego_topic, /image_jpeg/compressed, /clock, /client_count, /Competition_topic, /rosout, /Object_topic, /connected_clients, /CollisionData] [Client 7] Unadvertised service /Service_MoraiEventCmd.
